ISO-10303-21;
HEADER;
FILE_DESCRIPTION(('Open CASCADE Model'),'2;1');
FILE_NAME('Open CASCADE Shape Model','2026-08-05T22:18:12',('Author'),(
    'Open CASCADE'),'Open CASCADE STEP processor 7.9','Open CASCADE 7.9'
  ,'Unknown');
FILE_SCHEMA(('AUTOMOTIVE_DESIGN { 1 0 10303 214 1 1 1 1 }'));
ENDSEC;
DATA;
#1 = APPLICATION_PROTOCOL_DEFINITION('international standard',
  'automotive_design',2000,#2);
#2 = APPLICATION_CONTEXT(
  'core data for automotive mechanical design processes');
#3 = SHAPE_DEFINITION_REPRESENTATION(#4,#10);
#4 = PRODUCT_DEFINITION_SHAPE('','',#5);
#5 = PRODUCT_DEFINITION('design','',#6,#9);
#6 = PRODUCT_DEFINITION_FORMATION('','',#7);
#7 = PRODUCT('=>[0:1:1:2]','=>[0:1:1:2]','',(#8));
#8 = PRODUCT_CONTEXT('',#2,'mechanical');
#9 = PRODUCT_DEFINITION_CONTEXT('part definition',#2,'design');
#10 = SHAPE_REPRESENTATION('',(#11,#15),#19);
#11 = AXIS2_PLACEMENT_3D('',#12,#13,#14);
#12 = CARTESIAN_POINT('',(0.,0.,0.));
#13 = DIRECTION('',(0.,0.,1.));
#14 = DIRECTION('',(1.,0.,-0.));
#15 = AXIS2_PLACEMENT_3D('',#16,#17,#18);
#16 = CARTESIAN_POINT('',(-242.5,-123.52499995,0.));
#17 = DIRECTION('',(0.,0.,1.));
#18 = DIRECTION('',(1.,0.,-0.));
#19 = ( GEOMETRIC_REPRESENTATION_CONTEXT(3) 
GLOBAL_UNCERTAINTY_ASSIGNED_CONTEXT((#23)) GLOBAL_UNIT_ASSIGNED_CONTEXT(
(#20,#21,#22)) REPRESENTATION_CONTEXT('Context #1',
  '3D Context with UNIT and UNCERTAINTY') );
#20 = ( LENGTH_UNIT() NAMED_UNIT(*) SI_UNIT(.MILLI.,.METRE.) );
#21 = ( NAMED_UNIT(*) PLANE_ANGLE_UNIT() SI_UNIT($,.RADIAN.) );
#22 = ( NAMED_UNIT(*) SI_UNIT($,.STERADIAN.) SOLID_ANGLE_UNIT() );
#23 = UNCERTAINTY_MEASURE_WITH_UNIT(LENGTH_MEASURE(1.E-05),#20,
  'distance_accuracy_value','confusion accuracy');
#24 = PRODUCT_RELATED_PRODUCT_CATEGORY('part',$,(#7));
#25 = SHAPE_DEFINITION_REPRESENTATION(#26,#32);
#26 = PRODUCT_DEFINITION_SHAPE('','',#27);
#27 = PRODUCT_DEFINITION('design','',#28,#31);
#28 = PRODUCT_DEFINITION_FORMATION('','',#29);
#29 = PRODUCT('perimeter_rail:right_58','perimeter_rail:right_58','',(
    #30));
#30 = PRODUCT_CONTEXT('',#2,'mechanical');
#31 = PRODUCT_DEFINITION_CONTEXT('part definition',#2,'design');
#32 = ADVANCED_BREP_SHAPE_REPRESENTATION('',(#11,#33),#15180);
#33 = MANIFOLD_SOLID_BREP('',#34);
#34 = CLOSED_SHELL('',(#35,#273,#354,#435,#649,#720,#836,#890,#940,#5450
    ,#5504,#5698,#6022,#6049,#6103,#6184,#6233,#6288,#6343,#6375,#6451,
    #6500,#6549,#6598,#6653,#6708,#6757,#6806,#6855,#6904,#6959,#7014,
    #7063,#7112,#7167,#7216,#7265,#7314,#7369,#7427,#7476,#7525,#7574,
    #7623,#7678,#7727,#7776,#7831,#7880,#7929,#7978,#8005,#8087,#8136,
    #8185,#8234,#8283,#8338,#8387,#8436,#8491,#8546,#8595,#8644,#8693,
    #8742,#8791,#8855,#8910,#8959,#9008,#9057,#9106,#9155,#9204,#9259,
    #9323,#9372,#9421,#9470,#9497,#9573,#9622,#9671,#9720,#9768,#9817,
    #9866,#9913,#9940,#10022,#10071,#10120,#10169,#10233,#10282,#10331,
    #10380,#10435,#10484,#10533,#10588,#10637,#10686,#10741,#10790,
    #10839,#10888,#10952,#11001,#11050,#11099,#11163,#11212,#11261,
    #11316,#11365,#11392,#11419,#11495,#11577,#11626,#11698,#11747,
    #11774,#11801,#11828,#11855,#11905,#11981,#12030,#12079,#12106,
    #12156,#12205,#12254,#12281,#12288,#12295,#12302,#12337,#12611,
    #12623,#13138,#13165,#13192,#13199,#13206,#13315,#13400,#13476,
    #13558,#13634,#13719,#13795,#13849,#13964,#14046,#14128,#14204,
    #14292,#14362,#14444,#14498,#14613,#14683,#14765,#14841,#14929,
    #15011,#15093,#15147,#15158,#15169));
#35 = ADVANCED_FACE('',(#36),#50,.F.);
#36 = FACE_BOUND('',#37,.F.);
#37 = EDGE_LOOP('',(#38,#73,#101,#129,#158,#186,#219,#247));
#38 = ORIENTED_EDGE('',*,*,#39,.T.);
#39 = EDGE_CURVE('',#40,#42,#44,.T.);
#40 = VERTEX_POINT('',#41);
#41 = CARTESIAN_POINT('',(225.,4.996003610813E-16,-7.6));
#42 = VERTEX_POINT('',#43);
#43 = CARTESIAN_POINT('',(225.,0.,0.));
#44 = SURFACE_CURVE('',#45,(#49,#61),.PCURVE_S1.);
#45 = LINE('',#46,#47);
#46 = CARTESIAN_POINT('',(225.,0.,-8.));
#47 = VECTOR('',#48,1.);
#48 = DIRECTION('',(0.,0.,1.));
#49 = PCURVE('',#50,#55);
#50 = PLANE('',#51);
#51 = AXIS2_PLACEMENT_3D('',#52,#53,#54);
#52 = CARTESIAN_POINT('',(240.,0.,-8.));
#53 = DIRECTION('',(-0.,1.,0.));
#54 = DIRECTION('',(0.,0.,1.));
#55 = DEFINITIONAL_REPRESENTATION('',(#56),#60);
#56 = LINE('',#57,#58);
#57 = CARTESIAN_POINT('',(0.,-15.));
#58 = VECTOR('',#59,1.);
#59 = DIRECTION('',(1.,0.));
#60 = ( GEOMETRIC_REPRESENTATION_CONTEXT(2) 
PARAMETRIC_REPRESENTATION_CONTEXT() REPRESENTATION_CONTEXT('2D SPACE',''
  ) );
#61 = PCURVE('',#62,#67);
#62 = PLANE('',#63);
#63 = AXIS2_PLACEMENT_3D('',#64,#65,#66);
#64 = CARTESIAN_POINT('',(225.,0.,-8.));
#65 = DIRECTION('',(1.,0.,-0.));
#66 = DIRECTION('',(0.,0.,1.));
#67 = DEFINITIONAL_REPRESENTATION('',(#68),#72);
#68 = LINE('',#69,#70);
#69 = CARTESIAN_POINT('',(0.,0.));
#70 = VECTOR('',#71,1.);
#71 = DIRECTION('',(1.,0.));
#72 = ( GEOMETRIC_REPRESENTATION_CONTEXT(2) 
PARAMETRIC_REPRESENTATION_CONTEXT() REPRESENTATION_CONTEXT('2D SPACE',''
  ) );
#73 = ORIENTED_EDGE('',*,*,#74,.T.);
#74 = EDGE_CURVE('',#42,#75,#77,.T.);
#75 = VERTEX_POINT('',#76);
#76 = CARTESIAN_POINT('',(240.,0.,0.));
#77 = SURFACE_CURVE('',#78,(#82,#89),.PCURVE_S1.);
#78 = LINE('',#79,#80);
#79 = CARTESIAN_POINT('',(225.,0.,0.));
#80 = VECTOR('',#81,1.);
#81 = DIRECTION('',(1.,0.,-0.));
#82 = PCURVE('',#50,#83);
#83 = DEFINITIONAL_REPRESENTATION('',(#84),#88);
#84 = LINE('',#85,#86);
#85 = CARTESIAN_POINT('',(8.,-15.));
#86 = VECTOR('',#87,1.);
#87 = DIRECTION('',(0.,1.));
#88 = ( GEOMETRIC_REPRESENTATION_CONTEXT(2) 
PARAMETRIC_REPRESENTATION_CONTEXT() REPRESENTATION_CONTEXT('2D SPACE',''
  ) );
#89 = PCURVE('',#90,#95);
#90 = PLANE('',#91);
#91 = AXIS2_PLACEMENT_3D('',#92,#93,#94);
#92 = CARTESIAN_POINT('',(225.,0.,0.));
#93 = DIRECTION('',(0.,0.,1.));
#94 = DIRECTION('',(1.,0.,-0.));
#95 = DEFINITIONAL_REPRESENTATION('',(#96),#100);
#96 = LINE('',#97,#98);
#97 = CARTESIAN_POINT('',(0.,0.));
#98 = VECTOR('',#99,1.);
#99 = DIRECTION('',(1.,0.));
#100 = ( GEOMETRIC_REPRESENTATION_CONTEXT(2) 
PARAMETRIC_REPRESENTATION_CONTEXT() REPRESENTATION_CONTEXT('2D SPACE',''
  ) );
#101 = ORIENTED_EDGE('',*,*,#102,.T.);
#102 = EDGE_CURVE('',#75,#103,#105,.T.);
#103 = VERTEX_POINT('',#104);
#104 = CARTESIAN_POINT('',(240.,0.,17.6));
#105 = SURFACE_CURVE('',#106,(#110,#117),.PCURVE_S1.);
#106 = LINE('',#107,#108);
#107 = CARTESIAN_POINT('',(240.,0.,-8.));
#108 = VECTOR('',#109,1.);
#109 = DIRECTION('',(0.,0.,1.));
#110 = PCURVE('',#50,#111);
#111 = DEFINITIONAL_REPRESENTATION('',(#112),#116);
#112 = LINE('',#113,#114);
#113 = CARTESIAN_POINT('',(0.,0.));
#114 = VECTOR('',#115,1.);
#115 = DIRECTION('',(1.,0.));
#116 = ( GEOMETRIC_REPRESENTATION_CONTEXT(2) 
PARAMETRIC_REPRESENTATION_CONTEXT() REPRESENTATION_CONTEXT('2D SPACE',''
  ) );
#117 = PCURVE('',#118,#123);
#118 = PLANE('',#119);
#119 = AXIS2_PLACEMENT_3D('',#120,#121,#122);
#120 = CARTESIAN_POINT('',(240.,0.,-8.));
#121 = DIRECTION('',(1.,0.,-0.));
#122 = DIRECTION('',(0.,0.,1.));
#123 = DEFINITIONAL_REPRESENTATION('',(#124),#128);
#124 = LINE('',#125,#126);
#125 = CARTESIAN_POINT('',(0.,0.));
#126 = VECTOR('',#127,1.);
#127 = DIRECTION('',(1.,0.));
#128 = ( GEOMETRIC_REPRESENTATION_CONTEXT(2) 
PARAMETRIC_REPRESENTATION_CONTEXT() REPRESENTATION_CONTEXT('2D SPACE',''
  ) );
#129 = ORIENTED_EDGE('',*,*,#130,.T.);
#130 = EDGE_CURVE('',#103,#131,#133,.T.);
#131 = VERTEX_POINT('',#132);
#132 = CARTESIAN_POINT('',(242.,0.,19.6));
#133 = SURFACE_CURVE('',#134,(#139,#146),.PCURVE_S1.);
#134 = CIRCLE('',#135,2.);
#135 = AXIS2_PLACEMENT_3D('',#136,#137,#138);
#136 = CARTESIAN_POINT('',(242.,0.,17.6));
#137 = DIRECTION('',(-0.,1.,0.));
#138 = DIRECTION('',(0.,0.,1.));
#139 = PCURVE('',#50,#140);
#140 = DEFINITIONAL_REPRESENTATION('',(#141),#145);
#141 = CIRCLE('',#142,2.);
#142 = AXIS2_PLACEMENT_2D('',#143,#144);
#143 = CARTESIAN_POINT('',(25.6,2.));
#144 = DIRECTION('',(1.,0.));
#145 = ( GEOMETRIC_REPRESENTATION_CONTEXT(2) 
PARAMETRIC_REPRESENTATION_CONTEXT() REPRESENTATION_CONTEXT('2D SPACE',''
  ) );
#146 = PCURVE('',#147,#152);
#147 = CYLINDRICAL_SURFACE('',#148,2.);
#148 = AXIS2_PLACEMENT_3D('',#149,#150,#151);
#149 = CARTESIAN_POINT('',(242.,0.,17.6));
#150 = DIRECTION('',(-0.,1.,0.));
#151 = DIRECTION('',(-1.,-0.,0.));
#152 = DEFINITIONAL_REPRESENTATION('',(#153),#157);
#153 = LINE('',#154,#155);
#154 = CARTESIAN_POINT('',(-4.712388980385,0.));
#155 = VECTOR('',#156,1.);
#156 = DIRECTION('',(1.,0.));
#157 = ( GEOMETRIC_REPRESENTATION_CONTEXT(2) 
PARAMETRIC_REPRESENTATION_CONTEXT() REPRESENTATION_CONTEXT('2D SPACE',''
  ) );
#158 = ORIENTED_EDGE('',*,*,#159,.T.);
#159 = EDGE_CURVE('',#131,#160,#162,.T.);
#160 = VERTEX_POINT('',#161);
#161 = CARTESIAN_POINT('',(258.,0.,19.6));
#162 = SURFACE_CURVE('',#163,(#167,#174),.PCURVE_S1.);
#163 = LINE('',#164,#165);
#164 = CARTESIAN_POINT('',(240.,0.,19.6));
#165 = VECTOR('',#166,1.);
#166 = DIRECTION('',(1.,0.,-0.));
#167 = PCURVE('',#50,#168);
#168 = DEFINITIONAL_REPRESENTATION('',(#169),#173);
#169 = LINE('',#170,#171);
#170 = CARTESIAN_POINT('',(27.6,0.));
#171 = VECTOR('',#172,1.);
#172 = DIRECTION('',(0.,1.));
#173 = ( GEOMETRIC_REPRESENTATION_CONTEXT(2) 
PARAMETRIC_REPRESENTATION_CONTEXT() REPRESENTATION_CONTEXT('2D SPACE',''
  ) );
#174 = PCURVE('',#175,#180);
#175 = PLANE('',#176);
#176 = AXIS2_PLACEMENT_3D('',#177,#178,#179);
#177 = CARTESIAN_POINT('',(240.,0.,19.6));
#178 = DIRECTION('',(0.,0.,1.));
#179 = DIRECTION('',(1.,0.,-0.));
#180 = DEFINITIONAL_REPRESENTATION('',(#181),#185);
#181 = LINE('',#182,#183);
#182 = CARTESIAN_POINT('',(0.,0.));
#183 = VECTOR('',#184,1.);
#184 = DIRECTION('',(1.,0.));
#185 = ( GEOMETRIC_REPRESENTATION_CONTEXT(2) 
PARAMETRIC_REPRESENTATION_CONTEXT() REPRESENTATION_CONTEXT('2D SPACE',''
  ) );
#186 = ORIENTED_EDGE('',*,*,#187,.F.);
#187 = EDGE_CURVE('',#188,#160,#190,.T.);
#188 = VERTEX_POINT('',#189);
#189 = CARTESIAN_POINT('',(260.,0.,17.6));
#190 = SURFACE_CURVE('',#191,(#196,#207),.PCURVE_S1.);
#191 = CIRCLE('',#192,2.);
#192 = AXIS2_PLACEMENT_3D('',#193,#194,#195);
#193 = CARTESIAN_POINT('',(258.,0.,17.6));
#194 = DIRECTION('',(0.,-1.,0.));
#195 = DIRECTION('',(0.,0.,1.));
#196 = PCURVE('',#50,#197);
#197 = DEFINITIONAL_REPRESENTATION('',(#198),#206);
#198 = ( BOUNDED_CURVE() B_SPLINE_CURVE(2,(#199,#200,#201,#202,#203,#204
,#205),.UNSPECIFIED.,.T.,.F.) B_SPLINE_CURVE_WITH_KNOTS((1,2,2,2,2,1),(
    -2.094395102393,0.,2.094395102393,4.188790204786,6.28318530718,
8.377580409573),.UNSPECIFIED.) CURVE() GEOMETRIC_REPRESENTATION_ITEM() 
RATIONAL_B_SPLINE_CURVE((1.,0.5,1.,0.5,1.,0.5,1.)) REPRESENTATION_ITEM(
  '') );
#199 = CARTESIAN_POINT('',(27.6,18.));
#200 = CARTESIAN_POINT('',(27.6,14.535898384862));
#201 = CARTESIAN_POINT('',(24.6,16.267949192431));
#202 = CARTESIAN_POINT('',(21.6,18.));
#203 = CARTESIAN_POINT('',(24.6,19.732050807569));
#204 = CARTESIAN_POINT('',(27.6,21.464101615138));
#205 = CARTESIAN_POINT('',(27.6,18.));
#206 = ( GEOMETRIC_REPRESENTATION_CONTEXT(2) 
PARAMETRIC_REPRESENTATION_CONTEXT() REPRESENTATION_CONTEXT('2D SPACE',''
  ) );
#207 = PCURVE('',#208,#213);
#208 = CYLINDRICAL_SURFACE('',#209,2.);
#209 = AXIS2_PLACEMENT_3D('',#210,#211,#212);
#210 = CARTESIAN_POINT('',(258.,0.,17.6));
#211 = DIRECTION('',(-0.,1.,0.));
#212 = DIRECTION('',(1.,0.,-0.));
#213 = DEFINITIONAL_REPRESENTATION('',(#214),#218);
#214 = LINE('',#215,#216);
#215 = CARTESIAN_POINT('',(4.712388980385,-0.));
#216 = VECTOR('',#217,1.);
#217 = DIRECTION('',(-1.,0.));
#218 = ( GEOMETRIC_REPRESENTATION_CONTEXT(2) 
PARAMETRIC_REPRESENTATION_CONTEXT() REPRESENTATION_CONTEXT('2D SPACE',''
  ) );
#219 = ORIENTED_EDGE('',*,*,#220,.F.);
#220 = EDGE_CURVE('',#221,#188,#223,.T.);
#221 = VERTEX_POINT('',#222);
#222 = CARTESIAN_POINT('',(260.,5.828670879282E-16,-7.6));
#223 = SURFACE_CURVE('',#224,(#228,#235),.PCURVE_S1.);
#224 = LINE('',#225,#226);
#225 = CARTESIAN_POINT('',(260.,0.,-8.));
#226 = VECTOR('',#227,1.);
#227 = DIRECTION('',(0.,0.,1.));
#228 = PCURVE('',#50,#229);
#229 = DEFINITIONAL_REPRESENTATION('',(#230),#234);
#230 = LINE('',#231,#232);
#231 = CARTESIAN_POINT('',(0.,20.));
#232 = VECTOR('',#233,1.);
#233 = DIRECTION('',(1.,0.));
#234 = ( GEOMETRIC_REPRESENTATION_CONTEXT(2) 
PARAMETRIC_REPRESENTATION_CONTEXT() REPRESENTATION_CONTEXT('2D SPACE',''
  ) );
#235 = PCURVE('',#236,#241);
#236 = PLANE('',#237);
#237 = AXIS2_PLACEMENT_3D('',#238,#239,#240);
#238 = CARTESIAN_POINT('',(260.,0.,-8.));
#239 = DIRECTION('',(1.,0.,-0.));
#240 = DIRECTION('',(0.,0.,1.));
#241 = DEFINITIONAL_REPRESENTATION('',(#242),#246);
#242 = LINE('',#243,#244);
#243 = CARTESIAN_POINT('',(0.,0.));
#244 = VECTOR('',#245,1.);
#245 = DIRECTION('',(1.,0.));
#246 = ( GEOMETRIC_REPRESENTATION_CONTEXT(2) 
PARAMETRIC_REPRESENTATION_CONTEXT() REPRESENTATION_CONTEXT('2D SPACE',''
  ) );
#247 = ORIENTED_EDGE('',*,*,#248,.F.);
#248 = EDGE_CURVE('',#40,#221,#249,.T.);
#249 = SURFACE_CURVE('',#250,(#254,#261),.PCURVE_S1.);
#250 = LINE('',#251,#252);
#251 = CARTESIAN_POINT('',(225.,0.,-7.6));
#252 = VECTOR('',#253,1.);
#253 = DIRECTION('',(1.,0.,0.));
#254 = PCURVE('',#50,#255);
#255 = DEFINITIONAL_REPRESENTATION('',(#256),#260);
#256 = LINE('',#257,#258);
#257 = CARTESIAN_POINT('',(0.4,-15.));
#258 = VECTOR('',#259,1.);
#259 = DIRECTION('',(0.,1.));
#260 = ( GEOMETRIC_REPRESENTATION_CONTEXT(2) 
PARAMETRIC_REPRESENTATION_CONTEXT() REPRESENTATION_CONTEXT('2D SPACE',''
  ) );
#261 = PCURVE('',#262,#267);
#262 = PLANE('',#263);
#263 = AXIS2_PLACEMENT_3D('',#264,#265,#266);
#264 = CARTESIAN_POINT('',(225.,0.2,-7.8));
#265 = DIRECTION('',(3.474993633276E-18,-0.707106781187,-0.707106781187)
  );
#266 = DIRECTION('',(-1.,-2.457191562669E-18,-2.457191562669E-18));
#267 = DEFINITIONAL_REPRESENTATION('',(#268),#272);
#268 = LINE('',#269,#270);
#269 = CARTESIAN_POINT('',(-0.,-0.282842712475));
#270 = VECTOR('',#271,1.);
#271 = DIRECTION('',(-1.,0.));
#272 = ( GEOMETRIC_REPRESENTATION_CONTEXT(2) 
PARAMETRIC_REPRESENTATION_CONTEXT() REPRESENTATION_CONTEXT('2D SPACE',''
  ) );
#273 = ADVANCED_FACE('',(#274),#62,.F.);
#274 = FACE_BOUND('',#275,.F.);
#275 = EDGE_LOOP('',(#276,#277,#305,#333));
#276 = ORIENTED_EDGE('',*,*,#39,.F.);
#277 = ORIENTED_EDGE('',*,*,#278,.T.);
#278 = EDGE_CURVE('',#40,#279,#281,.T.);
#279 = VERTEX_POINT('',#280);
#280 = CARTESIAN_POINT('',(225.,240.,-7.6));
#281 = SURFACE_CURVE('',#282,(#286,#293),.PCURVE_S1.);
#282 = LINE('',#283,#284);
#283 = CARTESIAN_POINT('',(225.,0.,-7.6));
#284 = VECTOR('',#285,1.);
#285 = DIRECTION('',(-0.,1.,0.));
#286 = PCURVE('',#62,#287);
#287 = DEFINITIONAL_REPRESENTATION('',(#288),#292);
#288 = LINE('',#289,#290);
#289 = CARTESIAN_POINT('',(0.4,0.));
#290 = VECTOR('',#291,1.);
#291 = DIRECTION('',(0.,-1.));
#292 = ( GEOMETRIC_REPRESENTATION_CONTEXT(2) 
PARAMETRIC_REPRESENTATION_CONTEXT() REPRESENTATION_CONTEXT('2D SPACE',''
  ) );
#293 = PCURVE('',#294,#299);
#294 = PLANE('',#295);
#295 = AXIS2_PLACEMENT_3D('',#296,#297,#298);
#296 = CARTESIAN_POINT('',(225.2,0.,-7.8));
#297 = DIRECTION('',(-0.707106781187,-3.474993633276E-18,-0.707106781187
    ));
#298 = DIRECTION('',(-2.457191562669E-18,1.,-2.457191562669E-18));
#299 = DEFINITIONAL_REPRESENTATION('',(#300),#304);
#300 = LINE('',#301,#302);
#301 = CARTESIAN_POINT('',(-9.860761315263E-32,-0.282842712475));
#302 = VECTOR('',#303,1.);
#303 = DIRECTION('',(1.,0.));
#304 = ( GEOMETRIC_REPRESENTATION_CONTEXT(2) 
PARAMETRIC_REPRESENTATION_CONTEXT() REPRESENTATION_CONTEXT('2D SPACE',''
  ) );
#305 = ORIENTED_EDGE('',*,*,#306,.T.);
#306 = EDGE_CURVE('',#279,#307,#309,.T.);
#307 = VERTEX_POINT('',#308);
#308 = CARTESIAN_POINT('',(225.,240.,0.));
#309 = SURFACE_CURVE('',#310,(#314,#321),.PCURVE_S1.);
#310 = LINE('',#311,#312);
#311 = CARTESIAN_POINT('',(225.,240.,-8.));
#312 = VECTOR('',#313,1.);
#313 = DIRECTION('',(0.,0.,1.));
#314 = PCURVE('',#62,#315);
#315 = DEFINITIONAL_REPRESENTATION('',(#316),#320);
#316 = LINE('',#317,#318);
#317 = CARTESIAN_POINT('',(0.,-240.));
#318 = VECTOR('',#319,1.);
#319 = DIRECTION('',(1.,0.));
#320 = ( GEOMETRIC_REPRESENTATION_CONTEXT(2) 
PARAMETRIC_REPRESENTATION_CONTEXT() REPRESENTATION_CONTEXT('2D SPACE',''
  ) );
#321 = PCURVE('',#322,#327);
#322 = PLANE('',#323);
#323 = AXIS2_PLACEMENT_3D('',#324,#325,#326);
#324 = CARTESIAN_POINT('',(240.,240.,-8.));
#325 = DIRECTION('',(-0.,1.,0.));
#326 = DIRECTION('',(0.,0.,1.));
#327 = DEFINITIONAL_REPRESENTATION('',(#328),#332);
#328 = LINE('',#329,#330);
#329 = CARTESIAN_POINT('',(0.,-15.));
#330 = VECTOR('',#331,1.);
#331 = DIRECTION('',(1.,0.));
#332 = ( GEOMETRIC_REPRESENTATION_CONTEXT(2) 
PARAMETRIC_REPRESENTATION_CONTEXT() REPRESENTATION_CONTEXT('2D SPACE',''
  ) );
#333 = ORIENTED_EDGE('',*,*,#334,.F.);
#334 = EDGE_CURVE('',#42,#307,#335,.T.);
#335 = SURFACE_CURVE('',#336,(#340,#347),.PCURVE_S1.);
#336 = LINE('',#337,#338);
#337 = CARTESIAN_POINT('',(225.,0.,0.));
#338 = VECTOR('',#339,1.);
#339 = DIRECTION('',(-0.,1.,0.));
#340 = PCURVE('',#62,#341);
#341 = DEFINITIONAL_REPRESENTATION('',(#342),#346);
#342 = LINE('',#343,#344);
#343 = CARTESIAN_POINT('',(8.,0.));
#344 = VECTOR('',#345,1.);
#345 = DIRECTION('',(0.,-1.));
#346 = ( GEOMETRIC_REPRESENTATION_CONTEXT(2) 
PARAMETRIC_REPRESENTATION_CONTEXT() REPRESENTATION_CONTEXT('2D SPACE',''
  ) );
#347 = PCURVE('',#90,#348);
#348 = DEFINITIONAL_REPRESENTATION('',(#349),#353);
#349 = LINE('',#350,#351);
#350 = CARTESIAN_POINT('',(0.,0.));
#351 = VECTOR('',#352,1.);
#352 = DIRECTION('',(0.,1.));
#353 = ( GEOMETRIC_REPRESENTATION_CONTEXT(2) 
PARAMETRIC_REPRESENTATION_CONTEXT() REPRESENTATION_CONTEXT('2D SPACE',''
  ) );
#354 = ADVANCED_FACE('',(#355),#262,.T.);
#355 = FACE_BOUND('',#356,.F.);
#356 = EDGE_LOOP('',(#357,#380,#381,#409));
#357 = ORIENTED_EDGE('',*,*,#358,.F.);
#358 = EDGE_CURVE('',#40,#359,#361,.T.);
#359 = VERTEX_POINT('',#360);
#360 = CARTESIAN_POINT('',(225.4,0.4,-8.));
#361 = SURFACE_CURVE('',#362,(#366,#373),.PCURVE_S1.);
#362 = LINE('',#363,#364);
#363 = CARTESIAN_POINT('',(225.13333333333,0.133333333333,
    -7.733333333333));
#364 = VECTOR('',#365,1.);
#365 = DIRECTION('',(0.57735026919,0.57735026919,-0.57735026919));
#366 = PCURVE('',#262,#367);
#367 = DEFINITIONAL_REPRESENTATION('',(#368),#372);
#368 = LINE('',#369,#370);
#369 = CARTESIAN_POINT('',(-0.133333333333,-9.428090415821E-02));
#370 = VECTOR('',#371,1.);
#371 = DIRECTION('',(-0.57735026919,0.816496580928));
#372 = ( GEOMETRIC_REPRESENTATION_CONTEXT(2) 
PARAMETRIC_REPRESENTATION_CONTEXT() REPRESENTATION_CONTEXT('2D SPACE',''
  ) );
#373 = PCURVE('',#294,#374);
#374 = DEFINITIONAL_REPRESENTATION('',(#375),#379);
#375 = LINE('',#376,#377);
#376 = CARTESIAN_POINT('',(0.133333333333,-9.42809041582E-02));
#377 = VECTOR('',#378,1.);
#378 = DIRECTION('',(0.57735026919,0.816496580928));
#379 = ( GEOMETRIC_REPRESENTATION_CONTEXT(2) 
PARAMETRIC_REPRESENTATION_CONTEXT() REPRESENTATION_CONTEXT('2D SPACE',''
  ) );
#380 = ORIENTED_EDGE('',*,*,#248,.T.);
#381 = ORIENTED_EDGE('',*,*,#382,.T.);
#382 = EDGE_CURVE('',#221,#383,#385,.T.);
#383 = VERTEX_POINT('',#384);
#384 = CARTESIAN_POINT('',(259.6,0.4,-8.));
#385 = SURFACE_CURVE('',#386,(#390,#397),.PCURVE_S1.);
#386 = LINE('',#387,#388);
#387 = CARTESIAN_POINT('',(254.03333333333,5.966666666667,
    -13.56666666666));
#388 = VECTOR('',#389,1.);
#389 = DIRECTION('',(-0.57735026919,0.57735026919,-0.57735026919));
#390 = PCURVE('',#262,#391);
#391 = DEFINITIONAL_REPRESENTATION('',(#392),#396);
#392 = LINE('',#393,#394);
#393 = CARTESIAN_POINT('',(-29.03333333333,8.155298209685));
#394 = VECTOR('',#395,1.);
#395 = DIRECTION('',(0.57735026919,0.816496580928));
#396 = ( GEOMETRIC_REPRESENTATION_CONTEXT(2) 
PARAMETRIC_REPRESENTATION_CONTEXT() REPRESENTATION_CONTEXT('2D SPACE',''
  ) );
#397 = PCURVE('',#398,#403);
#398 = PLANE('',#399);
#399 = AXIS2_PLACEMENT_3D('',#400,#401,#402);
#400 = CARTESIAN_POINT('',(259.8,0.,-7.8));
#401 = DIRECTION('',(-0.707106781187,0.,0.707106781187));
#402 = DIRECTION('',(0.,1.,-0.));
#403 = DEFINITIONAL_REPRESENTATION('',(#404),#408);
#404 = LINE('',#405,#406);
#405 = CARTESIAN_POINT('',(5.966666666667,8.155298209684));
#406 = VECTOR('',#407,1.);
#407 = DIRECTION('',(0.57735026919,0.816496580928));
#408 = ( GEOMETRIC_REPRESENTATION_CONTEXT(2) 
PARAMETRIC_REPRESENTATION_CONTEXT() REPRESENTATION_CONTEXT('2D SPACE',''
  ) );
#409 = ORIENTED_EDGE('',*,*,#410,.F.);
#410 = EDGE_CURVE('',#359,#383,#411,.T.);
#411 = SURFACE_CURVE('',#412,(#416,#423),.PCURVE_S1.);
#412 = LINE('',#413,#414);
#413 = CARTESIAN_POINT('',(225.,0.4,-8.));
#414 = VECTOR('',#415,1.);
#415 = DIRECTION('',(1.,0.,0.));
#416 = PCURVE('',#262,#417);
#417 = DEFINITIONAL_REPRESENTATION('',(#418),#422);
#418 = LINE('',#419,#420);
#419 = CARTESIAN_POINT('',(-0.,0.282842712475));
#420 = VECTOR('',#421,1.);
#421 = DIRECTION('',(-1.,0.));
#422 = ( GEOMETRIC_REPRESENTATION_CONTEXT(2) 
PARAMETRIC_REPRESENTATION_CONTEXT() REPRESENTATION_CONTEXT('2D SPACE',''
  ) );
#423 = PCURVE('',#424,#429);
#424 = PLANE('',#425);
#425 = AXIS2_PLACEMENT_3D('',#426,#427,#428);
#426 = CARTESIAN_POINT('',(240.,0.,-8.));
#427 = DIRECTION('',(0.,0.,1.));
#428 = DIRECTION('',(1.,0.,-0.));
#429 = DEFINITIONAL_REPRESENTATION('',(#430),#434);
#430 = LINE('',#431,#432);
#431 = CARTESIAN_POINT('',(-15.,0.4));
#432 = VECTOR('',#433,1.);
#433 = DIRECTION('',(1.,0.));
#434 = ( GEOMETRIC_REPRESENTATION_CONTEXT(2) 
PARAMETRIC_REPRESENTATION_CONTEXT() REPRESENTATION_CONTEXT('2D SPACE',''
  ) );
#435 = ADVANCED_FACE('',(#436,#587,#618),#90,.T.);
#436 = FACE_BOUND('',#437,.T.);
#437 = EDGE_LOOP('',(#438,#461,#462,#463,#484,#512,#540,#568));
#438 = ORIENTED_EDGE('',*,*,#439,.F.);
#439 = EDGE_CURVE('',#307,#440,#442,.T.);
#440 = VERTEX_POINT('',#441);
#441 = CARTESIAN_POINT('',(240.,240.,0.));
#442 = SURFACE_CURVE('',#443,(#447,#454),.PCURVE_S1.);
#443 = LINE('',#444,#445);
#444 = CARTESIAN_POINT('',(225.,240.,0.));
#445 = VECTOR('',#446,1.);
#446 = DIRECTION('',(1.,0.,-0.));
#447 = PCURVE('',#90,#448);
#448 = DEFINITIONAL_REPRESENTATION('',(#449),#453);
#449 = LINE('',#450,#451);
#450 = CARTESIAN_POINT('',(0.,240.));
#451 = VECTOR('',#452,1.);
#452 = DIRECTION('',(1.,0.));
#453 = ( GEOMETRIC_REPRESENTATION_CONTEXT(2) 
PARAMETRIC_REPRESENTATION_CONTEXT() REPRESENTATION_CONTEXT('2D SPACE',''
  ) );
#454 = PCURVE('',#322,#455);
#455 = DEFINITIONAL_REPRESENTATION('',(#456),#460);
#456 = LINE('',#457,#458);
#457 = CARTESIAN_POINT('',(8.,-15.));
#458 = VECTOR('',#459,1.);
#459 = DIRECTION('',(0.,1.));
#460 = ( GEOMETRIC_REPRESENTATION_CONTEXT(2) 
PARAMETRIC_REPRESENTATION_CONTEXT() REPRESENTATION_CONTEXT('2D SPACE',''
  ) );
#461 = ORIENTED_EDGE('',*,*,#334,.F.);
#462 = ORIENTED_EDGE('',*,*,#74,.T.);
#463 = ORIENTED_EDGE('',*,*,#464,.F.);
#464 = EDGE_CURVE('',#465,#75,#467,.T.);
#465 = VERTEX_POINT('',#466);
#466 = CARTESIAN_POINT('',(240.,4.,0.));
#467 = SURFACE_CURVE('',#468,(#472,#478),.PCURVE_S1.);
#468 = LINE('',#469,#470);
#469 = CARTESIAN_POINT('',(240.,0.,0.));
#470 = VECTOR('',#471,1.);
#471 = DIRECTION('',(0.,-1.,0.));
#472 = PCURVE('',#90,#473);
#473 = DEFINITIONAL_REPRESENTATION('',(#474),#477);
#474 = B_SPLINE_CURVE_WITH_KNOTS('',1,(#475,#476),.UNSPECIFIED.,.F.,.F.,
  (2,2),(-240.,0.),.PIECEWISE_BEZIER_KNOTS.);
#475 = CARTESIAN_POINT('',(15.,240.));
#476 = CARTESIAN_POINT('',(15.,0.));
#477 = ( GEOMETRIC_REPRESENTATION_CONTEXT(2) 
PARAMETRIC_REPRESENTATION_CONTEXT() REPRESENTATION_CONTEXT('2D SPACE',''
  ) );
#478 = PCURVE('',#118,#479);
#479 = DEFINITIONAL_REPRESENTATION('',(#480),#483);
#480 = B_SPLINE_CURVE_WITH_KNOTS('',1,(#481,#482),.UNSPECIFIED.,.F.,.F.,
  (2,2),(-240.,0.),.PIECEWISE_BEZIER_KNOTS.);
#481 = CARTESIAN_POINT('',(8.,-240.));
#482 = CARTESIAN_POINT('',(8.,0.));
#483 = ( GEOMETRIC_REPRESENTATION_CONTEXT(2) 
PARAMETRIC_REPRESENTATION_CONTEXT() REPRESENTATION_CONTEXT('2D SPACE',''
  ) );
#484 = ORIENTED_EDGE('',*,*,#485,.F.);
#485 = EDGE_CURVE('',#486,#465,#488,.T.);
#486 = VERTEX_POINT('',#487);
#487 = CARTESIAN_POINT('',(236.5,4.,0.));
#488 = SURFACE_CURVE('',#489,(#493,#500),.PCURVE_S1.);
#489 = LINE('',#490,#491);
#490 = CARTESIAN_POINT('',(236.,4.,0.));
#491 = VECTOR('',#492,1.);
#492 = DIRECTION('',(1.,0.,-0.));
#493 = PCURVE('',#90,#494);
#494 = DEFINITIONAL_REPRESENTATION('',(#495),#499);
#495 = LINE('',#496,#497);
#496 = CARTESIAN_POINT('',(11.,4.));
#497 = VECTOR('',#498,1.);
#498 = DIRECTION('',(1.,0.));
#499 = ( GEOMETRIC_REPRESENTATION_CONTEXT(2) 
PARAMETRIC_REPRESENTATION_CONTEXT() REPRESENTATION_CONTEXT('2D SPACE',''
  ) );
#500 = PCURVE('',#501,#506);
#501 = PLANE('',#502);
#502 = AXIS2_PLACEMENT_3D('',#503,#504,#505);
#503 = CARTESIAN_POINT('',(236.,4.,0.));
#504 = DIRECTION('',(-0.,1.,0.));
#505 = DIRECTION('',(0.,0.,1.));
#506 = DEFINITIONAL_REPRESENTATION('',(#507),#511);
#507 = LINE('',#508,#509);
#508 = CARTESIAN_POINT('',(0.,0.));
#509 = VECTOR('',#510,1.);
#510 = DIRECTION('',(0.,1.));
#511 = ( GEOMETRIC_REPRESENTATION_CONTEXT(2) 
PARAMETRIC_REPRESENTATION_CONTEXT() REPRESENTATION_CONTEXT('2D SPACE',''
  ) );
#512 = ORIENTED_EDGE('',*,*,#513,.T.);
#513 = EDGE_CURVE('',#486,#514,#516,.T.);
#514 = VERTEX_POINT('',#515);
#515 = CARTESIAN_POINT('',(236.5,236.,0.));
#516 = SURFACE_CURVE('',#517,(#521,#528),.PCURVE_S1.);
#517 = LINE('',#518,#519);
#518 = CARTESIAN_POINT('',(236.5,4.,0.));
#519 = VECTOR('',#520,1.);
#520 = DIRECTION('',(-0.,1.,0.));
#521 = PCURVE('',#90,#522);
#522 = DEFINITIONAL_REPRESENTATION('',(#523),#527);
#523 = LINE('',#524,#525);
#524 = CARTESIAN_POINT('',(11.5,4.));
#525 = VECTOR('',#526,1.);
#526 = DIRECTION('',(0.,1.));
#527 = ( GEOMETRIC_REPRESENTATION_CONTEXT(2) 
PARAMETRIC_REPRESENTATION_CONTEXT() REPRESENTATION_CONTEXT('2D SPACE',''
  ) );
#528 = PCURVE('',#529,#534);
#529 = PLANE('',#530);
#530 = AXIS2_PLACEMENT_3D('',#531,#532,#533);
#531 = CARTESIAN_POINT('',(236.25,4.,0.25));
#532 = DIRECTION('',(-0.707106781187,0.,-0.707106781187));
#533 = DIRECTION('',(0.,1.,0.));
#534 = DEFINITIONAL_REPRESENTATION('',(#535),#539);
#535 = LINE('',#536,#537);
#536 = CARTESIAN_POINT('',(0.,0.353553390593));
#537 = VECTOR('',#538,1.);
#538 = DIRECTION('',(1.,0.));
#539 = ( GEOMETRIC_REPRESENTATION_CONTEXT(2) 
PARAMETRIC_REPRESENTATION_CONTEXT() REPRESENTATION_CONTEXT('2D SPACE',''
  ) );
#540 = ORIENTED_EDGE('',*,*,#541,.T.);
#541 = EDGE_CURVE('',#514,#542,#544,.T.);
#542 = VERTEX_POINT('',#543);
#543 = CARTESIAN_POINT('',(240.,236.,0.));
#544 = SURFACE_CURVE('',#545,(#549,#556),.PCURVE_S1.);
#545 = LINE('',#546,#547);
#546 = CARTESIAN_POINT('',(236.,236.,0.));
#547 = VECTOR('',#548,1.);
#548 = DIRECTION('',(1.,0.,-0.));
#549 = PCURVE('',#90,#550);
#550 = DEFINITIONAL_REPRESENTATION('',(#551),#555);
#551 = LINE('',#552,#553);
#552 = CARTESIAN_POINT('',(11.,236.));
#553 = VECTOR('',#554,1.);
#554 = DIRECTION('',(1.,0.));
#555 = ( GEOMETRIC_REPRESENTATION_CONTEXT(2) 
PARAMETRIC_REPRESENTATION_CONTEXT() REPRESENTATION_CONTEXT('2D SPACE',''
  ) );
#556 = PCURVE('',#557,#562);
#557 = PLANE('',#558);
#558 = AXIS2_PLACEMENT_3D('',#559,#560,#561);
#559 = CARTESIAN_POINT('',(236.,236.,0.));
#560 = DIRECTION('',(-0.,1.,0.));
#561 = DIRECTION('',(0.,0.,1.));
#562 = DEFINITIONAL_REPRESENTATION('',(#563),#567);
#563 = LINE('',#564,#565);
#564 = CARTESIAN_POINT('',(0.,0.));
#565 = VECTOR('',#566,1.);
#566 = DIRECTION('',(0.,1.));
#567 = ( GEOMETRIC_REPRESENTATION_CONTEXT(2) 
PARAMETRIC_REPRESENTATION_CONTEXT() REPRESENTATION_CONTEXT('2D SPACE',''
  ) );
#568 = ORIENTED_EDGE('',*,*,#569,.F.);
#569 = EDGE_CURVE('',#440,#542,#570,.T.);
#570 = SURFACE_CURVE('',#571,(#575,#581),.PCURVE_S1.);
#571 = LINE('',#572,#573);
#572 = CARTESIAN_POINT('',(240.,0.,0.));
#573 = VECTOR('',#574,1.);
#574 = DIRECTION('',(0.,-1.,0.));
#575 = PCURVE('',#90,#576);
#576 = DEFINITIONAL_REPRESENTATION('',(#577),#580);
#577 = B_SPLINE_CURVE_WITH_KNOTS('',1,(#578,#579),.UNSPECIFIED.,.F.,.F.,
  (2,2),(-240.,0.),.PIECEWISE_BEZIER_KNOTS.);
#578 = CARTESIAN_POINT('',(15.,240.));
#579 = CARTESIAN_POINT('',(15.,0.));
#580 = ( GEOMETRIC_REPRESENTATION_CONTEXT(2) 
PARAMETRIC_REPRESENTATION_CONTEXT() REPRESENTATION_CONTEXT('2D SPACE',''
  ) );
#581 = PCURVE('',#118,#582);
#582 = DEFINITIONAL_REPRESENTATION('',(#583),#586);
#583 = B_SPLINE_CURVE_WITH_KNOTS('',1,(#584,#585),.UNSPECIFIED.,.F.,.F.,
  (2,2),(-240.,0.),.PIECEWISE_BEZIER_KNOTS.);
#584 = CARTESIAN_POINT('',(8.,-240.));
#585 = CARTESIAN_POINT('',(8.,0.));
#586 = ( GEOMETRIC_REPRESENTATION_CONTEXT(2) 
PARAMETRIC_REPRESENTATION_CONTEXT() REPRESENTATION_CONTEXT('2D SPACE',''
  ) );
#587 = FACE_BOUND('',#588,.T.);
#588 = EDGE_LOOP('',(#589));
#589 = ORIENTED_EDGE('',*,*,#590,.F.);
#590 = EDGE_CURVE('',#591,#591,#593,.T.);
#591 = VERTEX_POINT('',#592);
#592 = CARTESIAN_POINT('',(231.7,60.,0.));
#593 = SURFACE_CURVE('',#594,(#599,#606),.PCURVE_S1.);
#594 = CIRCLE('',#595,1.7);
#595 = AXIS2_PLACEMENT_3D('',#596,#597,#598);
#596 = CARTESIAN_POINT('',(230.,60.,0.));
#597 = DIRECTION('',(0.,0.,1.));
#598 = DIRECTION('',(1.,0.,-0.));
#599 = PCURVE('',#90,#600);
#600 = DEFINITIONAL_REPRESENTATION('',(#601),#605);
#601 = CIRCLE('',#602,1.7);
#602 = AXIS2_PLACEMENT_2D('',#603,#604);
#603 = CARTESIAN_POINT('',(5.,60.));
#604 = DIRECTION('',(1.,0.));
#605 = ( GEOMETRIC_REPRESENTATION_CONTEXT(2) 
PARAMETRIC_REPRESENTATION_CONTEXT() REPRESENTATION_CONTEXT('2D SPACE',''
  ) );
#606 = PCURVE('',#607,#612);
#607 = CYLINDRICAL_SURFACE('',#608,1.7);
#608 = AXIS2_PLACEMENT_3D('',#609,#610,#611);
#609 = CARTESIAN_POINT('',(230.,60.,-8.1));
#610 = DIRECTION('',(0.,0.,1.));
#611 = DIRECTION('',(1.,0.,-0.));
#612 = DEFINITIONAL_REPRESENTATION('',(#613),#617);
#613 = LINE('',#614,#615);
#614 = CARTESIAN_POINT('',(0.,8.1));
#615 = VECTOR('',#616,1.);
#616 = DIRECTION('',(1.,0.));
#617 = ( GEOMETRIC_REPRESENTATION_CONTEXT(2) 
PARAMETRIC_REPRESENTATION_CONTEXT() REPRESENTATION_CONTEXT('2D SPACE',''
  ) );
#618 = FACE_BOUND('',#619,.T.);
#619 = EDGE_LOOP('',(#620));
#620 = ORIENTED_EDGE('',*,*,#621,.F.);
#621 = EDGE_CURVE('',#622,#622,#624,.T.);
#622 = VERTEX_POINT('',#623);
#623 = CARTESIAN_POINT('',(231.7,180.,0.));
#624 = SURFACE_CURVE('',#625,(#630,#637),.PCURVE_S1.);
#625 = CIRCLE('',#626,1.7);
#626 = AXIS2_PLACEMENT_3D('',#627,#628,#629);
#627 = CARTESIAN_POINT('',(230.,180.,0.));
#628 = DIRECTION('',(0.,0.,1.));
#629 = DIRECTION('',(1.,0.,-0.));
#630 = PCURVE('',#90,#631);
#631 = DEFINITIONAL_REPRESENTATION('',(#632),#636);
#632 = CIRCLE('',#633,1.7);
#633 = AXIS2_PLACEMENT_2D('',#634,#635);
#634 = CARTESIAN_POINT('',(5.,180.));
#635 = DIRECTION('',(1.,0.));
#636 = ( GEOMETRIC_REPRESENTATION_CONTEXT(2) 
PARAMETRIC_REPRESENTATION_CONTEXT() REPRESENTATION_CONTEXT('2D SPACE',''
  ) );
#637 = PCURVE('',#638,#643);
#638 = CYLINDRICAL_SURFACE('',#639,1.7);
#639 = AXIS2_PLACEMENT_3D('',#640,#641,#642);
#640 = CARTESIAN_POINT('',(230.,180.,-8.1));
#641 = DIRECTION('',(0.,0.,1.));
#642 = DIRECTION('',(1.,0.,-0.));
#643 = DEFINITIONAL_REPRESENTATION('',(#644),#648);
#644 = LINE('',#645,#646);
#645 = CARTESIAN_POINT('',(0.,8.1));
#646 = VECTOR('',#647,1.);
#647 = DIRECTION('',(1.,0.));
#648 = ( GEOMETRIC_REPRESENTATION_CONTEXT(2) 
PARAMETRIC_REPRESENTATION_CONTEXT() REPRESENTATION_CONTEXT('2D SPACE',''
  ) );
#649 = ADVANCED_FACE('',(#650),#236,.T.);
#650 = FACE_BOUND('',#651,.T.);
#651 = EDGE_LOOP('',(#652,#653,#676,#699));
#652 = ORIENTED_EDGE('',*,*,#220,.F.);
#653 = ORIENTED_EDGE('',*,*,#654,.T.);
#654 = EDGE_CURVE('',#221,#655,#657,.T.);
#655 = VERTEX_POINT('',#656);
#656 = CARTESIAN_POINT('',(260.,240.,-7.6));
#657 = SURFACE_CURVE('',#658,(#662,#669),.PCURVE_S1.);
#658 = LINE('',#659,#660);
#659 = CARTESIAN_POINT('',(260.,0.,-7.6));
#660 = VECTOR('',#661,1.);
#661 = DIRECTION('',(-0.,1.,0.));
#662 = PCURVE('',#236,#663);
#663 = DEFINITIONAL_REPRESENTATION('',(#664),#668);
#664 = LINE('',#665,#666);
#665 = CARTESIAN_POINT('',(0.4,0.));
#666 = VECTOR('',#667,1.);
#667 = DIRECTION('',(0.,-1.));
#668 = ( GEOMETRIC_REPRESENTATION_CONTEXT(2) 
PARAMETRIC_REPRESENTATION_CONTEXT() REPRESENTATION_CONTEXT('2D SPACE',''
  ) );
#669 = PCURVE('',#398,#670);
#670 = DEFINITIONAL_REPRESENTATION('',(#671),#675);
#671 = LINE('',#672,#673);
#672 = CARTESIAN_POINT('',(0.,-0.282842712475));
#673 = VECTOR('',#674,1.);
#674 = DIRECTION('',(1.,0.));
#675 = ( GEOMETRIC_REPRESENTATION_CONTEXT(2) 
PARAMETRIC_REPRESENTATION_CONTEXT() REPRESENTATION_CONTEXT('2D SPACE',''
  ) );
#676 = ORIENTED_EDGE('',*,*,#677,.T.);
#677 = EDGE_CURVE('',#655,#678,#680,.T.);
#678 = VERTEX_POINT('',#679);
#679 = CARTESIAN_POINT('',(260.,240.,17.6));
#680 = SURFACE_CURVE('',#681,(#685,#692),.PCURVE_S1.);
#681 = LINE('',#682,#683);
#682 = CARTESIAN_POINT('',(260.,240.,-8.));
#683 = VECTOR('',#684,1.);
#684 = DIRECTION('',(0.,0.,1.));
#685 = PCURVE('',#236,#686);
#686 = DEFINITIONAL_REPRESENTATION('',(#687),#691);
#687 = LINE('',#688,#689);
#688 = CARTESIAN_POINT('',(0.,-240.));
#689 = VECTOR('',#690,1.);
#690 = DIRECTION('',(1.,0.));
#691 = ( GEOMETRIC_REPRESENTATION_CONTEXT(2) 
PARAMETRIC_REPRESENTATION_CONTEXT() REPRESENTATION_CONTEXT('2D SPACE',''
  ) );
#692 = PCURVE('',#322,#693);
#693 = DEFINITIONAL_REPRESENTATION('',(#694),#698);
#694 = LINE('',#695,#696);
#695 = CARTESIAN_POINT('',(0.,20.));
#696 = VECTOR('',#697,1.);
#697 = DIRECTION('',(1.,0.));
#698 = ( GEOMETRIC_REPRESENTATION_CONTEXT(2) 
PARAMETRIC_REPRESENTATION_CONTEXT() REPRESENTATION_CONTEXT('2D SPACE',''
  ) );
#699 = ORIENTED_EDGE('',*,*,#700,.F.);
#700 = EDGE_CURVE('',#188,#678,#701,.T.);
#701 = SURFACE_CURVE('',#702,(#706,#713),.PCURVE_S1.);
#702 = LINE('',#703,#704);
#703 = CARTESIAN_POINT('',(260.,0.,17.6));
#704 = VECTOR('',#705,1.);
#705 = DIRECTION('',(-0.,1.,0.));
#706 = PCURVE('',#236,#707);
#707 = DEFINITIONAL_REPRESENTATION('',(#708),#712);
#708 = LINE('',#709,#710);
#709 = CARTESIAN_POINT('',(25.6,0.));
#710 = VECTOR('',#711,1.);
#711 = DIRECTION('',(0.,-1.));
#712 = ( GEOMETRIC_REPRESENTATION_CONTEXT(2) 
PARAMETRIC_REPRESENTATION_CONTEXT() REPRESENTATION_CONTEXT('2D SPACE',''
  ) );
#713 = PCURVE('',#208,#714);
#714 = DEFINITIONAL_REPRESENTATION('',(#715),#719);
#715 = LINE('',#716,#717);
#716 = CARTESIAN_POINT('',(-0.,0.));
#717 = VECTOR('',#718,1.);
#718 = DIRECTION('',(-0.,1.));
#719 = ( GEOMETRIC_REPRESENTATION_CONTEXT(2) 
PARAMETRIC_REPRESENTATION_CONTEXT() REPRESENTATION_CONTEXT('2D SPACE',''
  ) );
#720 = ADVANCED_FACE('',(#721),#118,.F.);
#721 = FACE_BOUND('',#722,.F.);
#722 = EDGE_LOOP('',(#723,#724,#725,#746,#772,#791,#792,#815));
#723 = ORIENTED_EDGE('',*,*,#102,.F.);
#724 = ORIENTED_EDGE('',*,*,#464,.F.);
#725 = ORIENTED_EDGE('',*,*,#726,.T.);
#726 = EDGE_CURVE('',#465,#727,#729,.T.);
#727 = VERTEX_POINT('',#728);
#728 = CARTESIAN_POINT('',(240.,4.,2.5));
#729 = SURFACE_CURVE('',#730,(#734,#740),.PCURVE_S1.);
#730 = LINE('',#731,#732);
#731 = CARTESIAN_POINT('',(240.,4.,-4.));
#732 = VECTOR('',#733,1.);
#733 = DIRECTION('',(0.,0.,1.));
#734 = PCURVE('',#118,#735);
#735 = DEFINITIONAL_REPRESENTATION('',(#736),#739);
#736 = B_SPLINE_CURVE_WITH_KNOTS('',1,(#737,#738),.UNSPECIFIED.,.F.,.F.,
  (2,2),(4.,6.5),.PIECEWISE_BEZIER_KNOTS.);
#737 = CARTESIAN_POINT('',(8.,-4.));
#738 = CARTESIAN_POINT('',(10.5,-4.));
#739 = ( GEOMETRIC_REPRESENTATION_CONTEXT(2) 
PARAMETRIC_REPRESENTATION_CONTEXT() REPRESENTATION_CONTEXT('2D SPACE',''
  ) );
#740 = PCURVE('',#501,#741);
#741 = DEFINITIONAL_REPRESENTATION('',(#742),#745);
#742 = B_SPLINE_CURVE_WITH_KNOTS('',1,(#743,#744),.UNSPECIFIED.,.F.,.F.,
  (2,2),(4.,6.5),.PIECEWISE_BEZIER_KNOTS.);
#743 = CARTESIAN_POINT('',(0.,4.));
#744 = CARTESIAN_POINT('',(2.5,4.));
#745 = ( GEOMETRIC_REPRESENTATION_CONTEXT(2) 
PARAMETRIC_REPRESENTATION_CONTEXT() REPRESENTATION_CONTEXT('2D SPACE',''
  ) );
#746 = ORIENTED_EDGE('',*,*,#747,.F.);
#747 = EDGE_CURVE('',#748,#727,#750,.T.);
#748 = VERTEX_POINT('',#749);
#749 = CARTESIAN_POINT('',(240.,236.,2.5));
#750 = SURFACE_CURVE('',#751,(#755,#761),.PCURVE_S1.);
#751 = LINE('',#752,#753);
#752 = CARTESIAN_POINT('',(240.,2.,2.5));
#753 = VECTOR('',#754,1.);
#754 = DIRECTION('',(0.,-1.,0.));
#755 = PCURVE('',#118,#756);
#756 = DEFINITIONAL_REPRESENTATION('',(#757),#760);
#757 = B_SPLINE_CURVE_WITH_KNOTS('',1,(#758,#759),.UNSPECIFIED.,.F.,.F.,
  (2,2),(-234.,-2.),.PIECEWISE_BEZIER_KNOTS.);
#758 = CARTESIAN_POINT('',(10.5,-236.));
#759 = CARTESIAN_POINT('',(10.5,-4.));
#760 = ( GEOMETRIC_REPRESENTATION_CONTEXT(2) 
PARAMETRIC_REPRESENTATION_CONTEXT() REPRESENTATION_CONTEXT('2D SPACE',''
  ) );
#761 = PCURVE('',#762,#767);
#762 = PLANE('',#763);
#763 = AXIS2_PLACEMENT_3D('',#764,#765,#766);
#764 = CARTESIAN_POINT('',(236.,4.,2.5));
#765 = DIRECTION('',(0.,0.,1.));
#766 = DIRECTION('',(1.,0.,-0.));
#767 = DEFINITIONAL_REPRESENTATION('',(#768),#771);
#768 = B_SPLINE_CURVE_WITH_KNOTS('',1,(#769,#770),.UNSPECIFIED.,.F.,.F.,
  (2,2),(-234.,-2.),.PIECEWISE_BEZIER_KNOTS.);
#769 = CARTESIAN_POINT('',(4.,232.));
#770 = CARTESIAN_POINT('',(4.,0.));
#771 = ( GEOMETRIC_REPRESENTATION_CONTEXT(2) 
PARAMETRIC_REPRESENTATION_CONTEXT() REPRESENTATION_CONTEXT('2D SPACE',''
  ) );
#772 = ORIENTED_EDGE('',*,*,#773,.F.);
#773 = EDGE_CURVE('',#542,#748,#774,.T.);
#774 = SURFACE_CURVE('',#775,(#779,#785),.PCURVE_S1.);
#775 = LINE('',#776,#777);
#776 = CARTESIAN_POINT('',(240.,236.,-4.));
#777 = VECTOR('',#778,1.);
#778 = DIRECTION('',(0.,0.,1.));
#779 = PCURVE('',#118,#780);
#780 = DEFINITIONAL_REPRESENTATION('',(#781),#784);
#781 = B_SPLINE_CURVE_WITH_KNOTS('',1,(#782,#783),.UNSPECIFIED.,.F.,.F.,
  (2,2),(4.,6.5),.PIECEWISE_BEZIER_KNOTS.);
#782 = CARTESIAN_POINT('',(8.,-236.));
#783 = CARTESIAN_POINT('',(10.5,-236.));
#784 = ( GEOMETRIC_REPRESENTATION_CONTEXT(2) 
PARAMETRIC_REPRESENTATION_CONTEXT() REPRESENTATION_CONTEXT('2D SPACE',''
  ) );
#785 = PCURVE('',#557,#786);
#786 = DEFINITIONAL_REPRESENTATION('',(#787),#790);
#787 = B_SPLINE_CURVE_WITH_KNOTS('',1,(#788,#789),.UNSPECIFIED.,.F.,.F.,
  (2,2),(4.,6.5),.PIECEWISE_BEZIER_KNOTS.);
#788 = CARTESIAN_POINT('',(0.,4.));
#789 = CARTESIAN_POINT('',(2.5,4.));
#790 = ( GEOMETRIC_REPRESENTATION_CONTEXT(2) 
PARAMETRIC_REPRESENTATION_CONTEXT() REPRESENTATION_CONTEXT('2D SPACE',''
  ) );
#791 = ORIENTED_EDGE('',*,*,#569,.F.);
#792 = ORIENTED_EDGE('',*,*,#793,.T.);
#793 = EDGE_CURVE('',#440,#794,#796,.T.);
#794 = VERTEX_POINT('',#795);
#795 = CARTESIAN_POINT('',(240.,240.,17.6));
#796 = SURFACE_CURVE('',#797,(#801,#808),.PCURVE_S1.);
#797 = LINE('',#798,#799);
#798 = CARTESIAN_POINT('',(240.,240.,-8.));
#799 = VECTOR('',#800,1.);
#800 = DIRECTION('',(0.,0.,1.));
#801 = PCURVE('',#118,#802);
#802 = DEFINITIONAL_REPRESENTATION('',(#803),#807);
#803 = LINE('',#804,#805);
#804 = CARTESIAN_POINT('',(0.,-240.));
#805 = VECTOR('',#806,1.);
#806 = DIRECTION('',(1.,0.));
#807 = ( GEOMETRIC_REPRESENTATION_CONTEXT(2) 
PARAMETRIC_REPRESENTATION_CONTEXT() REPRESENTATION_CONTEXT('2D SPACE',''
  ) );
#808 = PCURVE('',#322,#809);
#809 = DEFINITIONAL_REPRESENTATION('',(#810),#814);
#810 = LINE('',#811,#812);
#811 = CARTESIAN_POINT('',(0.,0.));
#812 = VECTOR('',#813,1.);
#813 = DIRECTION('',(1.,0.));
#814 = ( GEOMETRIC_REPRESENTATION_CONTEXT(2) 
PARAMETRIC_REPRESENTATION_CONTEXT() REPRESENTATION_CONTEXT('2D SPACE',''
  ) );
#815 = ORIENTED_EDGE('',*,*,#816,.F.);
#816 = EDGE_CURVE('',#103,#794,#817,.T.);
#817 = SURFACE_CURVE('',#818,(#822,#829),.PCURVE_S1.);
#818 = LINE('',#819,#820);
#819 = CARTESIAN_POINT('',(240.,0.,17.6));
#820 = VECTOR('',#821,1.);
#821 = DIRECTION('',(-0.,1.,0.));
#822 = PCURVE('',#118,#823);
#823 = DEFINITIONAL_REPRESENTATION('',(#824),#828);
#824 = LINE('',#825,#826);
#825 = CARTESIAN_POINT('',(25.6,0.));
#826 = VECTOR('',#827,1.);
#827 = DIRECTION('',(0.,-1.));
#828 = ( GEOMETRIC_REPRESENTATION_CONTEXT(2) 
PARAMETRIC_REPRESENTATION_CONTEXT() REPRESENTATION_CONTEXT('2D SPACE',''
  ) );
#829 = PCURVE('',#147,#830);
#830 = DEFINITIONAL_REPRESENTATION('',(#831),#835);
#831 = LINE('',#832,#833);
#832 = CARTESIAN_POINT('',(0.,0.));
#833 = VECTOR('',#834,1.);
#834 = DIRECTION('',(0.,1.));
#835 = ( GEOMETRIC_REPRESENTATION_CONTEXT(2) 
PARAMETRIC_REPRESENTATION_CONTEXT() REPRESENTATION_CONTEXT('2D SPACE',''
  ) );
#836 = ADVANCED_FACE('',(#837),#208,.T.);
#837 = FACE_BOUND('',#838,.F.);
#838 = EDGE_LOOP('',(#839,#840,#863,#889));
#839 = ORIENTED_EDGE('',*,*,#187,.T.);
#840 = ORIENTED_EDGE('',*,*,#841,.T.);
#841 = EDGE_CURVE('',#160,#842,#844,.T.);
#842 = VERTEX_POINT('',#843);
#843 = CARTESIAN_POINT('',(258.,240.,19.6));
#844 = SURFACE_CURVE('',#845,(#849,#856),.PCURVE_S1.);
#845 = LINE('',#846,#847);
#846 = CARTESIAN_POINT('',(258.,0.,19.6));
#847 = VECTOR('',#848,1.);
#848 = DIRECTION('',(-0.,1.,0.));
#849 = PCURVE('',#208,#850);
#850 = DEFINITIONAL_REPRESENTATION('',(#851),#855);
#851 = LINE('',#852,#853);
#852 = CARTESIAN_POINT('',(-1.570796326795,0.));
#853 = VECTOR('',#854,1.);
#854 = DIRECTION('',(-0.,1.));
#855 = ( GEOMETRIC_REPRESENTATION_CONTEXT(2) 
PARAMETRIC_REPRESENTATION_CONTEXT() REPRESENTATION_CONTEXT('2D SPACE',''
  ) );
#856 = PCURVE('',#175,#857);
#857 = DEFINITIONAL_REPRESENTATION('',(#858),#862);
#858 = LINE('',#859,#860);
#859 = CARTESIAN_POINT('',(18.,0.));
#860 = VECTOR('',#861,1.);
#861 = DIRECTION('',(0.,1.));
#862 = ( GEOMETRIC_REPRESENTATION_CONTEXT(2) 
PARAMETRIC_REPRESENTATION_CONTEXT() REPRESENTATION_CONTEXT('2D SPACE',''
  ) );
#863 = ORIENTED_EDGE('',*,*,#864,.F.);
#864 = EDGE_CURVE('',#678,#842,#865,.T.);
#865 = SURFACE_CURVE('',#866,(#871,#878),.PCURVE_S1.);
#866 = CIRCLE('',#867,2.);
#867 = AXIS2_PLACEMENT_3D('',#868,#869,#870);
#868 = CARTESIAN_POINT('',(258.,240.,17.6));
#869 = DIRECTION('',(0.,-1.,0.));
#870 = DIRECTION('',(0.,0.,1.));
#871 = PCURVE('',#208,#872);
#872 = DEFINITIONAL_REPRESENTATION('',(#873),#877);
#873 = LINE('',#874,#875);
#874 = CARTESIAN_POINT('',(4.712388980385,240.));
#875 = VECTOR('',#876,1.);
#876 = DIRECTION('',(-1.,0.));
#877 = ( GEOMETRIC_REPRESENTATION_CONTEXT(2) 
PARAMETRIC_REPRESENTATION_CONTEXT() REPRESENTATION_CONTEXT('2D SPACE',''
  ) );
#878 = PCURVE('',#322,#879);
#879 = DEFINITIONAL_REPRESENTATION('',(#880),#888);
#880 = ( BOUNDED_CURVE() B_SPLINE_CURVE(2,(#881,#882,#883,#884,#885,#886
,#887),.UNSPECIFIED.,.T.,.F.) B_SPLINE_CURVE_WITH_KNOTS((1,2,2,2,2,1),(
    -2.094395102393,0.,2.094395102393,4.188790204786,6.28318530718,
8.377580409573),.UNSPECIFIED.) CURVE() GEOMETRIC_REPRESENTATION_ITEM() 
RATIONAL_B_SPLINE_CURVE((1.,0.5,1.,0.5,1.,0.5,1.)) REPRESENTATION_ITEM(
  '') );
#881 = CARTESIAN_POINT('',(27.6,18.));
#882 = CARTESIAN_POINT('',(27.6,14.535898384862));
#883 = CARTESIAN_POINT('',(24.6,16.267949192431));
#884 = CARTESIAN_POINT('',(21.6,18.));
#885 = CARTESIAN_POINT('',(24.6,19.732050807569));
#886 = CARTESIAN_POINT('',(27.6,21.464101615138));
#887 = CARTESIAN_POINT('',(27.6,18.));
#888 = ( GEOMETRIC_REPRESENTATION_CONTEXT(2) 
PARAMETRIC_REPRESENTATION_CONTEXT() REPRESENTATION_CONTEXT('2D SPACE',''
  ) );
#889 = ORIENTED_EDGE('',*,*,#700,.F.);
#890 = ADVANCED_FACE('',(#891),#147,.T.);
#891 = FACE_BOUND('',#892,.T.);
#892 = EDGE_LOOP('',(#893,#894,#917,#939));
#893 = ORIENTED_EDGE('',*,*,#130,.T.);
#894 = ORIENTED_EDGE('',*,*,#895,.T.);
#895 = EDGE_CURVE('',#131,#896,#898,.T.);
#896 = VERTEX_POINT('',#897);
#897 = CARTESIAN_POINT('',(242.,240.,19.6));
#898 = SURFACE_CURVE('',#899,(#903,#910),.PCURVE_S1.);
#899 = LINE('',#900,#901);
#900 = CARTESIAN_POINT('',(242.,0.,19.6));
#901 = VECTOR('',#902,1.);
#902 = DIRECTION('',(-0.,1.,0.));
#903 = PCURVE('',#147,#904);
#904 = DEFINITIONAL_REPRESENTATION('',(#905),#909);
#905 = LINE('',#906,#907);
#906 = CARTESIAN_POINT('',(1.570796326795,0.));
#907 = VECTOR('',#908,1.);
#908 = DIRECTION('',(0.,1.));
#909 = ( GEOMETRIC_REPRESENTATION_CONTEXT(2) 
PARAMETRIC_REPRESENTATION_CONTEXT() REPRESENTATION_CONTEXT('2D SPACE',''
  ) );
#910 = PCURVE('',#175,#911);
#911 = DEFINITIONAL_REPRESENTATION('',(#912),#916);
#912 = LINE('',#913,#914);
#913 = CARTESIAN_POINT('',(2.,0.));
#914 = VECTOR('',#915,1.);
#915 = DIRECTION('',(0.,1.));
#916 = ( GEOMETRIC_REPRESENTATION_CONTEXT(2) 
PARAMETRIC_REPRESENTATION_CONTEXT() REPRESENTATION_CONTEXT('2D SPACE',''
  ) );
#917 = ORIENTED_EDGE('',*,*,#918,.F.);
#918 = EDGE_CURVE('',#794,#896,#919,.T.);
#919 = SURFACE_CURVE('',#920,(#925,#932),.PCURVE_S1.);
#920 = CIRCLE('',#921,2.);
#921 = AXIS2_PLACEMENT_3D('',#922,#923,#924);
#922 = CARTESIAN_POINT('',(242.,240.,17.6));
#923 = DIRECTION('',(-0.,1.,0.));
#924 = DIRECTION('',(0.,0.,1.));
#925 = PCURVE('',#147,#926);
#926 = DEFINITIONAL_REPRESENTATION('',(#927),#931);
#927 = LINE('',#928,#929);
#928 = CARTESIAN_POINT('',(-4.712388980385,240.));
#929 = VECTOR('',#930,1.);
#930 = DIRECTION('',(1.,0.));
#931 = ( GEOMETRIC_REPRESENTATION_CONTEXT(2) 
PARAMETRIC_REPRESENTATION_CONTEXT() REPRESENTATION_CONTEXT('2D SPACE',''
  ) );
#932 = PCURVE('',#322,#933);
#933 = DEFINITIONAL_REPRESENTATION('',(#934),#938);
#934 = CIRCLE('',#935,2.);
#935 = AXIS2_PLACEMENT_2D('',#936,#937);
#936 = CARTESIAN_POINT('',(25.6,2.));
#937 = DIRECTION('',(1.,0.));
#938 = ( GEOMETRIC_REPRESENTATION_CONTEXT(2) 
PARAMETRIC_REPRESENTATION_CONTEXT() REPRESENTATION_CONTEXT('2D SPACE',''
  ) );
#939 = ORIENTED_EDGE('',*,*,#816,.F.);
#940 = ADVANCED_FACE('',(#941,#967,#2299,#3724,#3960),#175,.T.);
#941 = FACE_BOUND('',#942,.T.);
#942 = EDGE_LOOP('',(#943,#964,#965,#966));
#943 = ORIENTED_EDGE('',*,*,#944,.F.);
#944 = EDGE_CURVE('',#896,#842,#945,.T.);
#945 = SURFACE_CURVE('',#946,(#950,#957),.PCURVE_S1.);
#946 = LINE('',#947,#948);
#947 = CARTESIAN_POINT('',(240.,240.,19.6));
#948 = VECTOR('',#949,1.);
#949 = DIRECTION('',(1.,0.,-0.));
#950 = PCURVE('',#175,#951);
#951 = DEFINITIONAL_REPRESENTATION('',(#952),#956);
#952 = LINE('',#953,#954);
#953 = CARTESIAN_POINT('',(0.,240.));
#954 = VECTOR('',#955,1.);
#955 = DIRECTION('',(1.,0.));
#956 = ( GEOMETRIC_REPRESENTATION_CONTEXT(2) 
PARAMETRIC_REPRESENTATION_CONTEXT() REPRESENTATION_CONTEXT('2D SPACE',''
  ) );
#957 = PCURVE('',#322,#958);
#958 = DEFINITIONAL_REPRESENTATION('',(#959),#963);
#959 = LINE('',#960,#961);
#960 = CARTESIAN_POINT('',(27.6,0.));
#961 = VECTOR('',#962,1.);
#962 = DIRECTION('',(0.,1.));
#963 = ( GEOMETRIC_REPRESENTATION_CONTEXT(2) 
PARAMETRIC_REPRESENTATION_CONTEXT() REPRESENTATION_CONTEXT('2D SPACE',''
  ) );
#964 = ORIENTED_EDGE('',*,*,#895,.F.);
#965 = ORIENTED_EDGE('',*,*,#159,.T.);
#966 = ORIENTED_EDGE('',*,*,#841,.T.);
#967 = FACE_BOUND('',#968,.T.);
#968 = EDGE_LOOP('',(#969,#997,#1023,#1049,#1075,#1111,#1147,#1183,#1219
    ,#1291,#1366,#1402,#1438,#1513,#1585,#1621,#1657,#1702,#1741,#1767,
    #1803,#1829,#1871,#1913,#1970,#2021,#2078,#2135,#2174,#2213,#2239,
    #2275));
#969 = ORIENTED_EDGE('',*,*,#970,.F.);
#970 = EDGE_CURVE('',#971,#973,#975,.T.);
#971 = VERTEX_POINT('',#972);
#972 = CARTESIAN_POINT('',(245.6090625,32.658759765625,19.6));
#973 = VERTEX_POINT('',#974);
#974 = CARTESIAN_POINT('',(245.6090625,27.158623046875,19.6));
#975 = SURFACE_CURVE('',#976,(#980,#986),.PCURVE_S1.);
#976 = LINE('',#977,#978);
#977 = CARTESIAN_POINT('',(245.6090625,13.579311523438,19.6));
#978 = VECTOR('',#979,1.);
#979 = DIRECTION('',(-2.22044604925E-16,-1.,0.));
#980 = PCURVE('',#175,#981);
#981 = DEFINITIONAL_REPRESENTATION('',(#982),#985);
#982 = B_SPLINE_CURVE_WITH_KNOTS('',1,(#983,#984),.UNSPECIFIED.,.F.,.F.,
  (2,2),(-19.07944824218,-13.57931152343),.PIECEWISE_BEZIER_KNOTS.);
#983 = CARTESIAN_POINT('',(5.6090625,32.658759765625));
#984 = CARTESIAN_POINT('',(5.6090625,27.158623046875));
#985 = ( GEOMETRIC_REPRESENTATION_CONTEXT(2) 
PARAMETRIC_REPRESENTATION_CONTEXT() REPRESENTATION_CONTEXT('2D SPACE',''
  ) );
#986 = PCURVE('',#987,#992);
#987 = PLANE('',#988);
#988 = AXIS2_PLACEMENT_3D('',#989,#990,#991);
#989 = CARTESIAN_POINT('',(245.6090625,27.158623046875,18.2));
#990 = DIRECTION('',(-1.,2.22044604925E-16,0.));
#991 = DIRECTION('',(2.22044604925E-16,1.,0.));
#992 = DEFINITIONAL_REPRESENTATION('',(#993),#996);
#993 = B_SPLINE_CURVE_WITH_KNOTS('',1,(#994,#995),.UNSPECIFIED.,.F.,.F.,
  (2,2),(-19.07944824218,-13.57931152343),.PIECEWISE_BEZIER_KNOTS.);
#994 = CARTESIAN_POINT('',(5.50013671875,-1.4));
#995 = CARTESIAN_POINT('',(0.,-1.4));
#996 = ( GEOMETRIC_REPRESENTATION_CONTEXT(2) 
PARAMETRIC_REPRESENTATION_CONTEXT() REPRESENTATION_CONTEXT('2D SPACE',''
  ) );
#997 = ORIENTED_EDGE('',*,*,#998,.F.);
#998 = EDGE_CURVE('',#999,#971,#1001,.T.);
#999 = VERTEX_POINT('',#1000);
#1000 = CARTESIAN_POINT('',(247.48908203125,32.658759765625,19.6));
#1001 = SURFACE_CURVE('',#1002,(#1006,#1012),.PCURVE_S1.);
#1002 = LINE('',#1003,#1004);
#1003 = CARTESIAN_POINT('',(242.98453125,32.658759765625,19.6));
#1004 = VECTOR('',#1005,1.);
#1005 = DIRECTION('',(-1.,2.22044604925E-16,0.));
#1006 = PCURVE('',#175,#1007);
#1007 = DEFINITIONAL_REPRESENTATION('',(#1008),#1011);
#1008 = B_SPLINE_CURVE_WITH_KNOTS('',1,(#1009,#1010),.UNSPECIFIED.,.F.,
  .F.,(2,2),(-4.50455078125,-2.62453125),.PIECEWISE_BEZIER_KNOTS.);
#1009 = CARTESIAN_POINT('',(7.48908203125,32.658759765625));
#1010 = CARTESIAN_POINT('',(5.6090625,32.658759765625));
#1011 = ( GEOMETRIC_REPRESENTATION_CONTEXT(2) 
PARAMETRIC_REPRESENTATION_CONTEXT() REPRESENTATION_CONTEXT('2D SPACE',''
  ) );
#1012 = PCURVE('',#1013,#1018);
#1013 = PLANE('',#1014);
#1014 = AXIS2_PLACEMENT_3D('',#1015,#1016,#1017);
#1015 = CARTESIAN_POINT('',(245.9690625,32.658759765625,18.2));
#1016 = DIRECTION('',(2.22044604925E-16,1.,0.));
#1017 = DIRECTION('',(1.,-2.22044604925E-16,0.));
#1018 = DEFINITIONAL_REPRESENTATION('',(#1019),#1022);
#1019 = B_SPLINE_CURVE_WITH_KNOTS('',1,(#1020,#1021),.UNSPECIFIED.,.F.,
  .F.,(2,2),(-4.50455078125,-2.62453125),.PIECEWISE_BEZIER_KNOTS.);
#1020 = CARTESIAN_POINT('',(1.52001953125,-1.4));
#1021 = CARTESIAN_POINT('',(-0.36,-1.4));
#1022 = ( GEOMETRIC_REPRESENTATION_CONTEXT(2) 
PARAMETRIC_REPRESENTATION_CONTEXT() REPRESENTATION_CONTEXT('2D SPACE',''
  ) );
#1023 = ORIENTED_EDGE('',*,*,#1024,.F.);
#1024 = EDGE_CURVE('',#1025,#999,#1027,.T.);
#1025 = VERTEX_POINT('',#1026);
#1026 = CARTESIAN_POINT('',(247.48908203125,29.167548828125,19.6));
#1027 = SURFACE_CURVE('',#1028,(#1032,#1038),.PCURVE_S1.);
#1028 = LINE('',#1029,#1030);
#1029 = CARTESIAN_POINT('',(247.48908203125,16.329379882812,19.6));
#1030 = VECTOR('',#1031,1.);
#1031 = DIRECTION('',(2.22044604925E-16,1.,-0.));
#1032 = PCURVE('',#175,#1033);
#1033 = DEFINITIONAL_REPRESENTATION('',(#1034),#1037);
#1034 = B_SPLINE_CURVE_WITH_KNOTS('',1,(#1035,#1036),.UNSPECIFIED.,.F.,
  .F.,(2,2),(12.838168945312,16.329379882812),.PIECEWISE_BEZIER_KNOTS.);
#1035 = CARTESIAN_POINT('',(7.48908203125,29.167548828125));
#1036 = CARTESIAN_POINT('',(7.48908203125,32.658759765625));
#1037 = ( GEOMETRIC_REPRESENTATION_CONTEXT(2) 
PARAMETRIC_REPRESENTATION_CONTEXT() REPRESENTATION_CONTEXT('2D SPACE',''
  ) );
#1038 = PCURVE('',#1039,#1044);
#1039 = PLANE('',#1040);
#1040 = AXIS2_PLACEMENT_3D('',#1041,#1042,#1043);
#1041 = CARTESIAN_POINT('',(247.48908203125,32.658759765625,18.2));
#1042 = DIRECTION('',(1.,-2.22044604925E-16,-0.));
#1043 = DIRECTION('',(-2.22044604925E-16,-1.,0.));
#1044 = DEFINITIONAL_REPRESENTATION('',(#1045),#1048);
#1045 = B_SPLINE_CURVE_WITH_KNOTS('',1,(#1046,#1047),.UNSPECIFIED.,.F.,
  .F.,(2,2),(12.838168945312,16.329379882812),.PIECEWISE_BEZIER_KNOTS.);
#1046 = CARTESIAN_POINT('',(3.4912109375,-1.4));
#1047 = CARTESIAN_POINT('',(0.,-1.4));
#1048 = ( GEOMETRIC_REPRESENTATION_CONTEXT(2) 
PARAMETRIC_REPRESENTATION_CONTEXT() REPRESENTATION_CONTEXT('2D SPACE',''
  ) );
#1049 = ORIENTED_EDGE('',*,*,#1050,.F.);
#1050 = EDGE_CURVE('',#1051,#1025,#1053,.T.);
#1051 = VERTEX_POINT('',#1052);
#1052 = CARTESIAN_POINT('',(248.28903457087,29.167548828125,19.6));
#1053 = SURFACE_CURVE('',#1054,(#1058,#1064),.PCURVE_S1.);
#1054 = LINE('',#1055,#1056);
#1055 = CARTESIAN_POINT('',(243.74454101562,29.167548828125,19.6));
#1056 = VECTOR('',#1057,1.);
#1057 = DIRECTION('',(-1.,2.22044604925E-16,0.));
#1058 = PCURVE('',#175,#1059);
#1059 = DEFINITIONAL_REPRESENTATION('',(#1060),#1063);
#1060 = B_SPLINE_CURVE_WITH_KNOTS('',1,(#1061,#1062),.UNSPECIFIED.,.F.,
  .F.,(2,2),(-4.544493555251,-3.744541015625),.PIECEWISE_BEZIER_KNOTS.);
#1061 = CARTESIAN_POINT('',(8.289034570876,29.167548828125));
#1062 = CARTESIAN_POINT('',(7.48908203125,29.167548828125));
#1063 = ( GEOMETRIC_REPRESENTATION_CONTEXT(2) 
PARAMETRIC_REPRESENTATION_CONTEXT() REPRESENTATION_CONTEXT('2D SPACE',''
  ) );
#1064 = PCURVE('',#1065,#1070);
#1065 = PLANE('',#1066);
#1066 = AXIS2_PLACEMENT_3D('',#1067,#1068,#1069);
#1067 = CARTESIAN_POINT('',(247.48908203125,29.167548828125,18.2));
#1068 = DIRECTION('',(2.22044604925E-16,1.,0.));
#1069 = DIRECTION('',(1.,-2.22044604925E-16,0.));
#1070 = DEFINITIONAL_REPRESENTATION('',(#1071),#1074);
#1071 = B_SPLINE_CURVE_WITH_KNOTS('',1,(#1072,#1073),.UNSPECIFIED.,.F.,
  .F.,(2,2),(-4.544493555251,-3.744541015625),.PIECEWISE_BEZIER_KNOTS.);
#1072 = CARTESIAN_POINT('',(0.799952539626,-1.4));
#1073 = CARTESIAN_POINT('',(0.,-1.4));
#1074 = ( GEOMETRIC_REPRESENTATION_CONTEXT(2) 
PARAMETRIC_REPRESENTATION_CONTEXT() REPRESENTATION_CONTEXT('2D SPACE',''
  ) );
#1075 = ORIENTED_EDGE('',*,*,#1076,.F.);
#1076 = EDGE_CURVE('',#1077,#1051,#1079,.T.);
#1077 = VERTEX_POINT('',#1078);
#1078 = CARTESIAN_POINT('',(248.27043945312,29.282890625,19.6));
#1079 = SURFACE_CURVE('',#1080,(#1086,#1095),.PCURVE_S1.);
#1080 = B_SPLINE_CURVE_WITH_KNOTS('',4,(#1081,#1082,#1083,#1084,#1085),
  .UNSPECIFIED.,.F.,.F.,(5,5),(0.,1.),.PIECEWISE_BEZIER_KNOTS.);
#1081 = CARTESIAN_POINT('',(248.27043945312,29.282890625,19.6));
#1082 = CARTESIAN_POINT('',(248.27465786868,29.254010703085,19.6));
#1083 = CARTESIAN_POINT('',(248.27916338344,29.225159858389,19.6));
#1084 = CARTESIAN_POINT('',(248.28395574876,29.196338879441,19.6));
#1085 = CARTESIAN_POINT('',(248.28903462133,29.167548542087,19.6));
#1086 = PCURVE('',#175,#1087);
#1087 = DEFINITIONAL_REPRESENTATION('',(#1088),#1094);
#1088 = B_SPLINE_CURVE_WITH_KNOTS('',4,(#1089,#1090,#1091,#1092,#1093),
  .UNSPECIFIED.,.F.,.F.,(5,5),(0.,1.),.PIECEWISE_BEZIER_KNOTS.);
#1089 = CARTESIAN_POINT('',(8.270439453125,29.282890625));
#1090 = CARTESIAN_POINT('',(8.274657868686,29.254010703085));
#1091 = CARTESIAN_POINT('',(8.279163383443,29.225159858389));
#1092 = CARTESIAN_POINT('',(8.283955748761,29.196338879441));
#1093 = CARTESIAN_POINT('',(8.289034621335,29.167548542087));
#1094 = ( GEOMETRIC_REPRESENTATION_CONTEXT(2) 
PARAMETRIC_REPRESENTATION_CONTEXT() REPRESENTATION_CONTEXT('2D SPACE',''
  ) );
#1095 = PCURVE('',#1096,#1103);
#1096 = SURFACE_OF_LINEAR_EXTRUSION('',#1097,#1101);
#1097 = B_SPLINE_CURVE_WITH_KNOTS('',2,(#1098,#1099,#1100),
  .UNSPECIFIED.,.F.,.F.,(3,3),(0.,1.),.PIECEWISE_BEZIER_KNOTS.);
#1098 = CARTESIAN_POINT('',(248.3698046875,28.807548828125,18.2));
#1099 = CARTESIAN_POINT('',(248.3053515625,29.043876953125,18.2));
#1100 = CARTESIAN_POINT('',(248.27043945312,29.282890625,18.2));
#1101 = VECTOR('',#1102,1.);
#1102 = DIRECTION('',(-0.,0.,-1.));
#1103 = DEFINITIONAL_REPRESENTATION('',(#1104),#1110);
#1104 = B_SPLINE_CURVE_WITH_KNOTS('',4,(#1105,#1106,#1107,#1108,#1109),
  .UNSPECIFIED.,.F.,.F.,(5,5),(0.,1.),.PIECEWISE_BEZIER_KNOTS.);
#1105 = CARTESIAN_POINT('',(1.,-1.4));
#1106 = CARTESIAN_POINT('',(0.939585209314,-1.4));
#1107 = CARTESIAN_POINT('',(0.879176565295,-1.4));
#1108 = CARTESIAN_POINT('',(0.818775742538,-1.4));
#1109 = CARTESIAN_POINT('',(0.758384407226,-1.4));
#1110 = ( GEOMETRIC_REPRESENTATION_CONTEXT(2) 
PARAMETRIC_REPRESENTATION_CONTEXT() REPRESENTATION_CONTEXT('2D SPACE',''
  ) );
#1111 = ORIENTED_EDGE('',*,*,#1112,.F.);
#1112 = EDGE_CURVE('',#1113,#1077,#1115,.T.);
#1113 = VERTEX_POINT('',#1114);
#1114 = CARTESIAN_POINT('',(248.23552734375,29.779716796875,19.6));
#1115 = SURFACE_CURVE('',#1116,(#1122,#1131),.PCURVE_S1.);
#1116 = B_SPLINE_CURVE_WITH_KNOTS('',4,(#1117,#1118,#1119,#1120,#1121),
  .UNSPECIFIED.,.F.,.F.,(5,5),(0.,1.),.PIECEWISE_BEZIER_KNOTS.);
#1117 = CARTESIAN_POINT('',(248.23552734375,29.779716796875,19.6));
#1118 = CARTESIAN_POINT('',(248.23552734375,29.651694842823,19.6));
#1119 = CARTESIAN_POINT('',(248.24126625224,29.526113891715,19.6));
#1120 = CARTESIAN_POINT('',(248.25287633625,29.403130425101,19.6));
#1121 = CARTESIAN_POINT('',(248.27043945312,29.282890625,19.6));
#1122 = PCURVE('',#175,#1123);
#1123 = DEFINITIONAL_REPRESENTATION('',(#1124),#1130);
#1124 = B_SPLINE_CURVE_WITH_KNOTS('',4,(#1125,#1126,#1127,#1128,#1129),
  .UNSPECIFIED.,.F.,.F.,(5,5),(0.,1.),.PIECEWISE_BEZIER_KNOTS.);
#1125 = CARTESIAN_POINT('',(8.23552734375,29.779716796875));
#1126 = CARTESIAN_POINT('',(8.23552734375,29.651694842823));
#1127 = CARTESIAN_POINT('',(8.241266252249,29.526113891715));
#1128 = CARTESIAN_POINT('',(8.252876336256,29.403130425101));
#1129 = CARTESIAN_POINT('',(8.270439453125,29.282890625));
#1130 = ( GEOMETRIC_REPRESENTATION_CONTEXT(2) 
PARAMETRIC_REPRESENTATION_CONTEXT() REPRESENTATION_CONTEXT('2D SPACE',''
  ) );
#1131 = PCURVE('',#1132,#1139);
#1132 = SURFACE_OF_LINEAR_EXTRUSION('',#1133,#1137);
#1133 = B_SPLINE_CURVE_WITH_KNOTS('',2,(#1134,#1135,#1136),
  .UNSPECIFIED.,.F.,.F.,(3,3),(0.,1.),.PIECEWISE_BEZIER_KNOTS.);
#1134 = CARTESIAN_POINT('',(248.27043945312,29.282890625,18.2));
#1135 = CARTESIAN_POINT('',(248.23552734375,29.521904296875,18.2));
#1136 = CARTESIAN_POINT('',(248.23552734375,29.779716796875,18.2));
#1137 = VECTOR('',#1138,1.);
#1138 = DIRECTION('',(-0.,0.,-1.));
#1139 = DEFINITIONAL_REPRESENTATION('',(#1140),#1146);
#1140 = B_SPLINE_CURVE_WITH_KNOTS('',4,(#1141,#1142,#1143,#1144,#1145),
  .UNSPECIFIED.,.F.,.F.,(5,5),(0.,1.),.PIECEWISE_BEZIER_KNOTS.);
#1141 = CARTESIAN_POINT('',(1.,-1.4));
#1142 = CARTESIAN_POINT('',(0.751714998203,-1.4));
#1143 = CARTESIAN_POINT('',(0.502170983447,-1.4));
#1144 = CARTESIAN_POINT('',(0.251533310119,-1.4));
#1145 = CARTESIAN_POINT('',(0.,-1.4));
#1146 = ( GEOMETRIC_REPRESENTATION_CONTEXT(2) 
PARAMETRIC_REPRESENTATION_CONTEXT() REPRESENTATION_CONTEXT('2D SPACE',''
  ) );
#1147 = ORIENTED_EDGE('',*,*,#1148,.F.);
#1148 = EDGE_CURVE('',#1149,#1113,#1151,.T.);
#1149 = VERTEX_POINT('',#1150);
#1150 = CARTESIAN_POINT('',(248.23900971939,29.978743434565,19.6));
#1151 = SURFACE_CURVE('',#1152,(#1158,#1167),.PCURVE_S1.);
#1152 = B_SPLINE_CURVE_WITH_KNOTS('',4,(#1153,#1154,#1155,#1156,#1157),
  .UNSPECIFIED.,.F.,.F.,(5,5),(0.,1.),.PIECEWISE_BEZIER_KNOTS.);
#1153 = CARTESIAN_POINT('',(248.23900978003,29.978745140387,19.6));
#1154 = CARTESIAN_POINT('',(248.23724479006,29.929091035126,19.6));
#1155 = CARTESIAN_POINT('',(248.2360921981,29.879359368362,19.6));
#1156 = CARTESIAN_POINT('',(248.23552734375,29.82956416666,19.6));
#1157 = CARTESIAN_POINT('',(248.23552734375,29.779716796875,19.6));
#1158 = PCURVE('',#175,#1159);
#1159 = DEFINITIONAL_REPRESENTATION('',(#1160),#1166);
#1160 = B_SPLINE_CURVE_WITH_KNOTS('',4,(#1161,#1162,#1163,#1164,#1165),
  .UNSPECIFIED.,.F.,.F.,(5,5),(0.,1.),.PIECEWISE_BEZIER_KNOTS.);
#1161 = CARTESIAN_POINT('',(8.239009780032,29.978745140387));
#1162 = CARTESIAN_POINT('',(8.237244790061,29.929091035126));
#1163 = CARTESIAN_POINT('',(8.236092198101,29.879359368362));
#1164 = CARTESIAN_POINT('',(8.23552734375,29.82956416666));
#1165 = CARTESIAN_POINT('',(8.23552734375,29.779716796875));
#1166 = ( GEOMETRIC_REPRESENTATION_CONTEXT(2) 
PARAMETRIC_REPRESENTATION_CONTEXT() REPRESENTATION_CONTEXT('2D SPACE',''
  ) );
#1167 = PCURVE('',#1168,#1175);
#1168 = SURFACE_OF_LINEAR_EXTRUSION('',#1169,#1173);
#1169 = B_SPLINE_CURVE_WITH_KNOTS('',2,(#1170,#1171,#1172),
  .UNSPECIFIED.,.F.,.F.,(3,3),(0.,1.),.PIECEWISE_BEZIER_KNOTS.);
#1170 = CARTESIAN_POINT('',(248.23552734375,29.779716796875,18.2));
#1171 = CARTESIAN_POINT('',(248.23552734375,31.246025390625,18.2));
#1172 = CARTESIAN_POINT('',(248.96868164062,32.062431640625,18.2));
#1173 = VECTOR('',#1174,1.);
#1174 = DIRECTION('',(-0.,0.,-1.));
#1175 = DEFINITIONAL_REPRESENTATION('',(#1176),#1182);
#1176 = B_SPLINE_CURVE_WITH_KNOTS('',4,(#1177,#1178,#1179,#1180,#1181),
  .UNSPECIFIED.,.F.,.F.,(5,5),(0.,1.),.PIECEWISE_BEZIER_KNOTS.);
#1177 = CARTESIAN_POINT('',(6.891978236112E-02,-1.4));
#1178 = CARTESIAN_POINT('',(5.145460642759E-02,-1.4));
#1179 = CARTESIAN_POINT('',(3.414809314188E-02,-1.4));
#1180 = CARTESIAN_POINT('',(1.69975713153E-02,-1.4));
#1181 = CARTESIAN_POINT('',(0.,-1.4));
#1182 = ( GEOMETRIC_REPRESENTATION_CONTEXT(2) 
PARAMETRIC_REPRESENTATION_CONTEXT() REPRESENTATION_CONTEXT('2D SPACE',''
  ) );
#1183 = ORIENTED_EDGE('',*,*,#1184,.F.);
#1184 = EDGE_CURVE('',#1185,#1149,#1187,.T.);
#1185 = VERTEX_POINT('',#1186);
#1186 = CARTESIAN_POINT('',(248.23552734375,30.139716796875,19.6));
#1187 = SURFACE_CURVE('',#1188,(#1194,#1203),.PCURVE_S1.);
#1188 = B_SPLINE_CURVE_WITH_KNOTS('',4,(#1189,#1190,#1191,#1192,#1193),
  .UNSPECIFIED.,.F.,.F.,(5,5),(0.,1.),.PIECEWISE_BEZIER_KNOTS.);
#1189 = CARTESIAN_POINT('',(248.23552734375,30.139716796875,19.6));
#1190 = CARTESIAN_POINT('',(248.23552734375,30.099099840458,19.6));
#1191 = CARTESIAN_POINT('',(248.23610502873,30.058728612981,19.6));
#1192 = CARTESIAN_POINT('',(248.23726458462,30.018608077911,19.6));
#1193 = CARTESIAN_POINT('',(248.23900973262,29.978743132315,19.6));
#1194 = PCURVE('',#175,#1195);
#1195 = DEFINITIONAL_REPRESENTATION('',(#1196),#1202);
#1196 = B_SPLINE_CURVE_WITH_KNOTS('',4,(#1197,#1198,#1199,#1200,#1201),
  .UNSPECIFIED.,.F.,.F.,(5,5),(0.,1.),.PIECEWISE_BEZIER_KNOTS.);
#1197 = CARTESIAN_POINT('',(8.23552734375,30.139716796875));
#1198 = CARTESIAN_POINT('',(8.23552734375,30.099099840458));
#1199 = CARTESIAN_POINT('',(8.236105028738,30.058728612981));
#1200 = CARTESIAN_POINT('',(8.237264584621,30.018608077911));
#1201 = CARTESIAN_POINT('',(8.239009732629,29.978743132315));
#1202 = ( GEOMETRIC_REPRESENTATION_CONTEXT(2) 
PARAMETRIC_REPRESENTATION_CONTEXT() REPRESENTATION_CONTEXT('2D SPACE',''
  ) );
#1203 = PCURVE('',#1204,#1211);
#1204 = SURFACE_OF_LINEAR_EXTRUSION('',#1205,#1209);
#1205 = B_SPLINE_CURVE_WITH_KNOTS('',2,(#1206,#1207,#1208),
  .UNSPECIFIED.,.F.,.F.,(3,3),(0.,1.),.PIECEWISE_BEZIER_KNOTS.);
#1206 = CARTESIAN_POINT('',(248.27043945312,29.642890625,18.2));
#1207 = CARTESIAN_POINT('',(248.23552734375,29.881904296875,18.2));
#1208 = CARTESIAN_POINT('',(248.23552734375,30.139716796875,18.2));
#1209 = VECTOR('',#1210,1.);
#1210 = DIRECTION('',(-0.,0.,-1.));
#1211 = DEFINITIONAL_REPRESENTATION('',(#1212),#1218);
#1212 = B_SPLINE_CURVE_WITH_KNOTS('',4,(#1213,#1214,#1215,#1216,#1217),
  .UNSPECIFIED.,.F.,.F.,(5,5),(0.,1.),.PIECEWISE_BEZIER_KNOTS.);
#1213 = CARTESIAN_POINT('',(1.,-1.4));
#1214 = CARTESIAN_POINT('',(0.921227720888,-1.4));
#1215 = CARTESIAN_POINT('',(0.84232873689,-1.4));
#1216 = CARTESIAN_POINT('',(0.763308302825,-1.4));
#1217 = CARTESIAN_POINT('',(0.684172029995,-1.4));
#1218 = ( GEOMETRIC_REPRESENTATION_CONTEXT(2) 
PARAMETRIC_REPRESENTATION_CONTEXT() REPRESENTATION_CONTEXT('2D SPACE',''
  ) );
#1219 = ORIENTED_EDGE('',*,*,#1220,.F.);
#1220 = EDGE_CURVE('',#1221,#1185,#1223,.T.);
#1221 = VERTEX_POINT('',#1222);
#1222 = CARTESIAN_POINT('',(248.96868164062,32.422431640625,19.6));
#1223 = SURFACE_CURVE('',#1224,(#1242,#1263),.PCURVE_S1.);
#1224 = B_SPLINE_CURVE_WITH_KNOTS('',6,(#1225,#1226,#1227,#1228,#1229,
    #1230,#1231,#1232,#1233,#1234,#1235,#1236,#1237,#1238,#1239,#1240,
    #1241),.UNSPECIFIED.,.F.,.F.,(7,5,5,7),(0.,0.275443130228,
    0.55903379449,1.),.UNSPECIFIED.);
#1225 = CARTESIAN_POINT('',(248.96868164062,32.422431640625,19.6));
#1226 = CARTESIAN_POINT('',(248.89469981746,32.340048951095,19.6));
#1227 = CARTESIAN_POINT('',(248.82516931807,32.253664563701,19.6));
#1228 = CARTESIAN_POINT('',(248.76033627724,32.163539716262,19.6));
#1229 = CARTESIAN_POINT('',(248.70032383135,32.069992826726,19.6));
#1230 = CARTESIAN_POINT('',(248.6451545636,31.973383524151,19.6));
#1231 = CARTESIAN_POINT('',(248.54290106017,31.771872956952,19.6));
#1232 = CARTESIAN_POINT('',(248.49609915645,31.666800016541,19.6));
#1233 = CARTESIAN_POINT('',(248.45429665715,31.559277472468,19.6));
#1234 = CARTESIAN_POINT('',(248.41732665089,31.449687341304,19.6));
#1235 = CARTESIAN_POINT('',(248.38496569585,31.338376029188,19.6));
#1236 = CARTESIAN_POINT('',(248.3134476471,31.050332937798,19.6));
#1237 = CARTESIAN_POINT('',(248.28049141912,30.871605248521,19.6));
#1238 = CARTESIAN_POINT('',(248.25716853829,30.690481171367,19.6));
#1239 = CARTESIAN_POINT('',(248.24248150762,30.507780705088,19.6));
#1240 = CARTESIAN_POINT('',(248.23552734375,30.324082168283,19.6));
#1241 = CARTESIAN_POINT('',(248.23552734375,30.139716796875,19.6));
#1242 = PCURVE('',#175,#1243);
#1243 = DEFINITIONAL_REPRESENTATION('',(#1244),#1262);
#1244 = B_SPLINE_CURVE_WITH_KNOTS('',6,(#1245,#1246,#1247,#1248,#1249,
    #1250,#1251,#1252,#1253,#1254,#1255,#1256,#1257,#1258,#1259,#1260,
    #1261),.UNSPECIFIED.,.F.,.F.,(7,5,5,7),(0.,0.275443130228,
    0.55903379449,1.),.UNSPECIFIED.);
#1245 = CARTESIAN_POINT('',(8.968681640625,32.422431640625));
#1246 = CARTESIAN_POINT('',(8.894699817461,32.340048951095));
#1247 = CARTESIAN_POINT('',(8.825169318078,32.253664563701));
#1248 = CARTESIAN_POINT('',(8.760336277245,32.163539716262));
#1249 = CARTESIAN_POINT('',(8.70032383135,32.069992826726));
#1250 = CARTESIAN_POINT('',(8.645154563602,31.973383524151));
#1251 = CARTESIAN_POINT('',(8.542901060173,31.771872956952));
#1252 = CARTESIAN_POINT('',(8.496099156457,31.666800016541));
#1253 = CARTESIAN_POINT('',(8.454296657159,31.559277472468));
#1254 = CARTESIAN_POINT('',(8.417326650895,31.449687341304));
#1255 = CARTESIAN_POINT('',(8.384965695858,31.338376029188));
#1256 = CARTESIAN_POINT('',(8.3134476471,31.050332937798));
#1257 = CARTESIAN_POINT('',(8.280491419126,30.871605248521));
#1258 = CARTESIAN_POINT('',(8.257168538292,30.690481171367));
#1259 = CARTESIAN_POINT('',(8.242481507623,30.507780705088));
#1260 = CARTESIAN_POINT('',(8.23552734375,30.324082168283));
#1261 = CARTESIAN_POINT('',(8.23552734375,30.139716796875));
#1262 = ( GEOMETRIC_REPRESENTATION_CONTEXT(2) 
PARAMETRIC_REPRESENTATION_CONTEXT() REPRESENTATION_CONTEXT('2D SPACE',''
  ) );
#1263 = PCURVE('',#1264,#1271);
#1264 = SURFACE_OF_LINEAR_EXTRUSION('',#1265,#1269);
#1265 = B_SPLINE_CURVE_WITH_KNOTS('',2,(#1266,#1267,#1268),
  .UNSPECIFIED.,.F.,.F.,(3,3),(0.,1.),.PIECEWISE_BEZIER_KNOTS.);
#1266 = CARTESIAN_POINT('',(248.23552734375,30.139716796875,18.2));
#1267 = CARTESIAN_POINT('',(248.23552734375,31.606025390625,18.2));
#1268 = CARTESIAN_POINT('',(248.96868164062,32.422431640625,18.2));
#1269 = VECTOR('',#1270,1.);
#1270 = DIRECTION('',(-0.,0.,-1.));
#1271 = DEFINITIONAL_REPRESENTATION('',(#1272),#1290);
#1272 = B_SPLINE_CURVE_WITH_KNOTS('',6,(#1273,#1274,#1275,#1276,#1277,
    #1278,#1279,#1280,#1281,#1282,#1283,#1284,#1285,#1286,#1287,#1288,
    #1289),.UNSPECIFIED.,.F.,.F.,(7,5,5,7),(0.,0.275443130228,
    0.55903379449,1.),.UNSPECIFIED.);
#1273 = CARTESIAN_POINT('',(1.,-1.4));
#1274 = CARTESIAN_POINT('',(0.949545529857,-1.4));
#1275 = CARTESIAN_POINT('',(0.899072020148,-1.4));
#1276 = CARTESIAN_POINT('',(0.84874295052,-1.4));
#1277 = CARTESIAN_POINT('',(0.798704119685,-1.4));
#1278 = CARTESIAN_POINT('',(0.749084984662,-1.4));
#1279 = CARTESIAN_POINT('',(0.649463094636,-1.4));
#1280 = CARTESIAN_POINT('',(0.599487140439,-1.4));
#1281 = CARTESIAN_POINT('',(0.550187068122,-1.4));
#1282 = CARTESIAN_POINT('',(0.501642689839,-1.4));
#1283 = CARTESIAN_POINT('',(0.453904587318,-1.4));
#1284 = CARTESIAN_POINT('',(0.334066224325,-1.4));
#1285 = CARTESIAN_POINT('',(0.263159719432,-1.4));
#1286 = CARTESIAN_POINT('',(0.194347951871,-1.4));
#1287 = CARTESIAN_POINT('',(0.12760901993,-1.4));
#1288 = CARTESIAN_POINT('',(6.286717959426E-02,-1.4));
#1289 = CARTESIAN_POINT('',(0.,-1.4));
#1290 = ( GEOMETRIC_REPRESENTATION_CONTEXT(2) 
PARAMETRIC_REPRESENTATION_CONTEXT() REPRESENTATION_CONTEXT('2D SPACE',''
  ) );
#1291 = ORIENTED_EDGE('',*,*,#1292,.F.);
#1292 = EDGE_CURVE('',#1293,#1221,#1295,.T.);
#1293 = VERTEX_POINT('',#1294);
#1294 = CARTESIAN_POINT('',(251.0123828125,33.238837890625,19.6));
#1295 = SURFACE_CURVE('',#1296,(#1315,#1337),.PCURVE_S1.);
#1296 = B_SPLINE_CURVE_WITH_KNOTS('',5,(#1297,#1298,#1299,#1300,#1301,
    #1302,#1303,#1304,#1305,#1306,#1307,#1308,#1309,#1310,#1311,#1312,
    #1313,#1314),.UNSPECIFIED.,.F.,.F.,(6,4,4,4,6),(0.,0.303132030137,
    0.540038916564,0.767101614457,1.),.UNSPECIFIED.);
#1297 = CARTESIAN_POINT('',(251.0123828125,33.238837890625,19.6));
#1298 = CARTESIAN_POINT('',(250.87180418713,33.238837890625,19.6));
#1299 = CARTESIAN_POINT('',(250.73175731605,33.23296624266,19.6));
#1300 = CARTESIAN_POINT('',(250.59258412089,33.220621497816,19.6));
#1301 = CARTESIAN_POINT('',(250.45481832954,33.201128109007,19.6));
#1302 = CARTESIAN_POINT('',(250.21312275965,33.15264534743,19.6));
#1303 = CARTESIAN_POINT('',(250.10837798729,33.126661507419,19.6));
#1304 = CARTESIAN_POINT('',(250.00525926352,33.09569531858,19.6));
#1305 = CARTESIAN_POINT('',(249.90417093435,33.059526131728,19.6));
#1306 = CARTESIAN_POINT('',(249.71100946452,32.97835929188,19.6));
#1307 = CARTESIAN_POINT('',(249.61872933849,32.933788219268,19.6));
#1308 = CARTESIAN_POINT('',(249.52908870422,32.884308771357,19.6));
#1309 = CARTESIAN_POINT('',(249.4424430308,32.829974421773,19.6));
#1310 = CARTESIAN_POINT('',(249.27359287452,32.71050402634,19.6));
#1311 = CARTESIAN_POINT('',(249.19154985302,32.645119243947,19.6));
#1312 = CARTESIAN_POINT('',(249.11328270227,32.57506943692,19.6));
#1313 = CARTESIAN_POINT('',(249.03896915623,32.500700522477,19.6));
#1314 = CARTESIAN_POINT('',(248.96868164062,32.422431640625,19.6));
#1315 = PCURVE('',#175,#1316);
#1316 = DEFINITIONAL_REPRESENTATION('',(#1317),#1336);
#1317 = B_SPLINE_CURVE_WITH_KNOTS('',5,(#1318,#1319,#1320,#1321,#1322,
    #1323,#1324,#1325,#1326,#1327,#1328,#1329,#1330,#1331,#1332,#1333,
    #1334,#1335),.UNSPECIFIED.,.F.,.F.,(6,4,4,4,6),(0.,0.303132030137,
    0.540038916564,0.767101614457,1.),.UNSPECIFIED.);
#1318 = CARTESIAN_POINT('',(11.0123828125,33.238837890625));
#1319 = CARTESIAN_POINT('',(10.871804187134,33.238837890625));
#1320 = CARTESIAN_POINT('',(10.731757316054,33.23296624266));
#1321 = CARTESIAN_POINT('',(10.592584120891,33.220621497816));
#1322 = CARTESIAN_POINT('',(10.45481832954,33.201128109007));
#1323 = CARTESIAN_POINT('',(10.213122759658,33.15264534743));
#1324 = CARTESIAN_POINT('',(10.108377987291,33.126661507419));
#1325 = CARTESIAN_POINT('',(10.005259263523,33.09569531858));
#1326 = CARTESIAN_POINT('',(9.904170934356,33.059526131728));
#1327 = CARTESIAN_POINT('',(9.711009464525,32.97835929188));
#1328 = CARTESIAN_POINT('',(9.61872933849,32.933788219268));
#1329 = CARTESIAN_POINT('',(9.529088704224,32.884308771357));
#1330 = CARTESIAN_POINT('',(9.4424430308,32.829974421773));
#1331 = CARTESIAN_POINT('',(9.273592874527,32.71050402634));
#1332 = CARTESIAN_POINT('',(9.191549853022,32.645119243947));
#1333 = CARTESIAN_POINT('',(9.11328270227,32.57506943692));
#1334 = CARTESIAN_POINT('',(9.038969156236,32.500700522477));
#1335 = CARTESIAN_POINT('',(8.968681640625,32.422431640625));
#1336 = ( GEOMETRIC_REPRESENTATION_CONTEXT(2) 
PARAMETRIC_REPRESENTATION_CONTEXT() REPRESENTATION_CONTEXT('2D SPACE',''
  ) );
#1337 = PCURVE('',#1338,#1345);
#1338 = SURFACE_OF_LINEAR_EXTRUSION('',#1339,#1343);
#1339 = B_SPLINE_CURVE_WITH_KNOTS('',2,(#1340,#1341,#1342),
  .UNSPECIFIED.,.F.,.F.,(3,3),(0.,1.),.PIECEWISE_BEZIER_KNOTS.);
#1340 = CARTESIAN_POINT('',(248.96868164062,32.422431640625,18.2));
#1341 = CARTESIAN_POINT('',(249.7018359375,33.238837890625,18.2));
#1342 = CARTESIAN_POINT('',(251.0123828125,33.238837890625,18.2));
#1343 = VECTOR('',#1344,1.);
#1344 = DIRECTION('',(-0.,0.,-1.));
#1345 = DEFINITIONAL_REPRESENTATION('',(#1346),#1365);
#1346 = B_SPLINE_CURVE_WITH_KNOTS('',5,(#1347,#1348,#1349,#1350,#1351,
    #1352,#1353,#1354,#1355,#1356,#1357,#1358,#1359,#1360,#1361,#1362,
    #1363,#1364),.UNSPECIFIED.,.F.,.F.,(6,4,4,4,6),(0.,0.303132030137,
    0.540038916564,0.767101614457,1.),.UNSPECIFIED.);
#1347 = CARTESIAN_POINT('',(1.,-1.4));
#1348 = CARTESIAN_POINT('',(0.94636642609,-1.4));
#1349 = CARTESIAN_POINT('',(0.891351409231,-1.4));
#1350 = CARTESIAN_POINT('',(0.834923113401,-1.4));
#1351 = CARTESIAN_POINT('',(0.777102886981,-1.4));
#1352 = CARTESIAN_POINT('',(0.671809299113,-1.4));
#1353 = CARTESIAN_POINT('',(0.624835969249,-1.4));
#1354 = CARTESIAN_POINT('',(0.577138646948,-1.4));
#1355 = CARTESIAN_POINT('',(0.52881206166,-1.4));
#1356 = CARTESIAN_POINT('',(0.433216225254,-1.4));
#1357 = CARTESIAN_POINT('',(0.385983107141,-1.4));
#1358 = CARTESIAN_POINT('',(0.338432605464,-1.4));
#1359 = CARTESIAN_POINT('',(0.290714767351,-1.4));
#1360 = CARTESIAN_POINT('',(0.194058926077,-1.4));
#1361 = CARTESIAN_POINT('',(0.145115408308,-1.4));
#1362 = CARTESIAN_POINT('',(9.635372053464E-02,-1.4));
#1363 = CARTESIAN_POINT('',(4.793500898118E-02,-1.4));
#1364 = CARTESIAN_POINT('',(0.,-1.4));
#1365 = ( GEOMETRIC_REPRESENTATION_CONTEXT(2) 
PARAMETRIC_REPRESENTATION_CONTEXT() REPRESENTATION_CONTEXT('2D SPACE',''
  ) );
#1366 = ORIENTED_EDGE('',*,*,#1367,.F.);
#1367 = EDGE_CURVE('',#1368,#1293,#1370,.T.);
#1368 = VERTEX_POINT('',#1369);
#1369 = CARTESIAN_POINT('',(251.18789484234,33.234662767025,19.6));
#1370 = SURFACE_CURVE('',#1371,(#1377,#1386),.PCURVE_S1.);
#1371 = B_SPLINE_CURVE_WITH_KNOTS('',4,(#1372,#1373,#1374,#1375,#1376),
  .UNSPECIFIED.,.F.,.F.,(5,5),(0.,1.),.PIECEWISE_BEZIER_KNOTS.);
#1372 = CARTESIAN_POINT('',(251.18789635572,33.23466269392,19.6));
#1373 = CARTESIAN_POINT('',(251.14413681461,33.236776540982,19.6));
#1374 = CARTESIAN_POINT('',(251.10028528823,33.238159476234,19.6));
#1375 = CARTESIAN_POINT('',(251.05636179474,33.238837890625,19.6));
#1376 = CARTESIAN_POINT('',(251.0123828125,33.238837890625,19.6));
#1377 = PCURVE('',#175,#1378);
#1378 = DEFINITIONAL_REPRESENTATION('',(#1379),#1385);
#1379 = B_SPLINE_CURVE_WITH_KNOTS('',4,(#1380,#1381,#1382,#1383,#1384),
  .UNSPECIFIED.,.F.,.F.,(5,5),(0.,1.),.PIECEWISE_BEZIER_KNOTS.);
#1380 = CARTESIAN_POINT('',(11.187896355727,33.23466269392));
#1381 = CARTESIAN_POINT('',(11.144136814615,33.236776540982));
#1382 = CARTESIAN_POINT('',(11.100285288232,33.238159476234));
#1383 = CARTESIAN_POINT('',(11.056361794747,33.238837890625));
#1384 = CARTESIAN_POINT('',(11.0123828125,33.238837890625));
#1385 = ( GEOMETRIC_REPRESENTATION_CONTEXT(2) 
PARAMETRIC_REPRESENTATION_CONTEXT() REPRESENTATION_CONTEXT('2D SPACE',''
  ) );
#1386 = PCURVE('',#1387,#1394);
#1387 = SURFACE_OF_LINEAR_EXTRUSION('',#1388,#1392);
#1388 = B_SPLINE_CURVE_WITH_KNOTS('',2,(#1389,#1390,#1391),
  .UNSPECIFIED.,.F.,.F.,(3,3),(0.,1.),.PIECEWISE_BEZIER_KNOTS.);
#1389 = CARTESIAN_POINT('',(251.0123828125,33.238837890625,18.2));
#1390 = CARTESIAN_POINT('',(252.3121875,33.238837890625,18.2));
#1391 = CARTESIAN_POINT('',(253.04802734375,32.349921875,18.2));
#1392 = VECTOR('',#1393,1.);
#1393 = DIRECTION('',(-0.,0.,-1.));
#1394 = DEFINITIONAL_REPRESENTATION('',(#1395),#1401);
#1395 = B_SPLINE_CURVE_WITH_KNOTS('',4,(#1396,#1397,#1398,#1399,#1400),
  .UNSPECIFIED.,.F.,.F.,(5,5),(0.,1.),.PIECEWISE_BEZIER_KNOTS.);
#1396 = CARTESIAN_POINT('',(6.853431953248E-02,-1.4));
#1397 = CARTESIAN_POINT('',(5.118530818675E-02,-1.4));
#1398 = CARTESIAN_POINT('',(3.397929340669E-02,-1.4));
#1399 = CARTESIAN_POINT('',(1.69175348688E-02,-1.4));
#1400 = CARTESIAN_POINT('',(0.,-1.4));
#1401 = ( GEOMETRIC_REPRESENTATION_CONTEXT(2) 
PARAMETRIC_REPRESENTATION_CONTEXT() REPRESENTATION_CONTEXT('2D SPACE',''
  ) );
#1402 = ORIENTED_EDGE('',*,*,#1403,.F.);
#1403 = EDGE_CURVE('',#1404,#1368,#1406,.T.);
#1404 = VERTEX_POINT('',#1405);
#1405 = CARTESIAN_POINT('',(251.3723828125,33.238837890625,19.6));
#1406 = SURFACE_CURVE('',#1407,(#1413,#1422),.PCURVE_S1.);
#1407 = B_SPLINE_CURVE_WITH_KNOTS('',4,(#1408,#1409,#1410,#1411,#1412),
  .UNSPECIFIED.,.F.,.F.,(5,5),(0.,1.),.PIECEWISE_BEZIER_KNOTS.);
#1408 = CARTESIAN_POINT('',(251.3723828125,33.238837890625,19.6));
#1409 = CARTESIAN_POINT('',(251.32615194818,33.238837890625,19.6));
#1410 = CARTESIAN_POINT('',(251.27998195883,33.238160612538,19.6));
#1411 = CARTESIAN_POINT('',(251.23388908879,33.236778426801,19.6));
#1412 = CARTESIAN_POINT('',(251.18789331923,33.234662696965,19.6));
#1413 = PCURVE('',#175,#1414);
#1414 = DEFINITIONAL_REPRESENTATION('',(#1415),#1421);
#1415 = B_SPLINE_CURVE_WITH_KNOTS('',4,(#1416,#1417,#1418,#1419,#1420),
  .UNSPECIFIED.,.F.,.F.,(5,5),(0.,1.),.PIECEWISE_BEZIER_KNOTS.);
#1416 = CARTESIAN_POINT('',(11.3723828125,33.238837890625));
#1417 = CARTESIAN_POINT('',(11.326151948181,33.238837890625));
#1418 = CARTESIAN_POINT('',(11.279981958838,33.238160612538));
#1419 = CARTESIAN_POINT('',(11.23388908879,33.236778426801));
#1420 = CARTESIAN_POINT('',(11.187893319235,33.234662696965));
#1421 = ( GEOMETRIC_REPRESENTATION_CONTEXT(2) 
PARAMETRIC_REPRESENTATION_CONTEXT() REPRESENTATION_CONTEXT('2D SPACE',''
  ) );
#1422 = PCURVE('',#1423,#1430);
#1423 = SURFACE_OF_LINEAR_EXTRUSION('',#1424,#1428);
#1424 = B_SPLINE_CURVE_WITH_KNOTS('',2,(#1425,#1426,#1427),
  .UNSPECIFIED.,.F.,.F.,(3,3),(0.,1.),.PIECEWISE_BEZIER_KNOTS.);
#1425 = CARTESIAN_POINT('',(249.32868164062,32.422431640625,18.2));
#1426 = CARTESIAN_POINT('',(250.0618359375,33.238837890625,18.2));
#1427 = CARTESIAN_POINT('',(251.3723828125,33.238837890625,18.2));
#1428 = VECTOR('',#1429,1.);
#1429 = DIRECTION('',(-0.,0.,-1.));
#1430 = DEFINITIONAL_REPRESENTATION('',(#1431),#1437);
#1431 = B_SPLINE_CURVE_WITH_KNOTS('',4,(#1432,#1433,#1434,#1435,#1436),
  .UNSPECIFIED.,.F.,.F.,(5,5),(0.,1.),.PIECEWISE_BEZIER_KNOTS.);
#1432 = CARTESIAN_POINT('',(1.,-1.4));
#1433 = CARTESIAN_POINT('',(0.982361995133,-1.4));
#1434 = CARTESIAN_POINT('',(0.964564468678,-1.4));
#1435 = CARTESIAN_POINT('',(0.946606163018,-1.4));
#1436 = CARTESIAN_POINT('',(0.928486974552,-1.4));
#1437 = ( GEOMETRIC_REPRESENTATION_CONTEXT(2) 
PARAMETRIC_REPRESENTATION_CONTEXT() REPRESENTATION_CONTEXT('2D SPACE',''
  ) );
#1438 = ORIENTED_EDGE('',*,*,#1439,.F.);
#1439 = EDGE_CURVE('',#1440,#1404,#1442,.T.);
#1440 = VERTEX_POINT('',#1441);
#1441 = CARTESIAN_POINT('',(253.40802734375,32.349921875,19.6));
#1442 = SURFACE_CURVE('',#1443,(#1462,#1484),.PCURVE_S1.);
#1443 = B_SPLINE_CURVE_WITH_KNOTS('',5,(#1444,#1445,#1446,#1447,#1448,
    #1449,#1450,#1451,#1452,#1453,#1454,#1455,#1456,#1457,#1458,#1459,
    #1460,#1461),.UNSPECIFIED.,.F.,.F.,(6,4,4,4,6),(0.,0.330642104166,
    0.60948330707,0.746476990324,1.),.UNSPECIFIED.);
#1444 = CARTESIAN_POINT('',(253.40802734375,32.349921875,19.6));
#1445 = CARTESIAN_POINT('',(253.31097171834,32.467167904233,19.6));
#1446 = CARTESIAN_POINT('',(253.20585925996,32.577073417065,19.6));
#1447 = CARTESIAN_POINT('',(253.09268573432,32.678291927404,19.6));
#1448 = CARTESIAN_POINT('',(252.97182022573,32.769636433346,19.6));
#1449 = CARTESIAN_POINT('',(252.73678852326,32.918606047803,19.6));
#1450 = CARTESIAN_POINT('',(252.6245081018,32.979291826744,19.6));
#1451 = CARTESIAN_POINT('',(252.5080895737,33.032115770968,19.6));
#1452 = CARTESIAN_POINT('',(252.38825490271,33.077097473566,19.6));
#1453 = CARTESIAN_POINT('',(252.20556612523,33.132875539269,19.6));
#1454 = CARTESIAN_POINT('',(252.14473211661,33.149423119653,19.6));
#1455 = CARTESIAN_POINT('',(252.08333294786,33.164174875014,19.6));
#1456 = CARTESIAN_POINT('',(252.02144684762,33.177177793613,19.6));
#1457 = CARTESIAN_POINT('',(251.8438469784,33.209413548872,19.6));
#1458 = CARTESIAN_POINT('',(251.72712640731,33.224536729631,19.6));
#1459 = CARTESIAN_POINT('',(251.60942410821,33.234203544458,19.6));
#1460 = CARTESIAN_POINT('',(251.49109354559,33.238837890625,19.6));
#1461 = CARTESIAN_POINT('',(251.3723828125,33.238837890625,19.6));
#1462 = PCURVE('',#175,#1463);
#1463 = DEFINITIONAL_REPRESENTATION('',(#1464),#1483);
#1464 = B_SPLINE_CURVE_WITH_KNOTS('',5,(#1465,#1466,#1467,#1468,#1469,
    #1470,#1471,#1472,#1473,#1474,#1475,#1476,#1477,#1478,#1479,#1480,
    #1481,#1482),.UNSPECIFIED.,.F.,.F.,(6,4,4,4,6),(0.,0.330642104166,
    0.60948330707,0.746476990324,1.),.UNSPECIFIED.);
#1465 = CARTESIAN_POINT('',(13.40802734375,32.349921875));
#1466 = CARTESIAN_POINT('',(13.310971718343,32.467167904233));
#1467 = CARTESIAN_POINT('',(13.205859259969,32.577073417065));
#1468 = CARTESIAN_POINT('',(13.092685734325,32.678291927404));
#1469 = CARTESIAN_POINT('',(12.97182022573,32.769636433346));
#1470 = CARTESIAN_POINT('',(12.736788523264,32.918606047803));
#1471 = CARTESIAN_POINT('',(12.6245081018,32.979291826744));
#1472 = CARTESIAN_POINT('',(12.508089573708,33.032115770968));
#1473 = CARTESIAN_POINT('',(12.388254902712,33.077097473566));
#1474 = CARTESIAN_POINT('',(12.20556612523,33.132875539269));
#1475 = CARTESIAN_POINT('',(12.144732116617,33.149423119653));
#1476 = CARTESIAN_POINT('',(12.083332947863,33.164174875014));
#1477 = CARTESIAN_POINT('',(12.021446847626,33.177177793613));
#1478 = CARTESIAN_POINT('',(11.843846978403,33.209413548872));
#1479 = CARTESIAN_POINT('',(11.727126407312,33.224536729631));
#1480 = CARTESIAN_POINT('',(11.609424108213,33.234203544458));
#1481 = CARTESIAN_POINT('',(11.491093545591,33.238837890625));
#1482 = CARTESIAN_POINT('',(11.3723828125,33.238837890625));
#1483 = ( GEOMETRIC_REPRESENTATION_CONTEXT(2) 
PARAMETRIC_REPRESENTATION_CONTEXT() REPRESENTATION_CONTEXT('2D SPACE',''
  ) );
#1484 = PCURVE('',#1485,#1492);
#1485 = SURFACE_OF_LINEAR_EXTRUSION('',#1486,#1490);
#1486 = B_SPLINE_CURVE_WITH_KNOTS('',2,(#1487,#1488,#1489),
  .UNSPECIFIED.,.F.,.F.,(3,3),(0.,1.),.PIECEWISE_BEZIER_KNOTS.);
#1487 = CARTESIAN_POINT('',(251.3723828125,33.238837890625,18.2));
#1488 = CARTESIAN_POINT('',(252.6721875,33.238837890625,18.2));
#1489 = CARTESIAN_POINT('',(253.40802734375,32.349921875,18.2));
#1490 = VECTOR('',#1491,1.);
#1491 = DIRECTION('',(-0.,0.,-1.));
#1492 = DEFINITIONAL_REPRESENTATION('',(#1493),#1512);
#1493 = B_SPLINE_CURVE_WITH_KNOTS('',5,(#1494,#1495,#1496,#1497,#1498,
    #1499,#1500,#1501,#1502,#1503,#1504,#1505,#1506,#1507,#1508,#1509,
    #1510,#1511),.UNSPECIFIED.,.F.,.F.,(6,4,4,4,6),(0.,0.330642104166,
    0.60948330707,0.746476990324,1.),.UNSPECIFIED.);
#1494 = CARTESIAN_POINT('',(1.,-1.4));
#1495 = CARTESIAN_POINT('',(0.934051121157,-1.4));
#1496 = CARTESIAN_POINT('',(0.866794465925,-1.4));
#1497 = CARTESIAN_POINT('',(0.79855701874,-1.4));
#1498 = CARTESIAN_POINT('',(0.729770447183,-1.4));
#1499 = CARTESIAN_POINT('',(0.603003652967,-1.4));
#1500 = CARTESIAN_POINT('',(0.545001872196,-1.4));
#1501 = CARTESIAN_POINT('',(0.487326972975,-1.4));
#1502 = CARTESIAN_POINT('',(0.430251893641,-1.4));
#1503 = CARTESIAN_POINT('',(0.346363646334,-1.4));
#1504 = CARTESIAN_POINT('',(0.318923957051,-1.4));
#1505 = CARTESIAN_POINT('',(0.291705141351,-1.4));
#1506 = CARTESIAN_POINT('',(0.264725824101,-1.4));
#1507 = CARTESIAN_POINT('',(0.188540702307,-1.4));
#1508 = CARTESIAN_POINT('',(0.13995057967,-1.4));
#1509 = CARTESIAN_POINT('',(9.231445218013E-02,-1.4));
#1510 = CARTESIAN_POINT('',(4.5664834968E-02,-1.4));
#1511 = CARTESIAN_POINT('',(0.,-1.4));
#1512 = ( GEOMETRIC_REPRESENTATION_CONTEXT(2) 
PARAMETRIC_REPRESENTATION_CONTEXT() REPRESENTATION_CONTEXT('2D SPACE',''
  ) );
#1513 = ORIENTED_EDGE('',*,*,#1514,.F.);
#1514 = EDGE_CURVE('',#1515,#1440,#1517,.T.);
#1515 = VERTEX_POINT('',#1516);
#1516 = CARTESIAN_POINT('',(254.1438671875,29.881904296875,19.6));
#1517 = SURFACE_CURVE('',#1518,(#1536,#1557),.PCURVE_S1.);
#1518 = B_SPLINE_CURVE_WITH_KNOTS('',6,(#1519,#1520,#1521,#1522,#1523,
    #1524,#1525,#1526,#1527,#1528,#1529,#1530,#1531,#1532,#1533,#1534,
    #1535),.UNSPECIFIED.,.F.,.F.,(7,5,5,7),(0.,0.485929083585,
    0.749725045839,1.),.UNSPECIFIED.);
#1519 = CARTESIAN_POINT('',(254.1438671875,29.881904296875,19.6));
#1520 = CARTESIAN_POINT('',(254.1438671875,30.099116973081,19.6));
#1521 = CARTESIAN_POINT('',(254.13551362517,30.315571714401,19.6));
#1522 = CARTESIAN_POINT('',(254.11778409167,30.530886979004,19.6));
#1523 = CARTESIAN_POINT('',(254.08946020901,30.74431774758,19.6));
#1524 = CARTESIAN_POINT('',(254.04915499947,30.954759786533,19.6));
#1525 = CARTESIAN_POINT('',(253.96640496507,31.272645806616,19.6));
#1526 = CARTESIAN_POINT('',(253.93336490634,31.383180868413,19.6));
#1527 = CARTESIAN_POINT('',(253.89619418014,31.492155704247,19.6));
#1528 = CARTESIAN_POINT('',(253.85469654881,31.599279986751,19.6));
#1529 = CARTESIAN_POINT('',(253.8087145291,31.70423066109,19.6));
#1530 = CARTESIAN_POINT('',(253.71019199733,31.903848347889,19.6));
#1531 = CARTESIAN_POINT('',(253.65810601801,31.998772110469,19.6));
#1532 = CARTESIAN_POINT('',(253.60182861853,32.091131538105,19.6));
#1533 = CARTESIAN_POINT('',(253.54133999788,32.180626124307,19.6));
#1534 = CARTESIAN_POINT('',(253.47669180482,32.266973201225,19.6));
#1535 = CARTESIAN_POINT('',(253.40802734375,32.349921875,19.6));
#1536 = PCURVE('',#175,#1537);
#1537 = DEFINITIONAL_REPRESENTATION('',(#1538),#1556);
#1538 = B_SPLINE_CURVE_WITH_KNOTS('',6,(#1539,#1540,#1541,#1542,#1543,
    #1544,#1545,#1546,#1547,#1548,#1549,#1550,#1551,#1552,#1553,#1554,
    #1555),.UNSPECIFIED.,.F.,.F.,(7,5,5,7),(0.,0.485929083585,
    0.749725045839,1.),.UNSPECIFIED.);
#1539 = CARTESIAN_POINT('',(14.1438671875,29.881904296875));
#1540 = CARTESIAN_POINT('',(14.1438671875,30.099116973081));
#1541 = CARTESIAN_POINT('',(14.135513625172,30.315571714401));
#1542 = CARTESIAN_POINT('',(14.117784091678,30.530886979004));
#1543 = CARTESIAN_POINT('',(14.089460209013,30.74431774758));
#1544 = CARTESIAN_POINT('',(14.049154999473,30.954759786533));
#1545 = CARTESIAN_POINT('',(13.966404965075,31.272645806616));
#1546 = CARTESIAN_POINT('',(13.933364906343,31.383180868413));
#1547 = CARTESIAN_POINT('',(13.896194180149,31.492155704247));
#1548 = CARTESIAN_POINT('',(13.85469654881,31.599279986751));
#1549 = CARTESIAN_POINT('',(13.8087145291,31.70423066109));
#1550 = CARTESIAN_POINT('',(13.710191997337,31.903848347889));
#1551 = CARTESIAN_POINT('',(13.65810601801,31.998772110469));
#1552 = CARTESIAN_POINT('',(13.601828618539,32.091131538105));
#1553 = CARTESIAN_POINT('',(13.541339997883,32.180626124307));
#1554 = CARTESIAN_POINT('',(13.47669180482,32.266973201225));
#1555 = CARTESIAN_POINT('',(13.40802734375,32.349921875));
#1556 = ( GEOMETRIC_REPRESENTATION_CONTEXT(2) 
PARAMETRIC_REPRESENTATION_CONTEXT() REPRESENTATION_CONTEXT('2D SPACE',''
  ) );
#1557 = PCURVE('',#1558,#1565);
#1558 = SURFACE_OF_LINEAR_EXTRUSION('',#1559,#1563);
#1559 = B_SPLINE_CURVE_WITH_KNOTS('',2,(#1560,#1561,#1562),
  .UNSPECIFIED.,.F.,.F.,(3,3),(0.,1.),.PIECEWISE_BEZIER_KNOTS.);
#1560 = CARTESIAN_POINT('',(253.40802734375,32.349921875,18.2));
#1561 = CARTESIAN_POINT('',(254.1438671875,31.461005859375,18.2));
#1562 = CARTESIAN_POINT('',(254.1438671875,29.881904296875,18.2));
#1563 = VECTOR('',#1564,1.);
#1564 = DIRECTION('',(-0.,0.,-1.));
#1565 = DEFINITIONAL_REPRESENTATION('',(#1566),#1584);
#1566 = B_SPLINE_CURVE_WITH_KNOTS('',6,(#1567,#1568,#1569,#1570,#1571,
    #1572,#1573,#1574,#1575,#1576,#1577,#1578,#1579,#1580,#1581,#1582,
    #1583),.UNSPECIFIED.,.F.,.F.,(7,5,5,7),(0.,0.485929083585,
    0.749725045839,1.),.UNSPECIFIED.);
#1567 = CARTESIAN_POINT('',(1.,-1.4));
#1568 = CARTESIAN_POINT('',(0.931222702401,-1.4));
#1569 = CARTESIAN_POINT('',(0.860204465746,-1.4));
#1570 = CARTESIAN_POINT('',(0.786762454146,-1.4));
#1571 = CARTESIAN_POINT('',(0.710770720696,-1.4));
#1572 = CARTESIAN_POINT('',(0.632166986078,-1.4));
#1573 = CARTESIAN_POINT('',(0.506936938292,-1.4));
#1574 = CARTESIAN_POINT('',(0.46212500433,-1.4));
#1575 = CARTESIAN_POINT('',(0.416580324841,-1.4));
#1576 = CARTESIAN_POINT('',(0.370336547128,-1.4));
#1577 = CARTESIAN_POINT('',(0.323449190883,-1.4));
#1578 = CARTESIAN_POINT('',(0.230982843666,-1.4));
#1579 = CARTESIAN_POINT('',(0.185457548313,-1.4));
#1580 = CARTESIAN_POINT('',(0.139499401261,-1.4));
#1581 = CARTESIAN_POINT('',(9.319767288858E-02,-1.4));
#1582 = CARTESIAN_POINT('',(4.665720513331E-02,-1.4));
#1583 = CARTESIAN_POINT('',(0.,-1.4));
#1584 = ( GEOMETRIC_REPRESENTATION_CONTEXT(2) 
PARAMETRIC_REPRESENTATION_CONTEXT() REPRESENTATION_CONTEXT('2D SPACE',''
  ) );
#1585 = ORIENTED_EDGE('',*,*,#1586,.F.);
#1586 = EDGE_CURVE('',#1587,#1515,#1589,.T.);
#1587 = VERTEX_POINT('',#1588);
#1588 = CARTESIAN_POINT('',(254.14149528474,29.698986392701,19.6));
#1589 = SURFACE_CURVE('',#1590,(#1596,#1605),.PCURVE_S1.);
#1590 = B_SPLINE_CURVE_WITH_KNOTS('',4,(#1591,#1592,#1593,#1594,#1595),
  .UNSPECIFIED.,.F.,.F.,(5,5),(0.,1.),.PIECEWISE_BEZIER_KNOTS.);
#1591 = CARTESIAN_POINT('',(254.14149526354,29.698985576309,19.6));
#1592 = CARTESIAN_POINT('',(254.14268207278,29.744687374532,19.6));
#1593 = CARTESIAN_POINT('',(254.1434724886,29.790410024237,19.6));
#1594 = CARTESIAN_POINT('',(254.1438671875,29.8361501226,19.6));
#1595 = CARTESIAN_POINT('',(254.1438671875,29.881904296875,19.6));
#1596 = PCURVE('',#175,#1597);
#1597 = DEFINITIONAL_REPRESENTATION('',(#1598),#1604);
#1598 = B_SPLINE_CURVE_WITH_KNOTS('',4,(#1599,#1600,#1601,#1602,#1603),
  .UNSPECIFIED.,.F.,.F.,(5,5),(0.,1.),.PIECEWISE_BEZIER_KNOTS.);
#1599 = CARTESIAN_POINT('',(14.141495263542,29.698985576309));
#1600 = CARTESIAN_POINT('',(14.14268207278,29.744687374532));
#1601 = CARTESIAN_POINT('',(14.1434724886,29.790410024237));
#1602 = CARTESIAN_POINT('',(14.1438671875,29.8361501226));
#1603 = CARTESIAN_POINT('',(14.1438671875,29.881904296875));
#1604 = ( GEOMETRIC_REPRESENTATION_CONTEXT(2) 
PARAMETRIC_REPRESENTATION_CONTEXT() REPRESENTATION_CONTEXT('2D SPACE',''
  ) );
#1605 = PCURVE('',#1606,#1613);
#1606 = SURFACE_OF_LINEAR_EXTRUSION('',#1607,#1611);
#1607 = B_SPLINE_CURVE_WITH_KNOTS('',2,(#1608,#1609,#1610),
  .UNSPECIFIED.,.F.,.F.,(3,3),(0.,1.),.PIECEWISE_BEZIER_KNOTS.);
#1608 = CARTESIAN_POINT('',(254.1438671875,29.881904296875,18.2));
#1609 = CARTESIAN_POINT('',(254.1438671875,29.199775390625,18.2));
#1610 = CARTESIAN_POINT('',(254.01227539062,28.53107421875,18.2));
#1611 = VECTOR('',#1612,1.);
#1612 = DIRECTION('',(-0.,0.,-1.));
#1613 = DEFINITIONAL_REPRESENTATION('',(#1614),#1620);
#1614 = B_SPLINE_CURVE_WITH_KNOTS('',4,(#1615,#1616,#1617,#1618,#1619),
  .UNSPECIFIED.,.F.,.F.,(5,5),(0.,1.),.PIECEWISE_BEZIER_KNOTS.);
#1615 = CARTESIAN_POINT('',(0.134256701296,-1.4));
#1616 = CARTESIAN_POINT('',(0.100668547512,-1.4));
#1617 = CARTESIAN_POINT('',(6.709475818829E-02,-1.4));
#1618 = CARTESIAN_POINT('',(3.353777699197E-02,-1.4));
#1619 = CARTESIAN_POINT('',(0.,-1.4));
#1620 = ( GEOMETRIC_REPRESENTATION_CONTEXT(2) 
PARAMETRIC_REPRESENTATION_CONTEXT() REPRESENTATION_CONTEXT('2D SPACE',''
  ) );
#1621 = ORIENTED_EDGE('',*,*,#1622,.F.);
#1622 = EDGE_CURVE('',#1623,#1587,#1625,.T.);
#1623 = VERTEX_POINT('',#1624);
#1624 = CARTESIAN_POINT('',(254.1438671875,29.521904296875,19.6));
#1625 = SURFACE_CURVE('',#1626,(#1632,#1641),.PCURVE_S1.);
#1626 = B_SPLINE_CURVE_WITH_KNOTS('',4,(#1627,#1628,#1629,#1630,#1631),
  .UNSPECIFIED.,.F.,.F.,(5,5),(0.,1.),.PIECEWISE_BEZIER_KNOTS.);
#1627 = CARTESIAN_POINT('',(254.1438671875,29.521904296875,19.6));
#1628 = CARTESIAN_POINT('',(254.1438671875,29.56623118745,19.6));
#1629 = CARTESIAN_POINT('',(254.14348063688,29.610525035447,19.6));
#1630 = CARTESIAN_POINT('',(254.14269460399,29.654779791179,19.6));
#1631 = CARTESIAN_POINT('',(254.1414952346,29.6989882406,19.6));
#1632 = PCURVE('',#175,#1633);
#1633 = DEFINITIONAL_REPRESENTATION('',(#1634),#1640);
#1634 = B_SPLINE_CURVE_WITH_KNOTS('',4,(#1635,#1636,#1637,#1638,#1639),
  .UNSPECIFIED.,.F.,.F.,(5,5),(0.,1.),.PIECEWISE_BEZIER_KNOTS.);
#1635 = CARTESIAN_POINT('',(14.1438671875,29.521904296875));
#1636 = CARTESIAN_POINT('',(14.1438671875,29.56623118745));
#1637 = CARTESIAN_POINT('',(14.143480636883,29.610525035447));
#1638 = CARTESIAN_POINT('',(14.142694603998,29.654779791179));
#1639 = CARTESIAN_POINT('',(14.141495234609,29.6989882406));
#1640 = ( GEOMETRIC_REPRESENTATION_CONTEXT(2) 
PARAMETRIC_REPRESENTATION_CONTEXT() REPRESENTATION_CONTEXT('2D SPACE',''
  ) );
#1641 = PCURVE('',#1642,#1649);
#1642 = SURFACE_OF_LINEAR_EXTRUSION('',#1643,#1647);
#1643 = B_SPLINE_CURVE_WITH_KNOTS('',2,(#1644,#1645,#1646),
  .UNSPECIFIED.,.F.,.F.,(3,3),(0.,1.),.PIECEWISE_BEZIER_KNOTS.);
#1644 = CARTESIAN_POINT('',(253.40802734375,31.989921875,18.2));
#1645 = CARTESIAN_POINT('',(254.1438671875,31.101005859375,18.2));
#1646 = CARTESIAN_POINT('',(254.1438671875,29.521904296875,18.2));
#1647 = VECTOR('',#1648,1.);
#1648 = DIRECTION('',(-0.,0.,-1.));
#1649 = DEFINITIONAL_REPRESENTATION('',(#1650),#1656);
#1650 = B_SPLINE_CURVE_WITH_KNOTS('',4,(#1651,#1652,#1653,#1654,#1655),
  .UNSPECIFIED.,.F.,.F.,(5,5),(0.,1.),.PIECEWISE_BEZIER_KNOTS.);
#1651 = CARTESIAN_POINT('',(1.,-1.4));
#1652 = CARTESIAN_POINT('',(0.98596452197,-1.4));
#1653 = CARTESIAN_POINT('',(0.971824704555,-1.4));
#1654 = CARTESIAN_POINT('',(0.957578622726,-1.4));
#1655 = CARTESIAN_POINT('',(0.94322444613,-1.4));
#1656 = ( GEOMETRIC_REPRESENTATION_CONTEXT(2) 
PARAMETRIC_REPRESENTATION_CONTEXT() REPRESENTATION_CONTEXT('2D SPACE',''
  ) );
#1657 = ORIENTED_EDGE('',*,*,#1658,.F.);
#1658 = EDGE_CURVE('',#1659,#1623,#1661,.T.);
#1659 = VERTEX_POINT('',#1660);
#1660 = CARTESIAN_POINT('',(254.01227539062,28.17107421875,19.6));
#1661 = SURFACE_CURVE('',#1662,(#1671,#1683),.PCURVE_S1.);
#1662 = B_SPLINE_CURVE_WITH_KNOTS('',4,(#1663,#1664,#1665,#1666,#1667,
    #1668,#1669,#1670),.UNSPECIFIED.,.F.,.F.,(5,3,5),(0.,0.47695154575,
    1.),.UNSPECIFIED.);
#1663 = CARTESIAN_POINT('',(254.01227539062,28.17107421875,19.6));
#1664 = CARTESIAN_POINT('',(254.04360176005,28.330263320523,19.6));
#1665 = CARTESIAN_POINT('',(254.07001460208,28.490254807599,19.6));
#1666 = CARTESIAN_POINT('',(254.09144358291,28.650907782264,19.6));
#1667 = CARTESIAN_POINT('',(254.12589033567,28.988809095019,19.6));
#1668 = CARTESIAN_POINT('',(254.13789505168,29.166161417597,19.6));
#1669 = CARTESIAN_POINT('',(254.1438671875,29.34392658647,19.6));
#1670 = CARTESIAN_POINT('',(254.1438671875,29.521904296875,19.6));
#1671 = PCURVE('',#175,#1672);
#1672 = DEFINITIONAL_REPRESENTATION('',(#1673),#1682);
#1673 = B_SPLINE_CURVE_WITH_KNOTS('',4,(#1674,#1675,#1676,#1677,#1678,
    #1679,#1680,#1681),.UNSPECIFIED.,.F.,.F.,(5,3,5),(0.,0.47695154575,
    1.),.UNSPECIFIED.);
#1674 = CARTESIAN_POINT('',(14.012275390625,28.17107421875));
#1675 = CARTESIAN_POINT('',(14.04360176005,28.330263320523));
#1676 = CARTESIAN_POINT('',(14.070014602087,28.490254807599));
#1677 = CARTESIAN_POINT('',(14.091443582919,28.650907782264));
#1678 = CARTESIAN_POINT('',(14.125890335676,28.988809095019));
#1679 = CARTESIAN_POINT('',(14.13789505168,29.166161417597));
#1680 = CARTESIAN_POINT('',(14.1438671875,29.34392658647));
#1681 = CARTESIAN_POINT('',(14.1438671875,29.521904296875));
#1682 = ( GEOMETRIC_REPRESENTATION_CONTEXT(2) 
PARAMETRIC_REPRESENTATION_CONTEXT() REPRESENTATION_CONTEXT('2D SPACE',''
  ) );
#1683 = PCURVE('',#1684,#1691);
#1684 = SURFACE_OF_LINEAR_EXTRUSION('',#1685,#1689);
#1685 = B_SPLINE_CURVE_WITH_KNOTS('',2,(#1686,#1687,#1688),
  .UNSPECIFIED.,.F.,.F.,(3,3),(0.,1.),.PIECEWISE_BEZIER_KNOTS.);
#1686 = CARTESIAN_POINT('',(254.1438671875,29.521904296875,18.2));
#1687 = CARTESIAN_POINT('',(254.1438671875,28.839775390625,18.2));
#1688 = CARTESIAN_POINT('',(254.01227539062,28.17107421875,18.2));
#1689 = VECTOR('',#1690,1.);
#1690 = DIRECTION('',(-0.,0.,-1.));
#1691 = DEFINITIONAL_REPRESENTATION('',(#1692),#1701);
#1692 = B_SPLINE_CURVE_WITH_KNOTS('',4,(#1693,#1694,#1695,#1696,#1697,
    #1698,#1699,#1700),.UNSPECIFIED.,.F.,.F.,(5,3,5),(0.,0.47695154575,
    1.),.UNSPECIFIED.);
#1693 = CARTESIAN_POINT('',(1.,-1.4));
#1694 = CARTESIAN_POINT('',(0.880971420069,-1.4));
#1695 = CARTESIAN_POINT('',(0.76172220372,-1.4));
#1696 = CARTESIAN_POINT('',(0.642360889553,-1.4));
#1697 = CARTESIAN_POINT('',(0.392102995189,-1.4));
#1698 = CARTESIAN_POINT('',(0.26120596681,-1.4));
#1699 = CARTESIAN_POINT('',(0.130457534327,-1.4));
#1700 = CARTESIAN_POINT('',(0.,-1.4));
#1701 = ( GEOMETRIC_REPRESENTATION_CONTEXT(2) 
PARAMETRIC_REPRESENTATION_CONTEXT() REPRESENTATION_CONTEXT('2D SPACE',''
  ) );
#1702 = ORIENTED_EDGE('',*,*,#1703,.F.);
#1703 = EDGE_CURVE('',#1704,#1659,#1706,.T.);
#1704 = VERTEX_POINT('',#1705);
#1705 = CARTESIAN_POINT('',(253.61212890625,26.841728515625,19.6));
#1706 = SURFACE_CURVE('',#1707,(#1714,#1724),.PCURVE_S1.);
#1707 = B_SPLINE_CURVE_WITH_KNOTS('',5,(#1708,#1709,#1710,#1711,#1712,
    #1713),.UNSPECIFIED.,.F.,.F.,(6,6),(0.,1.),
  .PIECEWISE_BEZIER_KNOTS.);
#1708 = CARTESIAN_POINT('',(253.61212890625,26.841728515625,19.6));
#1709 = CARTESIAN_POINT('',(253.71774792606,27.101551304373,19.6));
#1710 = CARTESIAN_POINT('',(253.81120536141,27.364807067905,19.6));
#1711 = CARTESIAN_POINT('',(253.89180255162,27.631138548705,19.6));
#1712 = CARTESIAN_POINT('',(253.95894883179,27.900088236122,19.6));
#1713 = CARTESIAN_POINT('',(254.01227539062,28.17107421875,19.6));
#1714 = PCURVE('',#175,#1715);
#1715 = DEFINITIONAL_REPRESENTATION('',(#1716),#1723);
#1716 = B_SPLINE_CURVE_WITH_KNOTS('',5,(#1717,#1718,#1719,#1720,#1721,
    #1722),.UNSPECIFIED.,.F.,.F.,(6,6),(0.,1.),
  .PIECEWISE_BEZIER_KNOTS.);
#1717 = CARTESIAN_POINT('',(13.61212890625,26.841728515625));
#1718 = CARTESIAN_POINT('',(13.717747926066,27.101551304373));
#1719 = CARTESIAN_POINT('',(13.811205361413,27.364807067905));
#1720 = CARTESIAN_POINT('',(13.891802551629,27.631138548705));
#1721 = CARTESIAN_POINT('',(13.958948831795,27.900088236122));
#1722 = CARTESIAN_POINT('',(14.012275390625,28.17107421875));
#1723 = ( GEOMETRIC_REPRESENTATION_CONTEXT(2) 
PARAMETRIC_REPRESENTATION_CONTEXT() REPRESENTATION_CONTEXT('2D SPACE',''
  ) );
#1724 = PCURVE('',#1725,#1732);
#1725 = SURFACE_OF_LINEAR_EXTRUSION('',#1726,#1730);
#1726 = B_SPLINE_CURVE_WITH_KNOTS('',2,(#1727,#1728,#1729),
  .UNSPECIFIED.,.F.,.F.,(3,3),(0.,1.),.PIECEWISE_BEZIER_KNOTS.);
#1727 = CARTESIAN_POINT('',(254.01227539062,28.17107421875,18.2));
#1728 = CARTESIAN_POINT('',(253.88068359375,27.502373046875,18.2));
#1729 = CARTESIAN_POINT('',(253.61212890625,26.841728515625,18.2));
#1730 = VECTOR('',#1731,1.);
#1731 = DIRECTION('',(-0.,0.,-1.));
#1732 = DEFINITIONAL_REPRESENTATION('',(#1733),#1740);
#1733 = B_SPLINE_CURVE_WITH_KNOTS('',5,(#1734,#1735,#1736,#1737,#1738,
    #1739),.UNSPECIFIED.,.F.,.F.,(6,6),(0.,1.),
  .PIECEWISE_BEZIER_KNOTS.);
#1734 = CARTESIAN_POINT('',(1.,-1.4));
#1735 = CARTESIAN_POINT('',(0.80335658856,-1.4));
#1736 = CARTESIAN_POINT('',(0.604704440229,-1.4));
#1737 = CARTESIAN_POINT('',(0.404338003961,-1.4));
#1738 = CARTESIAN_POINT('',(0.202621136335,-1.4));
#1739 = CARTESIAN_POINT('',(0.,-1.4));
#1740 = ( GEOMETRIC_REPRESENTATION_CONTEXT(2) 
PARAMETRIC_REPRESENTATION_CONTEXT() REPRESENTATION_CONTEXT('2D SPACE',''
  ) );
#1741 = ORIENTED_EDGE('',*,*,#1742,.F.);
#1742 = EDGE_CURVE('',#1743,#1704,#1745,.T.);
#1743 = VERTEX_POINT('',#1744);
#1744 = CARTESIAN_POINT('',(251.6246875,26.841728515625,19.6));
#1745 = SURFACE_CURVE('',#1746,(#1750,#1756),.PCURVE_S1.);
#1746 = LINE('',#1747,#1748);
#1747 = CARTESIAN_POINT('',(246.80606445312,26.841728515625,19.6));
#1748 = VECTOR('',#1749,1.);
#1749 = DIRECTION('',(1.,-2.22044604925E-16,0.));
#1750 = PCURVE('',#175,#1751);
#1751 = DEFINITIONAL_REPRESENTATION('',(#1752),#1755);
#1752 = B_SPLINE_CURVE_WITH_KNOTS('',1,(#1753,#1754),.UNSPECIFIED.,.F.,
  .F.,(2,2),(4.818623046875,6.806064453125),.PIECEWISE_BEZIER_KNOTS.);
#1753 = CARTESIAN_POINT('',(11.6246875,26.841728515625));
#1754 = CARTESIAN_POINT('',(13.61212890625,26.841728515625));
#1755 = ( GEOMETRIC_REPRESENTATION_CONTEXT(2) 
PARAMETRIC_REPRESENTATION_CONTEXT() REPRESENTATION_CONTEXT('2D SPACE',''
  ) );
#1756 = PCURVE('',#1757,#1762);
#1757 = PLANE('',#1758);
#1758 = AXIS2_PLACEMENT_3D('',#1759,#1760,#1761);
#1759 = CARTESIAN_POINT('',(253.61212890625,26.841728515625,18.2));
#1760 = DIRECTION('',(-2.22044604925E-16,-1.,0.));
#1761 = DIRECTION('',(-1.,2.22044604925E-16,0.));
#1762 = DEFINITIONAL_REPRESENTATION('',(#1763),#1766);
#1763 = B_SPLINE_CURVE_WITH_KNOTS('',1,(#1764,#1765),.UNSPECIFIED.,.F.,
  .F.,(2,2),(4.818623046875,6.806064453125),.PIECEWISE_BEZIER_KNOTS.);
#1764 = CARTESIAN_POINT('',(1.98744140625,-1.4));
#1765 = CARTESIAN_POINT('',(0.,-1.4));
#1766 = ( GEOMETRIC_REPRESENTATION_CONTEXT(2) 
PARAMETRIC_REPRESENTATION_CONTEXT() REPRESENTATION_CONTEXT('2D SPACE',''
  ) );
#1767 = ORIENTED_EDGE('',*,*,#1768,.F.);
#1768 = EDGE_CURVE('',#1769,#1743,#1771,.T.);
#1769 = VERTEX_POINT('',#1770);
#1770 = CARTESIAN_POINT('',(251.81963755203,27.201728515625,19.6));
#1771 = SURFACE_CURVE('',#1772,(#1778,#1787),.PCURVE_S1.);
#1772 = B_SPLINE_CURVE_WITH_KNOTS('',4,(#1773,#1774,#1775,#1776,#1777),
  .UNSPECIFIED.,.F.,.F.,(5,5),(0.,1.),.PIECEWISE_BEZIER_KNOTS.);
#1773 = CARTESIAN_POINT('',(251.81963794034,27.201729279501,19.6));
#1774 = CARTESIAN_POINT('',(251.77367463642,27.11131041383,19.6));
#1775 = CARTESIAN_POINT('',(251.72577599437,27.021155515624,19.6));
#1776 = CARTESIAN_POINT('',(251.67607525084,26.931290024231,19.6));
#1777 = CARTESIAN_POINT('',(251.6246875,26.841728515625,19.6));
#1778 = PCURVE('',#175,#1779);
#1779 = DEFINITIONAL_REPRESENTATION('',(#1780),#1786);
#1780 = B_SPLINE_CURVE_WITH_KNOTS('',4,(#1781,#1782,#1783,#1784,#1785),
  .UNSPECIFIED.,.F.,.F.,(5,5),(0.,1.),.PIECEWISE_BEZIER_KNOTS.);
#1781 = CARTESIAN_POINT('',(11.819637940341,27.201729279501));
#1782 = CARTESIAN_POINT('',(11.773674636422,27.11131041383));
#1783 = CARTESIAN_POINT('',(11.725775994379,27.021155515624));
#1784 = CARTESIAN_POINT('',(11.67607525084,26.931290024231));
#1785 = CARTESIAN_POINT('',(11.6246875,26.841728515625));
#1786 = ( GEOMETRIC_REPRESENTATION_CONTEXT(2) 
PARAMETRIC_REPRESENTATION_CONTEXT() REPRESENTATION_CONTEXT('2D SPACE',''
  ) );
#1787 = PCURVE('',#1788,#1795);
#1788 = SURFACE_OF_LINEAR_EXTRUSION('',#1789,#1793);
#1789 = B_SPLINE_CURVE_WITH_KNOTS('',2,(#1790,#1791,#1792),
  .UNSPECIFIED.,.F.,.F.,(3,3),(0.,1.),.PIECEWISE_BEZIER_KNOTS.);
#1790 = CARTESIAN_POINT('',(251.6246875,26.841728515625,18.2));
#1791 = CARTESIAN_POINT('',(252.0006640625,27.497001953125,18.2));
#1792 = CARTESIAN_POINT('',(252.18865234375,28.08513671875,18.2));
#1793 = VECTOR('',#1794,1.);
#1794 = DIRECTION('',(-0.,0.,-1.));
#1795 = DEFINITIONAL_REPRESENTATION('',(#1796),#1802);
#1796 = B_SPLINE_CURVE_WITH_KNOTS('',4,(#1797,#1798,#1799,#1800,#1801),
  .UNSPECIFIED.,.F.,.F.,(5,5),(0.,1.),.PIECEWISE_BEZIER_KNOTS.);
#1797 = CARTESIAN_POINT('',(0.27867349688,-1.4));
#1798 = CARTESIAN_POINT('',(0.207652426977,-1.4));
#1799 = CARTESIAN_POINT('',(0.137548023883,-1.4));
#1800 = CARTESIAN_POINT('',(6.83390348829E-02,-1.4));
#1801 = CARTESIAN_POINT('',(0.,-1.4));
#1802 = ( GEOMETRIC_REPRESENTATION_CONTEXT(2) 
PARAMETRIC_REPRESENTATION_CONTEXT() REPRESENTATION_CONTEXT('2D SPACE',''
  ) );
#1803 = ORIENTED_EDGE('',*,*,#1804,.F.);
#1804 = EDGE_CURVE('',#1805,#1769,#1807,.T.);
#1805 = VERTEX_POINT('',#1806);
#1806 = CARTESIAN_POINT('',(251.6246875,27.201728515625,19.6));
#1807 = SURFACE_CURVE('',#1808,(#1812,#1818),.PCURVE_S1.);
#1808 = LINE('',#1809,#1810);
#1809 = CARTESIAN_POINT('',(246.62606445312,27.201728515625,19.6));
#1810 = VECTOR('',#1811,1.);
#1811 = DIRECTION('',(1.,-2.22044604925E-16,0.));
#1812 = PCURVE('',#175,#1813);
#1813 = DEFINITIONAL_REPRESENTATION('',(#1814),#1817);
#1814 = B_SPLINE_CURVE_WITH_KNOTS('',1,(#1815,#1816),.UNSPECIFIED.,.F.,
  .F.,(2,2),(4.998623046875,5.193573098908),.PIECEWISE_BEZIER_KNOTS.);
#1815 = CARTESIAN_POINT('',(11.6246875,27.201728515625));
#1816 = CARTESIAN_POINT('',(11.819637552033,27.201728515625));
#1817 = ( GEOMETRIC_REPRESENTATION_CONTEXT(2) 
PARAMETRIC_REPRESENTATION_CONTEXT() REPRESENTATION_CONTEXT('2D SPACE',''
  ) );
#1818 = PCURVE('',#1819,#1824);
#1819 = PLANE('',#1820);
#1820 = AXIS2_PLACEMENT_3D('',#1821,#1822,#1823);
#1821 = CARTESIAN_POINT('',(253.25212890625,27.201728515625,18.2));
#1822 = DIRECTION('',(-2.22044604925E-16,-1.,0.));
#1823 = DIRECTION('',(-1.,2.22044604925E-16,0.));
#1824 = DEFINITIONAL_REPRESENTATION('',(#1825),#1828);
#1825 = B_SPLINE_CURVE_WITH_KNOTS('',1,(#1826,#1827),.UNSPECIFIED.,.F.,
  .F.,(2,2),(4.998623046875,5.193573098908),.PIECEWISE_BEZIER_KNOTS.);
#1826 = CARTESIAN_POINT('',(1.62744140625,-1.4));
#1827 = CARTESIAN_POINT('',(1.432491354217,-1.4));
#1828 = ( GEOMETRIC_REPRESENTATION_CONTEXT(2) 
PARAMETRIC_REPRESENTATION_CONTEXT() REPRESENTATION_CONTEXT('2D SPACE',''
  ) );
#1829 = ORIENTED_EDGE('',*,*,#1830,.F.);
#1830 = EDGE_CURVE('',#1831,#1805,#1833,.T.);
#1831 = VERTEX_POINT('',#1832);
#1832 = CARTESIAN_POINT('',(252.18865234375,28.44513671875,19.6));
#1833 = SURFACE_CURVE('',#1834,(#1842,#1853),.PCURVE_S1.);
#1834 = B_SPLINE_CURVE_WITH_KNOTS('',6,(#1835,#1836,#1837,#1838,#1839,
    #1840,#1841),.UNSPECIFIED.,.F.,.F.,(7,7),(0.,1.),
  .PIECEWISE_BEZIER_KNOTS.);
#1835 = CARTESIAN_POINT('',(252.18865234375,28.44513671875,19.6));
#1836 = CARTESIAN_POINT('',(252.12180537257,28.236001194633,19.6));
#1837 = CARTESIAN_POINT('',(252.04239416816,28.027084277001,19.6));
#1838 = CARTESIAN_POINT('',(251.95178825017,27.818903649278,19.6));
#1839 = CARTESIAN_POINT('',(251.851268012,27.611825621379,19.6));
#1840 = CARTESIAN_POINT('',(251.74193446136,27.406073219712,19.6));
#1841 = CARTESIAN_POINT('',(251.6246875,27.201728515625,19.6));
#1842 = PCURVE('',#175,#1843);
#1843 = DEFINITIONAL_REPRESENTATION('',(#1844),#1852);
#1844 = B_SPLINE_CURVE_WITH_KNOTS('',6,(#1845,#1846,#1847,#1848,#1849,
    #1850,#1851),.UNSPECIFIED.,.F.,.F.,(7,7),(0.,1.),
  .PIECEWISE_BEZIER_KNOTS.);
#1845 = CARTESIAN_POINT('',(12.18865234375,28.44513671875));
#1846 = CARTESIAN_POINT('',(12.121805372571,28.236001194633));
#1847 = CARTESIAN_POINT('',(12.042394168161,28.027084277001));
#1848 = CARTESIAN_POINT('',(11.951788250177,27.818903649278));
#1849 = CARTESIAN_POINT('',(11.851268012003,27.611825621379));
#1850 = CARTESIAN_POINT('',(11.741934461362,27.406073219712));
#1851 = CARTESIAN_POINT('',(11.6246875,27.201728515625));
#1852 = ( GEOMETRIC_REPRESENTATION_CONTEXT(2) 
PARAMETRIC_REPRESENTATION_CONTEXT() REPRESENTATION_CONTEXT('2D SPACE',''
  ) );
#1853 = PCURVE('',#1854,#1861);
#1854 = SURFACE_OF_LINEAR_EXTRUSION('',#1855,#1859);
#1855 = B_SPLINE_CURVE_WITH_KNOTS('',2,(#1856,#1857,#1858),
  .UNSPECIFIED.,.F.,.F.,(3,3),(0.,1.),.PIECEWISE_BEZIER_KNOTS.);
#1856 = CARTESIAN_POINT('',(251.6246875,27.201728515625,18.2));
#1857 = CARTESIAN_POINT('',(252.0006640625,27.857001953125,18.2));
#1858 = CARTESIAN_POINT('',(252.18865234375,28.44513671875,18.2));
#1859 = VECTOR('',#1860,1.);
#1860 = DIRECTION('',(-0.,0.,-1.));
#1861 = DEFINITIONAL_REPRESENTATION('',(#1862),#1870);
#1862 = B_SPLINE_CURVE_WITH_KNOTS('',6,(#1863,#1864,#1865,#1866,#1867,
    #1868,#1869),.UNSPECIFIED.,.F.,.F.,(7,7),(0.,1.),
  .PIECEWISE_BEZIER_KNOTS.);
#1863 = CARTESIAN_POINT('',(1.,-1.4));
#1864 = CARTESIAN_POINT('',(0.822204419514,-1.4));
#1865 = CARTESIAN_POINT('',(0.648925027052,-1.4));
#1866 = CARTESIAN_POINT('',(0.480189240537,-1.4));
#1867 = CARTESIAN_POINT('',(0.315909752754,-1.4));
#1868 = CARTESIAN_POINT('',(0.155923231733,-1.4));
#1869 = CARTESIAN_POINT('',(0.,-1.4));
#1870 = ( GEOMETRIC_REPRESENTATION_CONTEXT(2) 
PARAMETRIC_REPRESENTATION_CONTEXT() REPRESENTATION_CONTEXT('2D SPACE',''
  ) );
#1871 = ORIENTED_EDGE('',*,*,#1872,.F.);
#1872 = EDGE_CURVE('',#1873,#1831,#1875,.T.);
#1873 = VERTEX_POINT('',#1874);
#1874 = CARTESIAN_POINT('',(252.37111878467,29.373712129744,19.6));
#1875 = SURFACE_CURVE('',#1876,(#1884,#1895),.PCURVE_S1.);
#1876 = B_SPLINE_CURVE_WITH_KNOTS('',6,(#1877,#1878,#1879,#1880,#1881,
    #1882,#1883),.UNSPECIFIED.,.F.,.F.,(7,7),(0.,1.),
  .PIECEWISE_BEZIER_KNOTS.);
#1877 = CARTESIAN_POINT('',(252.37111882334,29.373712768747,19.6));
#1878 = CARTESIAN_POINT('',(252.36186544917,29.220774503916,19.6));
#1879 = CARTESIAN_POINT('',(252.34343292101,29.066577567513,19.6));
#1880 = CARTESIAN_POINT('',(252.31630935637,28.911571744467,19.6));
#1881 = CARTESIAN_POINT('',(252.28107930812,28.756137987892,19.6));
#1882 = CARTESIAN_POINT('',(252.23833836829,28.600582995548,19.6));
#1883 = CARTESIAN_POINT('',(252.18865234375,28.44513671875,19.6));
#1884 = PCURVE('',#175,#1885);
#1885 = DEFINITIONAL_REPRESENTATION('',(#1886),#1894);
#1886 = B_SPLINE_CURVE_WITH_KNOTS('',6,(#1887,#1888,#1889,#1890,#1891,
    #1892,#1893),.UNSPECIFIED.,.F.,.F.,(7,7),(0.,1.),
  .PIECEWISE_BEZIER_KNOTS.);
#1887 = CARTESIAN_POINT('',(12.371118823341,29.373712768747));
#1888 = CARTESIAN_POINT('',(12.361865449174,29.220774503916));
#1889 = CARTESIAN_POINT('',(12.343432921011,29.066577567513));
#1890 = CARTESIAN_POINT('',(12.316309356374,28.911571744467));
#1891 = CARTESIAN_POINT('',(12.281079308123,28.756137987892));
#1892 = CARTESIAN_POINT('',(12.238338368297,28.600582995548));
#1893 = CARTESIAN_POINT('',(12.18865234375,28.44513671875));
#1894 = ( GEOMETRIC_REPRESENTATION_CONTEXT(2) 
PARAMETRIC_REPRESENTATION_CONTEXT() REPRESENTATION_CONTEXT('2D SPACE',''
  ) );
#1895 = PCURVE('',#1896,#1903);
#1896 = SURFACE_OF_LINEAR_EXTRUSION('',#1897,#1901);
#1897 = B_SPLINE_CURVE_WITH_KNOTS('',2,(#1898,#1899,#1900),
  .UNSPECIFIED.,.F.,.F.,(3,3),(0.,1.),.PIECEWISE_BEZIER_KNOTS.);
#1898 = CARTESIAN_POINT('',(252.18865234375,28.44513671875,18.2));
#1899 = CARTESIAN_POINT('',(252.376640625,29.033271484375,18.2));
#1900 = CARTESIAN_POINT('',(252.376640625,29.554267578125,18.2));
#1901 = VECTOR('',#1902,1.);
#1902 = DIRECTION('',(-0.,0.,-1.));
#1903 = DEFINITIONAL_REPRESENTATION('',(#1904),#1912);
#1904 = B_SPLINE_CURVE_WITH_KNOTS('',6,(#1905,#1906,#1907,#1908,#1909,
    #1910,#1911),.UNSPECIFIED.,.F.,.F.,(7,7),(0.,1.),
  .PIECEWISE_BEZIER_KNOTS.);
#1905 = CARTESIAN_POINT('',(0.828614130222,-1.4));
#1906 = CARTESIAN_POINT('',(0.685010857436,-1.4));
#1907 = CARTESIAN_POINT('',(0.543345792762,-1.4));
#1908 = CARTESIAN_POINT('',(0.403883292545,-1.4));
#1909 = CARTESIAN_POINT('',(0.266788602011,-1.4));
#1910 = CARTESIAN_POINT('',(0.132151919835,-1.4));
#1911 = CARTESIAN_POINT('',(0.,-1.4));
#1912 = ( GEOMETRIC_REPRESENTATION_CONTEXT(2) 
PARAMETRIC_REPRESENTATION_CONTEXT() REPRESENTATION_CONTEXT('2D SPACE',''
  ) );
#1913 = ORIENTED_EDGE('',*,*,#1914,.F.);
#1914 = EDGE_CURVE('',#1915,#1873,#1917,.T.);
#1915 = VERTEX_POINT('',#1916);
#1916 = CARTESIAN_POINT('',(252.00872070312,30.37859375,19.6));
#1917 = SURFACE_CURVE('',#1918,(#1931,#1947),.PCURVE_S1.);
#1918 = B_SPLINE_CURVE_WITH_KNOTS('',6,(#1919,#1920,#1921,#1922,#1923,
    #1924,#1925,#1926,#1927,#1928,#1929,#1930),.UNSPECIFIED.,.F.,.F.,(7,
    5,7),(0.,0.48355924821,1.),.UNSPECIFIED.);
#1919 = CARTESIAN_POINT('',(252.00872070312,30.37859375,19.6));
#1920 = CARTESIAN_POINT('',(252.06351593197,30.314199356978,19.6));
#1921 = CARTESIAN_POINT('',(252.11339812743,30.245571159996,19.6));
#1922 = CARTESIAN_POINT('',(252.15812644928,30.173004007232,19.6));
#1923 = CARTESIAN_POINT('',(252.19764447712,30.0968751481,19.6));
#1924 = CARTESIAN_POINT('',(252.23203375931,30.017612073708,19.6));
#1925 = CARTESIAN_POINT('',(252.29290241769,29.848136013215,19.6));
#1926 = CARTESIAN_POINT('',(252.31868955911,29.757532283658,19.6));
#1927 = CARTESIAN_POINT('',(252.33905107685,29.664352763242,19.6));
#1928 = CARTESIAN_POINT('',(252.35433015597,29.569069849971,19.6));
#1929 = CARTESIAN_POINT('',(252.36489834285,29.472084644153,19.6));
#1930 = CARTESIAN_POINT('',(252.37111883876,29.373711274381,19.6));
#1931 = PCURVE('',#175,#1932);
#1932 = DEFINITIONAL_REPRESENTATION('',(#1933),#1946);
#1933 = B_SPLINE_CURVE_WITH_KNOTS('',6,(#1934,#1935,#1936,#1937,#1938,
    #1939,#1940,#1941,#1942,#1943,#1944,#1945),.UNSPECIFIED.,.F.,.F.,(7,
    5,7),(0.,0.48355924821,1.),.UNSPECIFIED.);
#1934 = CARTESIAN_POINT('',(12.008720703125,30.37859375));
#1935 = CARTESIAN_POINT('',(12.06351593197,30.314199356978));
#1936 = CARTESIAN_POINT('',(12.113398127434,30.245571159996));
#1937 = CARTESIAN_POINT('',(12.158126449289,30.173004007232));
#1938 = CARTESIAN_POINT('',(12.197644477121,30.0968751481));
#1939 = CARTESIAN_POINT('',(12.232033759312,30.017612073708));
#1940 = CARTESIAN_POINT('',(12.292902417696,29.848136013215));
#1941 = CARTESIAN_POINT('',(12.318689559114,29.757532283658));
#1942 = CARTESIAN_POINT('',(12.339051076852,29.664352763242));
#1943 = CARTESIAN_POINT('',(12.354330155971,29.569069849971));
#1944 = CARTESIAN_POINT('',(12.364898342859,29.472084644153));
#1945 = CARTESIAN_POINT('',(12.371118838766,29.373711274381));
#1946 = ( GEOMETRIC_REPRESENTATION_CONTEXT(2) 
PARAMETRIC_REPRESENTATION_CONTEXT() REPRESENTATION_CONTEXT('2D SPACE',''
  ) );
#1947 = PCURVE('',#1948,#1955);
#1948 = SURFACE_OF_LINEAR_EXTRUSION('',#1949,#1953);
#1949 = B_SPLINE_CURVE_WITH_KNOTS('',2,(#1950,#1951,#1952),
  .UNSPECIFIED.,.F.,.F.,(3,3),(0.,1.),.PIECEWISE_BEZIER_KNOTS.);
#1950 = CARTESIAN_POINT('',(252.376640625,29.194267578125,18.2));
#1951 = CARTESIAN_POINT('',(252.376640625,29.946220703125,18.2));
#1952 = CARTESIAN_POINT('',(252.00872070312,30.37859375,18.2));
#1953 = VECTOR('',#1954,1.);
#1954 = DIRECTION('',(-0.,0.,-1.));
#1955 = DEFINITIONAL_REPRESENTATION('',(#1956),#1969);
#1956 = B_SPLINE_CURVE_WITH_KNOTS('',6,(#1957,#1958,#1959,#1960,#1961,
    #1962,#1963,#1964,#1965,#1966,#1967,#1968),.UNSPECIFIED.,.F.,.F.,(7,
    5,7),(0.,0.48355924821,1.),.UNSPECIFIED.);
#1957 = CARTESIAN_POINT('',(1.,-1.4));
#1958 = CARTESIAN_POINT('',(0.925533756686,-1.4));
#1959 = CARTESIAN_POINT('',(0.851089935904,-1.4));
#1960 = CARTESIAN_POINT('',(0.777003694957,-1.4));
#1961 = CARTESIAN_POINT('',(0.703558467023,-1.4));
#1962 = CARTESIAN_POINT('',(0.630991405923,-1.4));
#1963 = CARTESIAN_POINT('',(0.483144838426,-1.4));
#1964 = CARTESIAN_POINT('',(0.408005327967,-1.4));
#1965 = CARTESIAN_POINT('',(0.334286768551,-1.4));
#1966 = CARTESIAN_POINT('',(0.262105060322,-1.4));
#1967 = CARTESIAN_POINT('',(0.191512314397,-1.4));
#1968 = CARTESIAN_POINT('',(0.122507631262,-1.4));
#1969 = ( GEOMETRIC_REPRESENTATION_CONTEXT(2) 
PARAMETRIC_REPRESENTATION_CONTEXT() REPRESENTATION_CONTEXT('2D SPACE',''
  ) );
#1970 = ORIENTED_EDGE('',*,*,#1971,.F.);
#1971 = EDGE_CURVE('',#1972,#1915,#1974,.T.);
#1972 = VERTEX_POINT('',#1973);
#1973 = CARTESIAN_POINT('',(251.19167970277,30.80160520881,19.6));
#1974 = SURFACE_CURVE('',#1975,(#1986,#2000),.PCURVE_S1.);
#1975 = B_SPLINE_CURVE_WITH_KNOTS('',5,(#1976,#1977,#1978,#1979,#1980,
    #1981,#1982,#1983,#1984,#1985),.UNSPECIFIED.,.F.,.F.,(6,4,6),(0.,
    0.582167016931,1.),.UNSPECIFIED.);
#1976 = CARTESIAN_POINT('',(251.19167899466,30.801605285156,19.6));
#1977 = CARTESIAN_POINT('',(251.30429645184,30.78946323946,19.6));
#1978 = CARTESIAN_POINT('',(251.41384982546,30.767168660842,19.6));
#1979 = CARTESIAN_POINT('',(251.5190957751,30.733793379575,19.6));
#1980 = CARTESIAN_POINT('',(251.61872921285,30.688816197612,19.6));
#1981 = CARTESIAN_POINT('',(251.7784608036,30.592714317916,19.6));
#1982 = CARTESIAN_POINT('',(251.84180223108,30.546895798169,19.6));
#1983 = CARTESIAN_POINT('',(251.90137386432,30.495631528164,19.6));
#1984 = CARTESIAN_POINT('',(251.95701972563,30.439351833035,19.6));
#1985 = CARTESIAN_POINT('',(252.00872070312,30.37859375,19.6));
#1986 = PCURVE('',#175,#1987);
#1987 = DEFINITIONAL_REPRESENTATION('',(#1988),#1999);
#1988 = B_SPLINE_CURVE_WITH_KNOTS('',5,(#1989,#1990,#1991,#1992,#1993,
    #1994,#1995,#1996,#1997,#1998),.UNSPECIFIED.,.F.,.F.,(6,4,6),(0.,
    0.582167016931,1.),.UNSPECIFIED.);
#1989 = CARTESIAN_POINT('',(11.191678994666,30.801605285156));
#1990 = CARTESIAN_POINT('',(11.304296451845,30.78946323946));
#1991 = CARTESIAN_POINT('',(11.41384982546,30.767168660842));
#1992 = CARTESIAN_POINT('',(11.519095775102,30.733793379575));
#1993 = CARTESIAN_POINT('',(11.618729212858,30.688816197612));
#1994 = CARTESIAN_POINT('',(11.778460803602,30.592714317916));
#1995 = CARTESIAN_POINT('',(11.841802231081,30.546895798169));
#1996 = CARTESIAN_POINT('',(11.90137386432,30.495631528164));
#1997 = CARTESIAN_POINT('',(11.957019725635,30.439351833035));
#1998 = CARTESIAN_POINT('',(12.008720703125,30.37859375));
#1999 = ( GEOMETRIC_REPRESENTATION_CONTEXT(2) 
PARAMETRIC_REPRESENTATION_CONTEXT() REPRESENTATION_CONTEXT('2D SPACE',''
  ) );
#2000 = PCURVE('',#2001,#2008);
#2001 = SURFACE_OF_LINEAR_EXTRUSION('',#2002,#2006);
#2002 = B_SPLINE_CURVE_WITH_KNOTS('',2,(#2003,#2004,#2005),
  .UNSPECIFIED.,.F.,.F.,(3,3),(0.,1.),.PIECEWISE_BEZIER_KNOTS.);
#2003 = CARTESIAN_POINT('',(252.00872070312,30.37859375,18.2));
#2004 = CARTESIAN_POINT('',(251.64080078125,30.810966796875,18.2));
#2005 = CARTESIAN_POINT('',(251.0123828125,30.810966796875,18.2));
#2006 = VECTOR('',#2007,1.);
#2007 = DIRECTION('',(-0.,0.,-1.));
#2008 = DEFINITIONAL_REPRESENTATION('',(#2009),#2020);
#2009 = B_SPLINE_CURVE_WITH_KNOTS('',5,(#2010,#2011,#2012,#2013,#2014,
    #2015,#2016,#2017,#2018,#2019),.UNSPECIFIED.,.F.,.F.,(6,4,6),(0.,
    0.582167016931,1.),.UNSPECIFIED.);
#2010 = CARTESIAN_POINT('',(0.852855617751,-1.4));
#2011 = CARTESIAN_POINT('',(0.757431189159,-1.4));
#2012 = CARTESIAN_POINT('',(0.659577915415,-1.4));
#2013 = CARTESIAN_POINT('',(0.559840125768,-1.4));
#2014 = CARTESIAN_POINT('',(0.459006367197,-1.4));
#2015 = CARTESIAN_POINT('',(0.285848141448,-1.4));
#2016 = CARTESIAN_POINT('',(0.213486768379,-1.4));
#2017 = CARTESIAN_POINT('',(0.141514319797,-1.4));
#2018 = CARTESIAN_POINT('',(7.026118241448E-02,-1.4));
#2019 = CARTESIAN_POINT('',(0.,-1.4));
#2020 = ( GEOMETRIC_REPRESENTATION_CONTEXT(2) 
PARAMETRIC_REPRESENTATION_CONTEXT() REPRESENTATION_CONTEXT('2D SPACE',''
  ) );
#2021 = ORIENTED_EDGE('',*,*,#2022,.F.);
#2022 = EDGE_CURVE('',#2023,#1972,#2025,.T.);
#2023 = VERTEX_POINT('',#2024);
#2024 = CARTESIAN_POINT('',(250.373359375,30.37859375,19.6));
#2025 = SURFACE_CURVE('',#2026,(#2039,#2055),.PCURVE_S1.);
#2026 = B_SPLINE_CURVE_WITH_KNOTS('',6,(#2027,#2028,#2029,#2030,#2031,
    #2032,#2033,#2034,#2035,#2036,#2037,#2038),.UNSPECIFIED.,.F.,.F.,(7,
    5,7),(0.,0.399386248833,1.),.UNSPECIFIED.);
#2027 = CARTESIAN_POINT('',(250.373359375,30.37859375,19.6));
#2028 = CARTESIAN_POINT('',(250.41434660855,30.427115401484,19.6));
#2029 = CARTESIAN_POINT('',(250.45779701365,30.472883614767,19.6));
#2030 = CARTESIAN_POINT('',(250.50370074832,30.515661689252,19.6));
#2031 = CARTESIAN_POINT('',(250.5520077282,30.555244536712,19.6));
#2032 = CARTESIAN_POINT('',(250.60261702764,30.591472806857,19.6));
#2033 = CARTESIAN_POINT('',(250.73469281468,30.673534235194,19.6));
#2034 = CARTESIAN_POINT('',(250.81889019139,30.715029429943,19.6));
#2035 = CARTESIAN_POINT('',(250.90738545529,30.748364541512,19.6));
#2036 = CARTESIAN_POINT('',(250.9994922748,30.773629746539,19.6));
#2037 = CARTESIAN_POINT('',(251.09448920255,30.791200251542,19.6));
#2038 = CARTESIAN_POINT('',(251.19168041589,30.801605285156,19.6));
#2039 = PCURVE('',#175,#2040);
#2040 = DEFINITIONAL_REPRESENTATION('',(#2041),#2054);
#2041 = B_SPLINE_CURVE_WITH_KNOTS('',6,(#2042,#2043,#2044,#2045,#2046,
    #2047,#2048,#2049,#2050,#2051,#2052,#2053),.UNSPECIFIED.,.F.,.F.,(7,
    5,7),(0.,0.399386248833,1.),.UNSPECIFIED.);
#2042 = CARTESIAN_POINT('',(10.373359375,30.37859375));
#2043 = CARTESIAN_POINT('',(10.414346608552,30.427115401484));
#2044 = CARTESIAN_POINT('',(10.45779701365,30.472883614767));
#2045 = CARTESIAN_POINT('',(10.503700748322,30.515661689252));
#2046 = CARTESIAN_POINT('',(10.552007728206,30.555244536712));
#2047 = CARTESIAN_POINT('',(10.602617027647,30.591472806857));
#2048 = CARTESIAN_POINT('',(10.734692814685,30.673534235194));
#2049 = CARTESIAN_POINT('',(10.818890191397,30.715029429943));
#2050 = CARTESIAN_POINT('',(10.907385455298,30.748364541512));
#2051 = CARTESIAN_POINT('',(10.999492274806,30.773629746539));
#2052 = CARTESIAN_POINT('',(11.094489202556,30.791200251542));
#2053 = CARTESIAN_POINT('',(11.191680415897,30.801605285156));
#2054 = ( GEOMETRIC_REPRESENTATION_CONTEXT(2) 
PARAMETRIC_REPRESENTATION_CONTEXT() REPRESENTATION_CONTEXT('2D SPACE',''
  ) );
#2055 = PCURVE('',#2056,#2063);
#2056 = SURFACE_OF_LINEAR_EXTRUSION('',#2057,#2061);
#2057 = B_SPLINE_CURVE_WITH_KNOTS('',2,(#2058,#2059,#2060),
  .UNSPECIFIED.,.F.,.F.,(3,3),(0.,1.),.PIECEWISE_BEZIER_KNOTS.);
#2058 = CARTESIAN_POINT('',(251.3723828125,30.810966796875,18.2));
#2059 = CARTESIAN_POINT('',(250.73859375,30.810966796875,18.2));
#2060 = CARTESIAN_POINT('',(250.373359375,30.37859375,18.2));
#2061 = VECTOR('',#2062,1.);
#2062 = DIRECTION('',(-0.,0.,-1.));
#2063 = DEFINITIONAL_REPRESENTATION('',(#2064),#2077);
#2064 = B_SPLINE_CURVE_WITH_KNOTS('',6,(#2065,#2066,#2067,#2068,#2069,
    #2070,#2071,#2072,#2073,#2074,#2075,#2076),.UNSPECIFIED.,.F.,.F.,(7,
    5,7),(0.,0.399386248833,1.),.UNSPECIFIED.);
#2065 = CARTESIAN_POINT('',(1.,-1.4));
#2066 = CARTESIAN_POINT('',(0.943889134817,-1.4));
#2067 = CARTESIAN_POINT('',(0.887184253794,-1.4));
#2068 = CARTESIAN_POINT('',(0.8300091055,-1.4));
#2069 = CARTESIAN_POINT('',(0.772503695785,-1.4));
#2070 = CARTESIAN_POINT('',(0.714825727741,-1.4));
#2071 = CARTESIAN_POINT('',(0.570419939496,-1.4));
#2072 = CARTESIAN_POINT('',(0.483663322739,-1.4));
#2073 = CARTESIAN_POINT('',(0.397514548167,-1.4));
#2074 = CARTESIAN_POINT('',(0.312470880001,-1.4));
#2075 = CARTESIAN_POINT('',(0.228917619806,-1.4));
#2076 = CARTESIAN_POINT('',(0.147144382249,-1.4));
#2077 = ( GEOMETRIC_REPRESENTATION_CONTEXT(2) 
PARAMETRIC_REPRESENTATION_CONTEXT() REPRESENTATION_CONTEXT('2D SPACE',''
  ) );
#2078 = ORIENTED_EDGE('',*,*,#2079,.F.);
#2079 = EDGE_CURVE('',#2080,#2023,#2082,.T.);
#2080 = VERTEX_POINT('',#2081);
#2081 = CARTESIAN_POINT('',(250.01313417676,29.366008378131,19.6));
#2082 = SURFACE_CURVE('',#2083,(#2096,#2112),.PCURVE_S1.);
#2083 = B_SPLINE_CURVE_WITH_KNOTS('',6,(#2084,#2085,#2086,#2087,#2088,
    #2089,#2090,#2091,#2092,#2093,#2094,#2095),.UNSPECIFIED.,.F.,.F.,(7,
    5,7),(0.,0.518834023918,1.),.UNSPECIFIED.);
#2084 = CARTESIAN_POINT('',(250.01313412544,29.366007520698,19.6));
#2085 = CARTESIAN_POINT('',(250.01909202013,29.465535386681,19.6));
#2086 = CARTESIAN_POINT('',(250.02944064118,29.563664059881,19.6));
#2087 = CARTESIAN_POINT('',(250.04455254613,29.660075241026,19.6));
#2088 = CARTESIAN_POINT('',(250.06481093602,29.754359767143,19.6));
#2089 = CARTESIAN_POINT('',(250.09057257691,29.846033421095,19.6));
#2090 = CARTESIAN_POINT('',(250.15128496701,30.016694778802,19.6));
#2091 = CARTESIAN_POINT('',(250.18543664456,30.09613085354,19.6));
#2092 = CARTESIAN_POINT('',(250.22470495434,30.17244138456,19.6));
#2093 = CARTESIAN_POINT('',(250.26917818612,30.245196361407,19.6));
#2094 = CARTESIAN_POINT('',(250.31880752948,30.314013991708,19.6));
#2095 = CARTESIAN_POINT('',(250.373359375,30.37859375,19.6));
#2096 = PCURVE('',#175,#2097);
#2097 = DEFINITIONAL_REPRESENTATION('',(#2098),#2111);
#2098 = B_SPLINE_CURVE_WITH_KNOTS('',6,(#2099,#2100,#2101,#2102,#2103,
    #2104,#2105,#2106,#2107,#2108,#2109,#2110),.UNSPECIFIED.,.F.,.F.,(7,
    5,7),(0.,0.518834023918,1.),.UNSPECIFIED.);
#2099 = CARTESIAN_POINT('',(10.013134125441,29.366007520698));
#2100 = CARTESIAN_POINT('',(10.019092020137,29.465535386681));
#2101 = CARTESIAN_POINT('',(10.029440641186,29.563664059881));
#2102 = CARTESIAN_POINT('',(10.044552546136,29.660075241026));
#2103 = CARTESIAN_POINT('',(10.064810936024,29.754359767143));
#2104 = CARTESIAN_POINT('',(10.090572576912,29.846033421095));
#2105 = CARTESIAN_POINT('',(10.151284967018,30.016694778802));
#2106 = CARTESIAN_POINT('',(10.185436644569,30.09613085354));
#2107 = CARTESIAN_POINT('',(10.224704954348,30.17244138456));
#2108 = CARTESIAN_POINT('',(10.269178186125,30.245196361407));
#2109 = CARTESIAN_POINT('',(10.318807529486,30.314013991708));
#2110 = CARTESIAN_POINT('',(10.373359375,30.37859375));
#2111 = ( GEOMETRIC_REPRESENTATION_CONTEXT(2) 
PARAMETRIC_REPRESENTATION_CONTEXT() REPRESENTATION_CONTEXT('2D SPACE',''
  ) );
#2112 = PCURVE('',#2113,#2120);
#2113 = SURFACE_OF_LINEAR_EXTRUSION('',#2114,#2118);
#2114 = B_SPLINE_CURVE_WITH_KNOTS('',2,(#2115,#2116,#2117),
  .UNSPECIFIED.,.F.,.F.,(3,3),(0.,1.),.PIECEWISE_BEZIER_KNOTS.);
#2115 = CARTESIAN_POINT('',(250.373359375,30.37859375,18.2));
#2116 = CARTESIAN_POINT('',(250.008125,29.946220703125,18.2));
#2117 = CARTESIAN_POINT('',(250.008125,29.194267578125,18.2));
#2118 = VECTOR('',#2119,1.);
#2119 = DIRECTION('',(-0.,0.,-1.));
#2120 = DEFINITIONAL_REPRESENTATION('',(#2121),#2134);
#2121 = B_SPLINE_CURVE_WITH_KNOTS('',6,(#2122,#2123,#2124,#2125,#2126,
    #2127,#2128,#2129,#2130,#2131,#2132,#2133),.UNSPECIFIED.,.F.,.F.,(7,
    5,7),(0.,0.518834023918,1.),.UNSPECIFIED.);
#2122 = CARTESIAN_POINT('',(0.882889689876,-1.4));
#2123 = CARTESIAN_POINT('',(0.813243710387,-1.4));
#2124 = CARTESIAN_POINT('',(0.741973498818,-1.4));
#2125 = CARTESIAN_POINT('',(0.669073942761,-1.4));
#2126 = CARTESIAN_POINT('',(0.594594155694,-1.4));
#2127 = CARTESIAN_POINT('',(0.518648537588,-1.4));
#2128 = CARTESIAN_POINT('',(0.369846244194,-1.4));
#2129 = CARTESIAN_POINT('',(0.297156345741,-1.4));
#2130 = CARTESIAN_POINT('',(0.223567781243,-1.4));
#2131 = CARTESIAN_POINT('',(0.149315111137,-1.4));
#2132 = CARTESIAN_POINT('',(7.468060134505E-02,-1.4));
#2133 = CARTESIAN_POINT('',(0.,-1.4));
#2134 = ( GEOMETRIC_REPRESENTATION_CONTEXT(2) 
PARAMETRIC_REPRESENTATION_CONTEXT() REPRESENTATION_CONTEXT('2D SPACE',''
  ) );
#2135 = ORIENTED_EDGE('',*,*,#2136,.F.);
#2136 = EDGE_CURVE('',#2137,#2080,#2139,.T.);
#2137 = VERTEX_POINT('',#2138);
#2138 = CARTESIAN_POINT('',(250.12360351562,28.603583984375,19.6));
#2139 = SURFACE_CURVE('',#2140,(#2147,#2157),.PCURVE_S1.);
#2140 = B_SPLINE_CURVE_WITH_KNOTS('',5,(#2141,#2142,#2143,#2144,#2145,
    #2146),.UNSPECIFIED.,.F.,.F.,(6,6),(0.,1.),
  .PIECEWISE_BEZIER_KNOTS.);
#2141 = CARTESIAN_POINT('',(250.12360351562,28.603583984375,19.6));
#2142 = CARTESIAN_POINT('',(250.08813595304,28.758651467298,19.6));
#2143 = CARTESIAN_POINT('',(250.05890985268,28.912714591656,19.6));
#2144 = CARTESIAN_POINT('',(250.03636763586,29.065516504479,19.6));
#2145 = CARTESIAN_POINT('',(250.02097103427,29.21673741447,19.6));
#2146 = CARTESIAN_POINT('',(250.0131341479,29.366008927858,19.6));
#2147 = PCURVE('',#175,#2148);
#2148 = DEFINITIONAL_REPRESENTATION('',(#2149),#2156);
#2149 = B_SPLINE_CURVE_WITH_KNOTS('',5,(#2150,#2151,#2152,#2153,#2154,
    #2155),.UNSPECIFIED.,.F.,.F.,(6,6),(0.,1.),
  .PIECEWISE_BEZIER_KNOTS.);
#2150 = CARTESIAN_POINT('',(10.123603515625,28.603583984375));
#2151 = CARTESIAN_POINT('',(10.088135953042,28.758651467298));
#2152 = CARTESIAN_POINT('',(10.058909852689,28.912714591656));
#2153 = CARTESIAN_POINT('',(10.036367635863,29.065516504479));
#2154 = CARTESIAN_POINT('',(10.020971034275,29.21673741447));
#2155 = CARTESIAN_POINT('',(10.013134147907,29.366008927858));
#2156 = ( GEOMETRIC_REPRESENTATION_CONTEXT(2) 
PARAMETRIC_REPRESENTATION_CONTEXT() REPRESENTATION_CONTEXT('2D SPACE',''
  ) );
#2157 = PCURVE('',#2158,#2165);
#2158 = SURFACE_OF_LINEAR_EXTRUSION('',#2159,#2163);
#2159 = B_SPLINE_CURVE_WITH_KNOTS('',2,(#2160,#2161,#2162),
  .UNSPECIFIED.,.F.,.F.,(3,3),(0.,1.),.PIECEWISE_BEZIER_KNOTS.);
#2160 = CARTESIAN_POINT('',(250.008125,29.554267578125,18.2));
#2161 = CARTESIAN_POINT('',(250.008125,29.108466796875,18.2));
#2162 = CARTESIAN_POINT('',(250.12360351562,28.603583984375,18.2));
#2163 = VECTOR('',#2164,1.);
#2164 = DIRECTION('',(-0.,0.,-1.));
#2165 = DEFINITIONAL_REPRESENTATION('',(#2166),#2173);
#2166 = B_SPLINE_CURVE_WITH_KNOTS('',5,(#2167,#2168,#2169,#2170,#2171,
    #2172),.UNSPECIFIED.,.F.,.F.,(6,6),(0.,1.),
  .PIECEWISE_BEZIER_KNOTS.);
#2167 = CARTESIAN_POINT('',(1.,-1.4));
#2168 = CARTESIAN_POINT('',(0.846432202599,-1.4));
#2169 = CARTESIAN_POINT('',(0.690409331334,-1.4));
#2170 = CARTESIAN_POINT('',(0.531965591942,-1.4));
#2171 = CARTESIAN_POINT('',(0.371194699455,-1.4));
#2172 = CARTESIAN_POINT('',(0.208272212856,-1.4));
#2173 = ( GEOMETRIC_REPRESENTATION_CONTEXT(2) 
PARAMETRIC_REPRESENTATION_CONTEXT() REPRESENTATION_CONTEXT('2D SPACE',''
  ) );
#2174 = ORIENTED_EDGE('',*,*,#2175,.F.);
#2175 = EDGE_CURVE('',#2176,#2137,#2178,.T.);
#2176 = VERTEX_POINT('',#2177);
#2177 = CARTESIAN_POINT('',(250.48078125,27.518623046875,19.6));
#2178 = SURFACE_CURVE('',#2179,(#2186,#2196),.PCURVE_S1.);
#2179 = B_SPLINE_CURVE_WITH_KNOTS('',5,(#2180,#2181,#2182,#2183,#2184,
    #2185),.UNSPECIFIED.,.F.,.F.,(6,6),(0.,1.),
  .PIECEWISE_BEZIER_KNOTS.);
#2180 = CARTESIAN_POINT('',(250.48078125,27.518623046875,19.6));
#2181 = CARTESIAN_POINT('',(250.38930068934,27.738176392448,19.6));
#2182 = CARTESIAN_POINT('',(250.306638899,27.956955621062,19.6));
#2183 = CARTESIAN_POINT('',(250.23387435541,28.174579632965,19.6));
#2184 = CARTESIAN_POINT('',(250.17236079505,28.390412623157,19.6));
#2185 = CARTESIAN_POINT('',(250.12360351562,28.603583984375,19.6));
#2186 = PCURVE('',#175,#2187);
#2187 = DEFINITIONAL_REPRESENTATION('',(#2188),#2195);
#2188 = B_SPLINE_CURVE_WITH_KNOTS('',5,(#2189,#2190,#2191,#2192,#2193,
    #2194),.UNSPECIFIED.,.F.,.F.,(6,6),(0.,1.),
  .PIECEWISE_BEZIER_KNOTS.);
#2189 = CARTESIAN_POINT('',(10.48078125,27.518623046875));
#2190 = CARTESIAN_POINT('',(10.389300689344,27.738176392448));
#2191 = CARTESIAN_POINT('',(10.306638899005,27.956955621062));
#2192 = CARTESIAN_POINT('',(10.233874355417,28.174579632965));
#2193 = CARTESIAN_POINT('',(10.172360795052,28.390412623157));
#2194 = CARTESIAN_POINT('',(10.123603515625,28.603583984375));
#2195 = ( GEOMETRIC_REPRESENTATION_CONTEXT(2) 
PARAMETRIC_REPRESENTATION_CONTEXT() REPRESENTATION_CONTEXT('2D SPACE',''
  ) );
#2196 = PCURVE('',#2197,#2204);
#2197 = SURFACE_OF_LINEAR_EXTRUSION('',#2198,#2202);
#2198 = B_SPLINE_CURVE_WITH_KNOTS('',2,(#2199,#2200,#2201),
  .UNSPECIFIED.,.F.,.F.,(3,3),(0.,1.),.PIECEWISE_BEZIER_KNOTS.);
#2199 = CARTESIAN_POINT('',(250.12360351562,28.603583984375,18.2));
#2200 = CARTESIAN_POINT('',(250.23908203125,28.098701171875,18.2));
#2201 = CARTESIAN_POINT('',(250.48078125,27.518623046875,18.2));
#2202 = VECTOR('',#2203,1.);
#2203 = DIRECTION('',(-0.,0.,-1.));
#2204 = DEFINITIONAL_REPRESENTATION('',(#2205),#2212);
#2205 = B_SPLINE_CURVE_WITH_KNOTS('',5,(#2206,#2207,#2208,#2209,#2210,
    #2211),.UNSPECIFIED.,.F.,.F.,(6,6),(0.,1.),
  .PIECEWISE_BEZIER_KNOTS.);
#2206 = CARTESIAN_POINT('',(1.,-1.4));
#2207 = CARTESIAN_POINT('',(0.810755365432,-1.4));
#2208 = CARTESIAN_POINT('',(0.616374579694,-1.4));
#2209 = CARTESIAN_POINT('',(0.416557935634,-1.4));
#2210 = CARTESIAN_POINT('',(0.211109742637,-1.4));
#2211 = CARTESIAN_POINT('',(0.,-1.4));
#2212 = ( GEOMETRIC_REPRESENTATION_CONTEXT(2) 
PARAMETRIC_REPRESENTATION_CONTEXT() REPRESENTATION_CONTEXT('2D SPACE',''
  ) );
#2213 = ORIENTED_EDGE('',*,*,#2214,.F.);
#2214 = EDGE_CURVE('',#2215,#2176,#2217,.T.);
#2215 = VERTEX_POINT('',#2216);
#2216 = CARTESIAN_POINT('',(250.34030505597,27.518623046875,19.6));
#2217 = SURFACE_CURVE('',#2218,(#2222,#2228),.PCURVE_S1.);
#2218 = LINE('',#2219,#2220);
#2219 = CARTESIAN_POINT('',(245.240390625,27.518623046875,19.6));
#2220 = VECTOR('',#2221,1.);
#2221 = DIRECTION('',(1.,-2.22044604925E-16,0.));
#2222 = PCURVE('',#175,#2223);
#2223 = DEFINITIONAL_REPRESENTATION('',(#2224),#2227);
#2224 = B_SPLINE_CURVE_WITH_KNOTS('',1,(#2225,#2226),.UNSPECIFIED.,.F.,
  .F.,(2,2),(5.099914430972,5.240390625),.PIECEWISE_BEZIER_KNOTS.);
#2225 = CARTESIAN_POINT('',(10.340305055972,27.518623046875));
#2226 = CARTESIAN_POINT('',(10.48078125,27.518623046875));
#2227 = ( GEOMETRIC_REPRESENTATION_CONTEXT(2) 
PARAMETRIC_REPRESENTATION_CONTEXT() REPRESENTATION_CONTEXT('2D SPACE',''
  ) );
#2228 = PCURVE('',#2229,#2234);
#2229 = PLANE('',#2230);
#2230 = AXIS2_PLACEMENT_3D('',#2231,#2232,#2233);
#2231 = CARTESIAN_POINT('',(250.48078125,27.518623046875,18.2));
#2232 = DIRECTION('',(-2.22044604925E-16,-1.,0.));
#2233 = DIRECTION('',(-1.,2.22044604925E-16,0.));
#2234 = DEFINITIONAL_REPRESENTATION('',(#2235),#2238);
#2235 = B_SPLINE_CURVE_WITH_KNOTS('',1,(#2236,#2237),.UNSPECIFIED.,.F.,
  .F.,(2,2),(5.099914430972,5.240390625),.PIECEWISE_BEZIER_KNOTS.);
#2236 = CARTESIAN_POINT('',(0.140476194028,-1.4));
#2237 = CARTESIAN_POINT('',(0.,-1.4));
#2238 = ( GEOMETRIC_REPRESENTATION_CONTEXT(2) 
PARAMETRIC_REPRESENTATION_CONTEXT() REPRESENTATION_CONTEXT('2D SPACE',''
  ) );
#2239 = ORIENTED_EDGE('',*,*,#2240,.F.);
#2240 = EDGE_CURVE('',#2241,#2215,#2243,.T.);
#2241 = VERTEX_POINT('',#2242);
#2242 = CARTESIAN_POINT('',(250.48078125,27.158623046875,19.6));
#2243 = SURFACE_CURVE('',#2244,(#2250,#2259),.PCURVE_S1.);
#2244 = B_SPLINE_CURVE_WITH_KNOTS('',4,(#2245,#2246,#2247,#2248,#2249),
  .UNSPECIFIED.,.F.,.F.,(5,5),(0.,1.),.PIECEWISE_BEZIER_KNOTS.);
#2245 = CARTESIAN_POINT('',(250.48078125,27.158623046875,19.6));
#2246 = CARTESIAN_POINT('',(250.44317875829,27.248869026962,19.6));
#2247 = CARTESIAN_POINT('',(250.40716468468,27.338977456514,19.6));
#2248 = CARTESIAN_POINT('',(250.37283648827,27.428911740753,19.6));
#2249 = CARTESIAN_POINT('',(250.34030481391,27.518623714382,19.6));
#2250 = PCURVE('',#175,#2251);
#2251 = DEFINITIONAL_REPRESENTATION('',(#2252),#2258);
#2252 = B_SPLINE_CURVE_WITH_KNOTS('',4,(#2253,#2254,#2255,#2256,#2257),
  .UNSPECIFIED.,.F.,.F.,(5,5),(0.,1.),.PIECEWISE_BEZIER_KNOTS.);
#2253 = CARTESIAN_POINT('',(10.48078125,27.158623046875));
#2254 = CARTESIAN_POINT('',(10.443178758297,27.248869026962));
#2255 = CARTESIAN_POINT('',(10.407164684682,27.338977456514));
#2256 = CARTESIAN_POINT('',(10.372836488276,27.428911740753));
#2257 = CARTESIAN_POINT('',(10.340304813918,27.518623714382));
#2258 = ( GEOMETRIC_REPRESENTATION_CONTEXT(2) 
PARAMETRIC_REPRESENTATION_CONTEXT() REPRESENTATION_CONTEXT('2D SPACE',''
  ) );
#2259 = PCURVE('',#2260,#2267);
#2260 = SURFACE_OF_LINEAR_EXTRUSION('',#2261,#2265);
#2261 = B_SPLINE_CURVE_WITH_KNOTS('',2,(#2262,#2263,#2264),
  .UNSPECIFIED.,.F.,.F.,(3,3),(0.,1.),.PIECEWISE_BEZIER_KNOTS.);
#2262 = CARTESIAN_POINT('',(250.12360351562,28.243583984375,18.2));
#2263 = CARTESIAN_POINT('',(250.23908203125,27.738701171875,18.2));
#2264 = CARTESIAN_POINT('',(250.48078125,27.158623046875,18.2));
#2265 = VECTOR('',#2266,1.);
#2266 = DIRECTION('',(-0.,0.,-1.));
#2267 = DEFINITIONAL_REPRESENTATION('',(#2268),#2274);
#2268 = B_SPLINE_CURVE_WITH_KNOTS('',4,(#2269,#2270,#2271,#2272,#2273),
  .UNSPECIFIED.,.F.,.F.,(5,5),(0.,1.),.PIECEWISE_BEZIER_KNOTS.);
#2269 = CARTESIAN_POINT('',(1.,-1.4));
#2270 = CARTESIAN_POINT('',(0.922212219184,-1.4));
#2271 = CARTESIAN_POINT('',(0.843497168232,-1.4));
#2272 = CARTESIAN_POINT('',(0.763830235116,-1.4));
#2273 = CARTESIAN_POINT('',(0.683191067505,-1.4));
#2274 = ( GEOMETRIC_REPRESENTATION_CONTEXT(2) 
PARAMETRIC_REPRESENTATION_CONTEXT() REPRESENTATION_CONTEXT('2D SPACE',''
  ) );
#2275 = ORIENTED_EDGE('',*,*,#2276,.F.);
#2276 = EDGE_CURVE('',#973,#2241,#2277,.T.);
#2277 = SURFACE_CURVE('',#2278,(#2282,#2288),.PCURVE_S1.);
#2278 = LINE('',#2279,#2280);
#2279 = CARTESIAN_POINT('',(245.240390625,27.158623046875,19.6));
#2280 = VECTOR('',#2281,1.);
#2281 = DIRECTION('',(1.,-2.22044604925E-16,0.));
#2282 = PCURVE('',#175,#2283);
#2283 = DEFINITIONAL_REPRESENTATION('',(#2284),#2287);
#2284 = B_SPLINE_CURVE_WITH_KNOTS('',1,(#2285,#2286),.UNSPECIFIED.,.F.,
  .F.,(2,2),(0.368671875,5.240390625),.PIECEWISE_BEZIER_KNOTS.);
#2285 = CARTESIAN_POINT('',(5.6090625,27.158623046875));
#2286 = CARTESIAN_POINT('',(10.48078125,27.158623046875));
#2287 = ( GEOMETRIC_REPRESENTATION_CONTEXT(2) 
PARAMETRIC_REPRESENTATION_CONTEXT() REPRESENTATION_CONTEXT('2D SPACE',''
  ) );
#2288 = PCURVE('',#2289,#2294);
#2289 = PLANE('',#2290);
#2290 = AXIS2_PLACEMENT_3D('',#2291,#2292,#2293);
#2291 = CARTESIAN_POINT('',(250.48078125,27.158623046875,18.2));
#2292 = DIRECTION('',(-2.22044604925E-16,-1.,0.));
#2293 = DIRECTION('',(-1.,2.22044604925E-16,0.));
#2294 = DEFINITIONAL_REPRESENTATION('',(#2295),#2298);
#2295 = B_SPLINE_CURVE_WITH_KNOTS('',1,(#2296,#2297),.UNSPECIFIED.,.F.,
  .F.,(2,2),(0.368671875,5.240390625),.PIECEWISE_BEZIER_KNOTS.);
#2296 = CARTESIAN_POINT('',(4.87171875,-1.4));
#2297 = CARTESIAN_POINT('',(0.,-1.4));
#2298 = ( GEOMETRIC_REPRESENTATION_CONTEXT(2) 
PARAMETRIC_REPRESENTATION_CONTEXT() REPRESENTATION_CONTEXT('2D SPACE',''
  ) );
#2299 = FACE_BOUND('',#2300,.T.);
#2300 = EDGE_LOOP('',(#2301,#2339,#2365,#2404,#2443,#2518,#2569,#2605,
    #2644,#2680,#2716,#2791,#2863,#2899,#2935,#3007,#3094,#3130,#3166,
    #3241,#3316,#3352,#3388,#3475,#3550,#3586,#3622,#3661,#3700));
#2301 = ORIENTED_EDGE('',*,*,#2302,.F.);
#2302 = EDGE_CURVE('',#2303,#2305,#2307,.T.);
#2303 = VERTEX_POINT('',#2304);
#2304 = CARTESIAN_POINT('',(247.50318174393,92.529716796875,19.6));
#2305 = VERTEX_POINT('',#2306);
#2306 = CARTESIAN_POINT('',(247.66095703125,92.889716796875,19.6));
#2307 = SURFACE_CURVE('',#2308,(#2314,#2323),.PCURVE_S1.);
#2308 = B_SPLINE_CURVE_WITH_KNOTS('',4,(#2309,#2310,#2311,#2312,#2313),
  .UNSPECIFIED.,.F.,.F.,(5,5),(0.,1.),.PIECEWISE_BEZIER_KNOTS.);
#2309 = CARTESIAN_POINT('',(247.50318150846,92.529716210114,19.6));
#2310 = CARTESIAN_POINT('',(247.53919674184,92.619461917851,19.6));
#2311 = CARTESIAN_POINT('',(247.57759851065,92.709417587225,19.6));
#2312 = CARTESIAN_POINT('',(247.61823153198,92.799518520649,19.6));
#2313 = CARTESIAN_POINT('',(247.66095703125,92.889716796875,19.6));
#2314 = PCURVE('',#175,#2315);
#2315 = DEFINITIONAL_REPRESENTATION('',(#2316),#2322);
#2316 = B_SPLINE_CURVE_WITH_KNOTS('',4,(#2317,#2318,#2319,#2320,#2321),
  .UNSPECIFIED.,.F.,.F.,(5,5),(0.,1.),.PIECEWISE_BEZIER_KNOTS.);
#2317 = CARTESIAN_POINT('',(7.503181508469,92.529716210114));
#2318 = CARTESIAN_POINT('',(7.539196741843,92.619461917851));
#2319 = CARTESIAN_POINT('',(7.577598510657,92.709417587225));
#2320 = CARTESIAN_POINT('',(7.618231531985,92.799518520649));
#2321 = CARTESIAN_POINT('',(7.66095703125,92.889716796875));
#2322 = ( GEOMETRIC_REPRESENTATION_CONTEXT(2) 
PARAMETRIC_REPRESENTATION_CONTEXT() REPRESENTATION_CONTEXT('2D SPACE',''
  ) );
#2323 = PCURVE('',#2324,#2331);
#2324 = SURFACE_OF_LINEAR_EXTRUSION('',#2325,#2329);
#2325 = B_SPLINE_CURVE_WITH_KNOTS('',2,(#2326,#2327,#2328),
  .UNSPECIFIED.,.F.,.F.,(3,3),(0.,1.),.PIECEWISE_BEZIER_KNOTS.);
#2326 = CARTESIAN_POINT('',(247.66095703125,92.889716796875,18.2));
#2327 = CARTESIAN_POINT('',(247.4192578125,92.379462890625,18.2));
#2328 = CARTESIAN_POINT('',(247.30377929687,91.928291015625,18.2));
#2329 = VECTOR('',#2330,1.);
#2330 = DIRECTION('',(-0.,0.,-1.));
#2331 = DEFINITIONAL_REPRESENTATION('',(#2332),#2338);
#2332 = B_SPLINE_CURVE_WITH_KNOTS('',4,(#2333,#2334,#2335,#2336,#2337),
  .UNSPECIFIED.,.F.,.F.,(5,5),(0.,1.),.PIECEWISE_BEZIER_KNOTS.);
#2333 = CARTESIAN_POINT('',(0.360281000979,-1.4));
#2334 = CARTESIAN_POINT('',(0.268510425583,-1.4));
#2335 = CARTESIAN_POINT('',(0.177882004188,-1.4));
#2336 = CARTESIAN_POINT('',(8.838567928751E-02,-1.4));
#2337 = CARTESIAN_POINT('',(0.,-1.4));
#2338 = ( GEOMETRIC_REPRESENTATION_CONTEXT(2) 
PARAMETRIC_REPRESENTATION_CONTEXT() REPRESENTATION_CONTEXT('2D SPACE',''
  ) );
#2339 = ORIENTED_EDGE('',*,*,#2340,.F.);
#2340 = EDGE_CURVE('',#2341,#2303,#2343,.T.);
#2341 = VERTEX_POINT('',#2342);
#2342 = CARTESIAN_POINT('',(247.66095703125,92.529716796875,19.6));
#2343 = SURFACE_CURVE('',#2344,(#2348,#2354),.PCURVE_S1.);
#2344 = LINE('',#2345,#2346);
#2345 = CARTESIAN_POINT('',(243.08926757812,92.529716796875,19.6));
#2346 = VECTOR('',#2347,1.);
#2347 = DIRECTION('',(-1.,2.22044604925E-16,0.));
#2348 = PCURVE('',#175,#2349);
#2349 = DEFINITIONAL_REPRESENTATION('',(#2350),#2353);
#2350 = B_SPLINE_CURVE_WITH_KNOTS('',1,(#2351,#2352),.UNSPECIFIED.,.F.,
  .F.,(2,2),(-4.571689453125,-4.413914165813),.PIECEWISE_BEZIER_KNOTS.);
#2351 = CARTESIAN_POINT('',(7.66095703125,92.529716796875));
#2352 = CARTESIAN_POINT('',(7.503181743938,92.529716796875));
#2353 = ( GEOMETRIC_REPRESENTATION_CONTEXT(2) 
PARAMETRIC_REPRESENTATION_CONTEXT() REPRESENTATION_CONTEXT('2D SPACE',''
  ) );
#2354 = PCURVE('',#2355,#2360);
#2355 = PLANE('',#2356);
#2356 = AXIS2_PLACEMENT_3D('',#2357,#2358,#2359);
#2357 = CARTESIAN_POINT('',(246.17853515625,92.529716796875,18.2));
#2358 = DIRECTION('',(2.22044604925E-16,1.,0.));
#2359 = DIRECTION('',(1.,-2.22044604925E-16,0.));
#2360 = DEFINITIONAL_REPRESENTATION('',(#2361),#2364);
#2361 = B_SPLINE_CURVE_WITH_KNOTS('',1,(#2362,#2363),.UNSPECIFIED.,.F.,
  .F.,(2,2),(-4.571689453125,-4.413914165813),.PIECEWISE_BEZIER_KNOTS.);
#2362 = CARTESIAN_POINT('',(1.482421875,-1.4));
#2363 = CARTESIAN_POINT('',(1.324646587688,-1.4));
#2364 = ( GEOMETRIC_REPRESENTATION_CONTEXT(2) 
PARAMETRIC_REPRESENTATION_CONTEXT() REPRESENTATION_CONTEXT('2D SPACE',''
  ) );
#2365 = ORIENTED_EDGE('',*,*,#2366,.F.);
#2366 = EDGE_CURVE('',#2367,#2341,#2369,.T.);
#2367 = VERTEX_POINT('',#2368);
#2368 = CARTESIAN_POINT('',(247.30377929687,91.568291015625,19.6));
#2369 = SURFACE_CURVE('',#2370,(#2377,#2387),.PCURVE_S1.);
#2370 = B_SPLINE_CURVE_WITH_KNOTS('',5,(#2371,#2372,#2373,#2374,#2375,
    #2376),.UNSPECIFIED.,.F.,.F.,(6,6),(0.,1.),
  .PIECEWISE_BEZIER_KNOTS.);
#2371 = CARTESIAN_POINT('',(247.30377929687,91.568291015625,19.6));
#2372 = CARTESIAN_POINT('',(247.35225399247,91.757680524019,19.6));
#2373 = CARTESIAN_POINT('',(247.41350451287,91.949179186354,19.6));
#2374 = CARTESIAN_POINT('',(247.48619577409,92.142027334249,19.6));
#2375 = CARTESIAN_POINT('',(247.56903422881,92.33565754729,19.6));
#2376 = CARTESIAN_POINT('',(247.66095703125,92.529716796875,19.6));
#2377 = PCURVE('',#175,#2378);
#2378 = DEFINITIONAL_REPRESENTATION('',(#2379),#2386);
#2379 = B_SPLINE_CURVE_WITH_KNOTS('',5,(#2380,#2381,#2382,#2383,#2384,
    #2385),.UNSPECIFIED.,.F.,.F.,(6,6),(0.,1.),
  .PIECEWISE_BEZIER_KNOTS.);
#2380 = CARTESIAN_POINT('',(7.303779296875,91.568291015625));
#2381 = CARTESIAN_POINT('',(7.352253992476,91.757680524019));
#2382 = CARTESIAN_POINT('',(7.413504512878,91.949179186354));
#2383 = CARTESIAN_POINT('',(7.486195774099,92.142027334249));
#2384 = CARTESIAN_POINT('',(7.569034228815,92.33565754729));
#2385 = CARTESIAN_POINT('',(7.66095703125,92.529716796875));
#2386 = ( GEOMETRIC_REPRESENTATION_CONTEXT(2) 
PARAMETRIC_REPRESENTATION_CONTEXT() REPRESENTATION_CONTEXT('2D SPACE',''
  ) );
#2387 = PCURVE('',#2388,#2395);
#2388 = SURFACE_OF_LINEAR_EXTRUSION('',#2389,#2393);
#2389 = B_SPLINE_CURVE_WITH_KNOTS('',2,(#2390,#2391,#2392),
  .UNSPECIFIED.,.F.,.F.,(3,3),(0.,1.),.PIECEWISE_BEZIER_KNOTS.);
#2390 = CARTESIAN_POINT('',(247.66095703125,92.529716796875,18.2));
#2391 = CARTESIAN_POINT('',(247.4192578125,92.019462890625,18.2));
#2392 = CARTESIAN_POINT('',(247.30377929687,91.568291015625,18.2));
#2393 = VECTOR('',#2394,1.);
#2394 = DIRECTION('',(-0.,0.,-1.));
#2395 = DEFINITIONAL_REPRESENTATION('',(#2396),#2403);
#2396 = B_SPLINE_CURVE_WITH_KNOTS('',5,(#2397,#2398,#2399,#2400,#2401,
    #2402),.UNSPECIFIED.,.F.,.F.,(6,6),(0.,1.),
  .PIECEWISE_BEZIER_KNOTS.);
#2397 = CARTESIAN_POINT('',(1.,-1.4));
#2398 = CARTESIAN_POINT('',(0.790113791563,-1.4));
#2399 = CARTESIAN_POINT('',(0.585101472473,-1.4));
#2400 = CARTESIAN_POINT('',(0.385132684269,-1.4));
#2401 = CARTESIAN_POINT('',(0.19015949433,-1.4));
#2402 = CARTESIAN_POINT('',(0.,-1.4));
#2403 = ( GEOMETRIC_REPRESENTATION_CONTEXT(2) 
PARAMETRIC_REPRESENTATION_CONTEXT() REPRESENTATION_CONTEXT('2D SPACE',''
  ) );
#2404 = ORIENTED_EDGE('',*,*,#2405,.F.);
#2405 = EDGE_CURVE('',#2406,#2367,#2408,.T.);
#2406 = VERTEX_POINT('',#2407);
#2407 = CARTESIAN_POINT('',(247.19335182546,90.868102251172,19.6));
#2408 = SURFACE_CURVE('',#2409,(#2416,#2426),.PCURVE_S1.);
#2409 = B_SPLINE_CURVE_WITH_KNOTS('',5,(#2410,#2411,#2412,#2413,#2414,
    #2415),.UNSPECIFIED.,.F.,.F.,(6,6),(0.,1.),
  .PIECEWISE_BEZIER_KNOTS.);
#2410 = CARTESIAN_POINT('',(247.19335179648,90.868101730155,19.6));
#2411 = CARTESIAN_POINT('',(247.20109921599,91.007381394512,19.6));
#2412 = CARTESIAN_POINT('',(247.21623089846,91.147273278483,19.6));
#2413 = CARTESIAN_POINT('',(247.23857049828,91.287531412765,19.6));
#2414 = CARTESIAN_POINT('',(247.26785488213,91.427935162688,19.6));
#2415 = CARTESIAN_POINT('',(247.30377929687,91.568291015625,19.6));
#2416 = PCURVE('',#175,#2417);
#2417 = DEFINITIONAL_REPRESENTATION('',(#2418),#2425);
#2418 = B_SPLINE_CURVE_WITH_KNOTS('',5,(#2419,#2420,#2421,#2422,#2423,
    #2424),.UNSPECIFIED.,.F.,.F.,(6,6),(0.,1.),
  .PIECEWISE_BEZIER_KNOTS.);
#2419 = CARTESIAN_POINT('',(7.19335179648,90.868101730155));
#2420 = CARTESIAN_POINT('',(7.201099215996,91.007381394512));
#2421 = CARTESIAN_POINT('',(7.216230898463,91.147273278483));
#2422 = CARTESIAN_POINT('',(7.238570498285,91.287531412765));
#2423 = CARTESIAN_POINT('',(7.267854882135,91.427935162688));
#2424 = CARTESIAN_POINT('',(7.303779296875,91.568291015625));
#2425 = ( GEOMETRIC_REPRESENTATION_CONTEXT(2) 
PARAMETRIC_REPRESENTATION_CONTEXT() REPRESENTATION_CONTEXT('2D SPACE',''
  ) );
#2426 = PCURVE('',#2427,#2434);
#2427 = SURFACE_OF_LINEAR_EXTRUSION('',#2428,#2432);
#2428 = B_SPLINE_CURVE_WITH_KNOTS('',2,(#2429,#2430,#2431),
  .UNSPECIFIED.,.F.,.F.,(3,3),(0.,1.),.PIECEWISE_BEZIER_KNOTS.);
#2429 = CARTESIAN_POINT('',(247.30377929687,91.568291015625,18.2));
#2430 = CARTESIAN_POINT('',(247.18830078125,91.117119140625,18.2));
#2431 = CARTESIAN_POINT('',(247.18830078125,90.687431640625,18.2));
#2432 = VECTOR('',#2433,1.);
#2433 = DIRECTION('',(-0.,0.,-1.));
#2434 = DEFINITIONAL_REPRESENTATION('',(#2435),#2442);
#2435 = B_SPLINE_CURVE_WITH_KNOTS('',5,(#2436,#2437,#2438,#2439,#2440,
    #2441),.UNSPECIFIED.,.F.,.F.,(6,6),(0.,1.),
  .PIECEWISE_BEZIER_KNOTS.);
#2436 = CARTESIAN_POINT('',(0.790859210744,-1.4));
#2437 = CARTESIAN_POINT('',(0.630465571202,-1.4));
#2438 = CARTESIAN_POINT('',(0.470958153331,-1.4));
#2439 = CARTESIAN_POINT('',(0.312584998813,-1.4));
#2440 = CARTESIAN_POINT('',(0.155545880311,-1.4));
#2441 = CARTESIAN_POINT('',(0.,-1.4));
#2442 = ( GEOMETRIC_REPRESENTATION_CONTEXT(2) 
PARAMETRIC_REPRESENTATION_CONTEXT() REPRESENTATION_CONTEXT('2D SPACE',''
  ) );
#2443 = ORIENTED_EDGE('',*,*,#2444,.F.);
#2444 = EDGE_CURVE('',#2445,#2406,#2447,.T.);
#2445 = VERTEX_POINT('',#2446);
#2446 = CARTESIAN_POINT('',(247.70124023437,89.607978515625,19.6));
#2447 = SURFACE_CURVE('',#2448,(#2467,#2489),.PCURVE_S1.);
#2448 = B_SPLINE_CURVE_WITH_KNOTS('',5,(#2449,#2450,#2451,#2452,#2453,
    #2454,#2455,#2456,#2457,#2458,#2459,#2460,#2461,#2462,#2463,#2464,
    #2465,#2466),.UNSPECIFIED.,.F.,.F.,(6,4,4,4,6),(0.,0.130134750816,
    0.369170306906,0.669450337182,1.),.UNSPECIFIED.);
#2449 = CARTESIAN_POINT('',(247.70124023437,89.607978515625,19.6));
#2450 = CARTESIAN_POINT('',(247.67617477053,89.633175212257,19.6));
#2451 = CARTESIAN_POINT('',(247.65182303483,89.659033179603,19.6));
#2452 = CARTESIAN_POINT('',(247.6282082502,89.685540590124,19.6));
#2453 = CARTESIAN_POINT('',(247.60534984448,89.712681762064,19.6));
#2454 = CARTESIAN_POINT('',(247.542694475,89.791419136278,19.6));
#2455 = CARTESIAN_POINT('',(247.50472883511,89.844475102303,19.6));
#2456 = CARTESIAN_POINT('',(247.46946580735,89.899480960995,19.6));
#2457 = CARTESIAN_POINT('',(247.43694518835,89.956282631936,19.6));
#2458 = CARTESIAN_POINT('',(247.36974309105,90.088095282197,19.6));
#2459 = CARTESIAN_POINT('',(247.33664083274,90.164047129553,19.6));
#2460 = CARTESIAN_POINT('',(247.30783730412,90.242216654204,19.6));
#2461 = CARTESIAN_POINT('',(247.28318236826,90.322254671349,19.6));
#2462 = CARTESIAN_POINT('',(247.23968097829,90.493667314805,19.6));
#2463 = CARTESIAN_POINT('',(247.22167029998,90.58537282273,19.6));
#2464 = CARTESIAN_POINT('',(247.20816999834,90.678560312426,19.6));
#2465 = CARTESIAN_POINT('',(247.19883845547,90.772887721171,19.6));
#2466 = CARTESIAN_POINT('',(247.19335176438,90.868103311157,19.6));
#2467 = PCURVE('',#175,#2468);
#2468 = DEFINITIONAL_REPRESENTATION('',(#2469),#2488);
#2469 = B_SPLINE_CURVE_WITH_KNOTS('',5,(#2470,#2471,#2472,#2473,#2474,
    #2475,#2476,#2477,#2478,#2479,#2480,#2481,#2482,#2483,#2484,#2485,
    #2486,#2487),.UNSPECIFIED.,.F.,.F.,(6,4,4,4,6),(0.,0.130134750816,
    0.369170306906,0.669450337182,1.),.UNSPECIFIED.);
#2470 = CARTESIAN_POINT('',(7.701240234375,89.607978515625));
#2471 = CARTESIAN_POINT('',(7.676174770538,89.633175212257));
#2472 = CARTESIAN_POINT('',(7.651823034833,89.659033179603));
#2473 = CARTESIAN_POINT('',(7.628208250209,89.685540590124));
#2474 = CARTESIAN_POINT('',(7.605349844489,89.712681762064));
#2475 = CARTESIAN_POINT('',(7.542694475001,89.791419136278));
#2476 = CARTESIAN_POINT('',(7.504728835114,89.844475102303));
#2477 = CARTESIAN_POINT('',(7.469465807356,89.899480960995));
#2478 = CARTESIAN_POINT('',(7.43694518835,89.956282631936));
#2479 = CARTESIAN_POINT('',(7.369743091059,90.088095282197));
#2480 = CARTESIAN_POINT('',(7.336640832745,90.164047129553));
#2481 = CARTESIAN_POINT('',(7.307837304124,90.242216654204));
#2482 = CARTESIAN_POINT('',(7.283182368266,90.322254671349));
#2483 = CARTESIAN_POINT('',(7.239680978298,90.493667314805));
#2484 = CARTESIAN_POINT('',(7.221670299988,90.58537282273));
#2485 = CARTESIAN_POINT('',(7.208169998341,90.678560312426));
#2486 = CARTESIAN_POINT('',(7.198838455479,90.772887721171));
#2487 = CARTESIAN_POINT('',(7.193351764381,90.868103311157));
#2488 = ( GEOMETRIC_REPRESENTATION_CONTEXT(2) 
PARAMETRIC_REPRESENTATION_CONTEXT() REPRESENTATION_CONTEXT('2D SPACE',''
  ) );
#2489 = PCURVE('',#2490,#2497);
#2490 = SURFACE_OF_LINEAR_EXTRUSION('',#2491,#2495);
#2491 = B_SPLINE_CURVE_WITH_KNOTS('',2,(#2492,#2493,#2494),
  .UNSPECIFIED.,.F.,.F.,(3,3),(0.,1.),.PIECEWISE_BEZIER_KNOTS.);
#2492 = CARTESIAN_POINT('',(247.18830078125,91.047431640625,18.2));
#2493 = CARTESIAN_POINT('',(247.18830078125,90.123603515625,18.2));
#2494 = CARTESIAN_POINT('',(247.70124023437,89.607978515625,18.2));
#2495 = VECTOR('',#2496,1.);
#2496 = DIRECTION('',(-0.,0.,-1.));
#2497 = DEFINITIONAL_REPRESENTATION('',(#2498),#2517);
#2498 = B_SPLINE_CURVE_WITH_KNOTS('',5,(#2499,#2500,#2501,#2502,#2503,
    #2504,#2505,#2506,#2507,#2508,#2509,#2510,#2511,#2512,#2513,#2514,
    #2515,#2516),.UNSPECIFIED.,.F.,.F.,(6,4,4,4,6),(0.,0.130134750816,
    0.369170306906,0.669450337182,1.),.UNSPECIFIED.);
#2499 = CARTESIAN_POINT('',(1.,-1.4));
#2500 = CARTESIAN_POINT('',(0.975566839629,-1.4));
#2501 = CARTESIAN_POINT('',(0.951083194952,-1.4));
#2502 = CARTESIAN_POINT('',(0.926565469792,-1.4));
#2503 = CARTESIAN_POINT('',(0.902030519364,-1.4));
#2504 = CARTESIAN_POINT('',(0.832429239939,-1.4));
#2505 = CARTESIAN_POINT('',(0.787361625469,-1.4));
#2506 = CARTESIAN_POINT('',(0.742402731003,-1.4));
#2507 = CARTESIAN_POINT('',(0.697653089868,-1.4));
#2508 = CARTESIAN_POINT('',(0.597367740068,-1.4));
#2509 = CARTESIAN_POINT('',(0.542003001197,-1.4));
#2510 = CARTESIAN_POINT('',(0.48728952054,-1.4));
#2511 = CARTESIAN_POINT('',(0.433351619978,-1.4));
#2512 = CARTESIAN_POINT('',(0.321841943513,-1.4));
#2513 = CARTESIAN_POINT('',(0.264451066191,-1.4));
#2514 = CARTESIAN_POINT('',(0.208200784112,-1.4));
#2515 = CARTESIAN_POINT('',(0.153129090967,-1.4));
#2516 = CARTESIAN_POINT('',(9.923272254904E-02,-1.4));
#2517 = ( GEOMETRIC_REPRESENTATION_CONTEXT(2) 
PARAMETRIC_REPRESENTATION_CONTEXT() REPRESENTATION_CONTEXT('2D SPACE',''
  ) );
#2518 = ORIENTED_EDGE('',*,*,#2519,.F.);
#2519 = EDGE_CURVE('',#2520,#2445,#2522,.T.);
#2520 = VERTEX_POINT('',#2521);
#2521 = CARTESIAN_POINT('',(248.58412546019,89.117476521221,19.6));
#2522 = SURFACE_CURVE('',#2523,(#2534,#2548),.PCURVE_S1.);
#2523 = B_SPLINE_CURVE_WITH_KNOTS('',5,(#2524,#2525,#2526,#2527,#2528,
    #2529,#2530,#2531,#2532,#2533),.UNSPECIFIED.,.F.,.F.,(6,4,6),(0.,
    0.516487283169,1.),.UNSPECIFIED.);
#2524 = CARTESIAN_POINT('',(248.58412646544,89.117476239524,19.6));
#2525 = CARTESIAN_POINT('',(248.47952042288,89.146789721851,19.6));
#2526 = CARTESIAN_POINT('',(248.37719952151,89.181007850941,19.6));
#2527 = CARTESIAN_POINT('',(248.27766218068,89.22052950923,19.6));
#2528 = CARTESIAN_POINT('',(248.18156450778,89.265739912218,19.6));
#2529 = CARTESIAN_POINT('',(248.00352715646,89.364651553358,19.6));
#2530 = CARTESIAN_POINT('',(247.92106797771,89.417630039954,19.6));
#2531 = CARTESIAN_POINT('',(247.84283619063,89.475899090773,19.6));
#2532 = CARTESIAN_POINT('',(247.76941381513,89.539448005127,19.6));
#2533 = CARTESIAN_POINT('',(247.70124023437,89.607978515625,19.6));
#2534 = PCURVE('',#175,#2535);
#2535 = DEFINITIONAL_REPRESENTATION('',(#2536),#2547);
#2536 = B_SPLINE_CURVE_WITH_KNOTS('',5,(#2537,#2538,#2539,#2540,#2541,
    #2542,#2543,#2544,#2545,#2546),.UNSPECIFIED.,.F.,.F.,(6,4,6),(0.,
    0.516487283169,1.),.UNSPECIFIED.);
#2537 = CARTESIAN_POINT('',(8.58412646544,89.117476239524));
#2538 = CARTESIAN_POINT('',(8.479520422884,89.146789721851));
#2539 = CARTESIAN_POINT('',(8.377199521514,89.181007850941));
#2540 = CARTESIAN_POINT('',(8.277662180687,89.22052950923));
#2541 = CARTESIAN_POINT('',(8.181564507783,89.265739912218));
#2542 = CARTESIAN_POINT('',(8.003527156461,89.364651553358));
#2543 = CARTESIAN_POINT('',(7.921067977715,89.417630039954));
#2544 = CARTESIAN_POINT('',(7.84283619063,89.475899090773));
#2545 = CARTESIAN_POINT('',(7.769413815131,89.539448005127));
#2546 = CARTESIAN_POINT('',(7.701240234375,89.607978515625));
#2547 = ( GEOMETRIC_REPRESENTATION_CONTEXT(2) 
PARAMETRIC_REPRESENTATION_CONTEXT() REPRESENTATION_CONTEXT('2D SPACE',''
  ) );
#2548 = PCURVE('',#2549,#2556);
#2549 = SURFACE_OF_LINEAR_EXTRUSION('',#2550,#2554);
#2550 = B_SPLINE_CURVE_WITH_KNOTS('',2,(#2551,#2552,#2553),
  .UNSPECIFIED.,.F.,.F.,(3,3),(0.,1.),.PIECEWISE_BEZIER_KNOTS.);
#2551 = CARTESIAN_POINT('',(247.70124023437,89.607978515625,18.2));
#2552 = CARTESIAN_POINT('',(248.2141796875,89.092353515625,18.2));
#2553 = CARTESIAN_POINT('',(249.2239453125,89.006416015625,18.2));
#2554 = VECTOR('',#2555,1.);
#2555 = DIRECTION('',(-0.,0.,-1.));
#2556 = DEFINITIONAL_REPRESENTATION('',(#2557),#2568);
#2557 = B_SPLINE_CURVE_WITH_KNOTS('',5,(#2558,#2559,#2560,#2561,#2562,
    #2563,#2564,#2565,#2566,#2567),.UNSPECIFIED.,.F.,.F.,(6,4,6),(0.,
    0.516487283169,1.),.UNSPECIFIED.);
#2558 = CARTESIAN_POINT('',(0.653678272293,-1.4));
#2559 = CARTESIAN_POINT('',(0.591242106477,-1.4));
#2560 = CARTESIAN_POINT('',(0.527279584863,-1.4));
#2561 = CARTESIAN_POINT('',(0.461807482542,-1.4));
#2562 = CARTESIAN_POINT('',(0.394920784682,-1.4));
#2563 = CARTESIAN_POINT('',(0.263104086084,-1.4));
#2564 = CARTESIAN_POINT('',(0.1983166209,-1.4));
#2565 = CARTESIAN_POINT('',(0.132677216918,-1.4));
#2566 = CARTESIAN_POINT('',(6.645382836154E-02,-1.4));
#2567 = CARTESIAN_POINT('',(0.,-1.4));
#2568 = ( GEOMETRIC_REPRESENTATION_CONTEXT(2) 
PARAMETRIC_REPRESENTATION_CONTEXT() REPRESENTATION_CONTEXT('2D SPACE',''
  ) );
#2569 = ORIENTED_EDGE('',*,*,#2570,.F.);
#2570 = EDGE_CURVE('',#2571,#2520,#2573,.T.);
#2571 = VERTEX_POINT('',#2572);
#2572 = CARTESIAN_POINT('',(248.46916992187,89.414482421875,19.6));
#2573 = SURFACE_CURVE('',#2574,(#2580,#2589),.PCURVE_S1.);
#2574 = B_SPLINE_CURVE_WITH_KNOTS('',4,(#2575,#2576,#2577,#2578,#2579),
  .UNSPECIFIED.,.F.,.F.,(5,5),(0.,1.),.PIECEWISE_BEZIER_KNOTS.);
#2575 = CARTESIAN_POINT('',(248.46916992187,89.414482421875,19.6));
#2576 = CARTESIAN_POINT('',(248.49338799565,89.3383684757,19.6));
#2577 = CARTESIAN_POINT('',(248.52062572919,89.263436783242,19.6));
#2578 = CARTESIAN_POINT('',(248.55088438365,89.189779919096,19.6));
#2579 = CARTESIAN_POINT('',(248.58412567634,89.117476051078,19.6));
#2580 = PCURVE('',#175,#2581);
#2581 = DEFINITIONAL_REPRESENTATION('',(#2582),#2588);
#2582 = B_SPLINE_CURVE_WITH_KNOTS('',4,(#2583,#2584,#2585,#2586,#2587),
  .UNSPECIFIED.,.F.,.F.,(5,5),(0.,1.),.PIECEWISE_BEZIER_KNOTS.);
#2583 = CARTESIAN_POINT('',(8.469169921875,89.414482421875));
#2584 = CARTESIAN_POINT('',(8.493387995658,89.3383684757));
#2585 = CARTESIAN_POINT('',(8.520625729197,89.263436783242));
#2586 = CARTESIAN_POINT('',(8.550884383654,89.189779919096));
#2587 = CARTESIAN_POINT('',(8.584125676341,89.117476051078));
#2588 = ( GEOMETRIC_REPRESENTATION_CONTEXT(2) 
PARAMETRIC_REPRESENTATION_CONTEXT() REPRESENTATION_CONTEXT('2D SPACE',''
  ) );
#2589 = PCURVE('',#2590,#2597);
#2590 = SURFACE_OF_LINEAR_EXTRUSION('',#2591,#2595);
#2591 = B_SPLINE_CURVE_WITH_KNOTS('',2,(#2592,#2593,#2594),
  .UNSPECIFIED.,.F.,.F.,(3,3),(0.,1.),.PIECEWISE_BEZIER_KNOTS.);
#2592 = CARTESIAN_POINT('',(248.8639453125,88.646416015625,18.2));
#2593 = CARTESIAN_POINT('',(248.60076171875,89.000908203125,18.2));
#2594 = CARTESIAN_POINT('',(248.46916992187,89.414482421875,18.2));
#2595 = VECTOR('',#2596,1.);
#2596 = DIRECTION('',(-0.,0.,-1.));
#2597 = DEFINITIONAL_REPRESENTATION('',(#2598),#2604);
#2598 = B_SPLINE_CURVE_WITH_KNOTS('',4,(#2599,#2600,#2601,#2602,#2603),
  .UNSPECIFIED.,.F.,.F.,(5,5),(0.,1.),.PIECEWISE_BEZIER_KNOTS.);
#2599 = CARTESIAN_POINT('',(1.,-1.4));
#2600 = CARTESIAN_POINT('',(0.907980305923,-1.4));
#2601 = CARTESIAN_POINT('',(0.815777062081,-1.4));
#2602 = CARTESIAN_POINT('',(0.723487599629,-1.4));
#2603 = CARTESIAN_POINT('',(0.631212790992,-1.4));
#2604 = ( GEOMETRIC_REPRESENTATION_CONTEXT(2) 
PARAMETRIC_REPRESENTATION_CONTEXT() REPRESENTATION_CONTEXT('2D SPACE',''
  ) );
#2605 = ORIENTED_EDGE('',*,*,#2606,.F.);
#2606 = EDGE_CURVE('',#2607,#2571,#2609,.T.);
#2607 = VERTEX_POINT('',#2608);
#2608 = CARTESIAN_POINT('',(248.337578125,90.316826171875,19.6));
#2609 = SURFACE_CURVE('',#2610,(#2617,#2627),.PCURVE_S1.);
#2610 = B_SPLINE_CURVE_WITH_KNOTS('',5,(#2611,#2612,#2613,#2614,#2615,
    #2616),.UNSPECIFIED.,.F.,.F.,(6,6),(0.,1.),
  .PIECEWISE_BEZIER_KNOTS.);
#2611 = CARTESIAN_POINT('',(248.337578125,90.316826171875,19.6));
#2612 = CARTESIAN_POINT('',(248.337578125,90.127252937047,19.6));
#2613 = CARTESIAN_POINT('',(248.34995110103,89.941282841737,19.6));
#2614 = CARTESIAN_POINT('',(248.3755985903,89.759819701512,19.6));
#2615 = CARTESIAN_POINT('',(248.41526843537,89.583887093724,19.6));
#2616 = CARTESIAN_POINT('',(248.46916992187,89.414482421875,19.6));
#2617 = PCURVE('',#175,#2618);
#2618 = DEFINITIONAL_REPRESENTATION('',(#2619),#2626);
#2619 = B_SPLINE_CURVE_WITH_KNOTS('',5,(#2620,#2621,#2622,#2623,#2624,
    #2625),.UNSPECIFIED.,.F.,.F.,(6,6),(0.,1.),
  .PIECEWISE_BEZIER_KNOTS.);
#2620 = CARTESIAN_POINT('',(8.337578125,90.316826171875));
#2621 = CARTESIAN_POINT('',(8.337578125,90.127252937047));
#2622 = CARTESIAN_POINT('',(8.349951101038,89.941282841737));
#2623 = CARTESIAN_POINT('',(8.375598590303,89.759819701512));
#2624 = CARTESIAN_POINT('',(8.415268435378,89.583887093724));
#2625 = CARTESIAN_POINT('',(8.469169921875,89.414482421875));
#2626 = ( GEOMETRIC_REPRESENTATION_CONTEXT(2) 
PARAMETRIC_REPRESENTATION_CONTEXT() REPRESENTATION_CONTEXT('2D SPACE',''
  ) );
#2627 = PCURVE('',#2628,#2635);
#2628 = SURFACE_OF_LINEAR_EXTRUSION('',#2629,#2633);
#2629 = B_SPLINE_CURVE_WITH_KNOTS('',2,(#2630,#2631,#2632),
  .UNSPECIFIED.,.F.,.F.,(3,3),(0.,1.),.PIECEWISE_BEZIER_KNOTS.);
#2630 = CARTESIAN_POINT('',(248.46916992187,89.414482421875,18.2));
#2631 = CARTESIAN_POINT('',(248.337578125,89.828056640625,18.2));
#2632 = CARTESIAN_POINT('',(248.337578125,90.316826171875,18.2));
#2633 = VECTOR('',#2634,1.);
#2634 = DIRECTION('',(-0.,0.,-1.));
#2635 = DEFINITIONAL_REPRESENTATION('',(#2636),#2643);
#2636 = B_SPLINE_CURVE_WITH_KNOTS('',5,(#2637,#2638,#2639,#2640,#2641,
    #2642),.UNSPECIFIED.,.F.,.F.,(6,6),(0.,1.),
  .PIECEWISE_BEZIER_KNOTS.);
#2637 = CARTESIAN_POINT('',(1.,-1.4));
#2638 = CARTESIAN_POINT('',(0.8060709366,-1.4));
#2639 = CARTESIAN_POINT('',(0.608595076313,-1.4));
#2640 = CARTESIAN_POINT('',(0.40797000065,-1.4));
#2641 = CARTESIAN_POINT('',(0.204805648139,-1.4));
#2642 = CARTESIAN_POINT('',(0.,-1.4));
#2643 = ( GEOMETRIC_REPRESENTATION_CONTEXT(2) 
PARAMETRIC_REPRESENTATION_CONTEXT() REPRESENTATION_CONTEXT('2D SPACE',''
  ) );
#2644 = ORIENTED_EDGE('',*,*,#2645,.F.);
#2645 = EDGE_CURVE('',#2646,#2607,#2648,.T.);
#2646 = VERTEX_POINT('',#2647);
#2647 = CARTESIAN_POINT('',(248.34184073709,90.503324773508,19.6));
#2648 = SURFACE_CURVE('',#2649,(#2655,#2664),.PCURVE_S1.);
#2649 = B_SPLINE_CURVE_WITH_KNOTS('',4,(#2650,#2651,#2652,#2653,#2654),
  .UNSPECIFIED.,.F.,.F.,(5,5),(0.,1.),.PIECEWISE_BEZIER_KNOTS.);
#2650 = CARTESIAN_POINT('',(248.34184080355,90.503326205587,19.6));
#2651 = CARTESIAN_POINT('',(248.33968296379,90.456834044795,19.6));
#2652 = CARTESIAN_POINT('',(248.33827098246,90.410240628855,19.6));
#2653 = CARTESIAN_POINT('',(248.337578125,90.36356585198,19.6));
#2654 = CARTESIAN_POINT('',(248.337578125,90.316826171875,19.6));
#2655 = PCURVE('',#175,#2656);
#2656 = DEFINITIONAL_REPRESENTATION('',(#2657),#2663);
#2657 = B_SPLINE_CURVE_WITH_KNOTS('',4,(#2658,#2659,#2660,#2661,#2662),
  .UNSPECIFIED.,.F.,.F.,(5,5),(0.,1.),.PIECEWISE_BEZIER_KNOTS.);
#2658 = CARTESIAN_POINT('',(8.341840803558,90.503326205587));
#2659 = CARTESIAN_POINT('',(8.33968296379,90.456834044795));
#2660 = CARTESIAN_POINT('',(8.338270982469,90.410240628855));
#2661 = CARTESIAN_POINT('',(8.337578125,90.36356585198));
#2662 = CARTESIAN_POINT('',(8.337578125,90.316826171875));
#2663 = ( GEOMETRIC_REPRESENTATION_CONTEXT(2) 
PARAMETRIC_REPRESENTATION_CONTEXT() REPRESENTATION_CONTEXT('2D SPACE',''
  ) );
#2664 = PCURVE('',#2665,#2672);
#2665 = SURFACE_OF_LINEAR_EXTRUSION('',#2666,#2670);
#2666 = B_SPLINE_CURVE_WITH_KNOTS('',2,(#2667,#2668,#2669),
  .UNSPECIFIED.,.F.,.F.,(3,3),(0.,1.),.PIECEWISE_BEZIER_KNOTS.);
#2667 = CARTESIAN_POINT('',(248.337578125,90.316826171875,18.2));
#2668 = CARTESIAN_POINT('',(248.337578125,91.546806640625,18.2));
#2669 = CARTESIAN_POINT('',(249.0573046875,92.3014453125,18.2));
#2670 = VECTOR('',#2671,1.);
#2671 = DIRECTION('',(-0.,0.,-1.));
#2672 = DEFINITIONAL_REPRESENTATION('',(#2673),#2679);
#2673 = B_SPLINE_CURVE_WITH_KNOTS('',4,(#2674,#2675,#2676,#2677,#2678),
  .UNSPECIFIED.,.F.,.F.,(5,5),(0.,1.),.PIECEWISE_BEZIER_KNOTS.);
#2674 = CARTESIAN_POINT('',(7.695866521147E-02,-1.4));
#2675 = CARTESIAN_POINT('',(5.747977816688E-02,-1.4));
#2676 = CARTESIAN_POINT('',(3.815997714135E-02,-1.4));
#2677 = CARTESIAN_POINT('',(1.900017166632E-02,-1.4));
#2678 = CARTESIAN_POINT('',(0.,-1.4));
#2679 = ( GEOMETRIC_REPRESENTATION_CONTEXT(2) 
PARAMETRIC_REPRESENTATION_CONTEXT() REPRESENTATION_CONTEXT('2D SPACE',''
  ) );
#2680 = ORIENTED_EDGE('',*,*,#2681,.F.);
#2681 = EDGE_CURVE('',#2682,#2646,#2684,.T.);
#2682 = VERTEX_POINT('',#2683);
#2683 = CARTESIAN_POINT('',(248.337578125,90.676826171875,19.6));
#2684 = SURFACE_CURVE('',#2685,(#2691,#2700),.PCURVE_S1.);
#2685 = B_SPLINE_CURVE_WITH_KNOTS('',4,(#2686,#2687,#2688,#2689,#2690),
  .UNSPECIFIED.,.F.,.F.,(5,5),(0.,1.),.PIECEWISE_BEZIER_KNOTS.);
#2686 = CARTESIAN_POINT('',(248.337578125,90.676826171875,19.6));
#2687 = CARTESIAN_POINT('',(248.337578125,90.633129376248,19.6));
#2688 = CARTESIAN_POINT('',(248.3382792968,90.589637464245,19.6));
#2689 = CARTESIAN_POINT('',(248.33969581704,90.546364207083,19.6));
#2690 = CARTESIAN_POINT('',(248.34184076551,90.503324203225,19.6));
#2691 = PCURVE('',#175,#2692);
#2692 = DEFINITIONAL_REPRESENTATION('',(#2693),#2699);
#2693 = B_SPLINE_CURVE_WITH_KNOTS('',4,(#2694,#2695,#2696,#2697,#2698),
  .UNSPECIFIED.,.F.,.F.,(5,5),(0.,1.),.PIECEWISE_BEZIER_KNOTS.);
#2694 = CARTESIAN_POINT('',(8.337578125,90.676826171875));
#2695 = CARTESIAN_POINT('',(8.337578125,90.633129376248));
#2696 = CARTESIAN_POINT('',(8.338279296801,90.589637464245));
#2697 = CARTESIAN_POINT('',(8.339695817043,90.546364207083));
#2698 = CARTESIAN_POINT('',(8.341840765512,90.503324203225));
#2699 = ( GEOMETRIC_REPRESENTATION_CONTEXT(2) 
PARAMETRIC_REPRESENTATION_CONTEXT() REPRESENTATION_CONTEXT('2D SPACE',''
  ) );
#2700 = PCURVE('',#2701,#2708);
#2701 = SURFACE_OF_LINEAR_EXTRUSION('',#2702,#2706);
#2702 = B_SPLINE_CURVE_WITH_KNOTS('',2,(#2703,#2704,#2705),
  .UNSPECIFIED.,.F.,.F.,(3,3),(0.,1.),.PIECEWISE_BEZIER_KNOTS.);
#2703 = CARTESIAN_POINT('',(248.46916992187,89.774482421875,18.2));
#2704 = CARTESIAN_POINT('',(248.337578125,90.188056640625,18.2));
#2705 = CARTESIAN_POINT('',(248.337578125,90.676826171875,18.2));
#2706 = VECTOR('',#2707,1.);
#2707 = DIRECTION('',(-0.,0.,-1.));
#2708 = DEFINITIONAL_REPRESENTATION('',(#2709),#2715);
#2709 = B_SPLINE_CURVE_WITH_KNOTS('',4,(#2710,#2711,#2712,#2713,#2714),
  .UNSPECIFIED.,.F.,.F.,(5,5),(0.,1.),.PIECEWISE_BEZIER_KNOTS.);
#2710 = CARTESIAN_POINT('',(1.,-1.4));
#2711 = CARTESIAN_POINT('',(0.955299182096,-1.4));
#2712 = CARTESIAN_POINT('',(0.910398079636,-1.4));
#2713 = CARTESIAN_POINT('',(0.865302493188,-1.4));
#2714 = CARTESIAN_POINT('',(0.820019710744,-1.4));
#2715 = ( GEOMETRIC_REPRESENTATION_CONTEXT(2) 
PARAMETRIC_REPRESENTATION_CONTEXT() REPRESENTATION_CONTEXT('2D SPACE',''
  ) );
#2716 = ORIENTED_EDGE('',*,*,#2717,.F.);
#2717 = EDGE_CURVE('',#2718,#2682,#2720,.T.);
#2718 = VERTEX_POINT('',#2719);
#2719 = CARTESIAN_POINT('',(249.0573046875,92.6614453125,19.6));
#2720 = SURFACE_CURVE('',#2721,(#2740,#2762),.PCURVE_S1.);
#2721 = B_SPLINE_CURVE_WITH_KNOTS('',5,(#2722,#2723,#2724,#2725,#2726,
    #2727,#2728,#2729,#2730,#2731,#2732,#2733,#2734,#2735,#2736,#2737,
    #2738,#2739),.UNSPECIFIED.,.F.,.F.,(6,4,4,4,6),(0.,0.205687894247,
    0.447323495957,0.696351297011,1.),.UNSPECIFIED.);
#2722 = CARTESIAN_POINT('',(249.0573046875,92.6614453125,19.6));
#2723 = CARTESIAN_POINT('',(248.9962227391,92.597400433772,19.6));
#2724 = CARTESIAN_POINT('',(248.93799321464,92.530809426011,19.6));
#2725 = CARTESIAN_POINT('',(248.88281727704,92.461742625497,19.6));
#2726 = CARTESIAN_POINT('',(248.83085691859,92.390314051218,19.6));
#2727 = CARTESIAN_POINT('',(248.72508793129,92.230201431427,19.6));
#2728 = CARTESIAN_POINT('',(248.67253915505,92.140677035153,19.6));
#2729 = CARTESIAN_POINT('',(248.62475813626,92.048391588854,19.6));
#2730 = CARTESIAN_POINT('',(248.58179063305,91.953666289245,19.6));
#2731 = CARTESIAN_POINT('',(248.50420419175,91.757073026191,19.6));
#2732 = CARTESIAN_POINT('',(248.4698785007,91.655068844229,19.6));
#2733 = CARTESIAN_POINT('',(248.44054189252,91.551211097902,19.6));
#2734 = CARTESIAN_POINT('',(248.41600624635,91.445854148242,19.6));
#2735 = CARTESIAN_POINT('',(248.37168979857,91.209386619119,19.6));
#2736 = CARTESIAN_POINT('',(248.35413254217,91.077696207132,19.6));
#2737 = CARTESIAN_POINT('',(248.34293549548,90.944774482325,19.6));
#2738 = CARTESIAN_POINT('',(248.337578125,90.811052137492,19.6));
#2739 = CARTESIAN_POINT('',(248.337578125,90.676826171875,19.6));
#2740 = PCURVE('',#175,#2741);
#2741 = DEFINITIONAL_REPRESENTATION('',(#2742),#2761);
#2742 = B_SPLINE_CURVE_WITH_KNOTS('',5,(#2743,#2744,#2745,#2746,#2747,
    #2748,#2749,#2750,#2751,#2752,#2753,#2754,#2755,#2756,#2757,#2758,
    #2759,#2760),.UNSPECIFIED.,.F.,.F.,(6,4,4,4,6),(0.,0.205687894247,
    0.447323495957,0.696351297011,1.),.UNSPECIFIED.);
#2743 = CARTESIAN_POINT('',(9.0573046875,92.6614453125));
#2744 = CARTESIAN_POINT('',(8.996222739104,92.597400433772));
#2745 = CARTESIAN_POINT('',(8.937993214643,92.530809426011));
#2746 = CARTESIAN_POINT('',(8.882817277044,92.461742625497));
#2747 = CARTESIAN_POINT('',(8.830856918595,92.390314051218));
#2748 = CARTESIAN_POINT('',(8.72508793129,92.230201431427));
#2749 = CARTESIAN_POINT('',(8.672539155057,92.140677035153));
#2750 = CARTESIAN_POINT('',(8.624758136262,92.048391588854));
#2751 = CARTESIAN_POINT('',(8.581790633051,91.953666289245));
#2752 = CARTESIAN_POINT('',(8.504204191751,91.757073026191));
#2753 = CARTESIAN_POINT('',(8.469878500709,91.655068844229));
#2754 = CARTESIAN_POINT('',(8.440541892522,91.551211097902));
#2755 = CARTESIAN_POINT('',(8.416006246351,91.445854148242));
#2756 = CARTESIAN_POINT('',(8.371689798572,91.209386619119));
#2757 = CARTESIAN_POINT('',(8.35413254217,91.077696207132));
#2758 = CARTESIAN_POINT('',(8.342935495489,90.944774482325));
#2759 = CARTESIAN_POINT('',(8.337578125,90.811052137492));
#2760 = CARTESIAN_POINT('',(8.337578125,90.676826171875));
#2761 = ( GEOMETRIC_REPRESENTATION_CONTEXT(2) 
PARAMETRIC_REPRESENTATION_CONTEXT() REPRESENTATION_CONTEXT('2D SPACE',''
  ) );
#2762 = PCURVE('',#2763,#2770);
#2763 = SURFACE_OF_LINEAR_EXTRUSION('',#2764,#2768);
#2764 = B_SPLINE_CURVE_WITH_KNOTS('',2,(#2765,#2766,#2767),
  .UNSPECIFIED.,.F.,.F.,(3,3),(0.,1.),.PIECEWISE_BEZIER_KNOTS.);
#2765 = CARTESIAN_POINT('',(248.337578125,90.676826171875,18.2));
#2766 = CARTESIAN_POINT('',(248.337578125,91.906806640625,18.2));
#2767 = CARTESIAN_POINT('',(249.0573046875,92.6614453125,18.2));
#2768 = VECTOR('',#2769,1.);
#2769 = DIRECTION('',(-0.,0.,-1.));
#2770 = DEFINITIONAL_REPRESENTATION('',(#2771),#2790);
#2771 = B_SPLINE_CURVE_WITH_KNOTS('',5,(#2772,#2773,#2774,#2775,#2776,
    #2777,#2778,#2779,#2780,#2781,#2782,#2783,#2784,#2785,#2786,#2787,
    #2788,#2789),.UNSPECIFIED.,.F.,.F.,(6,4,4,4,6),(0.,0.205687894247,
    0.447323495957,0.696351297011,1.),.UNSPECIFIED.);
#2772 = CARTESIAN_POINT('',(1.,-1.4));
#2773 = CARTESIAN_POINT('',(0.957565864887,-1.4));
#2774 = CARTESIAN_POINT('',(0.914862517356,-1.4));
#2775 = CARTESIAN_POINT('',(0.871972557859,-1.4));
#2776 = CARTESIAN_POINT('',(0.828985827836,-1.4));
#2777 = CARTESIAN_POINT('',(0.735501615483,-1.4));
#2778 = CARTESIAN_POINT('',(0.685000765654,-1.4));
#2779 = CARTESIAN_POINT('',(0.634657562515,-1.4));
#2780 = CARTESIAN_POINT('',(0.584614861011,-1.4));
#2781 = CARTESIAN_POINT('',(0.483867304116,-1.4));
#2782 = CARTESIAN_POINT('',(0.433185805129,-1.4));
#2783 = CARTESIAN_POINT('',(0.383090276518,-1.4));
#2784 = CARTESIAN_POINT('',(0.333674263284,-1.4));
#2785 = CARTESIAN_POINT('',(0.225649691108,-1.4));
#2786 = CARTESIAN_POINT('',(0.167402399257,-1.4));
#2787 = CARTESIAN_POINT('',(0.110362148299,-1.4));
#2788 = CARTESIAN_POINT('',(5.456426708672E-02,-1.4));
#2789 = CARTESIAN_POINT('',(0.,-1.4));
#2790 = ( GEOMETRIC_REPRESENTATION_CONTEXT(2) 
PARAMETRIC_REPRESENTATION_CONTEXT() REPRESENTATION_CONTEXT('2D SPACE',''
  ) );
#2791 = ORIENTED_EDGE('',*,*,#2792,.F.);
#2792 = EDGE_CURVE('',#2793,#2718,#2795,.T.);
#2793 = VERTEX_POINT('',#2794);
#2794 = CARTESIAN_POINT('',(250.94255859375,93.416083984375,19.6));
#2795 = SURFACE_CURVE('',#2796,(#2814,#2835),.PCURVE_S1.);
#2796 = B_SPLINE_CURVE_WITH_KNOTS('',6,(#2797,#2798,#2799,#2800,#2801,
    #2802,#2803,#2804,#2805,#2806,#2807,#2808,#2809,#2810,#2811,#2812,
    #2813),.UNSPECIFIED.,.F.,.F.,(7,5,5,7),(0.,0.250396170726,
    0.683268878596,1.),.UNSPECIFIED.);
#2797 = CARTESIAN_POINT('',(250.94255859375,93.416083984375,19.6));
#2798 = CARTESIAN_POINT('',(250.85366648678,93.416083984375,19.6));
#2799 = CARTESIAN_POINT('',(250.76501637275,93.413450159754,19.6));
#2800 = CARTESIAN_POINT('',(250.67670750247,93.408036960399,19.6));
#2801 = CARTESIAN_POINT('',(250.5888610724,93.399696577764,19.6));
#2802 = CARTESIAN_POINT('',(250.50161835296,93.388289769621,19.6));
#2803 = CARTESIAN_POINT('',(250.26563720572,93.348468870355,19.6));
#2804 = CARTESIAN_POINT('',(250.11836196823,93.313709650114,19.6));
#2805 = CARTESIAN_POINT('',(249.97424247287,93.268807005792,19.6));
#2806 = CARTESIAN_POINT('',(249.83425978584,93.213357345829,19.6));
#2807 = CARTESIAN_POINT('',(249.69938235571,93.147322576455,19.6));
#2808 = CARTESIAN_POINT('',(249.47617288117,93.015557234032,19.6));
#2809 = CARTESIAN_POINT('',(249.385035143,92.954482823645,19.6));
#2810 = CARTESIAN_POINT('',(249.29740606912,92.888202671114,19.6));
#2811 = CARTESIAN_POINT('',(249.21350405035,92.817013542918,19.6));
#2812 = CARTESIAN_POINT('',(249.13345330019,92.741287701189,19.6));
#2813 = CARTESIAN_POINT('',(249.0573046875,92.6614453125,19.6));
#2814 = PCURVE('',#175,#2815);
#2815 = DEFINITIONAL_REPRESENTATION('',(#2816),#2834);
#2816 = B_SPLINE_CURVE_WITH_KNOTS('',6,(#2817,#2818,#2819,#2820,#2821,
    #2822,#2823,#2824,#2825,#2826,#2827,#2828,#2829,#2830,#2831,#2832,
    #2833),.UNSPECIFIED.,.F.,.F.,(7,5,5,7),(0.,0.250396170726,
    0.683268878596,1.),.UNSPECIFIED.);
#2817 = CARTESIAN_POINT('',(10.94255859375,93.416083984375));
#2818 = CARTESIAN_POINT('',(10.853666486785,93.416083984375));
#2819 = CARTESIAN_POINT('',(10.765016372755,93.413450159754));
#2820 = CARTESIAN_POINT('',(10.676707502477,93.408036960399));
#2821 = CARTESIAN_POINT('',(10.588861072404,93.399696577764));
#2822 = CARTESIAN_POINT('',(10.501618352963,93.388289769621));
#2823 = CARTESIAN_POINT('',(10.265637205728,93.348468870355));
#2824 = CARTESIAN_POINT('',(10.11836196823,93.313709650114));
#2825 = CARTESIAN_POINT('',(9.974242472874,93.268807005792));
#2826 = CARTESIAN_POINT('',(9.834259785848,93.213357345829));
#2827 = CARTESIAN_POINT('',(9.699382355715,93.147322576455));
#2828 = CARTESIAN_POINT('',(9.476172881172,93.015557234032));
#2829 = CARTESIAN_POINT('',(9.385035143003,92.954482823645));
#2830 = CARTESIAN_POINT('',(9.297406069124,92.888202671114));
#2831 = CARTESIAN_POINT('',(9.213504050356,92.817013542918));
#2832 = CARTESIAN_POINT('',(9.133453300199,92.741287701189));
#2833 = CARTESIAN_POINT('',(9.0573046875,92.6614453125));
#2834 = ( GEOMETRIC_REPRESENTATION_CONTEXT(2) 
PARAMETRIC_REPRESENTATION_CONTEXT() REPRESENTATION_CONTEXT('2D SPACE',''
  ) );
#2835 = PCURVE('',#2836,#2843);
#2836 = SURFACE_OF_LINEAR_EXTRUSION('',#2837,#2841);
#2837 = B_SPLINE_CURVE_WITH_KNOTS('',2,(#2838,#2839,#2840),
  .UNSPECIFIED.,.F.,.F.,(3,3),(0.,1.),.PIECEWISE_BEZIER_KNOTS.);
#2838 = CARTESIAN_POINT('',(249.0573046875,92.6614453125,18.2));
#2839 = CARTESIAN_POINT('',(249.77703125,93.416083984375,18.2));
#2840 = CARTESIAN_POINT('',(250.94255859375,93.416083984375,18.2));
#2841 = VECTOR('',#2842,1.);
#2842 = DIRECTION('',(-0.,0.,-1.));
#2843 = DEFINITIONAL_REPRESENTATION('',(#2844),#2862);
#2844 = B_SPLINE_CURVE_WITH_KNOTS('',6,(#2845,#2846,#2847,#2848,#2849,
    #2850,#2851,#2852,#2853,#2854,#2855,#2856,#2857,#2858,#2859,#2860,
    #2861),.UNSPECIFIED.,.F.,.F.,(7,5,5,7),(0.,0.250396170726,
    0.683268878596,1.),.UNSPECIFIED.);
#2845 = CARTESIAN_POINT('',(1.,-1.4));
#2846 = CARTESIAN_POINT('',(0.961866142634,-1.4));
#2847 = CARTESIAN_POINT('',(0.923168621131,-1.4));
#2848 = CARTESIAN_POINT('',(0.883913127109,-1.4));
#2849 = CARTESIAN_POINT('',(0.844114194312,-1.4));
#2850 = CARTESIAN_POINT('',(0.803797138943,-1.4));
#2851 = CARTESIAN_POINT('',(0.692471892656,-1.4));
#2852 = CARTESIAN_POINT('',(0.620483382485,-1.4));
#2853 = CARTESIAN_POINT('',(0.547278058921,-1.4));
#2854 = CARTESIAN_POINT('',(0.473174509752,-1.4));
#2855 = CARTESIAN_POINT('',(0.398578536168,-1.4));
#2856 = CARTESIAN_POINT('',(0.269431201913,-1.4));
#2857 = CARTESIAN_POINT('',(0.214856213271,-1.4));
#2858 = CARTESIAN_POINT('',(0.160467143052,-1.4));
#2859 = CARTESIAN_POINT('',(0.106432886834,-1.4));
#2860 = CARTESIAN_POINT('',(5.290107150895E-02,-1.4));
#2861 = CARTESIAN_POINT('',(0.,-1.4));
#2862 = ( GEOMETRIC_REPRESENTATION_CONTEXT(2) 
PARAMETRIC_REPRESENTATION_CONTEXT() REPRESENTATION_CONTEXT('2D SPACE',''
  ) );
#2863 = ORIENTED_EDGE('',*,*,#2864,.F.);
#2864 = EDGE_CURVE('',#2865,#2793,#2867,.T.);
#2865 = VERTEX_POINT('',#2866);
#2866 = CARTESIAN_POINT('',(251.12664910521,93.411657810054,19.6));
#2867 = SURFACE_CURVE('',#2868,(#2874,#2883),.PCURVE_S1.);
#2868 = B_SPLINE_CURVE_WITH_KNOTS('',4,(#2869,#2870,#2871,#2872,#2873),
  .UNSPECIFIED.,.F.,.F.,(5,5),(0.,1.),.PIECEWISE_BEZIER_KNOTS.);
#2869 = CARTESIAN_POINT('',(251.12665060749,93.411657736741,19.6));
#2870 = CARTESIAN_POINT('',(251.08075111663,93.413897681001,19.6));
#2871 = CARTESIAN_POINT('',(251.03475584549,93.415364154945,19.6));
#2872 = CARTESIAN_POINT('',(250.98868585367,93.416083984375,19.6));
#2873 = CARTESIAN_POINT('',(250.94255859375,93.416083984375,19.6));
#2874 = PCURVE('',#175,#2875);
#2875 = DEFINITIONAL_REPRESENTATION('',(#2876),#2882);
#2876 = B_SPLINE_CURVE_WITH_KNOTS('',4,(#2877,#2878,#2879,#2880,#2881),
  .UNSPECIFIED.,.F.,.F.,(5,5),(0.,1.),.PIECEWISE_BEZIER_KNOTS.);
#2877 = CARTESIAN_POINT('',(11.126650607498,93.411657736741));
#2878 = CARTESIAN_POINT('',(11.080751116631,93.413897681001));
#2879 = CARTESIAN_POINT('',(11.034755845492,93.415364154945));
#2880 = CARTESIAN_POINT('',(10.988685853674,93.416083984375));
#2881 = CARTESIAN_POINT('',(10.94255859375,93.416083984375));
#2882 = ( GEOMETRIC_REPRESENTATION_CONTEXT(2) 
PARAMETRIC_REPRESENTATION_CONTEXT() REPRESENTATION_CONTEXT('2D SPACE',''
  ) );
#2883 = PCURVE('',#2884,#2891);
#2884 = SURFACE_OF_LINEAR_EXTRUSION('',#2885,#2889);
#2885 = B_SPLINE_CURVE_WITH_KNOTS('',2,(#2886,#2887,#2888),
  .UNSPECIFIED.,.F.,.F.,(3,3),(0.,1.),.PIECEWISE_BEZIER_KNOTS.);
#2886 = CARTESIAN_POINT('',(250.94255859375,93.416083984375,18.2));
#2887 = CARTESIAN_POINT('',(252.23162109375,93.416083984375,18.2));
#2888 = CARTESIAN_POINT('',(253.00774414062,92.572822265625,18.2));
#2889 = VECTOR('',#2890,1.);
#2890 = DIRECTION('',(-0.,0.,-1.));
#2891 = DEFINITIONAL_REPRESENTATION('',(#2892),#2898);
#2892 = B_SPLINE_CURVE_WITH_KNOTS('',4,(#2893,#2894,#2895,#2896,#2897),
  .UNSPECIFIED.,.F.,.F.,(5,5),(0.,1.),.PIECEWISE_BEZIER_KNOTS.);
#2893 = CARTESIAN_POINT('',(7.24497116264E-02,-1.4));
#2894 = CARTESIAN_POINT('',(5.411778251828E-02,-1.4));
#2895 = CARTESIAN_POINT('',(3.593119409287E-02,-1.4));
#2896 = CARTESIAN_POINT('',(1.789178566749E-02,-1.4));
#2897 = CARTESIAN_POINT('',(0.,-1.4));
#2898 = ( GEOMETRIC_REPRESENTATION_CONTEXT(2) 
PARAMETRIC_REPRESENTATION_CONTEXT() REPRESENTATION_CONTEXT('2D SPACE',''
  ) );
#2899 = ORIENTED_EDGE('',*,*,#2900,.F.);
#2900 = EDGE_CURVE('',#2901,#2865,#2903,.T.);
#2901 = VERTEX_POINT('',#2902);
#2902 = CARTESIAN_POINT('',(251.30255859375,93.416083984375,19.6));
#2903 = SURFACE_CURVE('',#2904,(#2910,#2919),.PCURVE_S1.);
#2904 = B_SPLINE_CURVE_WITH_KNOTS('',4,(#2905,#2906,#2907,#2908,#2909),
  .UNSPECIFIED.,.F.,.F.,(5,5),(0.,1.),.PIECEWISE_BEZIER_KNOTS.);
#2905 = CARTESIAN_POINT('',(251.30255859375,93.416083984375,19.6));
#2906 = CARTESIAN_POINT('',(251.25846269014,93.416083984375,19.6));
#2907 = CARTESIAN_POINT('',(251.21443291081,93.415363889936,19.6));
#2908 = CARTESIAN_POINT('',(251.1704873649,93.413897201137,19.6));
#2909 = CARTESIAN_POINT('',(251.12664774755,93.4116577407,19.6));
#2910 = PCURVE('',#175,#2911);
#2911 = DEFINITIONAL_REPRESENTATION('',(#2912),#2918);
#2912 = B_SPLINE_CURVE_WITH_KNOTS('',4,(#2913,#2914,#2915,#2916,#2917),
  .UNSPECIFIED.,.F.,.F.,(5,5),(0.,1.),.PIECEWISE_BEZIER_KNOTS.);
#2913 = CARTESIAN_POINT('',(11.30255859375,93.416083984375));
#2914 = CARTESIAN_POINT('',(11.258462690143,93.416083984375));
#2915 = CARTESIAN_POINT('',(11.214432910812,93.415363889936));
#2916 = CARTESIAN_POINT('',(11.170487364901,93.413897201137));
#2917 = CARTESIAN_POINT('',(11.126647747555,93.4116577407));
#2918 = ( GEOMETRIC_REPRESENTATION_CONTEXT(2) 
PARAMETRIC_REPRESENTATION_CONTEXT() REPRESENTATION_CONTEXT('2D SPACE',''
  ) );
#2919 = PCURVE('',#2920,#2927);
#2920 = SURFACE_OF_LINEAR_EXTRUSION('',#2921,#2925);
#2921 = B_SPLINE_CURVE_WITH_KNOTS('',2,(#2922,#2923,#2924),
  .UNSPECIFIED.,.F.,.F.,(3,3),(0.,1.),.PIECEWISE_BEZIER_KNOTS.);
#2922 = CARTESIAN_POINT('',(249.4173046875,92.6614453125,18.2));
#2923 = CARTESIAN_POINT('',(250.13703125,93.416083984375,18.2));
#2924 = CARTESIAN_POINT('',(251.30255859375,93.416083984375,18.2));
#2925 = VECTOR('',#2926,1.);
#2926 = DIRECTION('',(-0.,0.,-1.));
#2927 = DEFINITIONAL_REPRESENTATION('',(#2928),#2934);
#2928 = B_SPLINE_CURVE_WITH_KNOTS('',4,(#2929,#2930,#2931,#2932,#2933),
  .UNSPECIFIED.,.F.,.F.,(5,5),(0.,1.),.PIECEWISE_BEZIER_KNOTS.);
#2929 = CARTESIAN_POINT('',(1.,-1.4));
#2930 = CARTESIAN_POINT('',(0.98108328224,-1.4));
#2931 = CARTESIAN_POINT('',(0.962012441286,-1.4));
#2932 = CARTESIAN_POINT('',(0.942788530048,-1.4));
#2933 = CARTESIAN_POINT('',(0.923414221559,-1.4));
#2934 = ( GEOMETRIC_REPRESENTATION_CONTEXT(2) 
PARAMETRIC_REPRESENTATION_CONTEXT() REPRESENTATION_CONTEXT('2D SPACE',''
  ) );
#2935 = ORIENTED_EDGE('',*,*,#2936,.F.);
#2936 = EDGE_CURVE('',#2937,#2901,#2939,.T.);
#2937 = VERTEX_POINT('',#2938);
#2938 = CARTESIAN_POINT('',(253.36774414062,92.572822265625,19.6));
#2939 = SURFACE_CURVE('',#2940,(#2958,#2979),.PCURVE_S1.);
#2940 = B_SPLINE_CURVE_WITH_KNOTS('',6,(#2941,#2942,#2943,#2944,#2945,
    #2946,#2947,#2948,#2949,#2950,#2951,#2952,#2953,#2954,#2955,#2956,
    #2957),.UNSPECIFIED.,.F.,.F.,(7,5,5,7),(0.,0.313082495827,
    0.744287066839,1.),.UNSPECIFIED.);
#2941 = CARTESIAN_POINT('',(253.36774414062,92.572822265625,19.6));
#2942 = CARTESIAN_POINT('',(253.28650569219,92.661088261494,19.6));
#2943 = CARTESIAN_POINT('',(253.20086261482,92.744932833436,19.6));
#2944 = CARTESIAN_POINT('',(253.11086047853,92.823867889758,19.6));
#2945 = CARTESIAN_POINT('',(253.0166317097,92.897456366835,19.6));
#2946 = CARTESIAN_POINT('',(252.91842243918,92.965346443976,19.6));
#2947 = CARTESIAN_POINT('',(252.67640724063,93.112641540115,19.6));
#2948 = CARTESIAN_POINT('',(252.52931689659,93.186764438133,19.6));
#2949 = CARTESIAN_POINT('',(252.3763892217,93.249022713188,19.6));
#2950 = CARTESIAN_POINT('',(252.21877969772,93.299467182386,19.6));
#2951 = CARTESIAN_POINT('',(252.0576518182,93.338585977831,19.6));
#2952 = CARTESIAN_POINT('',(251.79710203026,93.384019740732,19.6));
#2953 = CARTESIAN_POINT('',(251.69923108082,93.397209924992,19.6));
#2954 = CARTESIAN_POINT('',(251.60068097309,93.406830870115,19.6));
#2955 = CARTESIAN_POINT('',(251.50162590996,93.413060026213,19.6));
#2956 = CARTESIAN_POINT('',(251.40221274906,93.416083984375,19.6));
#2957 = CARTESIAN_POINT('',(251.30255859375,93.416083984375,19.6));
#2958 = PCURVE('',#175,#2959);
#2959 = DEFINITIONAL_REPRESENTATION('',(#2960),#2978);
#2960 = B_SPLINE_CURVE_WITH_KNOTS('',6,(#2961,#2962,#2963,#2964,#2965,
    #2966,#2967,#2968,#2969,#2970,#2971,#2972,#2973,#2974,#2975,#2976,
    #2977),.UNSPECIFIED.,.F.,.F.,(7,5,5,7),(0.,0.313082495827,
    0.744287066839,1.),.UNSPECIFIED.);
#2961 = CARTESIAN_POINT('',(13.367744140625,92.572822265625));
#2962 = CARTESIAN_POINT('',(13.286505692198,92.661088261494));
#2963 = CARTESIAN_POINT('',(13.200862614821,92.744932833436));
#2964 = CARTESIAN_POINT('',(13.11086047853,92.823867889758));
#2965 = CARTESIAN_POINT('',(13.016631709709,92.897456366835));
#2966 = CARTESIAN_POINT('',(12.918422439188,92.965346443976));
#2967 = CARTESIAN_POINT('',(12.676407240631,93.112641540115));
#2968 = CARTESIAN_POINT('',(12.529316896595,93.186764438133));
#2969 = CARTESIAN_POINT('',(12.376389221705,93.249022713188));
#2970 = CARTESIAN_POINT('',(12.218779697726,93.299467182386));
#2971 = CARTESIAN_POINT('',(12.057651818205,93.338585977831));
#2972 = CARTESIAN_POINT('',(11.797102030266,93.384019740732));
#2973 = CARTESIAN_POINT('',(11.69923108082,93.397209924992));
#2974 = CARTESIAN_POINT('',(11.600680973096,93.406830870115));
#2975 = CARTESIAN_POINT('',(11.501625909967,93.413060026213));
#2976 = CARTESIAN_POINT('',(11.402212749067,93.416083984375));
#2977 = CARTESIAN_POINT('',(11.30255859375,93.416083984375));
#2978 = ( GEOMETRIC_REPRESENTATION_CONTEXT(2) 
PARAMETRIC_REPRESENTATION_CONTEXT() REPRESENTATION_CONTEXT('2D SPACE',''
  ) );
#2979 = PCURVE('',#2980,#2987);
#2980 = SURFACE_OF_LINEAR_EXTRUSION('',#2981,#2985);
#2981 = B_SPLINE_CURVE_WITH_KNOTS('',2,(#2982,#2983,#2984),
  .UNSPECIFIED.,.F.,.F.,(3,3),(0.,1.),.PIECEWISE_BEZIER_KNOTS.);
#2982 = CARTESIAN_POINT('',(251.30255859375,93.416083984375,18.2));
#2983 = CARTESIAN_POINT('',(252.59162109375,93.416083984375,18.2));
#2984 = CARTESIAN_POINT('',(253.36774414062,92.572822265625,18.2));
#2985 = VECTOR('',#2986,1.);
#2986 = DIRECTION('',(-0.,0.,-1.));
#2987 = DEFINITIONAL_REPRESENTATION('',(#2988),#3006);
#2988 = B_SPLINE_CURVE_WITH_KNOTS('',6,(#2989,#2990,#2991,#2992,#2993,
    #2994,#2995,#2996,#2997,#2998,#2999,#3000,#3001,#3002,#3003,#3004,
    #3005),.UNSPECIFIED.,.F.,.F.,(7,5,5,7),(0.,0.313082495827,
    0.744287066839,1.),.UNSPECIFIED.);
#2989 = CARTESIAN_POINT('',(1.,-1.4));
#2990 = CARTESIAN_POINT('',(0.947663937597,-1.4));
#2991 = CARTESIAN_POINT('',(0.894662599431,-1.4));
#2992 = CARTESIAN_POINT('',(0.841128821022,-1.4));
#2993 = CARTESIAN_POINT('',(0.787217088113,-1.4));
#2994 = CARTESIAN_POINT('',(0.733105877857,-1.4));
#2995 = CARTESIAN_POINT('',(0.604480657139,-1.4));
#2996 = CARTESIAN_POINT('',(0.529938949763,-1.4));
#2997 = CARTESIAN_POINT('',(0.455932392943,-1.4));
#2998 = CARTESIAN_POINT('',(0.382897183806,-1.4));
#2999 = CARTESIAN_POINT('',(0.311169447416,-1.4));
#3000 = CARTESIAN_POINT('',(0.199388114544,-1.4));
#3001 = CARTESIAN_POINT('',(0.158313970316,-1.4));
#3002 = CARTESIAN_POINT('',(0.117818517739,-1.4));
#3003 = CARTESIAN_POINT('',(7.79274590091E-02,-1.4));
#3004 = CARTESIAN_POINT('',(3.865373297138E-02,-1.4));
#3005 = CARTESIAN_POINT('',(0.,-1.4));
#3006 = ( GEOMETRIC_REPRESENTATION_CONTEXT(2) 
PARAMETRIC_REPRESENTATION_CONTEXT() REPRESENTATION_CONTEXT('2D SPACE',''
  ) );
#3007 = ORIENTED_EDGE('',*,*,#3008,.F.);
#3008 = EDGE_CURVE('',#3009,#2937,#3011,.T.);
#3009 = VERTEX_POINT('',#3010);
#3010 = CARTESIAN_POINT('',(254.1438671875,90.311591796875,19.6));
#3011 = SURFACE_CURVE('',#3012,(#3035,#3061),.PCURVE_S1.);
#3012 = B_SPLINE_CURVE_WITH_KNOTS('',6,(#3013,#3014,#3015,#3016,#3017,
    #3018,#3019,#3020,#3021,#3022,#3023,#3024,#3025,#3026,#3027,#3028,
    #3029,#3030,#3031,#3032,#3033,#3034),.UNSPECIFIED.,.F.,.F.,(7,5,5,5,
    7),(0.,0.357889761595,0.625504025797,0.881297778577,1.),
  .UNSPECIFIED.);
#3013 = CARTESIAN_POINT('',(254.1438671875,90.311591796875,19.6));
#3014 = CARTESIAN_POINT('',(254.1438671875,90.460439300859,19.6));
#3015 = CARTESIAN_POINT('',(254.1387358755,90.608861210581,19.6));
#3016 = CARTESIAN_POINT('',(254.12803680384,90.756627700225,19.6));
#3017 = CARTESIAN_POINT('',(254.11129674413,90.903409006165,19.6));
#3018 = CARTESIAN_POINT('',(254.08802947638,91.048779541809,19.6));
#3019 = CARTESIAN_POINT('',(254.03520215354,91.299496477918,19.6));
#3020 = CARTESIAN_POINT('',(254.00871027785,91.405686416995,19.6));
#3021 = CARTESIAN_POINT('',(253.97815115044,91.510577546899,19.6));
#3022 = CARTESIAN_POINT('',(253.94336647214,91.613917148867,19.6));
#3023 = CARTESIAN_POINT('',(253.90424068013,91.715431617565,19.6));
#3024 = CARTESIAN_POINT('',(253.81913156616,91.909849160014,19.6));
#3025 = CARTESIAN_POINT('',(253.77352491113,92.002940842217,19.6));
#3026 = CARTESIAN_POINT('',(253.72386589113,92.093853243304,19.6));
#3027 = CARTESIAN_POINT('',(253.67016572105,92.18234330209,19.6));
#3028 = CARTESIAN_POINT('',(253.61249712735,92.268189054779,19.6));
#3029 = CARTESIAN_POINT('',(253.5224699199,92.389716125798,19.6));
#3030 = CARTESIAN_POINT('',(253.49311034615,92.427625717813,19.6));
#3031 = CARTESIAN_POINT('',(253.46294062636,92.464906382979,19.6));
#3032 = CARTESIAN_POINT('',(253.43197697341,92.501541732266,19.6));
#3033 = CARTESIAN_POINT('',(253.4002378844,92.537517644353,19.6));
#3034 = CARTESIAN_POINT('',(253.36774414062,92.572822265625,19.6));
#3035 = PCURVE('',#175,#3036);
#3036 = DEFINITIONAL_REPRESENTATION('',(#3037),#3060);
#3037 = B_SPLINE_CURVE_WITH_KNOTS('',6,(#3038,#3039,#3040,#3041,#3042,
    #3043,#3044,#3045,#3046,#3047,#3048,#3049,#3050,#3051,#3052,#3053,
    #3054,#3055,#3056,#3057,#3058,#3059),.UNSPECIFIED.,.F.,.F.,(7,5,5,5,
    7),(0.,0.357889761595,0.625504025797,0.881297778577,1.),
  .UNSPECIFIED.);
#3038 = CARTESIAN_POINT('',(14.1438671875,90.311591796875));
#3039 = CARTESIAN_POINT('',(14.1438671875,90.460439300859));
#3040 = CARTESIAN_POINT('',(14.138735875506,90.608861210581));
#3041 = CARTESIAN_POINT('',(14.128036803841,90.756627700225));
#3042 = CARTESIAN_POINT('',(14.111296744131,90.903409006165));
#3043 = CARTESIAN_POINT('',(14.088029476389,91.048779541809));
#3044 = CARTESIAN_POINT('',(14.035202153547,91.299496477918));
#3045 = CARTESIAN_POINT('',(14.008710277856,91.405686416995));
#3046 = CARTESIAN_POINT('',(13.978151150444,91.510577546899));
#3047 = CARTESIAN_POINT('',(13.943366472142,91.613917148867));
#3048 = CARTESIAN_POINT('',(13.904240680135,91.715431617565));
#3049 = CARTESIAN_POINT('',(13.819131566168,91.909849160014));
#3050 = CARTESIAN_POINT('',(13.773524911139,92.002940842217));
#3051 = CARTESIAN_POINT('',(13.723865891139,92.093853243304));
#3052 = CARTESIAN_POINT('',(13.670165721056,92.18234330209));
#3053 = CARTESIAN_POINT('',(13.612497127353,92.268189054779));
#3054 = CARTESIAN_POINT('',(13.522469919905,92.389716125798));
#3055 = CARTESIAN_POINT('',(13.49311034615,92.427625717813));
#3056 = CARTESIAN_POINT('',(13.46294062636,92.464906382979));
#3057 = CARTESIAN_POINT('',(13.431976973417,92.501541732266));
#3058 = CARTESIAN_POINT('',(13.400237884408,92.537517644353));
#3059 = CARTESIAN_POINT('',(13.367744140625,92.572822265625));
#3060 = ( GEOMETRIC_REPRESENTATION_CONTEXT(2) 
PARAMETRIC_REPRESENTATION_CONTEXT() REPRESENTATION_CONTEXT('2D SPACE',''
  ) );
#3061 = PCURVE('',#3062,#3069);
#3062 = SURFACE_OF_LINEAR_EXTRUSION('',#3063,#3067);
#3063 = B_SPLINE_CURVE_WITH_KNOTS('',2,(#3064,#3065,#3066),
  .UNSPECIFIED.,.F.,.F.,(3,3),(0.,1.),.PIECEWISE_BEZIER_KNOTS.);
#3064 = CARTESIAN_POINT('',(253.36774414062,92.572822265625,18.2));
#3065 = CARTESIAN_POINT('',(254.1438671875,91.729560546875,18.2));
#3066 = CARTESIAN_POINT('',(254.1438671875,90.311591796875,18.2));
#3067 = VECTOR('',#3068,1.);
#3068 = DIRECTION('',(-0.,0.,-1.));
#3069 = DEFINITIONAL_REPRESENTATION('',(#3070),#3093);
#3070 = B_SPLINE_CURVE_WITH_KNOTS('',6,(#3071,#3072,#3073,#3074,#3075,
    #3076,#3077,#3078,#3079,#3080,#3081,#3082,#3083,#3084,#3085,#3086,
    #3087,#3088,#3089,#3090,#3091,#3092),.UNSPECIFIED.,.F.,.F.,(7,5,5,5,
    7),(0.,0.357889761595,0.625504025797,0.881297778577,1.),
  .UNSPECIFIED.);
#3071 = CARTESIAN_POINT('',(1.,-1.4));
#3072 = CARTESIAN_POINT('',(0.947513827796,-1.4));
#3073 = CARTESIAN_POINT('',(0.893837903572,-1.4));
#3074 = CARTESIAN_POINT('',(0.838939308093,-1.4));
#3075 = CARTESIAN_POINT('',(0.782810758187,-1.4));
#3076 = CARTESIAN_POINT('',(0.725475367293,-1.4));
#3077 = CARTESIAN_POINT('',(0.623274685472,-1.4));
#3078 = CARTESIAN_POINT('',(0.578913072946,-1.4));
#3079 = CARTESIAN_POINT('',(0.533947452964,-1.4));
#3080 = CARTESIAN_POINT('',(0.488425605384,-1.4));
#3081 = CARTESIAN_POINT('',(0.442413833808,-1.4));
#3082 = CARTESIAN_POINT('',(0.351636263388,-1.4));
#3083 = CARTESIAN_POINT('',(0.306902308527,-1.4));
#3084 = CARTESIAN_POINT('',(0.261878702696,-1.4));
#3085 = CARTESIAN_POINT('',(0.216654081713,-1.4));
#3086 = CARTESIAN_POINT('',(0.171325703224,-1.4));
#3087 = CARTESIAN_POINT('',(0.104966407108,-1.4));
#3088 = CARTESIAN_POINT('',(8.393283382817E-02,-1.4));
#3089 = CARTESIAN_POINT('',(6.290949572561E-02,-1.4));
#3090 = CARTESIAN_POINT('',(4.190640515728E-02,-1.4));
#3091 = CARTESIAN_POINT('',(2.093337126983E-02,-1.4));
#3092 = CARTESIAN_POINT('',(0.,-1.4));
#3093 = ( GEOMETRIC_REPRESENTATION_CONTEXT(2) 
PARAMETRIC_REPRESENTATION_CONTEXT() REPRESENTATION_CONTEXT('2D SPACE',''
  ) );
#3094 = ORIENTED_EDGE('',*,*,#3095,.F.);
#3095 = EDGE_CURVE('',#3096,#3009,#3098,.T.);
#3096 = VERTEX_POINT('',#3097);
#3097 = CARTESIAN_POINT('',(254.14047357117,90.136605414681,19.6));
#3098 = SURFACE_CURVE('',#3099,(#3105,#3114),.PCURVE_S1.);
#3099 = B_SPLINE_CURVE_WITH_KNOTS('',4,(#3100,#3101,#3102,#3103,#3104),
  .UNSPECIFIED.,.F.,.F.,(5,5),(0.,1.),.PIECEWISE_BEZIER_KNOTS.);
#3100 = CARTESIAN_POINT('',(254.14047349935,90.136603587156,19.6));
#3101 = CARTESIAN_POINT('',(254.14218969755,90.180275367036,19.6));
#3102 = CARTESIAN_POINT('',(254.14331438754,90.22400579765,19.6));
#3103 = CARTESIAN_POINT('',(254.1438671875,90.267781622408,19.6));
#3104 = CARTESIAN_POINT('',(254.1438671875,90.311591796875,19.6));
#3105 = PCURVE('',#175,#3106);
#3106 = DEFINITIONAL_REPRESENTATION('',(#3107),#3113);
#3107 = B_SPLINE_CURVE_WITH_KNOTS('',4,(#3108,#3109,#3110,#3111,#3112),
  .UNSPECIFIED.,.F.,.F.,(5,5),(0.,1.),.PIECEWISE_BEZIER_KNOTS.);
#3108 = CARTESIAN_POINT('',(14.140473499357,90.136603587156));
#3109 = CARTESIAN_POINT('',(14.142189697558,90.180275367036));
#3110 = CARTESIAN_POINT('',(14.143314387548,90.22400579765));
#3111 = CARTESIAN_POINT('',(14.1438671875,90.267781622408));
#3112 = CARTESIAN_POINT('',(14.1438671875,90.311591796875));
#3113 = ( GEOMETRIC_REPRESENTATION_CONTEXT(2) 
PARAMETRIC_REPRESENTATION_CONTEXT() REPRESENTATION_CONTEXT('2D SPACE',''
  ) );
#3114 = PCURVE('',#3115,#3122);
#3115 = SURFACE_OF_LINEAR_EXTRUSION('',#3116,#3120);
#3116 = B_SPLINE_CURVE_WITH_KNOTS('',2,(#3117,#3118,#3119),
  .UNSPECIFIED.,.F.,.F.,(3,3),(0.,1.),.PIECEWISE_BEZIER_KNOTS.);
#3117 = CARTESIAN_POINT('',(254.1438671875,90.311591796875,18.2));
#3118 = CARTESIAN_POINT('',(254.1438671875,88.748603515625,18.2));
#3119 = CARTESIAN_POINT('',(253.08844726562,87.8919140625,18.2));
#3120 = VECTOR('',#3121,1.);
#3121 = DIRECTION('',(-0.,0.,-1.));
#3122 = DEFINITIONAL_REPRESENTATION('',(#3123),#3129);
#3123 = B_SPLINE_CURVE_WITH_KNOTS('',4,(#3124,#3125,#3126,#3127,#3128),
  .UNSPECIFIED.,.F.,.F.,(5,5),(0.,1.),.PIECEWISE_BEZIER_KNOTS.);
#3124 = CARTESIAN_POINT('',(5.67052568296E-02,-1.4));
#3125 = CARTESIAN_POINT('',(4.236724819937E-02,-1.4));
#3126 = CARTESIAN_POINT('',(2.813710767947E-02,-1.4));
#3127 = CARTESIAN_POINT('',(1.401487618055E-02,-1.4));
#3128 = CARTESIAN_POINT('',(0.,-1.4));
#3129 = ( GEOMETRIC_REPRESENTATION_CONTEXT(2) 
PARAMETRIC_REPRESENTATION_CONTEXT() REPRESENTATION_CONTEXT('2D SPACE',''
  ) );
#3130 = ORIENTED_EDGE('',*,*,#3131,.F.);
#3131 = EDGE_CURVE('',#3132,#3096,#3134,.T.);
#3132 = VERTEX_POINT('',#3133);
#3133 = CARTESIAN_POINT('',(254.1438671875,89.951591796875,19.6));
#3134 = SURFACE_CURVE('',#3135,(#3141,#3150),.PCURVE_S1.);
#3135 = B_SPLINE_CURVE_WITH_KNOTS('',4,(#3136,#3137,#3138,#3139,#3140),
  .UNSPECIFIED.,.F.,.F.,(5,5),(0.,1.),.PIECEWISE_BEZIER_KNOTS.);
#3136 = CARTESIAN_POINT('',(254.1438671875,89.951591796875,19.6));
#3137 = CARTESIAN_POINT('',(254.1438671875,89.997924922654,19.6));
#3138 = CARTESIAN_POINT('',(254.14331474662,90.044212802399,19.6));
#3139 = CARTESIAN_POINT('',(254.14219031787,90.090444546842,19.6));
#3140 = CARTESIAN_POINT('',(254.14047350958,90.136607070641,19.6));
#3141 = PCURVE('',#175,#3142);
#3142 = DEFINITIONAL_REPRESENTATION('',(#3143),#3149);
#3143 = B_SPLINE_CURVE_WITH_KNOTS('',4,(#3144,#3145,#3146,#3147,#3148),
  .UNSPECIFIED.,.F.,.F.,(5,5),(0.,1.),.PIECEWISE_BEZIER_KNOTS.);
#3144 = CARTESIAN_POINT('',(14.1438671875,89.951591796875));
#3145 = CARTESIAN_POINT('',(14.1438671875,89.997924922654));
#3146 = CARTESIAN_POINT('',(14.143314746629,90.044212802399));
#3147 = CARTESIAN_POINT('',(14.142190317874,90.090444546842));
#3148 = CARTESIAN_POINT('',(14.140473509588,90.136607070641));
#3149 = ( GEOMETRIC_REPRESENTATION_CONTEXT(2) 
PARAMETRIC_REPRESENTATION_CONTEXT() REPRESENTATION_CONTEXT('2D SPACE',''
  ) );
#3150 = PCURVE('',#3151,#3158);
#3151 = SURFACE_OF_LINEAR_EXTRUSION('',#3152,#3156);
#3152 = B_SPLINE_CURVE_WITH_KNOTS('',2,(#3153,#3154,#3155),
  .UNSPECIFIED.,.F.,.F.,(3,3),(0.,1.),.PIECEWISE_BEZIER_KNOTS.);
#3153 = CARTESIAN_POINT('',(253.36774414062,92.212822265625,18.2));
#3154 = CARTESIAN_POINT('',(254.1438671875,91.369560546875,18.2));
#3155 = CARTESIAN_POINT('',(254.1438671875,89.951591796875,18.2));
#3156 = VECTOR('',#3157,1.);
#3157 = DIRECTION('',(-0.,0.,-1.));
#3158 = DEFINITIONAL_REPRESENTATION('',(#3159),#3165);
#3159 = B_SPLINE_CURVE_WITH_KNOTS('',4,(#3160,#3161,#3162,#3163,#3164),
  .UNSPECIFIED.,.F.,.F.,(5,5),(0.,1.),.PIECEWISE_BEZIER_KNOTS.);
#3160 = CARTESIAN_POINT('',(1.,-1.4));
#3161 = CARTESIAN_POINT('',(0.983662148486,-1.4));
#3162 = CARTESIAN_POINT('',(0.967196005065,-1.4));
#3163 = CARTESIAN_POINT('',(0.950600305608,-1.4));
#3164 = CARTESIAN_POINT('',(0.93387433982,-1.4));
#3165 = ( GEOMETRIC_REPRESENTATION_CONTEXT(2) 
PARAMETRIC_REPRESENTATION_CONTEXT() REPRESENTATION_CONTEXT('2D SPACE',''
  ) );
#3166 = ORIENTED_EDGE('',*,*,#3167,.F.);
#3167 = EDGE_CURVE('',#3168,#3132,#3170,.T.);
#3168 = VERTEX_POINT('',#3169);
#3169 = CARTESIAN_POINT('',(253.08844726562,87.5319140625,19.6));
#3170 = SURFACE_CURVE('',#3171,(#3190,#3212),.PCURVE_S1.);
#3171 = B_SPLINE_CURVE_WITH_KNOTS('',5,(#3172,#3173,#3174,#3175,#3176,
    #3177,#3178,#3179,#3180,#3181,#3182,#3183,#3184,#3185,#3186,#3187,
    #3188,#3189),.UNSPECIFIED.,.F.,.F.,(6,4,4,4,6),(0.,0.306062418502,
    0.587374709631,0.728323775705,1.),.UNSPECIFIED.);
#3172 = CARTESIAN_POINT('',(253.08844726562,87.5319140625,19.6));
#3173 = CARTESIAN_POINT('',(253.21838435352,87.637384624945,19.6));
#3174 = CARTESIAN_POINT('',(253.34078063333,87.751541003775,19.6));
#3175 = CARTESIAN_POINT('',(253.45425643496,87.874381672802,19.6));
#3176 = CARTESIAN_POINT('',(253.55759354714,88.005518239948,19.6));
#3177 = CARTESIAN_POINT('',(253.73509249323,88.271033716249,19.6));
#3178 = CARTESIAN_POINT('',(253.81096494144,88.40433324816,19.6));
#3179 = CARTESIAN_POINT('',(253.8771437127,88.542945291215,19.6));
#3180 = CARTESIAN_POINT('',(253.93365716023,88.685891697538,19.6));
#3181 = CARTESIAN_POINT('',(254.00450852308,88.905461699077,19.6));
#3182 = CARTESIAN_POINT('',(254.02582290692,88.979596521152,19.6));
#3183 = CARTESIAN_POINT('',(254.0448481014,89.054456822103,19.6));
#3184 = CARTESIAN_POINT('',(254.06165172541,89.129933388956,19.6));
#3185 = CARTESIAN_POINT('',(254.10456588396,89.352409478207,19.6));
#3186 = CARTESIAN_POINT('',(254.12485201571,89.500813103236,19.6));
#3187 = CARTESIAN_POINT('',(254.13772977417,89.650462264134,19.6));
#3188 = CARTESIAN_POINT('',(254.1438671875,89.800834641618,19.6));
#3189 = CARTESIAN_POINT('',(254.1438671875,89.951591796875,19.6));
#3190 = PCURVE('',#175,#3191);
#3191 = DEFINITIONAL_REPRESENTATION('',(#3192),#3211);
#3192 = B_SPLINE_CURVE_WITH_KNOTS('',5,(#3193,#3194,#3195,#3196,#3197,
    #3198,#3199,#3200,#3201,#3202,#3203,#3204,#3205,#3206,#3207,#3208,
    #3209,#3210),.UNSPECIFIED.,.F.,.F.,(6,4,4,4,6),(0.,0.306062418502,
    0.587374709631,0.728323775705,1.),.UNSPECIFIED.);
#3193 = CARTESIAN_POINT('',(13.088447265625,87.5319140625));
#3194 = CARTESIAN_POINT('',(13.218384353528,87.637384624945));
#3195 = CARTESIAN_POINT('',(13.340780633339,87.751541003775));
#3196 = CARTESIAN_POINT('',(13.454256434968,87.874381672802));
#3197 = CARTESIAN_POINT('',(13.557593547143,88.005518239948));
#3198 = CARTESIAN_POINT('',(13.735092493235,88.271033716249));
#3199 = CARTESIAN_POINT('',(13.810964941447,88.40433324816));
#3200 = CARTESIAN_POINT('',(13.877143712708,88.542945291215));
#3201 = CARTESIAN_POINT('',(13.933657160232,88.685891697538));
#3202 = CARTESIAN_POINT('',(14.004508523086,88.905461699077));
#3203 = CARTESIAN_POINT('',(14.025822906922,88.979596521152));
#3204 = CARTESIAN_POINT('',(14.044848101408,89.054456822103));
#3205 = CARTESIAN_POINT('',(14.061651725416,89.129933388956));
#3206 = CARTESIAN_POINT('',(14.104565883961,89.352409478207));
#3207 = CARTESIAN_POINT('',(14.124852015719,89.500813103236));
#3208 = CARTESIAN_POINT('',(14.137729774179,89.650462264134));
#3209 = CARTESIAN_POINT('',(14.1438671875,89.800834641618));
#3210 = CARTESIAN_POINT('',(14.1438671875,89.951591796875));
#3211 = ( GEOMETRIC_REPRESENTATION_CONTEXT(2) 
PARAMETRIC_REPRESENTATION_CONTEXT() REPRESENTATION_CONTEXT('2D SPACE',''
  ) );
#3212 = PCURVE('',#3213,#3220);
#3213 = SURFACE_OF_LINEAR_EXTRUSION('',#3214,#3218);
#3214 = B_SPLINE_CURVE_WITH_KNOTS('',2,(#3215,#3216,#3217),
  .UNSPECIFIED.,.F.,.F.,(3,3),(0.,1.),.PIECEWISE_BEZIER_KNOTS.);
#3215 = CARTESIAN_POINT('',(254.1438671875,89.951591796875,18.2));
#3216 = CARTESIAN_POINT('',(254.1438671875,88.388603515625,18.2));
#3217 = CARTESIAN_POINT('',(253.08844726562,87.5319140625,18.2));
#3218 = VECTOR('',#3219,1.);
#3219 = DIRECTION('',(-0.,0.,-1.));
#3220 = DEFINITIONAL_REPRESENTATION('',(#3221),#3240);
#3221 = B_SPLINE_CURVE_WITH_KNOTS('',5,(#3222,#3223,#3224,#3225,#3226,
    #3227,#3228,#3229,#3230,#3231,#3232,#3233,#3234,#3235,#3236,#3237,
    #3238,#3239),.UNSPECIFIED.,.F.,.F.,(6,4,4,4,6),(0.,0.306062418502,
    0.587374709631,0.728323775705,1.),.UNSPECIFIED.);
#3222 = CARTESIAN_POINT('',(1.,-1.4));
#3223 = CARTESIAN_POINT('',(0.938442943321,-1.4));
#3224 = CARTESIAN_POINT('',(0.875721635051,-1.4));
#3225 = CARTESIAN_POINT('',(0.812131924134,-1.4));
#3226 = CARTESIAN_POINT('',(0.748058852707,-1.4));
#3227 = CARTESIAN_POINT('',(0.625121348024,-1.4));
#3228 = CARTESIAN_POINT('',(0.566235998106,-1.4));
#3229 = CARTESIAN_POINT('',(0.507726404685,-1.4));
#3230 = CARTESIAN_POINT('',(0.449899407421,-1.4));
#3231 = CARTESIAN_POINT('',(0.364491048955,-1.4));
#3232 = CARTESIAN_POINT('',(0.336212319219,-1.4));
#3233 = CARTESIAN_POINT('',(0.308191579986,-1.4));
#3234 = CARTESIAN_POINT('',(0.280449292596,-1.4));
#3235 = CARTESIAN_POINT('',(0.200092092345,-1.4));
#3236 = CARTESIAN_POINT('',(0.14827489913,-1.4));
#3237 = CARTESIAN_POINT('',(9.764524856387E-02,-1.4));
#3238 = CARTESIAN_POINT('',(4.822721867628E-02,-1.4));
#3239 = CARTESIAN_POINT('',(0.,-1.4));
#3240 = ( GEOMETRIC_REPRESENTATION_CONTEXT(2) 
PARAMETRIC_REPRESENTATION_CONTEXT() REPRESENTATION_CONTEXT('2D SPACE',''
  ) );
#3241 = ORIENTED_EDGE('',*,*,#3242,.F.);
#3242 = EDGE_CURVE('',#3243,#3168,#3245,.T.);
#3243 = VERTEX_POINT('',#3244);
#3244 = CARTESIAN_POINT('',(250.0940625,86.675224609375,19.6));
#3245 = SURFACE_CURVE('',#3246,(#3265,#3287),.PCURVE_S1.);
#3246 = B_SPLINE_CURVE_WITH_KNOTS('',5,(#3247,#3248,#3249,#3250,#3251,
    #3252,#3253,#3254,#3255,#3256,#3257,#3258,#3259,#3260,#3261,#3262,
    #3263,#3264),.UNSPECIFIED.,.F.,.F.,(6,4,4,4,6),(0.,0.281936040524,
    0.535824472248,0.774807294146,1.),.UNSPECIFIED.);
#3247 = CARTESIAN_POINT('',(250.0940625,86.675224609375,19.6));
#3248 = CARTESIAN_POINT('',(250.27593715452,86.675224609375,19.6));
#3249 = CARTESIAN_POINT('',(250.45750275841,86.679935735181,19.6));
#3250 = CARTESIAN_POINT('',(250.6385833582,86.689828647658,19.6));
#3251 = CARTESIAN_POINT('',(250.81888724224,86.705463587697,19.6));
#3252 = CARTESIAN_POINT('',(251.15930742301,86.747325892049,19.6));
#3253 = CARTESIAN_POINT('',(251.31963727989,86.772343852782,19.6));
#3254 = CARTESIAN_POINT('',(251.47870064452,86.803016953318,19.6));
#3255 = CARTESIAN_POINT('',(251.636056751,86.839874966946,19.6));
#3256 = CARTESIAN_POINT('',(251.93711284256,86.92445148467,19.6));
#3257 = CARTESIAN_POINT('',(252.08106618027,86.971403858754,19.6));
#3258 = CARTESIAN_POINT('',(252.22251537754,87.024729333049,19.6));
#3259 = CARTESIAN_POINT('',(252.36082822734,87.084841714422,19.6));
#3260 = CARTESIAN_POINT('',(252.62199512946,87.215255827815,19.6));
#3261 = CARTESIAN_POINT('',(252.74528566272,87.284771715316,19.6));
#3262 = CARTESIAN_POINT('',(252.864545034,87.360725568719,19.6));
#3263 = CARTESIAN_POINT('',(252.97912574115,87.443177252565,19.6));
#3264 = CARTESIAN_POINT('',(253.08844726562,87.5319140625,19.6));
#3265 = PCURVE('',#175,#3266);
#3266 = DEFINITIONAL_REPRESENTATION('',(#3267),#3286);
#3267 = B_SPLINE_CURVE_WITH_KNOTS('',5,(#3268,#3269,#3270,#3271,#3272,
    #3273,#3274,#3275,#3276,#3277,#3278,#3279,#3280,#3281,#3282,#3283,
    #3284,#3285),.UNSPECIFIED.,.F.,.F.,(6,4,4,4,6),(0.,0.281936040524,
    0.535824472248,0.774807294146,1.),.UNSPECIFIED.);
#3268 = CARTESIAN_POINT('',(10.0940625,86.675224609375));
#3269 = CARTESIAN_POINT('',(10.275937154526,86.675224609375));
#3270 = CARTESIAN_POINT('',(10.457502758411,86.679935735181));
#3271 = CARTESIAN_POINT('',(10.638583358202,86.689828647658));
#3272 = CARTESIAN_POINT('',(10.818887242243,86.705463587697));
#3273 = CARTESIAN_POINT('',(11.159307423014,86.747325892049));
#3274 = CARTESIAN_POINT('',(11.319637279899,86.772343852782));
#3275 = CARTESIAN_POINT('',(11.478700644525,86.803016953318));
#3276 = CARTESIAN_POINT('',(11.636056751,86.839874966946));
#3277 = CARTESIAN_POINT('',(11.93711284256,86.92445148467));
#3278 = CARTESIAN_POINT('',(12.081066180272,86.971403858754));
#3279 = CARTESIAN_POINT('',(12.222515377549,87.024729333049));
#3280 = CARTESIAN_POINT('',(12.360828227347,87.084841714422));
#3281 = CARTESIAN_POINT('',(12.62199512946,87.215255827815));
#3282 = CARTESIAN_POINT('',(12.745285662728,87.284771715316));
#3283 = CARTESIAN_POINT('',(12.864545034001,87.360725568719));
#3284 = CARTESIAN_POINT('',(12.979125741159,87.443177252565));
#3285 = CARTESIAN_POINT('',(13.088447265625,87.5319140625));
#3286 = ( GEOMETRIC_REPRESENTATION_CONTEXT(2) 
PARAMETRIC_REPRESENTATION_CONTEXT() REPRESENTATION_CONTEXT('2D SPACE',''
  ) );
#3287 = PCURVE('',#3288,#3295);
#3288 = SURFACE_OF_LINEAR_EXTRUSION('',#3289,#3293);
#3289 = B_SPLINE_CURVE_WITH_KNOTS('',2,(#3290,#3291,#3292),
  .UNSPECIFIED.,.F.,.F.,(3,3),(0.,1.),.PIECEWISE_BEZIER_KNOTS.);
#3290 = CARTESIAN_POINT('',(253.08844726562,87.5319140625,18.2));
#3291 = CARTESIAN_POINT('',(252.03302734375,86.675224609375,18.2));
#3292 = CARTESIAN_POINT('',(250.0940625,86.675224609375,18.2));
#3293 = VECTOR('',#3294,1.);
#3294 = DIRECTION('',(-0.,0.,-1.));
#3295 = DEFINITIONAL_REPRESENTATION('',(#3296),#3315);
#3296 = B_SPLINE_CURVE_WITH_KNOTS('',5,(#3297,#3298,#3299,#3300,#3301,
    #3302,#3303,#3304,#3305,#3306,#3307,#3308,#3309,#3310,#3311,#3312,
    #3313,#3314),.UNSPECIFIED.,.F.,.F.,(6,4,4,4,6),(0.,0.281936040524,
    0.535824472248,0.774807294146,1.),.UNSPECIFIED.);
#3297 = CARTESIAN_POINT('',(1.,-1.4));
#3298 = CARTESIAN_POINT('',(0.953100063905,-1.4));
#3299 = CARTESIAN_POINT('',(0.905026883391,-1.4));
#3300 = CARTESIAN_POINT('',(0.855700657717,-1.4));
#3301 = CARTESIAN_POINT('',(0.805047612556,-1.4));
#3302 = CARTESIAN_POINT('',(0.706130196827,-1.4));
#3303 = CARTESIAN_POINT('',(0.658132400397,-1.4));
#3304 = CARTESIAN_POINT('',(0.608957191012,-1.4));
#3305 = CARTESIAN_POINT('',(0.558577333853,-1.4));
#3306 = CARTESIAN_POINT('',(0.458450734851,-1.4));
#3307 = CARTESIAN_POINT('',(0.408842415836,-1.4));
#3308 = CARTESIAN_POINT('',(0.358184891754,-1.4));
#3309 = CARTESIAN_POINT('',(0.306531136276,-1.4));
#3310 = CARTESIAN_POINT('',(0.204500087724,-1.4));
#3311 = CARTESIAN_POINT('',(0.154219237397,-1.4));
#3312 = CARTESIAN_POINT('',(0.10326570313,-1.4));
#3313 = CARTESIAN_POINT('',(5.179053483833E-02,-1.4));
#3314 = CARTESIAN_POINT('',(0.,-1.4));
#3315 = ( GEOMETRIC_REPRESENTATION_CONTEXT(2) 
PARAMETRIC_REPRESENTATION_CONTEXT() REPRESENTATION_CONTEXT('2D SPACE',''
  ) );
#3316 = ORIENTED_EDGE('',*,*,#3317,.F.);
#3317 = EDGE_CURVE('',#3318,#3243,#3320,.T.);
#3318 = VERTEX_POINT('',#3319);
#3319 = CARTESIAN_POINT('',(249.91875229941,86.677211123674,19.6));
#3320 = SURFACE_CURVE('',#3321,(#3327,#3336),.PCURVE_S1.);
#3321 = B_SPLINE_CURVE_WITH_KNOTS('',4,(#3322,#3323,#3324,#3325,#3326),
  .UNSPECIFIED.,.F.,.F.,(5,5),(0.,1.),.PIECEWISE_BEZIER_KNOTS.);
#3322 = CARTESIAN_POINT('',(249.91874996014,86.677211177205,19.6));
#3323 = CARTESIAN_POINT('',(249.96254497884,86.676208992446,19.6));
#3324 = CARTESIAN_POINT('',(250.00636504251,86.675549844968,19.6));
#3325 = CARTESIAN_POINT('',(250.05020554269,86.675224609375,19.6));
#3326 = CARTESIAN_POINT('',(250.0940625,86.675224609375,19.6));
#3327 = PCURVE('',#175,#3328);
#3328 = DEFINITIONAL_REPRESENTATION('',(#3329),#3335);
#3329 = B_SPLINE_CURVE_WITH_KNOTS('',4,(#3330,#3331,#3332,#3333,#3334),
  .UNSPECIFIED.,.F.,.F.,(5,5),(0.,1.),.PIECEWISE_BEZIER_KNOTS.);
#3330 = CARTESIAN_POINT('',(9.918749960145,86.677211177205));
#3331 = CARTESIAN_POINT('',(9.962544978843,86.676208992446));
#3332 = CARTESIAN_POINT('',(10.006365042515,86.675549844968));
#3333 = CARTESIAN_POINT('',(10.050205542699,86.675224609375));
#3334 = CARTESIAN_POINT('',(10.0940625,86.675224609375));
#3335 = ( GEOMETRIC_REPRESENTATION_CONTEXT(2) 
PARAMETRIC_REPRESENTATION_CONTEXT() REPRESENTATION_CONTEXT('2D SPACE',''
  ) );
#3336 = PCURVE('',#3337,#3344);
#3337 = SURFACE_OF_LINEAR_EXTRUSION('',#3338,#3342);
#3338 = B_SPLINE_CURVE_WITH_KNOTS('',2,(#3339,#3340,#3341),
  .UNSPECIFIED.,.F.,.F.,(3,3),(0.,1.),.PIECEWISE_BEZIER_KNOTS.);
#3339 = CARTESIAN_POINT('',(250.0940625,86.675224609375,18.2));
#3340 = CARTESIAN_POINT('',(248.1067578125,86.675224609375,18.2));
#3341 = CARTESIAN_POINT('',(246.97077148437,87.67693359375,18.2));
#3342 = VECTOR('',#3343,1.);
#3343 = DIRECTION('',(-0.,0.,-1.));
#3344 = DEFINITIONAL_REPRESENTATION('',(#3345),#3351);
#3345 = B_SPLINE_CURVE_WITH_KNOTS('',4,(#3346,#3347,#3348,#3349,#3350),
  .UNSPECIFIED.,.F.,.F.,(5,5),(0.,1.),.PIECEWISE_BEZIER_KNOTS.);
#3346 = CARTESIAN_POINT('',(4.453289355362E-02,-1.4));
#3347 = CARTESIAN_POINT('',(3.329990505365E-02,-1.4));
#3348 = CARTESIAN_POINT('',(2.213396483551E-02,-1.4));
#3349 = CARTESIAN_POINT('',(1.103428114898E-02,-1.4));
#3350 = CARTESIAN_POINT('',(0.,-1.4));
#3351 = ( GEOMETRIC_REPRESENTATION_CONTEXT(2) 
PARAMETRIC_REPRESENTATION_CONTEXT() REPRESENTATION_CONTEXT('2D SPACE',''
  ) );
#3352 = ORIENTED_EDGE('',*,*,#3353,.F.);
#3353 = EDGE_CURVE('',#3354,#3318,#3356,.T.);
#3354 = VERTEX_POINT('',#3355);
#3355 = CARTESIAN_POINT('',(249.7340625,86.675224609375,19.6));
#3356 = SURFACE_CURVE('',#3357,(#3363,#3372),.PCURVE_S1.);
#3357 = B_SPLINE_CURVE_WITH_KNOTS('',4,(#3358,#3359,#3360,#3361,#3362),
  .UNSPECIFIED.,.F.,.F.,(5,5),(0.,1.),.PIECEWISE_BEZIER_KNOTS.);
#3358 = CARTESIAN_POINT('',(249.7340625,86.675224609375,19.6));
#3359 = CARTESIAN_POINT('',(249.78027103244,86.675224609375,19.6));
#3360 = CARTESIAN_POINT('',(249.82645870358,86.675548976868,19.6));
#3361 = CARTESIAN_POINT('',(249.8726214736,86.67620761727,19.6));
#3362 = CARTESIAN_POINT('',(249.91875457511,86.677211173178,19.6));
#3363 = PCURVE('',#175,#3364);
#3364 = DEFINITIONAL_REPRESENTATION('',(#3365),#3371);
#3365 = B_SPLINE_CURVE_WITH_KNOTS('',4,(#3366,#3367,#3368,#3369,#3370),
  .UNSPECIFIED.,.F.,.F.,(5,5),(0.,1.),.PIECEWISE_BEZIER_KNOTS.);
#3366 = CARTESIAN_POINT('',(9.7340625,86.675224609375));
#3367 = CARTESIAN_POINT('',(9.780271032446,86.675224609375));
#3368 = CARTESIAN_POINT('',(9.826458703587,86.675548976868));
#3369 = CARTESIAN_POINT('',(9.872621473604,86.67620761727));
#3370 = CARTESIAN_POINT('',(9.918754575119,86.677211173178));
#3371 = ( GEOMETRIC_REPRESENTATION_CONTEXT(2) 
PARAMETRIC_REPRESENTATION_CONTEXT() REPRESENTATION_CONTEXT('2D SPACE',''
  ) );
#3372 = PCURVE('',#3373,#3380);
#3373 = SURFACE_OF_LINEAR_EXTRUSION('',#3374,#3378);
#3374 = B_SPLINE_CURVE_WITH_KNOTS('',2,(#3375,#3376,#3377),
  .UNSPECIFIED.,.F.,.F.,(3,3),(0.,1.),.PIECEWISE_BEZIER_KNOTS.);
#3375 = CARTESIAN_POINT('',(252.72844726562,87.5319140625,18.2));
#3376 = CARTESIAN_POINT('',(251.67302734375,86.675224609375,18.2));
#3377 = CARTESIAN_POINT('',(249.7340625,86.675224609375,18.2));
#3378 = VECTOR('',#3379,1.);
#3379 = DIRECTION('',(-0.,0.,-1.));
#3380 = DEFINITIONAL_REPRESENTATION('',(#3381),#3387);
#3381 = B_SPLINE_CURVE_WITH_KNOTS('',4,(#3382,#3383,#3384,#3385,#3386),
  .UNSPECIFIED.,.F.,.F.,(5,5),(0.,1.),.PIECEWISE_BEZIER_KNOTS.);
#3382 = CARTESIAN_POINT('',(1.,-1.4));
#3383 = CARTESIAN_POINT('',(0.988084226335,-1.4));
#3384 = CARTESIAN_POINT('',(0.976087565579,-1.4));
#3385 = CARTESIAN_POINT('',(0.964008425103,-1.4));
#3386 = CARTESIAN_POINT('',(0.951845203834,-1.4));
#3387 = ( GEOMETRIC_REPRESENTATION_CONTEXT(2) 
PARAMETRIC_REPRESENTATION_CONTEXT() REPRESENTATION_CONTEXT('2D SPACE',''
  ) );
#3388 = ORIENTED_EDGE('',*,*,#3389,.F.);
#3389 = EDGE_CURVE('',#3390,#3354,#3392,.T.);
#3390 = VERTEX_POINT('',#3391);
#3391 = CARTESIAN_POINT('',(246.61077148437,87.67693359375,19.6));
#3392 = SURFACE_CURVE('',#3393,(#3416,#3442),.PCURVE_S1.);
#3393 = B_SPLINE_CURVE_WITH_KNOTS('',6,(#3394,#3395,#3396,#3397,#3398,
    #3399,#3400,#3401,#3402,#3403,#3404,#3405,#3406,#3407,#3408,#3409,
    #3410,#3411,#3412,#3413,#3414,#3415),.UNSPECIFIED.,.F.,.F.,(7,5,5,5,
    7),(0.,1.913050440715E-02,0.284853221927,0.56493893905,1.),
  .UNSPECIFIED.);
#3394 = CARTESIAN_POINT('',(246.61077148437,87.67693359375,19.6));
#3395 = CARTESIAN_POINT('',(246.61872259309,87.6699223324,19.6));
#3396 = CARTESIAN_POINT('',(246.62669920251,87.66294009482,19.6));
#3397 = CARTESIAN_POINT('',(246.63470119929,87.655986992558,19.6));
#3398 = CARTESIAN_POINT('',(246.64272846749,87.64906313429,19.6));
#3399 = CARTESIAN_POINT('',(246.65078088861,87.642168625817,19.6));
#3400 = CARTESIAN_POINT('',(246.77105416765,87.539947941669,19.6));
#3401 = CARTESIAN_POINT('',(246.88808843694,87.450267019471,19.6));
#3402 = CARTESIAN_POINT('',(247.00961638906,87.36655692613,19.6));
#3403 = CARTESIAN_POINT('',(247.13523128003,87.288964565352,19.6));
#3404 = CARTESIAN_POINT('',(247.26448266851,87.217514904442,19.6));
#3405 = CARTESIAN_POINT('',(247.5364639484,87.083227832471,19.6));
#3406 = CARTESIAN_POINT('',(247.67955852046,87.021058478941,19.6));
#3407 = CARTESIAN_POINT('',(247.82564737958,86.965535833815,19.6));
#3408 = CARTESIAN_POINT('',(247.97422857739,86.91643738857,19.6));
#3409 = CARTESIAN_POINT('',(248.12485114535,86.87346550236,19.6));
#3410 = CARTESIAN_POINT('',(248.51368470697,86.77857136708,19.6));
#3411 = CARTESIAN_POINT('',(248.75420605015,86.734861499467,19.6));
#3412 = CARTESIAN_POINT('',(248.99738286071,86.703928095754,19.6));
#3413 = CARTESIAN_POINT('',(249.24217775622,86.684448260492,19.6));
#3414 = CARTESIAN_POINT('',(249.48787029662,86.675224609375,19.6));
#3415 = CARTESIAN_POINT('',(249.7340625,86.675224609375,19.6));
#3416 = PCURVE('',#175,#3417);
#3417 = DEFINITIONAL_REPRESENTATION('',(#3418),#3441);
#3418 = B_SPLINE_CURVE_WITH_KNOTS('',6,(#3419,#3420,#3421,#3422,#3423,
    #3424,#3425,#3426,#3427,#3428,#3429,#3430,#3431,#3432,#3433,#3434,
    #3435,#3436,#3437,#3438,#3439,#3440),.UNSPECIFIED.,.F.,.F.,(7,5,5,5,
    7),(0.,1.913050440715E-02,0.284853221927,0.56493893905,1.),
  .UNSPECIFIED.);
#3419 = CARTESIAN_POINT('',(6.610771484375,87.67693359375));
#3420 = CARTESIAN_POINT('',(6.618722593091,87.6699223324));
#3421 = CARTESIAN_POINT('',(6.626699202517,87.66294009482));
#3422 = CARTESIAN_POINT('',(6.634701199297,87.655986992558));
#3423 = CARTESIAN_POINT('',(6.642728467499,87.64906313429));
#3424 = CARTESIAN_POINT('',(6.650780888613,87.642168625817));
#3425 = CARTESIAN_POINT('',(6.771054167658,87.539947941669));
#3426 = CARTESIAN_POINT('',(6.888088436946,87.450267019471));
#3427 = CARTESIAN_POINT('',(7.009616389067,87.36655692613));
#3428 = CARTESIAN_POINT('',(7.135231280031,87.288964565352));
#3429 = CARTESIAN_POINT('',(7.264482668511,87.217514904442));
#3430 = CARTESIAN_POINT('',(7.536463948404,87.083227832471));
#3431 = CARTESIAN_POINT('',(7.679558520469,87.021058478941));
#3432 = CARTESIAN_POINT('',(7.825647379586,86.965535833815));
#3433 = CARTESIAN_POINT('',(7.974228577397,86.91643738857));
#3434 = CARTESIAN_POINT('',(8.124851145352,86.87346550236));
#3435 = CARTESIAN_POINT('',(8.513684706975,86.77857136708));
#3436 = CARTESIAN_POINT('',(8.754206050158,86.734861499467));
#3437 = CARTESIAN_POINT('',(8.997382860716,86.703928095754));
#3438 = CARTESIAN_POINT('',(9.242177756229,86.684448260492));
#3439 = CARTESIAN_POINT('',(9.487870296623,86.675224609375));
#3440 = CARTESIAN_POINT('',(9.7340625,86.675224609375));
#3441 = ( GEOMETRIC_REPRESENTATION_CONTEXT(2) 
PARAMETRIC_REPRESENTATION_CONTEXT() REPRESENTATION_CONTEXT('2D SPACE',''
  ) );
#3442 = PCURVE('',#3443,#3450);
#3443 = SURFACE_OF_LINEAR_EXTRUSION('',#3444,#3448);
#3444 = B_SPLINE_CURVE_WITH_KNOTS('',2,(#3445,#3446,#3447),
  .UNSPECIFIED.,.F.,.F.,(3,3),(0.,1.),.PIECEWISE_BEZIER_KNOTS.);
#3445 = CARTESIAN_POINT('',(249.7340625,86.675224609375,18.2));
#3446 = CARTESIAN_POINT('',(247.7467578125,86.675224609375,18.2));
#3447 = CARTESIAN_POINT('',(246.61077148437,87.67693359375,18.2));
#3448 = VECTOR('',#3449,1.);
#3449 = DIRECTION('',(-0.,0.,-1.));
#3450 = DEFINITIONAL_REPRESENTATION('',(#3451),#3474);
#3451 = B_SPLINE_CURVE_WITH_KNOTS('',6,(#3452,#3453,#3454,#3455,#3456,
    #3457,#3458,#3459,#3460,#3461,#3462,#3463,#3464,#3465,#3466,#3467,
    #3468,#3469,#3470,#3471,#3472,#3473),.UNSPECIFIED.,.F.,.F.,(7,5,5,5,
    7),(0.,1.913050440715E-02,0.284853221927,0.56493893905,1.),
  .UNSPECIFIED.);
#3452 = CARTESIAN_POINT('',(1.,-1.4));
#3453 = CARTESIAN_POINT('',(0.996500350172,-1.4));
#3454 = CARTESIAN_POINT('',(0.993000490412,-1.4));
#3455 = CARTESIAN_POINT('',(0.989500473093,-1.4));
#3456 = CARTESIAN_POINT('',(0.986000350618,-1.4));
#3457 = CARTESIAN_POINT('',(0.98250017543,-1.4));
#3458 = CARTESIAN_POINT('',(0.930382561214,-1.4));
#3459 = CARTESIAN_POINT('',(0.881761171449,-1.4));
#3460 = CARTESIAN_POINT('',(0.833285889455,-1.4));
#3461 = CARTESIAN_POINT('',(0.785090462325,-1.4));
#3462 = CARTESIAN_POINT('',(0.737293558371,-1.4));
#3463 = CARTESIAN_POINT('',(0.640150102576,-1.4));
#3464 = CARTESIAN_POINT('',(0.590854644737,-1.4));
#3465 = CARTESIAN_POINT('',(0.542227057338,-1.4));
#3466 = CARTESIAN_POINT('',(0.494346051495,-1.4));
#3467 = CARTESIAN_POINT('',(0.447261446878,-1.4));
#3468 = CARTESIAN_POINT('',(0.329141447673,-1.4));
#3469 = CARTESIAN_POINT('',(0.259280778303,-1.4));
#3470 = CARTESIAN_POINT('',(0.19148391282,-1.4));
#3471 = CARTESIAN_POINT('',(0.125728987092,-1.4));
#3472 = CARTESIAN_POINT('',(6.194123249594E-02,-1.4));
#3473 = CARTESIAN_POINT('',(0.,-1.4));
#3474 = ( GEOMETRIC_REPRESENTATION_CONTEXT(2) 
PARAMETRIC_REPRESENTATION_CONTEXT() REPRESENTATION_CONTEXT('2D SPACE',''
  ) );
#3475 = ORIENTED_EDGE('',*,*,#3476,.F.);
#3476 = EDGE_CURVE('',#3477,#3390,#3479,.T.);
#3477 = VERTEX_POINT('',#3478);
#3478 = CARTESIAN_POINT('',(245.47478515625,90.424248046875,19.6));
#3479 = SURFACE_CURVE('',#3480,(#3499,#3521),.PCURVE_S1.);
#3480 = B_SPLINE_CURVE_WITH_KNOTS('',5,(#3481,#3482,#3483,#3484,#3485,
    #3486,#3487,#3488,#3489,#3490,#3491,#3492,#3493,#3494,#3495,#3496,
    #3497,#3498),.UNSPECIFIED.,.F.,.F.,(6,4,4,4,6),(0.,0.277834879245,
    0.423796168352,0.713882885365,1.),.UNSPECIFIED.);
#3481 = CARTESIAN_POINT('',(245.47478515625,90.424248046875,19.6));
#3482 = CARTESIAN_POINT('',(245.47478515625,90.251745545783,19.6));
#3483 = CARTESIAN_POINT('',(245.48171918558,90.079591003533,19.6));
#3484 = CARTESIAN_POINT('',(245.4962578983,89.908157656356,19.6));
#3485 = CARTESIAN_POINT('',(245.51914097191,89.738020100087,19.6));
#3486 = CARTESIAN_POINT('',(245.56771930964,89.481616914111,19.6));
#3487 = CARTESIAN_POINT('',(245.58692397509,89.393873691202,19.6));
#3488 = CARTESIAN_POINT('',(245.60869074785,89.306807090242,19.6));
#3489 = CARTESIAN_POINT('',(245.63309719387,89.220542285964,19.6));
#3490 = CARTESIAN_POINT('',(245.71405366943,88.965632566079,19.6));
#3491 = CARTESIAN_POINT('',(245.77855640075,88.799721410242,19.6));
#3492 = CARTESIAN_POINT('',(245.8541039316,88.638618180272,19.6));
#3493 = CARTESIAN_POINT('',(245.94072703985,88.483436072396,19.6));
#3494 = CARTESIAN_POINT('',(246.13354093283,88.188838572136,19.6));
#3495 = CARTESIAN_POINT('',(246.23947407505,88.049196209085,19.6));
#3496 = CARTESIAN_POINT('',(246.35500743403,87.917110528654,19.6));
#3497 = CARTESIAN_POINT('',(246.47915684488,87.792990947251,19.6));
#3498 = CARTESIAN_POINT('',(246.61077148437,87.67693359375,19.6));
#3499 = PCURVE('',#175,#3500);
#3500 = DEFINITIONAL_REPRESENTATION('',(#3501),#3520);
#3501 = B_SPLINE_CURVE_WITH_KNOTS('',5,(#3502,#3503,#3504,#3505,#3506,
    #3507,#3508,#3509,#3510,#3511,#3512,#3513,#3514,#3515,#3516,#3517,
    #3518,#3519),.UNSPECIFIED.,.F.,.F.,(6,4,4,4,6),(0.,0.277834879245,
    0.423796168352,0.713882885365,1.),.UNSPECIFIED.);
#3502 = CARTESIAN_POINT('',(5.47478515625,90.424248046875));
#3503 = CARTESIAN_POINT('',(5.47478515625,90.251745545783));
#3504 = CARTESIAN_POINT('',(5.481719185582,90.079591003533));
#3505 = CARTESIAN_POINT('',(5.4962578983,89.908157656356));
#3506 = CARTESIAN_POINT('',(5.51914097191,89.738020100087));
#3507 = CARTESIAN_POINT('',(5.567719309649,89.481616914111));
#3508 = CARTESIAN_POINT('',(5.586923975099,89.393873691202));
#3509 = CARTESIAN_POINT('',(5.608690747858,89.306807090242));
#3510 = CARTESIAN_POINT('',(5.633097193872,89.220542285964));
#3511 = CARTESIAN_POINT('',(5.714053669439,88.965632566079));
#3512 = CARTESIAN_POINT('',(5.778556400753,88.799721410242));
#3513 = CARTESIAN_POINT('',(5.854103931606,88.638618180272));
#3514 = CARTESIAN_POINT('',(5.940727039852,88.483436072396));
#3515 = CARTESIAN_POINT('',(6.133540932838,88.188838572136));
#3516 = CARTESIAN_POINT('',(6.23947407505,88.049196209085));
#3517 = CARTESIAN_POINT('',(6.355007434031,87.917110528654));
#3518 = CARTESIAN_POINT('',(6.479156844882,87.792990947251));
#3519 = CARTESIAN_POINT('',(6.610771484375,87.67693359375));
#3520 = ( GEOMETRIC_REPRESENTATION_CONTEXT(2) 
PARAMETRIC_REPRESENTATION_CONTEXT() REPRESENTATION_CONTEXT('2D SPACE',''
  ) );
#3521 = PCURVE('',#3522,#3529);
#3522 = SURFACE_OF_LINEAR_EXTRUSION('',#3523,#3527);
#3523 = B_SPLINE_CURVE_WITH_KNOTS('',2,(#3524,#3525,#3526),
  .UNSPECIFIED.,.F.,.F.,(3,3),(0.,1.),.PIECEWISE_BEZIER_KNOTS.);
#3524 = CARTESIAN_POINT('',(246.61077148437,87.67693359375,18.2));
#3525 = CARTESIAN_POINT('',(245.47478515625,88.678642578125,18.2));
#3526 = CARTESIAN_POINT('',(245.47478515625,90.424248046875,18.2));
#3527 = VECTOR('',#3528,1.);
#3528 = DIRECTION('',(-0.,0.,-1.));
#3529 = DEFINITIONAL_REPRESENTATION('',(#3530),#3549);
#3530 = B_SPLINE_CURVE_WITH_KNOTS('',5,(#3531,#3532,#3533,#3534,#3535,
    #3536,#3537,#3538,#3539,#3540,#3541,#3542,#3543,#3544,#3545,#3546,
    #3547,#3548),.UNSPECIFIED.,.F.,.F.,(6,4,4,4,6),(0.,0.277834879245,
    0.423796168352,0.713882885365,1.),.UNSPECIFIED.);
#3531 = CARTESIAN_POINT('',(1.,-1.4));
#3532 = CARTESIAN_POINT('',(0.950589493393,-1.4));
#3533 = CARTESIAN_POINT('',(0.899978038196,-1.4));
#3534 = CARTESIAN_POINT('',(0.848146747229,-1.4));
#3535 = CARTESIAN_POINT('',(0.79512146274,-1.4));
#3536 = CARTESIAN_POINT('',(0.712567146316,-1.4));
#3537 = CARTESIAN_POINT('',(0.683832323499,-1.4));
#3538 = CARTESIAN_POINT('',(0.654810733525,-1.4));
#3539 = CARTESIAN_POINT('',(0.625523681597,-1.4));
#3540 = CARTESIAN_POINT('',(0.537323977605,-1.4));
#3541 = CARTESIAN_POINT('',(0.477702678059,-1.4));
#3542 = CARTESIAN_POINT('',(0.417386857134,-1.4));
#3543 = CARTESIAN_POINT('',(0.356689598592,-1.4));
#3544 = CARTESIAN_POINT('',(0.236140889537,-1.4));
#3545 = CARTESIAN_POINT('',(0.176272753008,-1.4));
#3546 = CARTESIAN_POINT('',(0.116768391648,-1.4));
#3547 = CARTESIAN_POINT('',(5.792967583954E-02,-1.4));
#3548 = CARTESIAN_POINT('',(0.,-1.4));
#3549 = ( GEOMETRIC_REPRESENTATION_CONTEXT(2) 
PARAMETRIC_REPRESENTATION_CONTEXT() REPRESENTATION_CONTEXT('2D SPACE',''
  ) );
#3550 = ORIENTED_EDGE('',*,*,#3551,.F.);
#3551 = EDGE_CURVE('',#3552,#3477,#3554,.T.);
#3552 = VERTEX_POINT('',#3553);
#3553 = CARTESIAN_POINT('',(245.47743238165,90.617448554536,19.6));
#3554 = SURFACE_CURVE('',#3555,(#3561,#3570),.PCURVE_S1.);
#3555 = B_SPLINE_CURVE_WITH_KNOTS('',4,(#3556,#3557,#3558,#3559,#3560),
  .UNSPECIFIED.,.F.,.F.,(5,5),(0.,1.),.PIECEWISE_BEZIER_KNOTS.);
#3556 = CARTESIAN_POINT('',(245.47743239975,90.617449211616,19.6));
#3557 = CARTESIAN_POINT('',(245.4761052277,90.569268211067,19.6));
#3558 = CARTESIAN_POINT('',(245.47522394764,90.521004879189,19.6));
#3559 = CARTESIAN_POINT('',(245.47478515625,90.472663452615,19.6));
#3560 = CARTESIAN_POINT('',(245.47478515625,90.424248046875,19.6));
#3561 = PCURVE('',#175,#3562);
#3562 = DEFINITIONAL_REPRESENTATION('',(#3563),#3569);
#3563 = B_SPLINE_CURVE_WITH_KNOTS('',4,(#3564,#3565,#3566,#3567,#3568),
  .UNSPECIFIED.,.F.,.F.,(5,5),(0.,1.),.PIECEWISE_BEZIER_KNOTS.);
#3564 = CARTESIAN_POINT('',(5.477432399758,90.617449211616));
#3565 = CARTESIAN_POINT('',(5.476105227701,90.569268211067));
#3566 = CARTESIAN_POINT('',(5.475223947646,90.521004879189));
#3567 = CARTESIAN_POINT('',(5.47478515625,90.472663452615));
#3568 = CARTESIAN_POINT('',(5.47478515625,90.424248046875));
#3569 = ( GEOMETRIC_REPRESENTATION_CONTEXT(2) 
PARAMETRIC_REPRESENTATION_CONTEXT() REPRESENTATION_CONTEXT('2D SPACE',''
  ) );
#3570 = PCURVE('',#3571,#3578);
#3571 = SURFACE_OF_LINEAR_EXTRUSION('',#3572,#3576);
#3572 = B_SPLINE_CURVE_WITH_KNOTS('',2,(#3573,#3574,#3575),
  .UNSPECIFIED.,.F.,.F.,(3,3),(0.,1.),.PIECEWISE_BEZIER_KNOTS.);
#3573 = CARTESIAN_POINT('',(245.47478515625,90.424248046875,18.2));
#3574 = CARTESIAN_POINT('',(245.47478515625,90.977470703125,18.2));
#3575 = CARTESIAN_POINT('',(245.56072265625,91.498466796875,18.2));
#3576 = VECTOR('',#3577,1.);
#3577 = DIRECTION('',(-0.,0.,-1.));
#3578 = DEFINITIONAL_REPRESENTATION('',(#3579),#3585);
#3579 = B_SPLINE_CURVE_WITH_KNOTS('',4,(#3580,#3581,#3582,#3583,#3584),
  .UNSPECIFIED.,.F.,.F.,(5,5),(0.,1.),.PIECEWISE_BEZIER_KNOTS.);
#3580 = CARTESIAN_POINT('',(0.17551150415,-1.4));
#3581 = CARTESIAN_POINT('',(0.131515936072,-1.4));
#3582 = CARTESIAN_POINT('',(8.759708048193E-02,-1.4));
#3583 = CARTESIAN_POINT('',(4.375761295466E-02,-1.4));
#3584 = CARTESIAN_POINT('',(0.,-1.4));
#3585 = ( GEOMETRIC_REPRESENTATION_CONTEXT(2) 
PARAMETRIC_REPRESENTATION_CONTEXT() REPRESENTATION_CONTEXT('2D SPACE',''
  ) );
#3586 = ORIENTED_EDGE('',*,*,#3587,.F.);
#3587 = EDGE_CURVE('',#3588,#3552,#3590,.T.);
#3588 = VERTEX_POINT('',#3589);
#3589 = CARTESIAN_POINT('',(245.47478515625,90.784248046875,19.6));
#3590 = SURFACE_CURVE('',#3591,(#3597,#3606),.PCURVE_S1.);
#3591 = B_SPLINE_CURVE_WITH_KNOTS('',4,(#3592,#3593,#3594,#3595,#3596),
  .UNSPECIFIED.,.F.,.F.,(5,5),(0.,1.),.PIECEWISE_BEZIER_KNOTS.);
#3592 = CARTESIAN_POINT('',(245.47478515625,90.784248046875,19.6));
#3593 = CARTESIAN_POINT('',(245.47478515625,90.742508091213,19.6));
#3594 = CARTESIAN_POINT('',(245.47521815945,90.70078963805,19.6));
#3595 = CARTESIAN_POINT('',(245.47609641391,90.659099712662,19.6));
#3596 = CARTESIAN_POINT('',(245.47743244746,90.617446502902,19.6));
#3597 = PCURVE('',#175,#3598);
#3598 = DEFINITIONAL_REPRESENTATION('',(#3599),#3605);
#3599 = B_SPLINE_CURVE_WITH_KNOTS('',4,(#3600,#3601,#3602,#3603,#3604),
  .UNSPECIFIED.,.F.,.F.,(5,5),(0.,1.),.PIECEWISE_BEZIER_KNOTS.);
#3600 = CARTESIAN_POINT('',(5.47478515625,90.784248046875));
#3601 = CARTESIAN_POINT('',(5.47478515625,90.742508091213));
#3602 = CARTESIAN_POINT('',(5.475218159453,90.70078963805));
#3603 = CARTESIAN_POINT('',(5.476096413915,90.659099712662));
#3604 = CARTESIAN_POINT('',(5.477432447464,90.617446502902));
#3605 = ( GEOMETRIC_REPRESENTATION_CONTEXT(2) 
PARAMETRIC_REPRESENTATION_CONTEXT() REPRESENTATION_CONTEXT('2D SPACE',''
  ) );
#3606 = PCURVE('',#3607,#3614);
#3607 = SURFACE_OF_LINEAR_EXTRUSION('',#3608,#3612);
#3608 = B_SPLINE_CURVE_WITH_KNOTS('',2,(#3609,#3610,#3611),
  .UNSPECIFIED.,.F.,.F.,(3,3),(0.,1.),.PIECEWISE_BEZIER_KNOTS.);
#3609 = CARTESIAN_POINT('',(246.61077148437,88.03693359375,18.2));
#3610 = CARTESIAN_POINT('',(245.47478515625,89.038642578125,18.2));
#3611 = CARTESIAN_POINT('',(245.47478515625,90.784248046875,18.2));
#3612 = VECTOR('',#3613,1.);
#3613 = DIRECTION('',(-0.,0.,-1.));
#3614 = DEFINITIONAL_REPRESENTATION('',(#3615),#3621);
#3615 = B_SPLINE_CURVE_WITH_KNOTS('',4,(#3616,#3617,#3618,#3619,#3620),
  .UNSPECIFIED.,.F.,.F.,(5,5),(0.,1.),.PIECEWISE_BEZIER_KNOTS.);
#3616 = CARTESIAN_POINT('',(1.,-1.4));
#3617 = CARTESIAN_POINT('',(0.988044275637,-1.4));
#3618 = CARTESIAN_POINT('',(0.976013491913,-1.4));
#3619 = CARTESIAN_POINT('',(0.963907363735,-1.4));
#3620 = CARTESIAN_POINT('',(0.951725886536,-1.4));
#3621 = ( GEOMETRIC_REPRESENTATION_CONTEXT(2) 
PARAMETRIC_REPRESENTATION_CONTEXT() REPRESENTATION_CONTEXT('2D SPACE',''
  ) );
#3622 = ORIENTED_EDGE('',*,*,#3623,.F.);
#3623 = EDGE_CURVE('',#3624,#3588,#3626,.T.);
#3624 = VERTEX_POINT('',#3625);
#3625 = CARTESIAN_POINT('',(245.56072265625,91.858466796875,19.6));
#3626 = SURFACE_CURVE('',#3627,(#3634,#3644),.PCURVE_S1.);
#3627 = B_SPLINE_CURVE_WITH_KNOTS('',5,(#3628,#3629,#3630,#3631,#3632,
    #3633),.UNSPECIFIED.,.F.,.F.,(6,6),(0.,1.),
  .PIECEWISE_BEZIER_KNOTS.);
#3628 = CARTESIAN_POINT('',(245.56072265625,91.858466796875,19.6));
#3629 = CARTESIAN_POINT('',(245.52595395404,91.647681539748,19.6));
#3630 = CARTESIAN_POINT('',(245.50013315484,91.434546058944,19.6));
#3631 = CARTESIAN_POINT('',(245.48314631474,91.219387171507,19.6));
#3632 = CARTESIAN_POINT('',(245.47478515625,91.002521663088,19.6));
#3633 = CARTESIAN_POINT('',(245.47478515625,90.784248046875,19.6));
#3634 = PCURVE('',#175,#3635);
#3635 = DEFINITIONAL_REPRESENTATION('',(#3636),#3643);
#3636 = B_SPLINE_CURVE_WITH_KNOTS('',5,(#3637,#3638,#3639,#3640,#3641,
    #3642),.UNSPECIFIED.,.F.,.F.,(6,6),(0.,1.),
  .PIECEWISE_BEZIER_KNOTS.);
#3637 = CARTESIAN_POINT('',(5.56072265625,91.858466796875));
#3638 = CARTESIAN_POINT('',(5.525953954043,91.647681539748));
#3639 = CARTESIAN_POINT('',(5.500133154846,91.434546058944));
#3640 = CARTESIAN_POINT('',(5.483146314744,91.219387171507));
#3641 = CARTESIAN_POINT('',(5.47478515625,91.002521663088));
#3642 = CARTESIAN_POINT('',(5.47478515625,90.784248046875));
#3643 = ( GEOMETRIC_REPRESENTATION_CONTEXT(2) 
PARAMETRIC_REPRESENTATION_CONTEXT() REPRESENTATION_CONTEXT('2D SPACE',''
  ) );
#3644 = PCURVE('',#3645,#3652);
#3645 = SURFACE_OF_LINEAR_EXTRUSION('',#3646,#3650);
#3646 = B_SPLINE_CURVE_WITH_KNOTS('',2,(#3647,#3648,#3649),
  .UNSPECIFIED.,.F.,.F.,(3,3),(0.,1.),.PIECEWISE_BEZIER_KNOTS.);
#3647 = CARTESIAN_POINT('',(245.47478515625,90.784248046875,18.2));
#3648 = CARTESIAN_POINT('',(245.47478515625,91.337470703125,18.2));
#3649 = CARTESIAN_POINT('',(245.56072265625,91.858466796875,18.2));
#3650 = VECTOR('',#3651,1.);
#3651 = DIRECTION('',(-0.,0.,-1.));
#3652 = DEFINITIONAL_REPRESENTATION('',(#3653),#3660);
#3653 = B_SPLINE_CURVE_WITH_KNOTS('',5,(#3654,#3655,#3656,#3657,#3658,
    #3659),.UNSPECIFIED.,.F.,.F.,(6,6),(0.,1.),
  .PIECEWISE_BEZIER_KNOTS.);
#3654 = CARTESIAN_POINT('',(1.,-1.4));
#3655 = CARTESIAN_POINT('',(0.79770936898,-1.4));
#3656 = CARTESIAN_POINT('',(0.596327269038,-1.4));
#3657 = CARTESIAN_POINT('',(0.396110457621,-1.4));
#3658 = CARTESIAN_POINT('',(0.197274654018,-1.4));
#3659 = CARTESIAN_POINT('',(0.,-1.4));
#3660 = ( GEOMETRIC_REPRESENTATION_CONTEXT(2) 
PARAMETRIC_REPRESENTATION_CONTEXT() REPRESENTATION_CONTEXT('2D SPACE',''
  ) );
#3661 = ORIENTED_EDGE('',*,*,#3662,.F.);
#3662 = EDGE_CURVE('',#3663,#3624,#3665,.T.);
#3663 = VERTEX_POINT('',#3664);
#3664 = CARTESIAN_POINT('',(245.81853515625,92.889716796875,19.6));
#3665 = SURFACE_CURVE('',#3666,(#3673,#3683),.PCURVE_S1.);
#3666 = B_SPLINE_CURVE_WITH_KNOTS('',5,(#3667,#3668,#3669,#3670,#3671,
    #3672),.UNSPECIFIED.,.F.,.F.,(6,6),(0.,1.),
  .PIECEWISE_BEZIER_KNOTS.);
#3667 = CARTESIAN_POINT('',(245.81853515625,92.889716796875,19.6));
#3668 = CARTESIAN_POINT('',(245.75021921658,92.686903850993,19.6));
#3669 = CARTESIAN_POINT('',(245.69009632128,92.482161764424,19.6));
#3670 = CARTESIAN_POINT('',(245.63838473783,92.27568878235,19.6));
#3671 = CARTESIAN_POINT('',(245.59523655549,92.067707311071,19.6));
#3672 = CARTESIAN_POINT('',(245.56072265625,91.858466796875,19.6));
#3673 = PCURVE('',#175,#3674);
#3674 = DEFINITIONAL_REPRESENTATION('',(#3675),#3682);
#3675 = B_SPLINE_CURVE_WITH_KNOTS('',5,(#3676,#3677,#3678,#3679,#3680,
    #3681),.UNSPECIFIED.,.F.,.F.,(6,6),(0.,1.),
  .PIECEWISE_BEZIER_KNOTS.);
#3676 = CARTESIAN_POINT('',(5.81853515625,92.889716796875));
#3677 = CARTESIAN_POINT('',(5.750219216585,92.686903850993));
#3678 = CARTESIAN_POINT('',(5.690096321284,92.482161764424));
#3679 = CARTESIAN_POINT('',(5.638384737834,92.27568878235));
#3680 = CARTESIAN_POINT('',(5.595236555499,92.067707311071));
#3681 = CARTESIAN_POINT('',(5.56072265625,91.858466796875));
#3682 = ( GEOMETRIC_REPRESENTATION_CONTEXT(2) 
PARAMETRIC_REPRESENTATION_CONTEXT() REPRESENTATION_CONTEXT('2D SPACE',''
  ) );
#3683 = PCURVE('',#3684,#3691);
#3684 = SURFACE_OF_LINEAR_EXTRUSION('',#3685,#3689);
#3685 = B_SPLINE_CURVE_WITH_KNOTS('',2,(#3686,#3687,#3688),
  .UNSPECIFIED.,.F.,.F.,(3,3),(0.,1.),.PIECEWISE_BEZIER_KNOTS.);
#3686 = CARTESIAN_POINT('',(245.56072265625,91.858466796875,18.2));
#3687 = CARTESIAN_POINT('',(245.64666015625,92.379462890625,18.2));
#3688 = CARTESIAN_POINT('',(245.81853515625,92.889716796875,18.2));
#3689 = VECTOR('',#3690,1.);
#3690 = DIRECTION('',(-0.,0.,-1.));
#3691 = DEFINITIONAL_REPRESENTATION('',(#3692),#3699);
#3692 = B_SPLINE_CURVE_WITH_KNOTS('',5,(#3693,#3694,#3695,#3696,#3697,
    #3698),.UNSPECIFIED.,.F.,.F.,(6,6),(0.,1.),
  .PIECEWISE_BEZIER_KNOTS.);
#3693 = CARTESIAN_POINT('',(1.,-1.4));
#3694 = CARTESIAN_POINT('',(0.801262720973,-1.4));
#3695 = CARTESIAN_POINT('',(0.601674449857,-1.4));
#3696 = CARTESIAN_POINT('',(0.401447253966,-1.4));
#3697 = CARTESIAN_POINT('',(0.200808141085,-1.4));
#3698 = CARTESIAN_POINT('',(0.,-1.4));
#3699 = ( GEOMETRIC_REPRESENTATION_CONTEXT(2) 
PARAMETRIC_REPRESENTATION_CONTEXT() REPRESENTATION_CONTEXT('2D SPACE',''
  ) );
#3700 = ORIENTED_EDGE('',*,*,#3701,.F.);
#3701 = EDGE_CURVE('',#2305,#3663,#3702,.T.);
#3702 = SURFACE_CURVE('',#3703,(#3707,#3713),.PCURVE_S1.);
#3703 = LINE('',#3704,#3705);
#3704 = CARTESIAN_POINT('',(242.90926757812,92.889716796875,19.6));
#3705 = VECTOR('',#3706,1.);
#3706 = DIRECTION('',(-1.,2.22044604925E-16,0.));
#3707 = PCURVE('',#175,#3708);
#3708 = DEFINITIONAL_REPRESENTATION('',(#3709),#3712);
#3709 = B_SPLINE_CURVE_WITH_KNOTS('',1,(#3710,#3711),.UNSPECIFIED.,.F.,
  .F.,(2,2),(-4.751689453125,-2.909267578125),.PIECEWISE_BEZIER_KNOTS.);
#3710 = CARTESIAN_POINT('',(7.66095703125,92.889716796875));
#3711 = CARTESIAN_POINT('',(5.81853515625,92.889716796875));
#3712 = ( GEOMETRIC_REPRESENTATION_CONTEXT(2) 
PARAMETRIC_REPRESENTATION_CONTEXT() REPRESENTATION_CONTEXT('2D SPACE',''
  ) );
#3713 = PCURVE('',#3714,#3719);
#3714 = PLANE('',#3715);
#3715 = AXIS2_PLACEMENT_3D('',#3716,#3717,#3718);
#3716 = CARTESIAN_POINT('',(245.81853515625,92.889716796875,18.2));
#3717 = DIRECTION('',(2.22044604925E-16,1.,0.));
#3718 = DIRECTION('',(1.,-2.22044604925E-16,0.));
#3719 = DEFINITIONAL_REPRESENTATION('',(#3720),#3723);
#3720 = B_SPLINE_CURVE_WITH_KNOTS('',1,(#3721,#3722),.UNSPECIFIED.,.F.,
  .F.,(2,2),(-4.751689453125,-2.909267578125),.PIECEWISE_BEZIER_KNOTS.);
#3721 = CARTESIAN_POINT('',(1.842421875,-1.4));
#3722 = CARTESIAN_POINT('',(-8.881784197001E-16,-1.4));
#3723 = ( GEOMETRIC_REPRESENTATION_CONTEXT(2) 
PARAMETRIC_REPRESENTATION_CONTEXT() REPRESENTATION_CONTEXT('2D SPACE',''
  ) );
#3724 = FACE_BOUND('',#3725,.T.);
#3725 = EDGE_LOOP('',(#3726,#3754,#3780,#3806,#3832,#3858,#3884,#3910,
    #3936));
#3726 = ORIENTED_EDGE('',*,*,#3727,.F.);
#3727 = EDGE_CURVE('',#3728,#3730,#3732,.T.);
#3728 = VERTEX_POINT('',#3729);
#3729 = CARTESIAN_POINT('',(245.6090625,153.13141601562,19.6));
#3730 = VERTEX_POINT('',#3731);
#3731 = CARTESIAN_POINT('',(245.6090625,146.72893554687,19.6));
#3732 = SURFACE_CURVE('',#3733,(#3737,#3743),.PCURVE_S1.);
#3733 = LINE('',#3734,#3735);
#3734 = CARTESIAN_POINT('',(245.6090625,73.364467773437,19.6));
#3735 = VECTOR('',#3736,1.);
#3736 = DIRECTION('',(-2.22044604925E-16,-1.,0.));
#3737 = PCURVE('',#175,#3738);
#3738 = DEFINITIONAL_REPRESENTATION('',(#3739),#3742);
#3739 = B_SPLINE_CURVE_WITH_KNOTS('',1,(#3740,#3741),.UNSPECIFIED.,.F.,
  .F.,(2,2),(-79.76694824218,-73.36446777343),.PIECEWISE_BEZIER_KNOTS.);
#3740 = CARTESIAN_POINT('',(5.6090625,153.13141601562));
#3741 = CARTESIAN_POINT('',(5.6090625,146.72893554687));
#3742 = ( GEOMETRIC_REPRESENTATION_CONTEXT(2) 
PARAMETRIC_REPRESENTATION_CONTEXT() REPRESENTATION_CONTEXT('2D SPACE',''
  ) );
#3743 = PCURVE('',#3744,#3749);
#3744 = PLANE('',#3745);
#3745 = AXIS2_PLACEMENT_3D('',#3746,#3747,#3748);
#3746 = CARTESIAN_POINT('',(245.6090625,146.72893554687,18.2));
#3747 = DIRECTION('',(-1.,2.22044604925E-16,0.));
#3748 = DIRECTION('',(2.22044604925E-16,1.,0.));
#3749 = DEFINITIONAL_REPRESENTATION('',(#3750),#3753);
#3750 = B_SPLINE_CURVE_WITH_KNOTS('',1,(#3751,#3752),.UNSPECIFIED.,.F.,
  .F.,(2,2),(-79.76694824218,-73.36446777343),.PIECEWISE_BEZIER_KNOTS.);
#3751 = CARTESIAN_POINT('',(6.40248046875,-1.4));
#3752 = CARTESIAN_POINT('',(0.,-1.4));
#3753 = ( GEOMETRIC_REPRESENTATION_CONTEXT(2) 
PARAMETRIC_REPRESENTATION_CONTEXT() REPRESENTATION_CONTEXT('2D SPACE',''
  ) );
#3754 = ORIENTED_EDGE('',*,*,#3755,.F.);
#3755 = EDGE_CURVE('',#3756,#3728,#3758,.T.);
#3756 = VERTEX_POINT('',#3757);
#3757 = CARTESIAN_POINT('',(247.13458984375,153.13141601562,19.6));
#3758 = SURFACE_CURVE('',#3759,(#3763,#3769),.PCURVE_S1.);
#3759 = LINE('',#3760,#3761);
#3760 = CARTESIAN_POINT('',(242.98453125,153.13141601562,19.6));
#3761 = VECTOR('',#3762,1.);
#3762 = DIRECTION('',(-1.,2.22044604925E-16,0.));
#3763 = PCURVE('',#175,#3764);
#3764 = DEFINITIONAL_REPRESENTATION('',(#3765),#3768);
#3765 = B_SPLINE_CURVE_WITH_KNOTS('',1,(#3766,#3767),.UNSPECIFIED.,.F.,
  .F.,(2,2),(-4.15005859375,-2.62453125),.PIECEWISE_BEZIER_KNOTS.);
#3766 = CARTESIAN_POINT('',(7.13458984375,153.13141601562));
#3767 = CARTESIAN_POINT('',(5.6090625,153.13141601562));
#3768 = ( GEOMETRIC_REPRESENTATION_CONTEXT(2) 
PARAMETRIC_REPRESENTATION_CONTEXT() REPRESENTATION_CONTEXT('2D SPACE',''
  ) );
#3769 = PCURVE('',#3770,#3775);
#3770 = PLANE('',#3771);
#3771 = AXIS2_PLACEMENT_3D('',#3772,#3773,#3774);
#3772 = CARTESIAN_POINT('',(245.9690625,153.13141601562,18.2));
#3773 = DIRECTION('',(2.22044604925E-16,1.,0.));
#3774 = DIRECTION('',(1.,-2.22044604925E-16,0.));
#3775 = DEFINITIONAL_REPRESENTATION('',(#3776),#3779);
#3776 = B_SPLINE_CURVE_WITH_KNOTS('',1,(#3777,#3778),.UNSPECIFIED.,.F.,
  .F.,(2,2),(-4.15005859375,-2.62453125),.PIECEWISE_BEZIER_KNOTS.);
#3777 = CARTESIAN_POINT('',(1.16552734375,-1.4));
#3778 = CARTESIAN_POINT('',(-0.36,-1.4));
#3779 = ( GEOMETRIC_REPRESENTATION_CONTEXT(2) 
PARAMETRIC_REPRESENTATION_CONTEXT() REPRESENTATION_CONTEXT('2D SPACE',''
  ) );
#3780 = ORIENTED_EDGE('',*,*,#3781,.F.);
#3781 = EDGE_CURVE('',#3782,#3756,#3784,.T.);
#3782 = VERTEX_POINT('',#3783);
#3783 = CARTESIAN_POINT('',(253.98810546875,150.00543945312,19.6));
#3784 = SURFACE_CURVE('',#3785,(#3789,#3795),.PCURVE_S1.);
#3785 = LINE('',#3786,#3787);
#3786 = CARTESIAN_POINT('',(273.09013455499,141.29275847491,19.6));
#3787 = VECTOR('',#3788,1.);
#3788 = DIRECTION('',(-0.909828494592,0.414984470104,0.));
#3789 = PCURVE('',#175,#3790);
#3790 = DEFINITIONAL_REPRESENTATION('',(#3791),#3794);
#3791 = B_SPLINE_CURVE_WITH_KNOTS('',1,(#3792,#3793),.UNSPECIFIED.,.F.,
  .F.,(2,2),(20.995197666123,28.52795319723),.PIECEWISE_BEZIER_KNOTS.);
#3792 = CARTESIAN_POINT('',(13.98810546875,150.00543945312));
#3793 = CARTESIAN_POINT('',(7.13458984375,153.13141601562));
#3794 = ( GEOMETRIC_REPRESENTATION_CONTEXT(2) 
PARAMETRIC_REPRESENTATION_CONTEXT() REPRESENTATION_CONTEXT('2D SPACE',''
  ) );
#3795 = PCURVE('',#3796,#3801);
#3796 = PLANE('',#3797);
#3797 = AXIS2_PLACEMENT_3D('',#3798,#3799,#3800);
#3798 = CARTESIAN_POINT('',(247.13458984375,153.13141601562,18.2));
#3799 = DIRECTION('',(0.414984470104,0.909828494592,0.));
#3800 = DIRECTION('',(0.909828494592,-0.414984470104,0.));
#3801 = DEFINITIONAL_REPRESENTATION('',(#3802),#3805);
#3802 = B_SPLINE_CURVE_WITH_KNOTS('',1,(#3803,#3804),.UNSPECIFIED.,.F.,
  .F.,(2,2),(20.995197666123,28.52795319723),.PIECEWISE_BEZIER_KNOTS.);
#3803 = CARTESIAN_POINT('',(7.532755531107,-1.4));
#3804 = CARTESIAN_POINT('',(0.,-1.4));
#3805 = ( GEOMETRIC_REPRESENTATION_CONTEXT(2) 
PARAMETRIC_REPRESENTATION_CONTEXT() REPRESENTATION_CONTEXT('2D SPACE',''
  ) );
#3806 = ORIENTED_EDGE('',*,*,#3807,.F.);
#3807 = EDGE_CURVE('',#3808,#3782,#3810,.T.);
#3808 = VERTEX_POINT('',#3809);
#3809 = CARTESIAN_POINT('',(253.98810546875,147.63127929687,19.6));
#3810 = SURFACE_CURVE('',#3811,(#3815,#3821),.PCURVE_S1.);
#3811 = LINE('',#3812,#3813);
#3812 = CARTESIAN_POINT('',(253.98810546875,75.002719726563,19.6));
#3813 = VECTOR('',#3814,1.);
#3814 = DIRECTION('',(2.22044604925E-16,1.,-0.));
#3815 = PCURVE('',#175,#3816);
#3816 = DEFINITIONAL_REPRESENTATION('',(#3817),#3820);
#3817 = B_SPLINE_CURVE_WITH_KNOTS('',1,(#3818,#3819),.UNSPECIFIED.,.F.,
  .F.,(2,2),(72.628559570313,75.002719726563),.PIECEWISE_BEZIER_KNOTS.);
#3818 = CARTESIAN_POINT('',(13.98810546875,147.63127929687));
#3819 = CARTESIAN_POINT('',(13.98810546875,150.00543945312));
#3820 = ( GEOMETRIC_REPRESENTATION_CONTEXT(2) 
PARAMETRIC_REPRESENTATION_CONTEXT() REPRESENTATION_CONTEXT('2D SPACE',''
  ) );
#3821 = PCURVE('',#3822,#3827);
#3822 = PLANE('',#3823);
#3823 = AXIS2_PLACEMENT_3D('',#3824,#3825,#3826);
#3824 = CARTESIAN_POINT('',(253.98810546875,150.00543945312,18.2));
#3825 = DIRECTION('',(1.,-2.22044604925E-16,-0.));
#3826 = DIRECTION('',(-2.22044604925E-16,-1.,0.));
#3827 = DEFINITIONAL_REPRESENTATION('',(#3828),#3831);
#3828 = B_SPLINE_CURVE_WITH_KNOTS('',1,(#3829,#3830),.UNSPECIFIED.,.F.,
  .F.,(2,2),(72.628559570313,75.002719726563),.PIECEWISE_BEZIER_KNOTS.);
#3829 = CARTESIAN_POINT('',(2.37416015625,-1.4));
#3830 = CARTESIAN_POINT('',(0.,-1.4));
#3831 = ( GEOMETRIC_REPRESENTATION_CONTEXT(2) 
PARAMETRIC_REPRESENTATION_CONTEXT() REPRESENTATION_CONTEXT('2D SPACE',''
  ) );
#3832 = ORIENTED_EDGE('',*,*,#3833,.F.);
#3833 = EDGE_CURVE('',#3834,#3808,#3836,.T.);
#3834 = VERTEX_POINT('',#3835);
#3835 = CARTESIAN_POINT('',(253.62810546875,147.79521318117,19.6));
#3836 = SURFACE_CURVE('',#3837,(#3841,#3847),.PCURVE_S1.);
#3837 = LINE('',#3838,#3839);
#3838 = CARTESIAN_POINT('',(276.03574389946,137.59140427594,19.6));
#3839 = VECTOR('',#3840,1.);
#3840 = DIRECTION('',(0.91008292566,-0.414426191767,0.));
#3841 = PCURVE('',#175,#3842);
#3842 = DEFINITIONAL_REPRESENTATION('',(#3843),#3846);
#3843 = B_SPLINE_CURVE_WITH_KNOTS('',1,(#3844,#3845),.UNSPECIFIED.,.F.,
  .F.,(2,2),(-24.62153480626,-24.22596645765),.PIECEWISE_BEZIER_KNOTS.);
#3844 = CARTESIAN_POINT('',(13.62810546875,147.79521318117));
#3845 = CARTESIAN_POINT('',(13.98810546875,147.63127929687));
#3846 = ( GEOMETRIC_REPRESENTATION_CONTEXT(2) 
PARAMETRIC_REPRESENTATION_CONTEXT() REPRESENTATION_CONTEXT('2D SPACE',''
  ) );
#3847 = PCURVE('',#3848,#3853);
#3848 = PLANE('',#3849);
#3849 = AXIS2_PLACEMENT_3D('',#3850,#3851,#3852);
#3850 = CARTESIAN_POINT('',(253.98810546875,147.63127929687,18.2));
#3851 = DIRECTION('',(-0.414426191767,-0.91008292566,0.));
#3852 = DIRECTION('',(-0.91008292566,0.414426191767,0.));
#3853 = DEFINITIONAL_REPRESENTATION('',(#3854),#3857);
#3854 = B_SPLINE_CURVE_WITH_KNOTS('',1,(#3855,#3856),.UNSPECIFIED.,.F.,
  .F.,(2,2),(-24.62153480626,-24.22596645765),.PIECEWISE_BEZIER_KNOTS.);
#3855 = CARTESIAN_POINT('',(0.395568348609,-1.4));
#3856 = CARTESIAN_POINT('',(0.,-1.4));
#3857 = ( GEOMETRIC_REPRESENTATION_CONTEXT(2) 
PARAMETRIC_REPRESENTATION_CONTEXT() REPRESENTATION_CONTEXT('2D SPACE',''
  ) );
#3858 = ORIENTED_EDGE('',*,*,#3859,.F.);
#3859 = EDGE_CURVE('',#3860,#3834,#3862,.T.);
#3860 = VERTEX_POINT('',#3861);
#3861 = CARTESIAN_POINT('',(253.62810546875,147.63127929687,19.6));
#3862 = SURFACE_CURVE('',#3863,(#3867,#3873),.PCURVE_S1.);
#3863 = LINE('',#3864,#3865);
#3864 = CARTESIAN_POINT('',(253.62810546875,74.822719726562,19.6));
#3865 = VECTOR('',#3866,1.);
#3866 = DIRECTION('',(2.22044604925E-16,1.,-0.));
#3867 = PCURVE('',#175,#3868);
#3868 = DEFINITIONAL_REPRESENTATION('',(#3869),#3872);
#3869 = B_SPLINE_CURVE_WITH_KNOTS('',1,(#3870,#3871),.UNSPECIFIED.,.F.,
  .F.,(2,2),(72.808559570312,72.97249345461),.PIECEWISE_BEZIER_KNOTS.);
#3870 = CARTESIAN_POINT('',(13.62810546875,147.63127929687));
#3871 = CARTESIAN_POINT('',(13.62810546875,147.79521318117));
#3872 = ( GEOMETRIC_REPRESENTATION_CONTEXT(2) 
PARAMETRIC_REPRESENTATION_CONTEXT() REPRESENTATION_CONTEXT('2D SPACE',''
  ) );
#3873 = PCURVE('',#3874,#3879);
#3874 = PLANE('',#3875);
#3875 = AXIS2_PLACEMENT_3D('',#3876,#3877,#3878);
#3876 = CARTESIAN_POINT('',(253.62810546875,149.64543945312,18.2));
#3877 = DIRECTION('',(1.,-2.22044604925E-16,-0.));
#3878 = DIRECTION('',(-2.22044604925E-16,-1.,0.));
#3879 = DEFINITIONAL_REPRESENTATION('',(#3880),#3883);
#3880 = B_SPLINE_CURVE_WITH_KNOTS('',1,(#3881,#3882),.UNSPECIFIED.,.F.,
  .F.,(2,2),(72.808559570312,72.97249345461),.PIECEWISE_BEZIER_KNOTS.);
#3881 = CARTESIAN_POINT('',(2.01416015625,-1.4));
#3882 = CARTESIAN_POINT('',(1.850226271952,-1.4));
#3883 = ( GEOMETRIC_REPRESENTATION_CONTEXT(2) 
PARAMETRIC_REPRESENTATION_CONTEXT() REPRESENTATION_CONTEXT('2D SPACE',''
  ) );
#3884 = ORIENTED_EDGE('',*,*,#3885,.F.);
#3885 = EDGE_CURVE('',#3886,#3860,#3888,.T.);
#3886 = VERTEX_POINT('',#3887);
#3887 = CARTESIAN_POINT('',(247.48908203125,150.42681806882,19.6));
#3888 = SURFACE_CURVE('',#3889,(#3893,#3899),.PCURVE_S1.);
#3889 = LINE('',#3890,#3891);
#3890 = CARTESIAN_POINT('',(275.82482906714,137.52351507975,19.6));
#3891 = VECTOR('',#3892,1.);
#3892 = DIRECTION('',(0.91008292566,-0.414426191767,0.));
#3893 = PCURVE('',#175,#3894);
#3894 = DEFINITIONAL_REPRESENTATION('',(#3895),#3898);
#3895 = B_SPLINE_CURVE_WITH_KNOTS('',1,(#3896,#3897),.UNSPECIFIED.,.F.,
  .F.,(2,2),(-31.13534628216,-24.38978138427),.PIECEWISE_BEZIER_KNOTS.);
#3896 = CARTESIAN_POINT('',(7.48908203125,150.42681806882));
#3897 = CARTESIAN_POINT('',(13.62810546875,147.63127929687));
#3898 = ( GEOMETRIC_REPRESENTATION_CONTEXT(2) 
PARAMETRIC_REPRESENTATION_CONTEXT() REPRESENTATION_CONTEXT('2D SPACE',''
  ) );
#3899 = PCURVE('',#3900,#3905);
#3900 = PLANE('',#3901);
#3901 = AXIS2_PLACEMENT_3D('',#3902,#3903,#3904);
#3902 = CARTESIAN_POINT('',(253.62810546875,147.63127929687,18.2));
#3903 = DIRECTION('',(-0.414426191767,-0.91008292566,0.));
#3904 = DIRECTION('',(-0.91008292566,0.414426191767,0.));
#3905 = DEFINITIONAL_REPRESENTATION('',(#3906),#3909);
#3906 = B_SPLINE_CURVE_WITH_KNOTS('',1,(#3907,#3908),.UNSPECIFIED.,.F.,
  .F.,(2,2),(-31.13534628216,-24.38978138427),.PIECEWISE_BEZIER_KNOTS.);
#3907 = CARTESIAN_POINT('',(6.745564897891,-1.4));
#3908 = CARTESIAN_POINT('',(0.,-1.4));
#3909 = ( GEOMETRIC_REPRESENTATION_CONTEXT(2) 
PARAMETRIC_REPRESENTATION_CONTEXT() REPRESENTATION_CONTEXT('2D SPACE',''
  ) );
#3910 = ORIENTED_EDGE('',*,*,#3911,.F.);
#3911 = EDGE_CURVE('',#3912,#3886,#3914,.T.);
#3912 = VERTEX_POINT('',#3913);
#3913 = CARTESIAN_POINT('',(247.48908203125,146.72893554687,19.6));
#3914 = SURFACE_CURVE('',#3915,(#3919,#3925),.PCURVE_S1.);
#3915 = LINE('',#3916,#3917);
#3916 = CARTESIAN_POINT('',(247.48908203125,75.295375976562,19.6));
#3917 = VECTOR('',#3918,1.);
#3918 = DIRECTION('',(2.22044604925E-16,1.,-0.));
#3919 = PCURVE('',#175,#3920);
#3920 = DEFINITIONAL_REPRESENTATION('',(#3921),#3924);
#3921 = B_SPLINE_CURVE_WITH_KNOTS('',1,(#3922,#3923),.UNSPECIFIED.,.F.,
  .F.,(2,2),(71.433559570312,75.131442092265),.PIECEWISE_BEZIER_KNOTS.);
#3922 = CARTESIAN_POINT('',(7.48908203125,146.72893554687));
#3923 = CARTESIAN_POINT('',(7.48908203125,150.42681806882));
#3924 = ( GEOMETRIC_REPRESENTATION_CONTEXT(2) 
PARAMETRIC_REPRESENTATION_CONTEXT() REPRESENTATION_CONTEXT('2D SPACE',''
  ) );
#3925 = PCURVE('',#3926,#3931);
#3926 = PLANE('',#3927);
#3927 = AXIS2_PLACEMENT_3D('',#3928,#3929,#3930);
#3928 = CARTESIAN_POINT('',(247.48908203125,150.59075195312,18.2));
#3929 = DIRECTION('',(1.,-2.22044604925E-16,-0.));
#3930 = DIRECTION('',(-2.22044604925E-16,-1.,0.));
#3931 = DEFINITIONAL_REPRESENTATION('',(#3932),#3935);
#3932 = B_SPLINE_CURVE_WITH_KNOTS('',1,(#3933,#3934),.UNSPECIFIED.,.F.,
  .F.,(2,2),(71.433559570312,75.131442092265),.PIECEWISE_BEZIER_KNOTS.);
#3933 = CARTESIAN_POINT('',(3.86181640625,-1.4));
#3934 = CARTESIAN_POINT('',(0.163933884298,-1.4));
#3935 = ( GEOMETRIC_REPRESENTATION_CONTEXT(2) 
PARAMETRIC_REPRESENTATION_CONTEXT() REPRESENTATION_CONTEXT('2D SPACE',''
  ) );
#3936 = ORIENTED_EDGE('',*,*,#3937,.F.);
#3937 = EDGE_CURVE('',#3730,#3912,#3938,.T.);
#3938 = SURFACE_CURVE('',#3939,(#3943,#3949),.PCURVE_S1.);
#3939 = LINE('',#3940,#3941);
#3940 = CARTESIAN_POINT('',(243.74454101562,146.72893554687,19.6));
#3941 = VECTOR('',#3942,1.);
#3942 = DIRECTION('',(1.,-2.22044604925E-16,0.));
#3943 = PCURVE('',#175,#3944);
#3944 = DEFINITIONAL_REPRESENTATION('',(#3945),#3948);
#3945 = B_SPLINE_CURVE_WITH_KNOTS('',1,(#3946,#3947),.UNSPECIFIED.,.F.,
  .F.,(2,2),(1.864521484375,3.744541015625),.PIECEWISE_BEZIER_KNOTS.);
#3946 = CARTESIAN_POINT('',(5.6090625,146.72893554687));
#3947 = CARTESIAN_POINT('',(7.48908203125,146.72893554687));
#3948 = ( GEOMETRIC_REPRESENTATION_CONTEXT(2) 
PARAMETRIC_REPRESENTATION_CONTEXT() REPRESENTATION_CONTEXT('2D SPACE',''
  ) );
#3949 = PCURVE('',#3950,#3955);
#3950 = PLANE('',#3951);
#3951 = AXIS2_PLACEMENT_3D('',#3952,#3953,#3954);
#3952 = CARTESIAN_POINT('',(247.48908203125,146.72893554687,18.2));
#3953 = DIRECTION('',(-2.22044604925E-16,-1.,0.));
#3954 = DIRECTION('',(-1.,2.22044604925E-16,0.));
#3955 = DEFINITIONAL_REPRESENTATION('',(#3956),#3959);
#3956 = B_SPLINE_CURVE_WITH_KNOTS('',1,(#3957,#3958),.UNSPECIFIED.,.F.,
  .F.,(2,2),(1.864521484375,3.744541015625),.PIECEWISE_BEZIER_KNOTS.);
#3957 = CARTESIAN_POINT('',(1.88001953125,-1.4));
#3958 = CARTESIAN_POINT('',(0.,-1.4));
#3959 = ( GEOMETRIC_REPRESENTATION_CONTEXT(2) 
PARAMETRIC_REPRESENTATION_CONTEXT() REPRESENTATION_CONTEXT('2D SPACE',''
  ) );
#3960 = FACE_BOUND('',#3961,.T.);
#3961 = EDGE_LOOP('',(#3962,#4000,#4057,#4108,#4150,#4207,#4243,#4279,
    #4366,#4453,#4489,#4525,#4612,#4699,#4735,#4771,#4828,#4870,#4921,
    #4978,#5014,#5050,#5125,#5197,#5233,#5269,#5341,#5416));
#3962 = ORIENTED_EDGE('',*,*,#3963,.F.);
#3963 = EDGE_CURVE('',#3964,#3966,#3968,.T.);
#3964 = VERTEX_POINT('',#3965);
#3965 = CARTESIAN_POINT('',(251.37224609375,206.66448242187,19.6));
#3966 = VERTEX_POINT('',#3967);
#3967 = CARTESIAN_POINT('',(251.56188276834,206.66973213379,19.6));
#3968 = SURFACE_CURVE('',#3969,(#3975,#3984),.PCURVE_S1.);
#3969 = B_SPLINE_CURVE_WITH_KNOTS('',4,(#3970,#3971,#3972,#3973,#3974),
  .UNSPECIFIED.,.F.,.F.,(5,5),(0.,1.),.PIECEWISE_BEZIER_KNOTS.);
#3970 = CARTESIAN_POINT('',(251.37224609375,206.66448242187,19.6));
#3971 = CARTESIAN_POINT('',(251.41982136964,206.66448242187,19.6));
#3972 = CARTESIAN_POINT('',(251.46730413075,206.66532890156,19.6));
#3973 = CARTESIAN_POINT('',(251.51466913882,206.66706411987,19.6));
#3974 = CARTESIAN_POINT('',(251.56188414246,206.66973221144,19.6));
#3975 = PCURVE('',#175,#3976);
#3976 = DEFINITIONAL_REPRESENTATION('',(#3977),#3983);
#3977 = B_SPLINE_CURVE_WITH_KNOTS('',4,(#3978,#3979,#3980,#3981,#3982),
  .UNSPECIFIED.,.F.,.F.,(5,5),(0.,1.),.PIECEWISE_BEZIER_KNOTS.);
#3978 = CARTESIAN_POINT('',(11.37224609375,206.66448242187));
#3979 = CARTESIAN_POINT('',(11.419821369644,206.66448242187));
#3980 = CARTESIAN_POINT('',(11.467304130754,206.66532890156));
#3981 = CARTESIAN_POINT('',(11.514669138828,206.66706411987));
#3982 = CARTESIAN_POINT('',(11.561884142467,206.66973221144));
#3983 = ( GEOMETRIC_REPRESENTATION_CONTEXT(2) 
PARAMETRIC_REPRESENTATION_CONTEXT() REPRESENTATION_CONTEXT('2D SPACE',''
  ) );
#3984 = PCURVE('',#3985,#3992);
#3985 = SURFACE_OF_LINEAR_EXTRUSION('',#3986,#3990);
#3986 = B_SPLINE_CURVE_WITH_KNOTS('',2,(#3987,#3988,#3989),
  .UNSPECIFIED.,.F.,.F.,(3,3),(0.,1.),.PIECEWISE_BEZIER_KNOTS.);
#3987 = CARTESIAN_POINT('',(253.17424804687,207.46208984375,18.2));
#3988 = CARTESIAN_POINT('',(252.56462890625,206.66448242187,18.2));
#3989 = CARTESIAN_POINT('',(251.37224609375,206.66448242187,18.2));
#3990 = VECTOR('',#3991,1.);
#3991 = DIRECTION('',(-0.,0.,-1.));
#3992 = DEFINITIONAL_REPRESENTATION('',(#3993),#3999);
#3993 = B_SPLINE_CURVE_WITH_KNOTS('',4,(#3994,#3995,#3996,#3997,#3998),
  .UNSPECIFIED.,.F.,.F.,(5,5),(0.,1.),.PIECEWISE_BEZIER_KNOTS.);
#3994 = CARTESIAN_POINT('',(1.,-1.4));
#3995 = CARTESIAN_POINT('',(0.98005033476,-1.4));
#3996 = CARTESIAN_POINT('',(0.959880120842,-1.4));
#3997 = CARTESIAN_POINT('',(0.939486994153,-1.4));
#3998 = CARTESIAN_POINT('',(0.918870956742,-1.4));
#3999 = ( GEOMETRIC_REPRESENTATION_CONTEXT(2) 
PARAMETRIC_REPRESENTATION_CONTEXT() REPRESENTATION_CONTEXT('2D SPACE',''
  ) );
#4000 = ORIENTED_EDGE('',*,*,#4001,.F.);
#4001 = EDGE_CURVE('',#4002,#3964,#4004,.T.);
#4002 = VERTEX_POINT('',#4003);
#4003 = CARTESIAN_POINT('',(250.09124023437,207.0807421875,19.6));
#4004 = SURFACE_CURVE('',#4005,(#4018,#4034),.PCURVE_S1.);
#4005 = B_SPLINE_CURVE_WITH_KNOTS('',6,(#4006,#4007,#4008,#4009,#4010,
    #4011,#4012,#4013,#4014,#4015,#4016,#4017),.UNSPECIFIED.,.F.,.F.,(7,
    5,7),(0.,0.15287064472,1.),.UNSPECIFIED.);
#4006 = CARTESIAN_POINT('',(250.09124023437,207.0807421875,19.6));
#4007 = CARTESIAN_POINT('',(250.11789298922,207.05888410812,19.6));
#4008 = CARTESIAN_POINT('',(250.14503292982,207.03767585949,19.6));
#4009 = CARTESIAN_POINT('',(250.17265144073,207.01713157663,19.6));
#4010 = CARTESIAN_POINT('',(250.20073835667,206.9972635104,19.6));
#4011 = CARTESIAN_POINT('',(250.22928196247,206.97808202748,19.6));
#4012 = CARTESIAN_POINT('',(250.41889999371,206.85715353159,19.6));
#4013 = CARTESIAN_POINT('',(250.59322664773,206.77600402131,19.6));
#4014 = CARTESIAN_POINT('',(250.77866049313,206.71784910434,19.6));
#4015 = CARTESIAN_POINT('',(250.97210807023,206.68143806999,19.6));
#4016 = CARTESIAN_POINT('',(251.17072313136,206.66448242187,19.6));
#4017 = CARTESIAN_POINT('',(251.37224609375,206.66448242187,19.6));
#4018 = PCURVE('',#175,#4019);
#4019 = DEFINITIONAL_REPRESENTATION('',(#4020),#4033);
#4020 = B_SPLINE_CURVE_WITH_KNOTS('',6,(#4021,#4022,#4023,#4024,#4025,
    #4026,#4027,#4028,#4029,#4030,#4031,#4032),.UNSPECIFIED.,.F.,.F.,(7,
    5,7),(0.,0.15287064472,1.),.UNSPECIFIED.);
#4021 = CARTESIAN_POINT('',(10.091240234375,207.0807421875));
#4022 = CARTESIAN_POINT('',(10.117892989225,207.05888410812));
#4023 = CARTESIAN_POINT('',(10.145032929826,207.03767585949));
#4024 = CARTESIAN_POINT('',(10.172651440739,207.01713157663));
#4025 = CARTESIAN_POINT('',(10.200738356672,206.9972635104));
#4026 = CARTESIAN_POINT('',(10.229281962479,206.97808202748));
#4027 = CARTESIAN_POINT('',(10.418899993711,206.85715353159));
#4028 = CARTESIAN_POINT('',(10.593226647735,206.77600402131));
#4029 = CARTESIAN_POINT('',(10.778660493134,206.71784910434));
#4030 = CARTESIAN_POINT('',(10.972108070238,206.68143806999));
#4031 = CARTESIAN_POINT('',(11.170723131368,206.66448242187));
#4032 = CARTESIAN_POINT('',(11.37224609375,206.66448242187));
#4033 = ( GEOMETRIC_REPRESENTATION_CONTEXT(2) 
PARAMETRIC_REPRESENTATION_CONTEXT() REPRESENTATION_CONTEXT('2D SPACE',''
  ) );
#4034 = PCURVE('',#4035,#4042);
#4035 = SURFACE_OF_LINEAR_EXTRUSION('',#4036,#4040);
#4036 = B_SPLINE_CURVE_WITH_KNOTS('',2,(#4037,#4038,#4039),
  .UNSPECIFIED.,.F.,.F.,(3,3),(0.,1.),.PIECEWISE_BEZIER_KNOTS.);
#4037 = CARTESIAN_POINT('',(251.37224609375,206.66448242187,18.2));
#4038 = CARTESIAN_POINT('',(250.59880859375,206.66448242187,18.2));
#4039 = CARTESIAN_POINT('',(250.09124023437,207.0807421875,18.2));
#4040 = VECTOR('',#4041,1.);
#4041 = DIRECTION('',(-0.,0.,-1.));
#4042 = DEFINITIONAL_REPRESENTATION('',(#4043),#4056);
#4043 = B_SPLINE_CURVE_WITH_KNOTS('',6,(#4044,#4045,#4046,#4047,#4048,
    #4049,#4050,#4051,#4052,#4053,#4054,#4055),.UNSPECIFIED.,.F.,.F.,(7,
    5,7),(0.,0.15287064472,1.),.UNSPECIFIED.);
#4044 = CARTESIAN_POINT('',(1.,-1.4));
#4045 = CARTESIAN_POINT('',(0.973744664775,-1.4));
#4046 = CARTESIAN_POINT('',(0.947442698395,-1.4));
#4047 = CARTESIAN_POINT('',(0.921105506838,-1.4));
#4048 = CARTESIAN_POINT('',(0.894744720024,-1.4));
#4049 = CARTESIAN_POINT('',(0.868372191811,-1.4));
#4050 = CARTESIAN_POINT('',(0.695859072242,-1.4));
#4051 = CARTESIAN_POINT('',(0.549656158912,-1.4));
#4052 = CARTESIAN_POINT('',(0.405767380791,-1.4));
#4053 = CARTESIAN_POINT('',(0.265676127709,-1.4));
#4054 = CARTESIAN_POINT('',(0.130277470631,-1.4));
#4055 = CARTESIAN_POINT('',(0.,-1.4));
#4056 = ( GEOMETRIC_REPRESENTATION_CONTEXT(2) 
PARAMETRIC_REPRESENTATION_CONTEXT() REPRESENTATION_CONTEXT('2D SPACE',''
  ) );
#4057 = ORIENTED_EDGE('',*,*,#4058,.F.);
#4058 = EDGE_CURVE('',#4059,#4002,#4061,.T.);
#4059 = VERTEX_POINT('',#4060);
#4060 = CARTESIAN_POINT('',(249.52964634297,207.83557310776,19.6));
#4061 = SURFACE_CURVE('',#4062,(#4073,#4087),.PCURVE_S1.);
#4062 = B_SPLINE_CURVE_WITH_KNOTS('',5,(#4063,#4064,#4065,#4066,#4067,
    #4068,#4069,#4070,#4071,#4072),.UNSPECIFIED.,.F.,.F.,(6,4,6),(0.,
    0.512210907409,1.),.UNSPECIFIED.);
#4063 = CARTESIAN_POINT('',(249.52964596489,207.83557393508,19.6));
#4064 = CARTESIAN_POINT('',(249.57120927892,207.74462428385,19.6));
#4065 = CARTESIAN_POINT('',(249.61661762723,207.65632505003,19.6));
#4066 = CARTESIAN_POINT('',(249.66606703858,207.57107233644,19.6));
#4067 = CARTESIAN_POINT('',(249.71971354625,207.48932510263,19.6));
#4068 = CARTESIAN_POINT('',(249.83270422627,207.33745576012,19.6));
#4069 = CARTESIAN_POINT('',(249.89165764783,207.26696109255,19.6));
#4070 = CARTESIAN_POINT('',(249.95446858258,207.20045231758,19.6));
#4071 = CARTESIAN_POINT('',(250.0210673042,207.13829141594,19.6));
#4072 = CARTESIAN_POINT('',(250.09124023437,207.0807421875,19.6));
#4073 = PCURVE('',#175,#4074);
#4074 = DEFINITIONAL_REPRESENTATION('',(#4075),#4086);
#4075 = B_SPLINE_CURVE_WITH_KNOTS('',5,(#4076,#4077,#4078,#4079,#4080,
    #4081,#4082,#4083,#4084,#4085),.UNSPECIFIED.,.F.,.F.,(6,4,6),(0.,
    0.512210907409,1.),.UNSPECIFIED.);
#4076 = CARTESIAN_POINT('',(9.529645964897,207.83557393508));
#4077 = CARTESIAN_POINT('',(9.571209278922,207.74462428385));
#4078 = CARTESIAN_POINT('',(9.616617627236,207.65632505003));
#4079 = CARTESIAN_POINT('',(9.666067038581,207.57107233644));
#4080 = CARTESIAN_POINT('',(9.719713546257,207.48932510263));
#4081 = CARTESIAN_POINT('',(9.832704226274,207.33745576012));
#4082 = CARTESIAN_POINT('',(9.891657647834,207.26696109255));
#4083 = CARTESIAN_POINT('',(9.954468582586,207.20045231758));
#4084 = CARTESIAN_POINT('',(10.021067304208,207.13829141594));
#4085 = CARTESIAN_POINT('',(10.091240234375,207.0807421875));
#4086 = ( GEOMETRIC_REPRESENTATION_CONTEXT(2) 
PARAMETRIC_REPRESENTATION_CONTEXT() REPRESENTATION_CONTEXT('2D SPACE',''
  ) );
#4087 = PCURVE('',#4088,#4095);
#4088 = SURFACE_OF_LINEAR_EXTRUSION('',#4089,#4093);
#4089 = B_SPLINE_CURVE_WITH_KNOTS('',2,(#4090,#4091,#4092),
  .UNSPECIFIED.,.F.,.F.,(3,3),(0.,1.),.PIECEWISE_BEZIER_KNOTS.);
#4090 = CARTESIAN_POINT('',(250.09124023437,207.0807421875,18.2));
#4091 = CARTESIAN_POINT('',(249.583671875,207.49700195312,18.2));
#4092 = CARTESIAN_POINT('',(249.3580859375,208.31340820312,18.2));
#4093 = VECTOR('',#4094,1.);
#4094 = DIRECTION('',(-0.,0.,-1.));
#4095 = DEFINITIONAL_REPRESENTATION('',(#4096),#4107);
#4096 = B_SPLINE_CURVE_WITH_KNOTS('',5,(#4097,#4098,#4099,#4100,#4101,
    #4102,#4103,#4104,#4105,#4106),.UNSPECIFIED.,.F.,.F.,(6,4,6),(0.,
    0.512210907409,1.),.UNSPECIFIED.);
#4097 = CARTESIAN_POINT('',(0.682678732068,-1.4));
#4098 = CARTESIAN_POINT('',(0.616718819544,-1.4));
#4099 = CARTESIAN_POINT('',(0.549524498098,-1.4));
#4100 = CARTESIAN_POINT('',(0.481147649064,-1.4));
#4101 = CARTESIAN_POINT('',(0.411692775722,-1.4));
#4102 = CARTESIAN_POINT('',(0.274340351807,-1.4));
#4103 = CARTESIAN_POINT('',(0.206522841412,-1.4));
#4104 = CARTESIAN_POINT('',(0.138050658067,-1.4));
#4105 = CARTESIAN_POINT('',(6.912658055929E-02,-1.4));
#4106 = CARTESIAN_POINT('',(0.,-1.4));
#4107 = ( GEOMETRIC_REPRESENTATION_CONTEXT(2) 
PARAMETRIC_REPRESENTATION_CONTEXT() REPRESENTATION_CONTEXT('2D SPACE',''
  ) );
#4108 = ORIENTED_EDGE('',*,*,#4109,.F.);
#4109 = EDGE_CURVE('',#4110,#4059,#4112,.T.);
#4110 = VERTEX_POINT('',#4111);
#4111 = CARTESIAN_POINT('',(249.041328125,207.21233398437,19.6));
#4112 = SURFACE_CURVE('',#4113,(#4121,#4132),.PCURVE_S1.);
#4113 = B_SPLINE_CURVE_WITH_KNOTS('',6,(#4114,#4115,#4116,#4117,#4118,
    #4119,#4120),.UNSPECIFIED.,.F.,.F.,(7,7),(0.,1.),
  .PIECEWISE_BEZIER_KNOTS.);
#4114 = CARTESIAN_POINT('',(249.041328125,207.21233398437,19.6));
#4115 = CARTESIAN_POINT('',(249.14223780365,207.29424889999,19.6));
#4116 = CARTESIAN_POINT('',(249.23566160398,207.3862589229,19.6));
#4117 = CARTESIAN_POINT('',(249.32101362307,207.48755305937,19.6));
#4118 = CARTESIAN_POINT('',(249.39826098138,207.59699128412,19.6));
#4119 = CARTESIAN_POINT('',(249.46766609209,207.71337111548,19.6));
#4120 = CARTESIAN_POINT('',(249.52964670898,207.83557382939,19.6));
#4121 = PCURVE('',#175,#4122);
#4122 = DEFINITIONAL_REPRESENTATION('',(#4123),#4131);
#4123 = B_SPLINE_CURVE_WITH_KNOTS('',6,(#4124,#4125,#4126,#4127,#4128,
    #4129,#4130),.UNSPECIFIED.,.F.,.F.,(7,7),(0.,1.),
  .PIECEWISE_BEZIER_KNOTS.);
#4124 = CARTESIAN_POINT('',(9.041328125,207.21233398437));
#4125 = CARTESIAN_POINT('',(9.142237803659,207.29424889999));
#4126 = CARTESIAN_POINT('',(9.235661603982,207.3862589229));
#4127 = CARTESIAN_POINT('',(9.321013623071,207.48755305937));
#4128 = CARTESIAN_POINT('',(9.398260981384,207.59699128412));
#4129 = CARTESIAN_POINT('',(9.467666092097,207.71337111548));
#4130 = CARTESIAN_POINT('',(9.529646708981,207.83557382939));
#4131 = ( GEOMETRIC_REPRESENTATION_CONTEXT(2) 
PARAMETRIC_REPRESENTATION_CONTEXT() REPRESENTATION_CONTEXT('2D SPACE',''
  ) );
#4132 = PCURVE('',#4133,#4140);
#4133 = SURFACE_OF_LINEAR_EXTRUSION('',#4134,#4138);
#4134 = B_SPLINE_CURVE_WITH_KNOTS('',2,(#4135,#4136,#4137),
  .UNSPECIFIED.,.F.,.F.,(3,3),(0.,1.),.PIECEWISE_BEZIER_KNOTS.);
#4135 = CARTESIAN_POINT('',(249.7180859375,208.31340820312,18.2));
#4136 = CARTESIAN_POINT('',(249.49787109375,207.58293945312,18.2));
#4137 = CARTESIAN_POINT('',(249.041328125,207.21233398437,18.2));
#4138 = VECTOR('',#4139,1.);
#4139 = DIRECTION('',(-0.,0.,-1.));
#4140 = DEFINITIONAL_REPRESENTATION('',(#4141),#4149);
#4141 = B_SPLINE_CURVE_WITH_KNOTS('',6,(#4142,#4143,#4144,#4145,#4146,
    #4147,#4148),.UNSPECIFIED.,.F.,.F.,(7,7),(0.,1.),
  .PIECEWISE_BEZIER_KNOTS.);
#4142 = CARTESIAN_POINT('',(1.,-1.4));
#4143 = CARTESIAN_POINT('',(0.88948501503,-1.4));
#4144 = CARTESIAN_POINT('',(0.779581706183,-1.4));
#4145 = CARTESIAN_POINT('',(0.671089083882,-1.4));
#4146 = CARTESIAN_POINT('',(0.564565459458,-1.4));
#4147 = CARTESIAN_POINT('',(0.460387498819,-1.4));
#4148 = CARTESIAN_POINT('',(0.358781605076,-1.4));
#4149 = ( GEOMETRIC_REPRESENTATION_CONTEXT(2) 
PARAMETRIC_REPRESENTATION_CONTEXT() REPRESENTATION_CONTEXT('2D SPACE',''
  ) );
#4150 = ORIENTED_EDGE('',*,*,#4151,.F.);
#4151 = EDGE_CURVE('',#4152,#4110,#4154,.T.);
#4152 = VERTEX_POINT('',#4153);
#4153 = CARTESIAN_POINT('',(247.90265625,206.84172851562,19.6));
#4154 = SURFACE_CURVE('',#4155,(#4168,#4184),.PCURVE_S1.);
#4155 = B_SPLINE_CURVE_WITH_KNOTS('',6,(#4156,#4157,#4158,#4159,#4160,
    #4161,#4162,#4163,#4164,#4165,#4166,#4167),.UNSPECIFIED.,.F.,.F.,(7,
    5,7),(0.,0.822731987661,1.),.UNSPECIFIED.);
#4156 = CARTESIAN_POINT('',(247.90265625,206.84172851562,19.6));
#4157 = CARTESIAN_POINT('',(248.0772572466,206.84172851562,19.6));
#4158 = CARTESIAN_POINT('',(248.24894429485,206.85629745726,19.6));
#4159 = CARTESIAN_POINT('',(248.41593599585,206.88729752498,19.6));
#4160 = CARTESIAN_POINT('',(248.57612554056,206.9363393035,19.6));
#4161 = CARTESIAN_POINT('',(248.72731909666,207.00420025319,19.6));
#4162 = CARTESIAN_POINT('',(248.89791545273,207.10813358432,19.6));
#4163 = CARTESIAN_POINT('',(248.92765670302,207.12737891674,19.6));
#4164 = CARTESIAN_POINT('',(248.95688170839,207.14743552231,19.6));
#4165 = CARTESIAN_POINT('',(248.98557632073,207.16829080003,19.6));
#4166 = CARTESIAN_POINT('',(249.01372846217,207.1899295522,19.6));
#4167 = CARTESIAN_POINT('',(249.041328125,207.21233398437,19.6));
#4168 = PCURVE('',#175,#4169);
#4169 = DEFINITIONAL_REPRESENTATION('',(#4170),#4183);
#4170 = B_SPLINE_CURVE_WITH_KNOTS('',6,(#4171,#4172,#4173,#4174,#4175,
    #4176,#4177,#4178,#4179,#4180,#4181,#4182),.UNSPECIFIED.,.F.,.F.,(7,
    5,7),(0.,0.822731987661,1.),.UNSPECIFIED.);
#4171 = CARTESIAN_POINT('',(7.90265625,206.84172851562));
#4172 = CARTESIAN_POINT('',(8.077257246607,206.84172851562));
#4173 = CARTESIAN_POINT('',(8.24894429485,206.85629745726));
#4174 = CARTESIAN_POINT('',(8.415935995859,206.88729752498));
#4175 = CARTESIAN_POINT('',(8.576125540565,206.9363393035));
#4176 = CARTESIAN_POINT('',(8.727319096663,207.00420025319));
#4177 = CARTESIAN_POINT('',(8.897915452734,207.10813358432));
#4178 = CARTESIAN_POINT('',(8.927656703028,207.12737891674));
#4179 = CARTESIAN_POINT('',(8.956881708391,207.14743552231));
#4180 = CARTESIAN_POINT('',(8.985576320739,207.16829080003));
#4181 = CARTESIAN_POINT('',(9.013728462177,207.1899295522));
#4182 = CARTESIAN_POINT('',(9.041328125,207.21233398437));
#4183 = ( GEOMETRIC_REPRESENTATION_CONTEXT(2) 
PARAMETRIC_REPRESENTATION_CONTEXT() REPRESENTATION_CONTEXT('2D SPACE',''
  ) );
#4184 = PCURVE('',#4185,#4192);
#4185 = SURFACE_OF_LINEAR_EXTRUSION('',#4186,#4190);
#4186 = B_SPLINE_CURVE_WITH_KNOTS('',2,(#4187,#4188,#4189),
  .UNSPECIFIED.,.F.,.F.,(3,3),(0.,1.),.PIECEWISE_BEZIER_KNOTS.);
#4187 = CARTESIAN_POINT('',(249.041328125,207.21233398437,18.2));
#4188 = CARTESIAN_POINT('',(248.58478515625,206.84172851562,18.2));
#4189 = CARTESIAN_POINT('',(247.90265625,206.84172851562,18.2));
#4190 = VECTOR('',#4191,1.);
#4191 = DIRECTION('',(-0.,0.,-1.));
#4192 = DEFINITIONAL_REPRESENTATION('',(#4193),#4206);
#4193 = B_SPLINE_CURVE_WITH_KNOTS('',6,(#4194,#4195,#4196,#4197,#4198,
    #4199,#4200,#4201,#4202,#4203,#4204,#4205),.UNSPECIFIED.,.F.,.F.,(7,
    5,7),(0.,0.822731987661,1.),.UNSPECIFIED.);
#4194 = CARTESIAN_POINT('',(1.,-1.4));
#4195 = CARTESIAN_POINT('',(0.87201759447,-1.4));
#4196 = CARTESIAN_POINT('',(0.739670835654,-1.4));
#4197 = CARTESIAN_POINT('',(0.603434630337,-1.4));
#4198 = CARTESIAN_POINT('',(0.464134667879,-1.4));
#4199 = CARTESIAN_POINT('',(0.323032143588,-1.4));
#4200 = CARTESIAN_POINT('',(0.151612840944,-1.4));
#4201 = CARTESIAN_POINT('',(0.121225768877,-1.4));
#4202 = CARTESIAN_POINT('',(9.085513541682E-02,-1.4));
#4203 = CARTESIAN_POINT('',(6.05169333245E-02,-1.4));
#4204 = CARTESIAN_POINT('',(3.022679650336E-02,-1.4));
#4205 = CARTESIAN_POINT('',(0.,-1.4));
#4206 = ( GEOMETRIC_REPRESENTATION_CONTEXT(2) 
PARAMETRIC_REPRESENTATION_CONTEXT() REPRESENTATION_CONTEXT('2D SPACE',''
  ) );
#4207 = ORIENTED_EDGE('',*,*,#4208,.F.);
#4208 = EDGE_CURVE('',#4209,#4152,#4211,.T.);
#4209 = VERTEX_POINT('',#4210);
#4210 = CARTESIAN_POINT('',(247.71905038311,206.84820415966,19.6));
#4211 = SURFACE_CURVE('',#4212,(#4218,#4227),.PCURVE_S1.);
#4212 = B_SPLINE_CURVE_WITH_KNOTS('',4,(#4213,#4214,#4215,#4216,#4217),
  .UNSPECIFIED.,.F.,.F.,(5,5),(0.,1.),.PIECEWISE_BEZIER_KNOTS.);
#4213 = CARTESIAN_POINT('',(247.71904921859,206.8482042437,19.6));
#4214 = CARTESIAN_POINT('',(247.76467347097,206.84491183443,19.6));
#4215 = CARTESIAN_POINT('',(247.8105127966,206.84277133296,19.6));
#4216 = CARTESIAN_POINT('',(247.85651953512,206.84172851562,19.6));
#4217 = CARTESIAN_POINT('',(247.90265625,206.84172851562,19.6));
#4218 = PCURVE('',#175,#4219);
#4219 = DEFINITIONAL_REPRESENTATION('',(#4220),#4226);
#4220 = B_SPLINE_CURVE_WITH_KNOTS('',4,(#4221,#4222,#4223,#4224,#4225),
  .UNSPECIFIED.,.F.,.F.,(5,5),(0.,1.),.PIECEWISE_BEZIER_KNOTS.);
#4221 = CARTESIAN_POINT('',(7.719049218592,206.8482042437));
#4222 = CARTESIAN_POINT('',(7.76467347097,206.84491183443));
#4223 = CARTESIAN_POINT('',(7.810512796608,206.84277133296));
#4224 = CARTESIAN_POINT('',(7.85651953512,206.84172851562));
#4225 = CARTESIAN_POINT('',(7.90265625,206.84172851562));
#4226 = ( GEOMETRIC_REPRESENTATION_CONTEXT(2) 
PARAMETRIC_REPRESENTATION_CONTEXT() REPRESENTATION_CONTEXT('2D SPACE',''
  ) );
#4227 = PCURVE('',#4228,#4235);
#4228 = SURFACE_OF_LINEAR_EXTRUSION('',#4229,#4233);
#4229 = B_SPLINE_CURVE_WITH_KNOTS('',2,(#4230,#4231,#4232),
  .UNSPECIFIED.,.F.,.F.,(3,3),(0.,1.),.PIECEWISE_BEZIER_KNOTS.);
#4230 = CARTESIAN_POINT('',(247.90265625,206.84172851562,18.2));
#4231 = CARTESIAN_POINT('',(246.88751953125,206.84172851562,18.2));
#4232 = CARTESIAN_POINT('',(246.35578125,207.59905273437,18.2));
#4233 = VECTOR('',#4234,1.);
#4234 = DIRECTION('',(-0.,0.,-1.));
#4235 = DEFINITIONAL_REPRESENTATION('',(#4236),#4242);
#4236 = B_SPLINE_CURVE_WITH_KNOTS('',4,(#4237,#4238,#4239,#4240,#4241),
  .UNSPECIFIED.,.F.,.F.,(5,5),(0.,1.),.PIECEWISE_BEZIER_KNOTS.);
#4237 = CARTESIAN_POINT('',(9.247053692178E-02,-1.4));
#4238 = CARTESIAN_POINT('',(6.896346180185E-02,-1.4));
#4239 = CARTESIAN_POINT('',(4.571260194287E-02,-1.4));
#4240 = CARTESIAN_POINT('',(2.2724384818E-02,-1.4));
#4241 = CARTESIAN_POINT('',(0.,-1.4));
#4242 = ( GEOMETRIC_REPRESENTATION_CONTEXT(2) 
PARAMETRIC_REPRESENTATION_CONTEXT() REPRESENTATION_CONTEXT('2D SPACE',''
  ) );
#4243 = ORIENTED_EDGE('',*,*,#4244,.F.);
#4244 = EDGE_CURVE('',#4245,#4209,#4247,.T.);
#4245 = VERTEX_POINT('',#4246);
#4246 = CARTESIAN_POINT('',(247.54265625,206.84172851562,19.6));
#4247 = SURFACE_CURVE('',#4248,(#4254,#4263),.PCURVE_S1.);
#4248 = B_SPLINE_CURVE_WITH_KNOTS('',4,(#4249,#4250,#4251,#4252,#4253),
  .UNSPECIFIED.,.F.,.F.,(5,5),(0.,1.),.PIECEWISE_BEZIER_KNOTS.);
#4249 = CARTESIAN_POINT('',(247.54265625,206.84172851562,19.6));
#4250 = CARTESIAN_POINT('',(247.58712846965,206.84172851562,19.6));
#4251 = CARTESIAN_POINT('',(247.63137728512,206.8427786455,19.6));
#4252 = CARTESIAN_POINT('',(247.6753659079,206.84492341212,19.6));
#4253 = CARTESIAN_POINT('',(247.71905116588,206.84820421845,19.6));
#4254 = PCURVE('',#175,#4255);
#4255 = DEFINITIONAL_REPRESENTATION('',(#4256),#4262);
#4256 = B_SPLINE_CURVE_WITH_KNOTS('',4,(#4257,#4258,#4259,#4260,#4261),
  .UNSPECIFIED.,.F.,.F.,(5,5),(0.,1.),.PIECEWISE_BEZIER_KNOTS.);
#4257 = CARTESIAN_POINT('',(7.54265625,206.84172851562));
#4258 = CARTESIAN_POINT('',(7.587128469651,206.84172851562));
#4259 = CARTESIAN_POINT('',(7.631377285128,206.8427786455));
#4260 = CARTESIAN_POINT('',(7.6753659079,206.84492341212));
#4261 = CARTESIAN_POINT('',(7.719051165887,206.84820421845));
#4262 = ( GEOMETRIC_REPRESENTATION_CONTEXT(2) 
PARAMETRIC_REPRESENTATION_CONTEXT() REPRESENTATION_CONTEXT('2D SPACE',''
  ) );
#4263 = PCURVE('',#4264,#4271);
#4264 = SURFACE_OF_LINEAR_EXTRUSION('',#4265,#4269);
#4265 = B_SPLINE_CURVE_WITH_KNOTS('',2,(#4266,#4267,#4268),
  .UNSPECIFIED.,.F.,.F.,(3,3),(0.,1.),.PIECEWISE_BEZIER_KNOTS.);
#4266 = CARTESIAN_POINT('',(248.681328125,207.21233398437,18.2));
#4267 = CARTESIAN_POINT('',(248.22478515625,206.84172851562,18.2));
#4268 = CARTESIAN_POINT('',(247.54265625,206.84172851562,18.2));
#4269 = VECTOR('',#4270,1.);
#4270 = DIRECTION('',(-0.,0.,-1.));
#4271 = DEFINITIONAL_REPRESENTATION('',(#4272),#4278);
#4272 = B_SPLINE_CURVE_WITH_KNOTS('',4,(#4273,#4274,#4275,#4276,#4277),
  .UNSPECIFIED.,.F.,.F.,(5,5),(0.,1.),.PIECEWISE_BEZIER_KNOTS.);
#4273 = CARTESIAN_POINT('',(1.,-1.4));
#4274 = CARTESIAN_POINT('',(0.96740189483,-1.4));
#4275 = CARTESIAN_POINT('',(0.934499004658,-1.4));
#4276 = CARTESIAN_POINT('',(0.901298437676,-1.4));
#4277 = CARTESIAN_POINT('',(0.867813366071,-1.4));
#4278 = ( GEOMETRIC_REPRESENTATION_CONTEXT(2) 
PARAMETRIC_REPRESENTATION_CONTEXT() REPRESENTATION_CONTEXT('2D SPACE',''
  ) );
#4279 = ORIENTED_EDGE('',*,*,#4280,.F.);
#4280 = EDGE_CURVE('',#4281,#4245,#4283,.T.);
#4281 = VERTEX_POINT('',#4282);
#4282 = CARTESIAN_POINT('',(245.99578125,207.59905273437,19.6));
#4283 = SURFACE_CURVE('',#4284,(#4307,#4333),.PCURVE_S1.);
#4284 = B_SPLINE_CURVE_WITH_KNOTS('',6,(#4285,#4286,#4287,#4288,#4289,
    #4290,#4291,#4292,#4293,#4294,#4295,#4296,#4297,#4298,#4299,#4300,
    #4301,#4302,#4303,#4304,#4305,#4306),.UNSPECIFIED.,.F.,.F.,(7,5,5,5,
    7),(0.,0.385592278837,0.645402519826,0.772212202479,1.),
  .UNSPECIFIED.);
#4285 = CARTESIAN_POINT('',(245.99578125,207.59905273437,19.6));
#4286 = CARTESIAN_POINT('',(246.06259291528,207.50389672623,19.6));
#4287 = CARTESIAN_POINT('',(246.13545332466,207.41382114493,19.6));
#4288 = CARTESIAN_POINT('',(246.21450253932,207.32975561278,19.6));
#4289 = CARTESIAN_POINT('',(246.29970717448,207.25259660813,19.6));
#4290 = CARTESIAN_POINT('',(246.39075999433,207.1830911363,19.6));
#4291 = CARTESIAN_POINT('',(246.5517539987,207.08030819017,19.6));
#4292 = CARTESIAN_POINT('',(246.61891069693,207.04259775622,19.6));
#4293 = CARTESIAN_POINT('',(246.68820893742,207.00868610653,19.6));
#4294 = CARTESIAN_POINT('',(246.75941571544,206.97861357417,19.6));
#4295 = CARTESIAN_POINT('',(246.83228025108,206.95234560551,19.6));
#4296 = CARTESIAN_POINT('',(246.94278968285,206.91878231835,19.6));
#4297 = CARTESIAN_POINT('',(246.9793713038,206.90865791574,19.6));
#4298 = CARTESIAN_POINT('',(247.01625927422,206.89940629625,19.6));
#4299 = CARTESIAN_POINT('',(247.05342612881,206.89101349629,19.6));
#4300 = CARTESIAN_POINT('',(247.09084558716,206.88346301768,19.6));
#4301 = CARTESIAN_POINT('',(247.19611767045,206.86465179925,19.6));
#4302 = CARTESIAN_POINT('',(247.26447652262,206.85522496019,19.6));
#4303 = CARTESIAN_POINT('',(247.33342661443,206.84834672473,19.6));
#4304 = CARTESIAN_POINT('',(247.40284173164,206.84389184251,19.6));
#4305 = CARTESIAN_POINT('',(247.47261405106,206.84172851562,19.6));
#4306 = CARTESIAN_POINT('',(247.54265625,206.84172851562,19.6));
#4307 = PCURVE('',#175,#4308);
#4308 = DEFINITIONAL_REPRESENTATION('',(#4309),#4332);
#4309 = B_SPLINE_CURVE_WITH_KNOTS('',6,(#4310,#4311,#4312,#4313,#4314,
    #4315,#4316,#4317,#4318,#4319,#4320,#4321,#4322,#4323,#4324,#4325,
    #4326,#4327,#4328,#4329,#4330,#4331),.UNSPECIFIED.,.F.,.F.,(7,5,5,5,
    7),(0.,0.385592278837,0.645402519826,0.772212202479,1.),
  .UNSPECIFIED.);
#4310 = CARTESIAN_POINT('',(5.99578125,207.59905273437));
#4311 = CARTESIAN_POINT('',(6.062592915287,207.50389672623));
#4312 = CARTESIAN_POINT('',(6.135453324668,207.41382114493));
#4313 = CARTESIAN_POINT('',(6.214502539329,207.32975561278));
#4314 = CARTESIAN_POINT('',(6.299707174488,207.25259660813));
#4315 = CARTESIAN_POINT('',(6.390759994338,207.1830911363));
#4316 = CARTESIAN_POINT('',(6.551753998707,207.08030819017));
#4317 = CARTESIAN_POINT('',(6.618910696935,207.04259775622));
#4318 = CARTESIAN_POINT('',(6.688208937421,207.00868610653));
#4319 = CARTESIAN_POINT('',(6.759415715443,206.97861357417));
#4320 = CARTESIAN_POINT('',(6.832280251088,206.95234560551));
#4321 = CARTESIAN_POINT('',(6.942789682859,206.91878231835));
#4322 = CARTESIAN_POINT('',(6.979371303809,206.90865791574));
#4323 = CARTESIAN_POINT('',(7.016259274222,206.89940629625));
#4324 = CARTESIAN_POINT('',(7.053426128812,206.89101349629));
#4325 = CARTESIAN_POINT('',(7.09084558716,206.88346301768));
#4326 = CARTESIAN_POINT('',(7.196117670458,206.86465179925));
#4327 = CARTESIAN_POINT('',(7.264476522626,206.85522496019));
#4328 = CARTESIAN_POINT('',(7.333426614434,206.84834672473));
#4329 = CARTESIAN_POINT('',(7.402841731647,206.84389184251));
#4330 = CARTESIAN_POINT('',(7.472614051062,206.84172851562));
#4331 = CARTESIAN_POINT('',(7.54265625,206.84172851562));
#4332 = ( GEOMETRIC_REPRESENTATION_CONTEXT(2) 
PARAMETRIC_REPRESENTATION_CONTEXT() REPRESENTATION_CONTEXT('2D SPACE',''
  ) );
#4333 = PCURVE('',#4334,#4341);
#4334 = SURFACE_OF_LINEAR_EXTRUSION('',#4335,#4339);
#4335 = B_SPLINE_CURVE_WITH_KNOTS('',2,(#4336,#4337,#4338),
  .UNSPECIFIED.,.F.,.F.,(3,3),(0.,1.),.PIECEWISE_BEZIER_KNOTS.);
#4336 = CARTESIAN_POINT('',(247.54265625,206.84172851562,18.2));
#4337 = CARTESIAN_POINT('',(246.52751953125,206.84172851562,18.2));
#4338 = CARTESIAN_POINT('',(245.99578125,207.59905273437,18.2));
#4339 = VECTOR('',#4340,1.);
#4340 = DIRECTION('',(-0.,0.,-1.));
#4341 = DEFINITIONAL_REPRESENTATION('',(#4342),#4365);
#4342 = B_SPLINE_CURVE_WITH_KNOTS('',6,(#4343,#4344,#4345,#4346,#4347,
    #4348,#4349,#4350,#4351,#4352,#4353,#4354,#4355,#4356,#4357,#4358,
    #4359,#4360,#4361,#4362,#4363,#4364),.UNSPECIFIED.,.F.,.F.,(7,5,5,5,
    7),(0.,0.385592278837,0.645402519826,0.772212202479,1.),
  .UNSPECIFIED.);
#4343 = CARTESIAN_POINT('',(1.,-1.4));
#4344 = CARTESIAN_POINT('',(0.937176175157,-1.4));
#4345 = CARTESIAN_POINT('',(0.872970310633,-1.4));
#4346 = CARTESIAN_POINT('',(0.807605684113,-1.4));
#4347 = CARTESIAN_POINT('',(0.741380583014,-1.4));
#4348 = CARTESIAN_POINT('',(0.674681185716,-1.4));
#4349 = CARTESIAN_POINT('',(0.563070534653,-1.4));
#4350 = CARTESIAN_POINT('',(0.51813708564,-1.4));
#4351 = CARTESIAN_POINT('',(0.473343131952,-1.4));
#4352 = CARTESIAN_POINT('',(0.428816119103,-1.4));
#4353 = CARTESIAN_POINT('',(0.384668704031,-1.4));
#4354 = CARTESIAN_POINT('',(0.319685926779,-1.4));
#4355 = CARTESIAN_POINT('',(0.298484838884,-1.4));
#4356 = CARTESIAN_POINT('',(0.277407254625,-1.4));
#4357 = CARTESIAN_POINT('',(0.256462311859,-1.4));
#4358 = CARTESIAN_POINT('',(0.235657767997,-1.4));
#4359 = CARTESIAN_POINT('',(0.177892522279,-1.4));
#4360 = CARTESIAN_POINT('',(0.141259041237,-1.4));
#4361 = CARTESIAN_POINT('',(0.105135604109,-1.4));
#4362 = CARTESIAN_POINT('',(6.954499955332E-02,-1.4));
#4363 = CARTESIAN_POINT('',(3.449889933271E-02,-1.4));
#4364 = CARTESIAN_POINT('',(0.,-1.4));
#4365 = ( GEOMETRIC_REPRESENTATION_CONTEXT(2) 
PARAMETRIC_REPRESENTATION_CONTEXT() REPRESENTATION_CONTEXT('2D SPACE',''
  ) );
#4366 = ORIENTED_EDGE('',*,*,#4367,.F.);
#4367 = EDGE_CURVE('',#4368,#4281,#4370,.T.);
#4368 = VERTEX_POINT('',#4369);
#4369 = CARTESIAN_POINT('',(245.46404296875,209.82268554687,19.6));
#4370 = SURFACE_CURVE('',#4371,(#4394,#4420),.PCURVE_S1.);
#4371 = B_SPLINE_CURVE_WITH_KNOTS('',5,(#4372,#4373,#4374,#4375,#4376,
    #4377,#4378,#4379,#4380,#4381,#4382,#4383,#4384,#4385,#4386,#4387,
    #4388,#4389,#4390,#4391,#4392,#4393),.UNSPECIFIED.,.F.,.F.,(6,4,4,4,
    4,6),(0.,0.26797852524,0.510397478844,0.730554810022,0.931988099905,
    1.),.UNSPECIFIED.);
#4372 = CARTESIAN_POINT('',(245.46404296875,209.82268554687,19.6));
#4373 = CARTESIAN_POINT('',(245.46404296875,209.69432492027,19.6));
#4374 = CARTESIAN_POINT('',(245.4665896878,209.56632071299,19.6));
#4375 = CARTESIAN_POINT('',(245.47192468975,209.4387706286,19.6));
#4376 = CARTESIAN_POINT('',(245.4803349949,209.31182467896,19.6));
#4377 = CARTESIAN_POINT('',(245.50287985619,209.07158378553,19.6));
#4378 = CARTESIAN_POINT('',(245.51639154023,208.95814711105,19.6));
#4379 = CARTESIAN_POINT('',(245.53296681212,208.8455285813,19.6));
#4380 = CARTESIAN_POINT('',(245.55290777303,208.73394949947,19.6));
#4381 = CARTESIAN_POINT('',(245.598037904,208.52358006156,19.6));
#4382 = CARTESIAN_POINT('',(245.62257595773,208.42456169072,19.6));
#4383 = CARTESIAN_POINT('',(245.65042998592,208.32686588303,19.6));
#4384 = CARTESIAN_POINT('',(245.68188115642,208.23079613494,19.6));
#4385 = CARTESIAN_POINT('',(245.74952185618,208.05065858407,19.6));
#4386 = CARTESIAN_POINT('',(245.78507979601,207.9662680973,19.6));
#4387 = CARTESIAN_POINT('',(245.82408391842,207.88384552793,19.6));
#4388 = CARTESIAN_POINT('',(245.86672782504,207.80375423821,19.6));
#4389 = CARTESIAN_POINT('',(245.92879505952,207.70026996202,19.6));
#4390 = CARTESIAN_POINT('',(245.94488986687,207.6744601354,19.6));
#4391 = CARTESIAN_POINT('',(245.96141725524,207.64897684613,19.6));
#4392 = CARTESIAN_POINT('',(245.97838040959,207.62383574949,19.6));
#4393 = CARTESIAN_POINT('',(245.99578125,207.59905273437,19.6));
#4394 = PCURVE('',#175,#4395);
#4395 = DEFINITIONAL_REPRESENTATION('',(#4396),#4419);
#4396 = B_SPLINE_CURVE_WITH_KNOTS('',5,(#4397,#4398,#4399,#4400,#4401,
    #4402,#4403,#4404,#4405,#4406,#4407,#4408,#4409,#4410,#4411,#4412,
    #4413,#4414,#4415,#4416,#4417,#4418),.UNSPECIFIED.,.F.,.F.,(6,4,4,4,
    4,6),(0.,0.26797852524,0.510397478844,0.730554810022,0.931988099905,
    1.),.UNSPECIFIED.);
#4397 = CARTESIAN_POINT('',(5.46404296875,209.82268554687));
#4398 = CARTESIAN_POINT('',(5.46404296875,209.69432492027));
#4399 = CARTESIAN_POINT('',(5.466589687801,209.56632071299));
#4400 = CARTESIAN_POINT('',(5.47192468975,209.4387706286));
#4401 = CARTESIAN_POINT('',(5.480334994904,209.31182467896));
#4402 = CARTESIAN_POINT('',(5.502879856194,209.07158378553));
#4403 = CARTESIAN_POINT('',(5.516391540233,208.95814711105));
#4404 = CARTESIAN_POINT('',(5.532966812129,208.8455285813));
#4405 = CARTESIAN_POINT('',(5.552907773033,208.73394949947));
#4406 = CARTESIAN_POINT('',(5.598037904005,208.52358006156));
#4407 = CARTESIAN_POINT('',(5.62257595773,208.42456169072));
#4408 = CARTESIAN_POINT('',(5.650429985924,208.32686588303));
#4409 = CARTESIAN_POINT('',(5.681881156425,208.23079613494));
#4410 = CARTESIAN_POINT('',(5.749521856184,208.05065858407));
#4411 = CARTESIAN_POINT('',(5.785079796015,207.9662680973));
#4412 = CARTESIAN_POINT('',(5.824083918429,207.88384552793));
#4413 = CARTESIAN_POINT('',(5.866727825045,207.80375423821));
#4414 = CARTESIAN_POINT('',(5.92879505952,207.70026996202));
#4415 = CARTESIAN_POINT('',(5.944889866878,207.6744601354));
#4416 = CARTESIAN_POINT('',(5.961417255246,207.64897684613));
#4417 = CARTESIAN_POINT('',(5.978380409597,207.62383574949));
#4418 = CARTESIAN_POINT('',(5.99578125,207.59905273437));
#4419 = ( GEOMETRIC_REPRESENTATION_CONTEXT(2) 
PARAMETRIC_REPRESENTATION_CONTEXT() REPRESENTATION_CONTEXT('2D SPACE',''
  ) );
#4420 = PCURVE('',#4421,#4428);
#4421 = SURFACE_OF_LINEAR_EXTRUSION('',#4422,#4426);
#4422 = B_SPLINE_CURVE_WITH_KNOTS('',2,(#4423,#4424,#4425),
  .UNSPECIFIED.,.F.,.F.,(3,3),(0.,1.),.PIECEWISE_BEZIER_KNOTS.);
#4423 = CARTESIAN_POINT('',(245.99578125,207.59905273437,18.2));
#4424 = CARTESIAN_POINT('',(245.46404296875,208.35637695312,18.2));
#4425 = CARTESIAN_POINT('',(245.46404296875,209.82268554687,18.2));
#4426 = VECTOR('',#4427,1.);
#4427 = DIRECTION('',(-0.,0.,-1.));
#4428 = DEFINITIONAL_REPRESENTATION('',(#4429),#4452);
#4429 = B_SPLINE_CURVE_WITH_KNOTS('',5,(#4430,#4431,#4432,#4433,#4434,
    #4435,#4436,#4437,#4438,#4439,#4440,#4441,#4442,#4443,#4444,#4445,
    #4446,#4447,#4448,#4449,#4450,#4451),.UNSPECIFIED.,.F.,.F.,(6,4,4,4,
    4,6),(0.,0.26797852524,0.510397478844,0.730554810022,0.931988099905,
    1.),.UNSPECIFIED.);
#4430 = CARTESIAN_POINT('',(1.,-1.4));
#4431 = CARTESIAN_POINT('',(0.956230009443,-1.4));
#4432 = CARTESIAN_POINT('',(0.911423672893,-1.4));
#4433 = CARTESIAN_POINT('',(0.86550447795,-1.4));
#4434 = CARTESIAN_POINT('',(0.81839308188,-1.4));
#4435 = CARTESIAN_POINT('',(0.726222610523,-1.4));
#4436 = CARTESIAN_POINT('',(0.681398398976,-1.4));
#4437 = CARTESIAN_POINT('',(0.635460288522,-1.4));
#4438 = CARTESIAN_POINT('',(0.588346389616,-1.4));
#4439 = CARTESIAN_POINT('',(0.496093317162,-1.4));
#4440 = CARTESIAN_POINT('',(0.45117242658,-1.4));
#4441 = CARTESIAN_POINT('',(0.405194890703,-1.4));
#4442 = CARTESIAN_POINT('',(0.358136364729,-1.4));
#4443 = CARTESIAN_POINT('',(0.265957558813,-1.4));
#4444 = CARTESIAN_POINT('',(0.221014402315,-1.4));
#4445 = CARTESIAN_POINT('',(0.17517546142,-1.4));
#4446 = CARTESIAN_POINT('',(0.12847661765,-1.4));
#4447 = CARTESIAN_POINT('',(6.497000327842E-02,-1.4));
#4448 = CARTESIAN_POINT('',(4.885144202863E-02,-1.4));
#4449 = CARTESIAN_POINT('',(3.264755176349E-02,-1.4));
#4450 = CARTESIAN_POINT('',(1.636222274813E-02,-1.4));
#4451 = CARTESIAN_POINT('',(0.,-1.4));
#4452 = ( GEOMETRIC_REPRESENTATION_CONTEXT(2) 
PARAMETRIC_REPRESENTATION_CONTEXT() REPRESENTATION_CONTEXT('2D SPACE',''
  ) );
#4453 = ORIENTED_EDGE('',*,*,#4454,.F.);
#4454 = EDGE_CURVE('',#4455,#4368,#4457,.T.);
#4455 = VERTEX_POINT('',#4456);
#4456 = CARTESIAN_POINT('',(245.46611790797,210.00225903676,19.6));
#4457 = SURFACE_CURVE('',#4458,(#4464,#4473),.PCURVE_S1.);
#4458 = B_SPLINE_CURVE_WITH_KNOTS('',4,(#4459,#4460,#4461,#4462,#4463),
  .UNSPECIFIED.,.F.,.F.,(5,5),(0.,1.),.PIECEWISE_BEZIER_KNOTS.);
#4459 = CARTESIAN_POINT('',(245.46611794773,210.00226073096,19.6));
#4460 = CARTESIAN_POINT('',(245.46506633901,209.95744992877,19.6));
#4461 = CARTESIAN_POINT('',(245.46437963431,209.91257926415,19.6));
#4462 = CARTESIAN_POINT('',(245.46404296875,209.86765585685,19.6));
#4463 = CARTESIAN_POINT('',(245.46404296875,209.82268554687,19.6));
#4464 = PCURVE('',#175,#4465);
#4465 = DEFINITIONAL_REPRESENTATION('',(#4466),#4472);
#4466 = B_SPLINE_CURVE_WITH_KNOTS('',4,(#4467,#4468,#4469,#4470,#4471),
  .UNSPECIFIED.,.F.,.F.,(5,5),(0.,1.),.PIECEWISE_BEZIER_KNOTS.);
#4467 = CARTESIAN_POINT('',(5.46611794773,210.00226073096));
#4468 = CARTESIAN_POINT('',(5.465066339011,209.95744992877));
#4469 = CARTESIAN_POINT('',(5.464379634315,209.91257926415));
#4470 = CARTESIAN_POINT('',(5.46404296875,209.86765585685));
#4471 = CARTESIAN_POINT('',(5.46404296875,209.82268554687));
#4472 = ( GEOMETRIC_REPRESENTATION_CONTEXT(2) 
PARAMETRIC_REPRESENTATION_CONTEXT() REPRESENTATION_CONTEXT('2D SPACE',''
  ) );
#4473 = PCURVE('',#4474,#4481);
#4474 = SURFACE_OF_LINEAR_EXTRUSION('',#4475,#4479);
#4475 = B_SPLINE_CURVE_WITH_KNOTS('',2,(#4476,#4477,#4478),
  .UNSPECIFIED.,.F.,.F.,(3,3),(0.,1.),.PIECEWISE_BEZIER_KNOTS.);
#4476 = CARTESIAN_POINT('',(245.46404296875,209.82268554687,18.2));
#4477 = CARTESIAN_POINT('',(245.46404296875,211.27825195312,18.2));
#4478 = CARTESIAN_POINT('',(245.99309570312,212.03557617187,18.2));
#4479 = VECTOR('',#4480,1.);
#4480 = DIRECTION('',(-0.,0.,-1.));
#4481 = DEFINITIONAL_REPRESENTATION('',(#4482),#4488);
#4482 = B_SPLINE_CURVE_WITH_KNOTS('',4,(#4483,#4484,#4485,#4486,#4487),
  .UNSPECIFIED.,.F.,.F.,(5,5),(0.,1.),.PIECEWISE_BEZIER_KNOTS.);
#4483 = CARTESIAN_POINT('',(6.26263886859E-02,-1.4));
#4484 = CARTESIAN_POINT('',(4.675672036191E-02,-1.4));
#4485 = CARTESIAN_POINT('',(3.103192237815E-02,-1.4));
#4486 = CARTESIAN_POINT('',(1.544770124616E-02,-1.4));
#4487 = CARTESIAN_POINT('',(0.,-1.4));
#4488 = ( GEOMETRIC_REPRESENTATION_CONTEXT(2) 
PARAMETRIC_REPRESENTATION_CONTEXT() REPRESENTATION_CONTEXT('2D SPACE',''
  ) );
#4489 = ORIENTED_EDGE('',*,*,#4490,.F.);
#4490 = EDGE_CURVE('',#4491,#4455,#4493,.T.);
#4491 = VERTEX_POINT('',#4492);
#4492 = CARTESIAN_POINT('',(245.46404296875,210.18268554687,19.6));
#4493 = SURFACE_CURVE('',#4494,(#4500,#4509),.PCURVE_S1.);
#4494 = B_SPLINE_CURVE_WITH_KNOTS('',4,(#4495,#4496,#4497,#4498,#4499),
  .UNSPECIFIED.,.F.,.F.,(5,5),(0.,1.),.PIECEWISE_BEZIER_KNOTS.);
#4495 = CARTESIAN_POINT('',(245.46404296875,210.18268554687,19.6));
#4496 = CARTESIAN_POINT('',(245.46404296875,210.13750220084,19.6));
#4497 = CARTESIAN_POINT('',(245.46437957031,210.09236561012,19.6));
#4498 = CARTESIAN_POINT('',(245.46506623544,210.04728161128,19.6));
#4499 = CARTESIAN_POINT('',(245.46611794783,210.00225733033,19.6));
#4500 = PCURVE('',#175,#4501);
#4501 = DEFINITIONAL_REPRESENTATION('',(#4502),#4508);
#4502 = B_SPLINE_CURVE_WITH_KNOTS('',4,(#4503,#4504,#4505,#4506,#4507),
  .UNSPECIFIED.,.F.,.F.,(5,5),(0.,1.),.PIECEWISE_BEZIER_KNOTS.);
#4503 = CARTESIAN_POINT('',(5.46404296875,210.18268554687));
#4504 = CARTESIAN_POINT('',(5.46404296875,210.13750220084));
#4505 = CARTESIAN_POINT('',(5.464379570313,210.09236561012));
#4506 = CARTESIAN_POINT('',(5.465066235443,210.04728161128));
#4507 = CARTESIAN_POINT('',(5.466117947831,210.00225733033));
#4508 = ( GEOMETRIC_REPRESENTATION_CONTEXT(2) 
PARAMETRIC_REPRESENTATION_CONTEXT() REPRESENTATION_CONTEXT('2D SPACE',''
  ) );
#4509 = PCURVE('',#4510,#4517);
#4510 = SURFACE_OF_LINEAR_EXTRUSION('',#4511,#4515);
#4511 = B_SPLINE_CURVE_WITH_KNOTS('',2,(#4512,#4513,#4514),
  .UNSPECIFIED.,.F.,.F.,(3,3),(0.,1.),.PIECEWISE_BEZIER_KNOTS.);
#4512 = CARTESIAN_POINT('',(245.99578125,207.95905273437,18.2));
#4513 = CARTESIAN_POINT('',(245.46404296875,208.71637695312,18.2));
#4514 = CARTESIAN_POINT('',(245.46404296875,210.18268554687,18.2));
#4515 = VECTOR('',#4516,1.);
#4516 = DIRECTION('',(-0.,0.,-1.));
#4517 = DEFINITIONAL_REPRESENTATION('',(#4518),#4524);
#4518 = B_SPLINE_CURVE_WITH_KNOTS('',4,(#4519,#4520,#4521,#4522,#4523),
  .UNSPECIFIED.,.F.,.F.,(5,5),(0.,1.),.PIECEWISE_BEZIER_KNOTS.);
#4519 = CARTESIAN_POINT('',(1.,-1.4));
#4520 = CARTESIAN_POINT('',(0.984592825062,-1.4));
#4521 = CARTESIAN_POINT('',(0.969048555257,-1.4));
#4522 = CARTESIAN_POINT('',(0.953363060216,-1.4));
#4523 = CARTESIAN_POINT('',(0.93753195743,-1.4));
#4524 = ( GEOMETRIC_REPRESENTATION_CONTEXT(2) 
PARAMETRIC_REPRESENTATION_CONTEXT() REPRESENTATION_CONTEXT('2D SPACE',''
  ) );
#4525 = ORIENTED_EDGE('',*,*,#4526,.F.);
#4526 = EDGE_CURVE('',#4527,#4491,#4529,.T.);
#4527 = VERTEX_POINT('',#4528);
#4528 = CARTESIAN_POINT('',(245.99309570312,212.39557617187,19.6));
#4529 = SURFACE_CURVE('',#4530,(#4553,#4579),.PCURVE_S1.);
#4530 = B_SPLINE_CURVE_WITH_KNOTS('',6,(#4531,#4532,#4533,#4534,#4535,
    #4536,#4537,#4538,#4539,#4540,#4541,#4542,#4543,#4544,#4545,#4546,
    #4547,#4548,#4549,#4550,#4551,#4552),.UNSPECIFIED.,.F.,.F.,(7,5,5,5,
    7),(0.,0.371912261404,0.647692971471,0.956361850045,1.),
  .UNSPECIFIED.);
#4531 = CARTESIAN_POINT('',(245.99309570312,212.39557617187,19.6));
#4532 = CARTESIAN_POINT('',(245.91442286417,212.28295819936,19.6));
#4533 = CARTESIAN_POINT('',(245.84436824278,212.16336414695,19.6));
#4534 = CARTESIAN_POINT('',(245.78276229256,212.03802616328,19.6));
#4535 = CARTESIAN_POINT('',(245.72903831966,211.90814332168,19.6));
#4536 = CARTESIAN_POINT('',(245.68254531397,211.77468751982,19.6));
#4537 = CARTESIAN_POINT('',(245.61303289933,211.53726050898,19.6));
#4538 = CARTESIAN_POINT('',(245.58705424714,211.43459029938,19.6));
#4539 = CARTESIAN_POINT('',(245.56442751225,211.3306263483,19.6));
#4540 = CARTESIAN_POINT('',(245.54489996086,211.22560383738,19.6));
#4541 = CARTESIAN_POINT('',(245.52823784086,211.11970880295,19.6));
#4542 = CARTESIAN_POINT('',(245.49855383432,210.8937275863,19.6));
#4543 = CARTESIAN_POINT('',(245.48620417653,210.77346522084,19.6));
#4544 = CARTESIAN_POINT('',(245.47688683488,210.65248303589,19.6));
#4545 = CARTESIAN_POINT('',(245.47034562394,210.53093602882,19.6));
#4546 = CARTESIAN_POINT('',(245.46635782533,210.4089417203,19.6));
#4547 = CARTESIAN_POINT('',(245.46449829188,210.26928268226,19.6));
#4548 = CARTESIAN_POINT('',(245.46431510643,210.25197672799,19.6));
#4549 = CARTESIAN_POINT('',(245.46417851493,210.2346637972,19.6));
#4550 = CARTESIAN_POINT('',(245.4640879784,210.21734413458,19.6));
#4551 = CARTESIAN_POINT('',(245.46404296875,210.20001797565,19.6));
#4552 = CARTESIAN_POINT('',(245.46404296875,210.18268554687,19.6));
#4553 = PCURVE('',#175,#4554);
#4554 = DEFINITIONAL_REPRESENTATION('',(#4555),#4578);
#4555 = B_SPLINE_CURVE_WITH_KNOTS('',6,(#4556,#4557,#4558,#4559,#4560,
    #4561,#4562,#4563,#4564,#4565,#4566,#4567,#4568,#4569,#4570,#4571,
    #4572,#4573,#4574,#4575,#4576,#4577),.UNSPECIFIED.,.F.,.F.,(7,5,5,5,
    7),(0.,0.371912261404,0.647692971471,0.956361850045,1.),
  .UNSPECIFIED.);
#4556 = CARTESIAN_POINT('',(5.993095703125,212.39557617187));
#4557 = CARTESIAN_POINT('',(5.914422864173,212.28295819936));
#4558 = CARTESIAN_POINT('',(5.844368242785,212.16336414695));
#4559 = CARTESIAN_POINT('',(5.782762292568,212.03802616328));
#4560 = CARTESIAN_POINT('',(5.729038319661,211.90814332168));
#4561 = CARTESIAN_POINT('',(5.682545313973,211.77468751982));
#4562 = CARTESIAN_POINT('',(5.61303289933,211.53726050898));
#4563 = CARTESIAN_POINT('',(5.587054247145,211.43459029938));
#4564 = CARTESIAN_POINT('',(5.564427512255,211.3306263483));
#4565 = CARTESIAN_POINT('',(5.544899960862,211.22560383738));
#4566 = CARTESIAN_POINT('',(5.528237840866,211.11970880295));
#4567 = CARTESIAN_POINT('',(5.498553834326,210.8937275863));
#4568 = CARTESIAN_POINT('',(5.486204176532,210.77346522084));
#4569 = CARTESIAN_POINT('',(5.476886834883,210.65248303589));
#4570 = CARTESIAN_POINT('',(5.470345623947,210.53093602882));
#4571 = CARTESIAN_POINT('',(5.466357825335,210.4089417203));
#4572 = CARTESIAN_POINT('',(5.464498291884,210.26928268226));
#4573 = CARTESIAN_POINT('',(5.464315106439,210.25197672799));
#4574 = CARTESIAN_POINT('',(5.464178514932,210.2346637972));
#4575 = CARTESIAN_POINT('',(5.464087978401,210.21734413458));
#4576 = CARTESIAN_POINT('',(5.46404296875,210.20001797565));
#4577 = CARTESIAN_POINT('',(5.46404296875,210.18268554687));
#4578 = ( GEOMETRIC_REPRESENTATION_CONTEXT(2) 
PARAMETRIC_REPRESENTATION_CONTEXT() REPRESENTATION_CONTEXT('2D SPACE',''
  ) );
#4579 = PCURVE('',#4580,#4587);
#4580 = SURFACE_OF_LINEAR_EXTRUSION('',#4581,#4585);
#4581 = B_SPLINE_CURVE_WITH_KNOTS('',2,(#4582,#4583,#4584),
  .UNSPECIFIED.,.F.,.F.,(3,3),(0.,1.),.PIECEWISE_BEZIER_KNOTS.);
#4582 = CARTESIAN_POINT('',(245.46404296875,210.18268554687,18.2));
#4583 = CARTESIAN_POINT('',(245.46404296875,211.63825195312,18.2));
#4584 = CARTESIAN_POINT('',(245.99309570312,212.39557617187,18.2));
#4585 = VECTOR('',#4586,1.);
#4586 = DIRECTION('',(-0.,0.,-1.));
#4587 = DEFINITIONAL_REPRESENTATION('',(#4588),#4611);
#4588 = B_SPLINE_CURVE_WITH_KNOTS('',6,(#4589,#4590,#4591,#4592,#4593,
    #4594,#4595,#4596,#4597,#4598,#4599,#4600,#4601,#4602,#4603,#4604,
    #4605,#4606,#4607,#4608,#4609,#4610),.UNSPECIFIED.,.F.,.F.,(7,5,5,5,
    7),(0.,0.371912261404,0.647692971471,0.956361850045,1.),
  .UNSPECIFIED.);
#4589 = CARTESIAN_POINT('',(1.,-1.4));
#4590 = CARTESIAN_POINT('',(0.925647450774,-1.4));
#4591 = CARTESIAN_POINT('',(0.852805728319,-1.4));
#4592 = CARTESIAN_POINT('',(0.78182122076,-1.4));
#4593 = CARTESIAN_POINT('',(0.712848902991,-1.4));
#4594 = CARTESIAN_POINT('',(0.64592748727,-1.4));
#4595 = CARTESIAN_POINT('',(0.53285491203,-1.4));
#4596 = CARTESIAN_POINT('',(0.485809048975,-1.4));
#4597 = CARTESIAN_POINT('',(0.439838406104,-1.4));
#4598 = CARTESIAN_POINT('',(0.394909190505,-1.4));
#4599 = CARTESIAN_POINT('',(0.350979332991,-1.4));
#4600 = CARTESIAN_POINT('',(0.259895176016,-1.4));
#4601 = CARTESIAN_POINT('',(0.212985119003,-1.4));
#4602 = CARTESIAN_POINT('',(0.167202534467,-1.4));
#4603 = CARTESIAN_POINT('',(0.122484520647,-1.4));
#4604 = CARTESIAN_POINT('',(7.877047488697E-02,-1.4));
#4605 = CARTESIAN_POINT('',(2.995331202352E-02,-1.4));
#4606 = CARTESIAN_POINT('',(2.392551357002E-02,-1.4));
#4607 = CARTESIAN_POINT('',(1.791644254374E-02,-1.4));
#4608 = CARTESIAN_POINT('',(1.192593864423E-02,-1.4));
#4609 = CARTESIAN_POINT('',(5.953843366293E-03,-1.4));
#4610 = CARTESIAN_POINT('',(0.,-1.4));
#4611 = ( GEOMETRIC_REPRESENTATION_CONTEXT(2) 
PARAMETRIC_REPRESENTATION_CONTEXT() REPRESENTATION_CONTEXT('2D SPACE',''
  ) );
#4612 = ORIENTED_EDGE('',*,*,#4613,.F.);
#4613 = EDGE_CURVE('',#4614,#4527,#4616,.T.);
#4614 = VERTEX_POINT('',#4615);
#4615 = CARTESIAN_POINT('',(247.54265625,213.15290039062,19.6));
#4616 = SURFACE_CURVE('',#4617,(#4640,#4666),.PCURVE_S1.);
#4617 = B_SPLINE_CURVE_WITH_KNOTS('',6,(#4618,#4619,#4620,#4621,#4622,
    #4623,#4624,#4625,#4626,#4627,#4628,#4629,#4630,#4631,#4632,#4633,
    #4634,#4635,#4636,#4637,#4638,#4639),.UNSPECIFIED.,.F.,.F.,(7,5,5,5,
    7),(0.,0.232435362792,0.360276914493,0.621865020117,1.),
  .UNSPECIFIED.);
#4618 = CARTESIAN_POINT('',(247.54265625,213.15290039062,19.6));
#4619 = CARTESIAN_POINT('',(247.4710227556,213.15290039062,19.6));
#4620 = CARTESIAN_POINT('',(247.39967091138,213.15066139583,19.6));
#4621 = CARTESIAN_POINT('',(247.32869271104,213.14604662249,19.6));
#4622 = CARTESIAN_POINT('',(247.25820272738,213.13891474973,19.6));
#4623 = CARTESIAN_POINT('',(247.18833576368,213.12913102406,19.6));
#4624 = CARTESIAN_POINT('',(247.08124368805,213.10967428707,19.6));
#4625 = CARTESIAN_POINT('',(247.04347767625,213.10193281711,19.6));
#4626 = CARTESIAN_POINT('',(247.0059724359,213.09333416842,19.6));
#4627 = CARTESIAN_POINT('',(246.96875519148,213.0838611735,19.6));
#4628 = CARTESIAN_POINT('',(246.93185442578,213.07349928274,19.6));
#4629 = CARTESIAN_POINT('',(246.82050233333,213.03919090283,19.6));
#4630 = CARTESIAN_POINT('',(246.74714601661,213.01237178077,19.6));
#4631 = CARTESIAN_POINT('',(246.67549950219,212.98168445713,19.6));
#4632 = CARTESIAN_POINT('',(246.60582247513,212.94709280933,19.6));
#4633 = CARTESIAN_POINT('',(246.5383559083,212.90863871573,19.6));
#4634 = CARTESIAN_POINT('',(246.37928928083,212.80549267171,19.6));
#4635 = CARTESIAN_POINT('',(246.29029176858,212.73671986982,19.6));
#4636 = CARTESIAN_POINT('',(246.20699948038,212.66057116425,19.6));
#4637 = CARTESIAN_POINT('',(246.1297073907,212.57775665275,19.6));
#4638 = CARTESIAN_POINT('',(246.05845005643,212.48912910403,19.6));
#4639 = CARTESIAN_POINT('',(245.99309570312,212.39557617187,19.6));
#4640 = PCURVE('',#175,#4641);
#4641 = DEFINITIONAL_REPRESENTATION('',(#4642),#4665);
#4642 = B_SPLINE_CURVE_WITH_KNOTS('',6,(#4643,#4644,#4645,#4646,#4647,
    #4648,#4649,#4650,#4651,#4652,#4653,#4654,#4655,#4656,#4657,#4658,
    #4659,#4660,#4661,#4662,#4663,#4664),.UNSPECIFIED.,.F.,.F.,(7,5,5,5,
    7),(0.,0.232435362792,0.360276914493,0.621865020117,1.),
  .UNSPECIFIED.);
#4643 = CARTESIAN_POINT('',(7.54265625,213.15290039062));
#4644 = CARTESIAN_POINT('',(7.471022755601,213.15290039062));
#4645 = CARTESIAN_POINT('',(7.399670911384,213.15066139583));
#4646 = CARTESIAN_POINT('',(7.328692711048,213.14604662249));
#4647 = CARTESIAN_POINT('',(7.258202727386,213.13891474973));
#4648 = CARTESIAN_POINT('',(7.188335763686,213.12913102406));
#4649 = CARTESIAN_POINT('',(7.081243688052,213.10967428707));
#4650 = CARTESIAN_POINT('',(7.043477676254,213.10193281711));
#4651 = CARTESIAN_POINT('',(7.005972435906,213.09333416842));
#4652 = CARTESIAN_POINT('',(6.968755191486,213.0838611735));
#4653 = CARTESIAN_POINT('',(6.931854425781,213.07349928274));
#4654 = CARTESIAN_POINT('',(6.820502333339,213.03919090283));
#4655 = CARTESIAN_POINT('',(6.747146016614,213.01237178077));
#4656 = CARTESIAN_POINT('',(6.675499502192,212.98168445713));
#4657 = CARTESIAN_POINT('',(6.605822475137,212.94709280933));
#4658 = CARTESIAN_POINT('',(6.538355908303,212.90863871573));
#4659 = CARTESIAN_POINT('',(6.379289280835,212.80549267171));
#4660 = CARTESIAN_POINT('',(6.290291768584,212.73671986982));
#4661 = CARTESIAN_POINT('',(6.206999480383,212.66057116425));
#4662 = CARTESIAN_POINT('',(6.129707390706,212.57775665275));
#4663 = CARTESIAN_POINT('',(6.058450056439,212.48912910403));
#4664 = CARTESIAN_POINT('',(5.993095703125,212.39557617187));
#4665 = ( GEOMETRIC_REPRESENTATION_CONTEXT(2) 
PARAMETRIC_REPRESENTATION_CONTEXT() REPRESENTATION_CONTEXT('2D SPACE',''
  ) );
#4666 = PCURVE('',#4667,#4674);
#4667 = SURFACE_OF_LINEAR_EXTRUSION('',#4668,#4672);
#4668 = B_SPLINE_CURVE_WITH_KNOTS('',2,(#4669,#4670,#4671),
  .UNSPECIFIED.,.F.,.F.,(3,3),(0.,1.),.PIECEWISE_BEZIER_KNOTS.);
#4669 = CARTESIAN_POINT('',(245.99309570312,212.39557617187,18.2));
#4670 = CARTESIAN_POINT('',(246.5221484375,213.15290039062,18.2));
#4671 = CARTESIAN_POINT('',(247.54265625,213.15290039062,18.2));
#4672 = VECTOR('',#4673,1.);
#4673 = DIRECTION('',(-0.,0.,-1.));
#4674 = DEFINITIONAL_REPRESENTATION('',(#4675),#4698);
#4675 = B_SPLINE_CURVE_WITH_KNOTS('',6,(#4676,#4677,#4678,#4679,#4680,
    #4681,#4682,#4683,#4684,#4685,#4686,#4687,#4688,#4689,#4690,#4691,
    #4692,#4693,#4694,#4695,#4696,#4697),.UNSPECIFIED.,.F.,.F.,(7,5,5,5,
    7),(0.,0.232435362792,0.360276914493,0.621865020117,1.),
  .UNSPECIFIED.);
#4676 = CARTESIAN_POINT('',(1.,-1.4));
#4677 = CARTESIAN_POINT('',(0.964903015185,-1.4));
#4678 = CARTESIAN_POINT('',(0.929232142298,-1.4));
#4679 = CARTESIAN_POINT('',(0.892988963769,-1.4));
#4680 = CARTESIAN_POINT('',(0.856184682149,-1.4));
#4681 = CARTESIAN_POINT('',(0.818842500034,-1.4));
#4682 = CARTESIAN_POINT('',(0.760186282731,-1.4));
#4683 = CARTESIAN_POINT('',(0.739221361568,-1.4));
#4684 = CARTESIAN_POINT('',(0.718111667959,-1.4));
#4685 = CARTESIAN_POINT('',(0.696865082223,-1.4));
#4686 = CARTESIAN_POINT('',(0.675490933549,-1.4));
#4687 = CARTESIAN_POINT('',(0.610025466521,-1.4));
#4688 = CARTESIAN_POINT('',(0.565557303723,-1.4));
#4689 = CARTESIAN_POINT('',(0.52069697655,-1.4));
#4690 = CARTESIAN_POINT('',(0.475560233171,-1.4));
#4691 = CARTESIAN_POINT('',(0.430278453879,-1.4));
#4692 = CARTESIAN_POINT('',(0.319548372504,-1.4));
#4693 = CARTESIAN_POINT('',(0.254077697372,-1.4));
#4694 = CARTESIAN_POINT('',(0.189057157629,-1.4));
#4695 = CARTESIAN_POINT('',(0.124857050582,-1.4));
#4696 = CARTESIAN_POINT('',(6.176544327956E-02,-1.4));
#4697 = CARTESIAN_POINT('',(0.,-1.4));
#4698 = ( GEOMETRIC_REPRESENTATION_CONTEXT(2) 
PARAMETRIC_REPRESENTATION_CONTEXT() REPRESENTATION_CONTEXT('2D SPACE',''
  ) );
#4699 = ORIENTED_EDGE('',*,*,#4700,.F.);
#4700 = EDGE_CURVE('',#4701,#4614,#4703,.T.);
#4701 = VERTEX_POINT('',#4702);
#4702 = CARTESIAN_POINT('',(247.71828105386,213.1464358817,19.6));
#4703 = SURFACE_CURVE('',#4704,(#4710,#4719),.PCURVE_S1.);
#4704 = B_SPLINE_CURVE_WITH_KNOTS('',4,(#4705,#4706,#4707,#4708,#4709),
  .UNSPECIFIED.,.F.,.F.,(5,5),(0.,1.),.PIECEWISE_BEZIER_KNOTS.);
#4705 = CARTESIAN_POINT('',(247.71828183679,213.14643582275,19.6));
#4706 = CARTESIAN_POINT('',(247.67478566265,213.14971075523,19.6));
#4707 = CARTESIAN_POINT('',(247.63098840701,213.15185192663,19.6));
#4708 = CARTESIAN_POINT('',(247.58693305066,213.15290039062,19.6));
#4709 = CARTESIAN_POINT('',(247.54265625,213.15290039062,19.6));
#4710 = PCURVE('',#175,#4711);
#4711 = DEFINITIONAL_REPRESENTATION('',(#4712),#4718);
#4712 = B_SPLINE_CURVE_WITH_KNOTS('',4,(#4713,#4714,#4715,#4716,#4717),
  .UNSPECIFIED.,.F.,.F.,(5,5),(0.,1.),.PIECEWISE_BEZIER_KNOTS.);
#4713 = CARTESIAN_POINT('',(7.718281836799,213.14643582275));
#4714 = CARTESIAN_POINT('',(7.674785662659,213.14971075523));
#4715 = CARTESIAN_POINT('',(7.630988407014,213.15185192663));
#4716 = CARTESIAN_POINT('',(7.58693305066,213.15290039062));
#4717 = CARTESIAN_POINT('',(7.54265625,213.15290039062));
#4718 = ( GEOMETRIC_REPRESENTATION_CONTEXT(2) 
PARAMETRIC_REPRESENTATION_CONTEXT() REPRESENTATION_CONTEXT('2D SPACE',''
  ) );
#4719 = PCURVE('',#4720,#4727);
#4720 = SURFACE_OF_LINEAR_EXTRUSION('',#4721,#4725);
#4721 = B_SPLINE_CURVE_WITH_KNOTS('',2,(#4722,#4723,#4724),
  .UNSPECIFIED.,.F.,.F.,(3,3),(0.,1.),.PIECEWISE_BEZIER_KNOTS.);
#4722 = CARTESIAN_POINT('',(247.54265625,213.15290039062,18.2));
#4723 = CARTESIAN_POINT('',(248.22478515625,213.15290039062,18.2));
#4724 = CARTESIAN_POINT('',(248.681328125,212.779609375,18.2));
#4725 = VECTOR('',#4726,1.);
#4726 = DIRECTION('',(-0.,0.,-1.));
#4727 = DEFINITIONAL_REPRESENTATION('',(#4728),#4734);
#4728 = B_SPLINE_CURVE_WITH_KNOTS('',4,(#4729,#4730,#4731,#4732,#4733),
  .UNSPECIFIED.,.F.,.F.,(5,5),(0.,1.),.PIECEWISE_BEZIER_KNOTS.);
#4729 = CARTESIAN_POINT('',(0.13159699764,-1.4));
#4730 = CARTESIAN_POINT('',(9.826365725945E-02,-1.4));
#4731 = CARTESIAN_POINT('',(6.521183923995E-02,-1.4));
#4732 = CARTESIAN_POINT('',(3.245486318938E-02,-1.4));
#4733 = CARTESIAN_POINT('',(0.,-1.4));
#4734 = ( GEOMETRIC_REPRESENTATION_CONTEXT(2) 
PARAMETRIC_REPRESENTATION_CONTEXT() REPRESENTATION_CONTEXT('2D SPACE',''
  ) );
#4735 = ORIENTED_EDGE('',*,*,#4736,.F.);
#4736 = EDGE_CURVE('',#4737,#4701,#4739,.T.);
#4737 = VERTEX_POINT('',#4738);
#4738 = CARTESIAN_POINT('',(247.90265625,213.15290039062,19.6));
#4739 = SURFACE_CURVE('',#4740,(#4746,#4755),.PCURVE_S1.);
#4740 = B_SPLINE_CURVE_WITH_KNOTS('',4,(#4741,#4742,#4743,#4744,#4745),
  .UNSPECIFIED.,.F.,.F.,(5,5),(0.,1.),.PIECEWISE_BEZIER_KNOTS.);
#4741 = CARTESIAN_POINT('',(247.90265625,213.15290039062,19.6));
#4742 = CARTESIAN_POINT('',(247.85632604487,213.15290039062,19.6));
#4743 = CARTESIAN_POINT('',(247.81012658076,213.15185984739,19.6));
#4744 = CARTESIAN_POINT('',(247.7640952623,213.14972335132,19.6));
#4745 = CARTESIAN_POINT('',(247.71827988374,213.14643579773,19.6));
#4746 = PCURVE('',#175,#4747);
#4747 = DEFINITIONAL_REPRESENTATION('',(#4748),#4754);
#4748 = B_SPLINE_CURVE_WITH_KNOTS('',4,(#4749,#4750,#4751,#4752,#4753),
  .UNSPECIFIED.,.F.,.F.,(5,5),(0.,1.),.PIECEWISE_BEZIER_KNOTS.);
#4749 = CARTESIAN_POINT('',(7.90265625,213.15290039062));
#4750 = CARTESIAN_POINT('',(7.856326044874,213.15290039062));
#4751 = CARTESIAN_POINT('',(7.810126580766,213.15185984739));
#4752 = CARTESIAN_POINT('',(7.764095262302,213.14972335132));
#4753 = CARTESIAN_POINT('',(7.718279883746,213.14643579773));
#4754 = ( GEOMETRIC_REPRESENTATION_CONTEXT(2) 
PARAMETRIC_REPRESENTATION_CONTEXT() REPRESENTATION_CONTEXT('2D SPACE',''
  ) );
#4755 = PCURVE('',#4756,#4763);
#4756 = SURFACE_OF_LINEAR_EXTRUSION('',#4757,#4761);
#4757 = B_SPLINE_CURVE_WITH_KNOTS('',2,(#4758,#4759,#4760),
  .UNSPECIFIED.,.F.,.F.,(3,3),(0.,1.),.PIECEWISE_BEZIER_KNOTS.);
#4758 = CARTESIAN_POINT('',(246.35309570312,212.39557617187,18.2));
#4759 = CARTESIAN_POINT('',(246.8821484375,213.15290039062,18.2));
#4760 = CARTESIAN_POINT('',(247.90265625,213.15290039062,18.2));
#4761 = VECTOR('',#4762,1.);
#4762 = DIRECTION('',(-0.,0.,-1.));
#4763 = DEFINITIONAL_REPRESENTATION('',(#4764),#4770);
#4764 = B_SPLINE_CURVE_WITH_KNOTS('',4,(#4765,#4766,#4767,#4768,#4769),
  .UNSPECIFIED.,.F.,.F.,(5,5),(0.,1.),.PIECEWISE_BEZIER_KNOTS.);
#4765 = CARTESIAN_POINT('',(1.,-1.4));
#4766 = CARTESIAN_POINT('',(0.977300416245,-1.4));
#4767 = CARTESIAN_POINT('',(0.954334051034,-1.4));
#4768 = CARTESIAN_POINT('',(0.931101613484,-1.4));
#4769 = CARTESIAN_POINT('',(0.9076090001,-1.4));
#4770 = ( GEOMETRIC_REPRESENTATION_CONTEXT(2) 
PARAMETRIC_REPRESENTATION_CONTEXT() REPRESENTATION_CONTEXT('2D SPACE',''
  ) );
#4771 = ORIENTED_EDGE('',*,*,#4772,.F.);
#4772 = EDGE_CURVE('',#4773,#4737,#4775,.T.);
#4773 = VERTEX_POINT('',#4774);
#4774 = CARTESIAN_POINT('',(249.041328125,212.779609375,19.6));
#4775 = SURFACE_CURVE('',#4776,(#4789,#4805),.PCURVE_S1.);
#4776 = B_SPLINE_CURVE_WITH_KNOTS('',6,(#4777,#4778,#4779,#4780,#4781,
    #4782,#4783,#4784,#4785,#4786,#4787,#4788),.UNSPECIFIED.,.F.,.F.,(7,
    5,7),(0.,0.187147818158,1.),.UNSPECIFIED.);
#4777 = CARTESIAN_POINT('',(249.041328125,212.779609375,19.6));
#4778 = CARTESIAN_POINT('',(249.01222314898,212.80340697303,19.6));
#4779 = CARTESIAN_POINT('',(248.98250026183,212.82634981372,19.6));
#4780 = CARTESIAN_POINT('',(248.95217101295,212.84841638604,19.6));
#4781 = CARTESIAN_POINT('',(248.92124955408,212.86958842844,19.6));
#4782 = CARTESIAN_POINT('',(248.88975263929,212.88985092893,19.6));
#4783 = CARTESIAN_POINT('',(248.71848153067,212.99319809191,19.6));
#4784 = CARTESIAN_POINT('',(248.56870645512,213.05986509823,19.6));
#4785 = CARTESIAN_POINT('',(248.41017183326,213.10806886991,19.6));
#4786 = CARTESIAN_POINT('',(248.24500677769,213.1385601917,19.6));
#4787 = CARTESIAN_POINT('',(248.0752569047,213.15290039062,19.6));
#4788 = CARTESIAN_POINT('',(247.90265625,213.15290039062,19.6));
#4789 = PCURVE('',#175,#4790);
#4790 = DEFINITIONAL_REPRESENTATION('',(#4791),#4804);
#4791 = B_SPLINE_CURVE_WITH_KNOTS('',6,(#4792,#4793,#4794,#4795,#4796,
    #4797,#4798,#4799,#4800,#4801,#4802,#4803),.UNSPECIFIED.,.F.,.F.,(7,
    5,7),(0.,0.187147818158,1.),.UNSPECIFIED.);
#4792 = CARTESIAN_POINT('',(9.041328125,212.779609375));
#4793 = CARTESIAN_POINT('',(9.012223148986,212.80340697303));
#4794 = CARTESIAN_POINT('',(8.982500261837,212.82634981372));
#4795 = CARTESIAN_POINT('',(8.952171012955,212.84841638604));
#4796 = CARTESIAN_POINT('',(8.921249554081,212.86958842844));
#4797 = CARTESIAN_POINT('',(8.889752639291,212.88985092893));
#4798 = CARTESIAN_POINT('',(8.718481530674,212.99319809191));
#4799 = CARTESIAN_POINT('',(8.568706455128,213.05986509823));
#4800 = CARTESIAN_POINT('',(8.410171833266,213.10806886991));
#4801 = CARTESIAN_POINT('',(8.245006777695,213.1385601917));
#4802 = CARTESIAN_POINT('',(8.075256904702,213.15290039062));
#4803 = CARTESIAN_POINT('',(7.90265625,213.15290039062));
#4804 = ( GEOMETRIC_REPRESENTATION_CONTEXT(2) 
PARAMETRIC_REPRESENTATION_CONTEXT() REPRESENTATION_CONTEXT('2D SPACE',''
  ) );
#4805 = PCURVE('',#4806,#4813);
#4806 = SURFACE_OF_LINEAR_EXTRUSION('',#4807,#4811);
#4807 = B_SPLINE_CURVE_WITH_KNOTS('',2,(#4808,#4809,#4810),
  .UNSPECIFIED.,.F.,.F.,(3,3),(0.,1.),.PIECEWISE_BEZIER_KNOTS.);
#4808 = CARTESIAN_POINT('',(247.90265625,213.15290039062,18.2));
#4809 = CARTESIAN_POINT('',(248.58478515625,213.15290039062,18.2));
#4810 = CARTESIAN_POINT('',(249.041328125,212.779609375,18.2));
#4811 = VECTOR('',#4812,1.);
#4812 = DIRECTION('',(-0.,0.,-1.));
#4813 = DEFINITIONAL_REPRESENTATION('',(#4814),#4827);
#4814 = B_SPLINE_CURVE_WITH_KNOTS('',6,(#4815,#4816,#4817,#4818,#4819,
    #4820,#4821,#4822,#4823,#4824,#4825,#4826),.UNSPECIFIED.,.F.,.F.,(7,
    5,7),(0.,0.187147818158,1.),.UNSPECIFIED.);
#4815 = CARTESIAN_POINT('',(1.,-1.4));
#4816 = CARTESIAN_POINT('',(0.968124603809,-1.4));
#4817 = CARTESIAN_POINT('',(0.936174905585,-1.4));
#4818 = CARTESIAN_POINT('',(0.904168899637,-1.4));
#4819 = CARTESIAN_POINT('',(0.872125048373,-1.4));
#4820 = CARTESIAN_POINT('',(0.840062282295,-1.4));
#4821 = CARTESIAN_POINT('',(0.668741651308,-1.4));
#4822 = CARTESIAN_POINT('',(0.529425571277,-1.4));
#4823 = CARTESIAN_POINT('',(0.391867290883,-1.4));
#4824 = CARTESIAN_POINT('',(0.257294877824,-1.4));
#4825 = CARTESIAN_POINT('',(0.126516156346,-1.4));
#4826 = CARTESIAN_POINT('',(0.,-1.4));
#4827 = ( GEOMETRIC_REPRESENTATION_CONTEXT(2) 
PARAMETRIC_REPRESENTATION_CONTEXT() REPRESENTATION_CONTEXT('2D SPACE',''
  ) );
#4828 = ORIENTED_EDGE('',*,*,#4829,.F.);
#4829 = EDGE_CURVE('',#4830,#4773,#4832,.T.);
#4830 = VERTEX_POINT('',#4831);
#4831 = CARTESIAN_POINT('',(249.52972938364,212.15386639811,19.6));
#4832 = SURFACE_CURVE('',#4833,(#4841,#4852),.PCURVE_S1.);
#4833 = B_SPLINE_CURVE_WITH_KNOTS('',6,(#4834,#4835,#4836,#4837,#4838,
    #4839,#4840),.UNSPECIFIED.,.F.,.F.,(7,7),(0.,1.),
  .PIECEWISE_BEZIER_KNOTS.);
#4834 = CARTESIAN_POINT('',(249.52972974961,212.15386567526,19.6));
#4835 = CARTESIAN_POINT('',(249.46771089918,212.27636250057,19.6));
#4836 = CARTESIAN_POINT('',(249.39827329462,212.39306766946,19.6));
#4837 = CARTESIAN_POINT('',(249.32100408576,212.50287457735,19.6));
#4838 = CARTESIAN_POINT('',(249.23564450206,212.60459661513,19.6));
#4839 = CARTESIAN_POINT('',(249.14222728807,212.69710947107,19.6));
#4840 = CARTESIAN_POINT('',(249.041328125,212.779609375,19.6));
#4841 = PCURVE('',#175,#4842);
#4842 = DEFINITIONAL_REPRESENTATION('',(#4843),#4851);
#4843 = B_SPLINE_CURVE_WITH_KNOTS('',6,(#4844,#4845,#4846,#4847,#4848,
    #4849,#4850),.UNSPECIFIED.,.F.,.F.,(7,7),(0.,1.),
  .PIECEWISE_BEZIER_KNOTS.);
#4844 = CARTESIAN_POINT('',(9.52972974961,212.15386567526));
#4845 = CARTESIAN_POINT('',(9.467710899187,212.27636250057));
#4846 = CARTESIAN_POINT('',(9.39827329462,212.39306766946));
#4847 = CARTESIAN_POINT('',(9.321004085766,212.50287457735));
#4848 = CARTESIAN_POINT('',(9.235644502067,212.60459661513));
#4849 = CARTESIAN_POINT('',(9.142227288079,212.69710947107));
#4850 = CARTESIAN_POINT('',(9.041328125,212.779609375));
#4851 = ( GEOMETRIC_REPRESENTATION_CONTEXT(2) 
PARAMETRIC_REPRESENTATION_CONTEXT() REPRESENTATION_CONTEXT('2D SPACE',''
  ) );
#4852 = PCURVE('',#4853,#4860);
#4853 = SURFACE_OF_LINEAR_EXTRUSION('',#4854,#4858);
#4854 = B_SPLINE_CURVE_WITH_KNOTS('',2,(#4855,#4856,#4857),
  .UNSPECIFIED.,.F.,.F.,(3,3),(0.,1.),.PIECEWISE_BEZIER_KNOTS.);
#4855 = CARTESIAN_POINT('',(249.041328125,212.779609375,18.2));
#4856 = CARTESIAN_POINT('',(249.49787109375,212.40631835937,18.2));
#4857 = CARTESIAN_POINT('',(249.7180859375,211.67584960937,18.2));
#4858 = VECTOR('',#4859,1.);
#4859 = DIRECTION('',(-0.,0.,-1.));
#4860 = DEFINITIONAL_REPRESENTATION('',(#4861),#4869);
#4861 = B_SPLINE_CURVE_WITH_KNOTS('',6,(#4862,#4863,#4864,#4865,#4866,
    #4867,#4868),.UNSPECIFIED.,.F.,.F.,(7,7),(0.,1.),
  .PIECEWISE_BEZIER_KNOTS.);
#4862 = CARTESIAN_POINT('',(0.641354532038,-1.4));
#4863 = CARTESIAN_POINT('',(0.539675235898,-1.4));
#4864 = CARTESIAN_POINT('',(0.435446888602,-1.4));
#4865 = CARTESIAN_POINT('',(0.328896444386,-1.4));
#4866 = CARTESIAN_POINT('',(0.220397982802,-1.4));
#4867 = CARTESIAN_POINT('',(0.110503468441,-1.4));
#4868 = CARTESIAN_POINT('',(0.,-1.4));
#4869 = ( GEOMETRIC_REPRESENTATION_CONTEXT(2) 
PARAMETRIC_REPRESENTATION_CONTEXT() REPRESENTATION_CONTEXT('2D SPACE',''
  ) );
#4870 = ORIENTED_EDGE('',*,*,#4871,.F.);
#4871 = EDGE_CURVE('',#4872,#4830,#4874,.T.);
#4872 = VERTEX_POINT('',#4873);
#4873 = CARTESIAN_POINT('',(250.09124023437,212.908515625,19.6));
#4874 = SURFACE_CURVE('',#4875,(#4886,#4900),.PCURVE_S1.);
#4875 = B_SPLINE_CURVE_WITH_KNOTS('',5,(#4876,#4877,#4878,#4879,#4880,
    #4881,#4882,#4883,#4884,#4885),.UNSPECIFIED.,.F.,.F.,(6,4,6),(0.,
    0.489781238143,1.),.UNSPECIFIED.);
#4876 = CARTESIAN_POINT('',(250.09124023437,212.908515625,19.6));
#4877 = CARTESIAN_POINT('',(250.0207951384,212.85074319179,19.6));
#4878 = CARTESIAN_POINT('',(249.95395200197,212.78832321924,19.6));
#4879 = CARTESIAN_POINT('',(249.89092696615,212.72152263798,19.6));
#4880 = CARTESIAN_POINT('',(249.83178997007,212.65070804139,19.6));
#4881 = CARTESIAN_POINT('',(249.71894436666,212.49875572477,19.6));
#4882 = CARTESIAN_POINT('',(249.66556207596,212.41730599298,19.6));
#4883 = CARTESIAN_POINT('',(249.61634146354,212.33238263013,19.6));
#4884 = CARTESIAN_POINT('',(249.57112831286,212.24443872876,19.6));
#4885 = CARTESIAN_POINT('',(249.52972900551,212.15386557085,19.6));
#4886 = PCURVE('',#175,#4887);
#4887 = DEFINITIONAL_REPRESENTATION('',(#4888),#4899);
#4888 = B_SPLINE_CURVE_WITH_KNOTS('',5,(#4889,#4890,#4891,#4892,#4893,
    #4894,#4895,#4896,#4897,#4898),.UNSPECIFIED.,.F.,.F.,(6,4,6),(0.,
    0.489781238143,1.),.UNSPECIFIED.);
#4889 = CARTESIAN_POINT('',(10.091240234375,212.908515625));
#4890 = CARTESIAN_POINT('',(10.020795138401,212.85074319179));
#4891 = CARTESIAN_POINT('',(9.953952001978,212.78832321924));
#4892 = CARTESIAN_POINT('',(9.890926966155,212.72152263798));
#4893 = CARTESIAN_POINT('',(9.831789970076,212.65070804139));
#4894 = CARTESIAN_POINT('',(9.718944366665,212.49875572477));
#4895 = CARTESIAN_POINT('',(9.665562075968,212.41730599298));
#4896 = CARTESIAN_POINT('',(9.616341463545,212.33238263013));
#4897 = CARTESIAN_POINT('',(9.571128312861,212.24443872876));
#4898 = CARTESIAN_POINT('',(9.529729005519,212.15386557085));
#4899 = ( GEOMETRIC_REPRESENTATION_CONTEXT(2) 
PARAMETRIC_REPRESENTATION_CONTEXT() REPRESENTATION_CONTEXT('2D SPACE',''
  ) );
#4900 = PCURVE('',#4901,#4908);
#4901 = SURFACE_OF_LINEAR_EXTRUSION('',#4902,#4906);
#4902 = B_SPLINE_CURVE_WITH_KNOTS('',2,(#4903,#4904,#4905),
  .UNSPECIFIED.,.F.,.F.,(3,3),(0.,1.),.PIECEWISE_BEZIER_KNOTS.);
#4903 = CARTESIAN_POINT('',(249.3580859375,211.67584960937,18.2));
#4904 = CARTESIAN_POINT('',(249.583671875,212.49225585937,18.2));
#4905 = CARTESIAN_POINT('',(250.09124023437,212.908515625,18.2));
#4906 = VECTOR('',#4907,1.);
#4907 = DIRECTION('',(-0.,0.,-1.));
#4908 = DEFINITIONAL_REPRESENTATION('',(#4909),#4920);
#4909 = B_SPLINE_CURVE_WITH_KNOTS('',5,(#4910,#4911,#4912,#4913,#4914,
    #4915,#4916,#4917,#4918,#4919),.UNSPECIFIED.,.F.,.F.,(6,4,6),(0.,
    0.489781238143,1.),.UNSPECIFIED.);
#4910 = CARTESIAN_POINT('',(1.,-1.4));
#4911 = CARTESIAN_POINT('',(0.930605311902,-1.4));
#4912 = CARTESIAN_POINT('',(0.861414672736,-1.4));
#4913 = CARTESIAN_POINT('',(0.792680450837,-1.4));
#4914 = CARTESIAN_POINT('',(0.724607587152,-1.4));
#4915 = CARTESIAN_POINT('',(0.587309230091,-1.4));
#4916 = CARTESIAN_POINT('',(0.518150188091,-1.4));
#4917 = CARTESIAN_POINT('',(0.450061070605,-1.4));
#4918 = CARTESIAN_POINT('',(0.383144933999,-1.4));
#4919 = CARTESIAN_POINT('',(0.317453043498,-1.4));
#4920 = ( GEOMETRIC_REPRESENTATION_CONTEXT(2) 
PARAMETRIC_REPRESENTATION_CONTEXT() REPRESENTATION_CONTEXT('2D SPACE',''
  ) );
#4921 = ORIENTED_EDGE('',*,*,#4922,.F.);
#4922 = EDGE_CURVE('',#4923,#4872,#4925,.T.);
#4923 = VERTEX_POINT('',#4924);
#4924 = CARTESIAN_POINT('',(251.37224609375,213.32477539062,19.6));
#4925 = SURFACE_CURVE('',#4926,(#4939,#4955),.PCURVE_S1.);
#4926 = B_SPLINE_CURVE_WITH_KNOTS('',6,(#4927,#4928,#4929,#4930,#4931,
    #4932,#4933,#4934,#4935,#4936,#4937,#4938),.UNSPECIFIED.,.F.,.F.,(7,
    5,7),(0.,0.84712935528,1.),.UNSPECIFIED.);
#4927 = CARTESIAN_POINT('',(251.37224609375,213.32477539062,19.6));
#4928 = CARTESIAN_POINT('',(251.17072313136,213.32477539062,19.6));
#4929 = CARTESIAN_POINT('',(250.97210807023,213.30781974251,19.6));
#4930 = CARTESIAN_POINT('',(250.77866049313,213.27140870815,19.6));
#4931 = CARTESIAN_POINT('',(250.59322664773,213.21325379118,19.6));
#4932 = CARTESIAN_POINT('',(250.41889999371,213.1321042809,19.6));
#4933 = CARTESIAN_POINT('',(250.22928196247,213.01117578501,19.6));
#4934 = CARTESIAN_POINT('',(250.20073835667,212.99199430209,19.6));
#4935 = CARTESIAN_POINT('',(250.17265144073,212.97212623586,19.6));
#4936 = CARTESIAN_POINT('',(250.14503292982,212.951581953,19.6));
#4937 = CARTESIAN_POINT('',(250.11789298922,212.93037370437,19.6));
#4938 = CARTESIAN_POINT('',(250.09124023437,212.908515625,19.6));
#4939 = PCURVE('',#175,#4940);
#4940 = DEFINITIONAL_REPRESENTATION('',(#4941),#4954);
#4941 = B_SPLINE_CURVE_WITH_KNOTS('',6,(#4942,#4943,#4944,#4945,#4946,
    #4947,#4948,#4949,#4950,#4951,#4952,#4953),.UNSPECIFIED.,.F.,.F.,(7,
    5,7),(0.,0.84712935528,1.),.UNSPECIFIED.);
#4942 = CARTESIAN_POINT('',(11.37224609375,213.32477539062));
#4943 = CARTESIAN_POINT('',(11.170723131368,213.32477539062));
#4944 = CARTESIAN_POINT('',(10.972108070238,213.30781974251));
#4945 = CARTESIAN_POINT('',(10.778660493134,213.27140870815));
#4946 = CARTESIAN_POINT('',(10.593226647735,213.21325379118));
#4947 = CARTESIAN_POINT('',(10.418899993711,213.1321042809));
#4948 = CARTESIAN_POINT('',(10.229281962479,213.01117578501));
#4949 = CARTESIAN_POINT('',(10.200738356672,212.99199430209));
#4950 = CARTESIAN_POINT('',(10.172651440739,212.97212623586));
#4951 = CARTESIAN_POINT('',(10.145032929826,212.951581953));
#4952 = CARTESIAN_POINT('',(10.117892989225,212.93037370437));
#4953 = CARTESIAN_POINT('',(10.091240234375,212.908515625));
#4954 = ( GEOMETRIC_REPRESENTATION_CONTEXT(2) 
PARAMETRIC_REPRESENTATION_CONTEXT() REPRESENTATION_CONTEXT('2D SPACE',''
  ) );
#4955 = PCURVE('',#4956,#4963);
#4956 = SURFACE_OF_LINEAR_EXTRUSION('',#4957,#4961);
#4957 = B_SPLINE_CURVE_WITH_KNOTS('',2,(#4958,#4959,#4960),
  .UNSPECIFIED.,.F.,.F.,(3,3),(0.,1.),.PIECEWISE_BEZIER_KNOTS.);
#4958 = CARTESIAN_POINT('',(250.09124023437,212.908515625,18.2));
#4959 = CARTESIAN_POINT('',(250.59880859375,213.32477539062,18.2));
#4960 = CARTESIAN_POINT('',(251.37224609375,213.32477539062,18.2));
#4961 = VECTOR('',#4962,1.);
#4962 = DIRECTION('',(-0.,0.,-1.));
#4963 = DEFINITIONAL_REPRESENTATION('',(#4964),#4977);
#4964 = B_SPLINE_CURVE_WITH_KNOTS('',6,(#4965,#4966,#4967,#4968,#4969,
    #4970,#4971,#4972,#4973,#4974,#4975,#4976),.UNSPECIFIED.,.F.,.F.,(7,
    5,7),(0.,0.84712935528,1.),.UNSPECIFIED.);
#4965 = CARTESIAN_POINT('',(1.,-1.4));
#4966 = CARTESIAN_POINT('',(0.869722529369,-1.4));
#4967 = CARTESIAN_POINT('',(0.734323872291,-1.4));
#4968 = CARTESIAN_POINT('',(0.594232619209,-1.4));
#4969 = CARTESIAN_POINT('',(0.450343841088,-1.4));
#4970 = CARTESIAN_POINT('',(0.304140927758,-1.4));
#4971 = CARTESIAN_POINT('',(0.131627808189,-1.4));
#4972 = CARTESIAN_POINT('',(0.105255279976,-1.4));
#4973 = CARTESIAN_POINT('',(7.889449316192E-02,-1.4));
#4974 = CARTESIAN_POINT('',(5.255730160506E-02,-1.4));
#4975 = CARTESIAN_POINT('',(2.625533522479E-02,-1.4));
#4976 = CARTESIAN_POINT('',(0.,-1.4));
#4977 = ( GEOMETRIC_REPRESENTATION_CONTEXT(2) 
PARAMETRIC_REPRESENTATION_CONTEXT() REPRESENTATION_CONTEXT('2D SPACE',''
  ) );
#4978 = ORIENTED_EDGE('',*,*,#4979,.F.);
#4979 = EDGE_CURVE('',#4980,#4923,#4982,.T.);
#4980 = VERTEX_POINT('',#4981);
#4981 = CARTESIAN_POINT('',(251.56217988068,213.31954433997,19.6));
#4982 = SURFACE_CURVE('',#4983,(#4989,#4998),.PCURVE_S1.);
#4983 = B_SPLINE_CURVE_WITH_KNOTS('',4,(#4984,#4985,#4986,#4987,#4988),
  .UNSPECIFIED.,.F.,.F.,(5,5),(0.,1.),.PIECEWISE_BEZIER_KNOTS.);
#4984 = CARTESIAN_POINT('',(251.56218125471,213.31954426271,19.6));
#4985 = CARTESIAN_POINT('',(251.51489210718,213.32220296904,19.6));
#4986 = CARTESIAN_POINT('',(251.46745297288,213.32393197297,19.6));
#4987 = CARTESIAN_POINT('',(251.41989593586,213.32477539062,19.6));
#4988 = CARTESIAN_POINT('',(251.37224609375,213.32477539062,19.6));
#4989 = PCURVE('',#175,#4990);
#4990 = DEFINITIONAL_REPRESENTATION('',(#4991),#4997);
#4991 = B_SPLINE_CURVE_WITH_KNOTS('',4,(#4992,#4993,#4994,#4995,#4996),
  .UNSPECIFIED.,.F.,.F.,(5,5),(0.,1.),.PIECEWISE_BEZIER_KNOTS.);
#4992 = CARTESIAN_POINT('',(11.562181254715,213.31954426271));
#4993 = CARTESIAN_POINT('',(11.514892107183,213.32220296904));
#4994 = CARTESIAN_POINT('',(11.467452972888,213.32393197297));
#4995 = CARTESIAN_POINT('',(11.41989593586,213.32477539062));
#4996 = CARTESIAN_POINT('',(11.37224609375,213.32477539062));
#4997 = ( GEOMETRIC_REPRESENTATION_CONTEXT(2) 
PARAMETRIC_REPRESENTATION_CONTEXT() REPRESENTATION_CONTEXT('2D SPACE',''
  ) );
#4998 = PCURVE('',#4999,#5006);
#4999 = SURFACE_OF_LINEAR_EXTRUSION('',#5000,#5004);
#5000 = B_SPLINE_CURVE_WITH_KNOTS('',2,(#5001,#5002,#5003),
  .UNSPECIFIED.,.F.,.F.,(3,3),(0.,1.),.PIECEWISE_BEZIER_KNOTS.);
#5001 = CARTESIAN_POINT('',(251.37224609375,213.32477539062,18.2));
#5002 = CARTESIAN_POINT('',(252.56462890625,213.32477539062,18.2));
#5003 = CARTESIAN_POINT('',(253.17424804687,212.5325390625,18.2));
#5004 = VECTOR('',#5005,1.);
#5005 = DIRECTION('',(-0.,0.,-1.));
#5006 = DEFINITIONAL_REPRESENTATION('',(#5007),#5013);
#5007 = B_SPLINE_CURVE_WITH_KNOTS('',4,(#5008,#5009,#5010,#5011,#5012),
  .UNSPECIFIED.,.F.,.F.,(5,5),(0.,1.),.PIECEWISE_BEZIER_KNOTS.);
#5008 = CARTESIAN_POINT('',(8.125877912553E-02,-1.4));
#5009 = CARTESIAN_POINT('',(6.060900400234E-02,-1.4));
#5010 = CARTESIAN_POINT('',(4.018310664842E-02,-1.4));
#5011 = CARTESIAN_POINT('',(1.998093297311E-02,-1.4));
#5012 = CARTESIAN_POINT('',(0.,-1.4));
#5013 = ( GEOMETRIC_REPRESENTATION_CONTEXT(2) 
PARAMETRIC_REPRESENTATION_CONTEXT() REPRESENTATION_CONTEXT('2D SPACE',''
  ) );
#5014 = ORIENTED_EDGE('',*,*,#5015,.F.);
#5015 = EDGE_CURVE('',#5016,#4980,#5018,.T.);
#5016 = VERTEX_POINT('',#5017);
#5017 = CARTESIAN_POINT('',(251.73224609375,213.32477539062,19.6));
#5018 = SURFACE_CURVE('',#5019,(#5025,#5034),.PCURVE_S1.);
#5019 = B_SPLINE_CURVE_WITH_KNOTS('',4,(#5020,#5021,#5022,#5023,#5024),
  .UNSPECIFIED.,.F.,.F.,(5,5),(0.,1.),.PIECEWISE_BEZIER_KNOTS.);
#5020 = CARTESIAN_POINT('',(251.73224609375,213.32477539062,19.6));
#5021 = CARTESIAN_POINT('',(251.68946192131,213.32477539062,19.6));
#5022 = CARTESIAN_POINT('',(251.64683760591,213.32392626101,19.6));
#5023 = CARTESIAN_POINT('',(251.60439955062,213.3221936648,19.6));
#5024 = CARTESIAN_POINT('',(251.56217898832,213.31954428397,19.6));
#5025 = PCURVE('',#175,#5026);
#5026 = DEFINITIONAL_REPRESENTATION('',(#5027),#5033);
#5027 = B_SPLINE_CURVE_WITH_KNOTS('',4,(#5028,#5029,#5030,#5031,#5032),
  .UNSPECIFIED.,.F.,.F.,(5,5),(0.,1.),.PIECEWISE_BEZIER_KNOTS.);
#5028 = CARTESIAN_POINT('',(11.73224609375,213.32477539062));
#5029 = CARTESIAN_POINT('',(11.68946192131,213.32477539062));
#5030 = CARTESIAN_POINT('',(11.64683760591,213.32392626101));
#5031 = CARTESIAN_POINT('',(11.604399550621,213.3221936648));
#5032 = CARTESIAN_POINT('',(11.562178988322,213.31954428397));
#5033 = ( GEOMETRIC_REPRESENTATION_CONTEXT(2) 
PARAMETRIC_REPRESENTATION_CONTEXT() REPRESENTATION_CONTEXT('2D SPACE',''
  ) );
#5034 = PCURVE('',#5035,#5042);
#5035 = SURFACE_OF_LINEAR_EXTRUSION('',#5036,#5040);
#5036 = B_SPLINE_CURVE_WITH_KNOTS('',2,(#5037,#5038,#5039),
  .UNSPECIFIED.,.F.,.F.,(3,3),(0.,1.),.PIECEWISE_BEZIER_KNOTS.);
#5037 = CARTESIAN_POINT('',(250.45124023437,212.908515625,18.2));
#5038 = CARTESIAN_POINT('',(250.95880859375,213.32477539062,18.2));
#5039 = CARTESIAN_POINT('',(251.73224609375,213.32477539062,18.2));
#5040 = VECTOR('',#5041,1.);
#5041 = DIRECTION('',(-0.,0.,-1.));
#5042 = DEFINITIONAL_REPRESENTATION('',(#5043),#5049);
#5043 = B_SPLINE_CURVE_WITH_KNOTS('',4,(#5044,#5045,#5046,#5047,#5048),
  .UNSPECIFIED.,.F.,.F.,(5,5),(0.,1.),.PIECEWISE_BEZIER_KNOTS.);
#5044 = CARTESIAN_POINT('',(1.,-1.4));
#5045 = CARTESIAN_POINT('',(0.972341545089,-1.4));
#5046 = CARTESIAN_POINT('',(0.944435823749,-1.4));
#5047 = CARTESIAN_POINT('',(0.916285726776,-1.4));
#5048 = CARTESIAN_POINT('',(0.887897688003,-1.4));
#5049 = ( GEOMETRIC_REPRESENTATION_CONTEXT(2) 
PARAMETRIC_REPRESENTATION_CONTEXT() REPRESENTATION_CONTEXT('2D SPACE',''
  ) );
#5050 = ORIENTED_EDGE('',*,*,#5051,.F.);
#5051 = EDGE_CURVE('',#5052,#5016,#5054,.T.);
#5052 = VERTEX_POINT('',#5053);
#5053 = CARTESIAN_POINT('',(253.53424804687,212.5325390625,19.6));
#5054 = SURFACE_CURVE('',#5055,(#5074,#5096),.PCURVE_S1.);
#5055 = B_SPLINE_CURVE_WITH_KNOTS('',5,(#5056,#5057,#5058,#5059,#5060,
    #5061,#5062,#5063,#5064,#5065,#5066,#5067,#5068,#5069,#5070,#5071,
    #5072,#5073),.UNSPECIFIED.,.F.,.F.,(6,4,4,4,6),(0.,0.271157734193,
    0.561038162725,0.708858106137,1.),.UNSPECIFIED.);
#5056 = CARTESIAN_POINT('',(253.53424804687,212.5325390625,19.6));
#5057 = CARTESIAN_POINT('',(253.46691178231,212.62004654287,19.6));
#5058 = CARTESIAN_POINT('',(253.3941074371,212.70284401032,19.6));
#5059 = CARTESIAN_POINT('',(253.3158413431,212.78020464732,19.6));
#5060 = CARTESIAN_POINT('',(253.23232084119,212.85150476413,19.6));
#5061 = CARTESIAN_POINT('',(253.04974462005,212.98569031066,19.6));
#5062 = CARTESIAN_POINT('',(252.94998647052,213.04767529915,19.6));
#5063 = CARTESIAN_POINT('',(252.84545468465,213.1018299972,19.6));
#5064 = CARTESIAN_POINT('',(252.73696301541,213.14817752824,19.6));
#5065 = CARTESIAN_POINT('',(252.56844552871,213.20681835873,19.6));
#5066 = CARTESIAN_POINT('',(252.51071813404,213.22467152526,19.6));
#5067 = CARTESIAN_POINT('',(252.45227964841,213.24061484753,19.6));
#5068 = CARTESIAN_POINT('',(252.39322780521,213.25470869608,19.6));
#5069 = CARTESIAN_POINT('',(252.21630531701,213.2912720343,19.6));
#5070 = CARTESIAN_POINT('',(252.09692497457,213.30861122255,19.6));
#5071 = CARTESIAN_POINT('',(251.97615296978,213.31957079397,19.6));
#5072 = CARTESIAN_POINT('',(251.85448789929,213.32477539062,19.6));
#5073 = CARTESIAN_POINT('',(251.73224609375,213.32477539062,19.6));
#5074 = PCURVE('',#175,#5075);
#5075 = DEFINITIONAL_REPRESENTATION('',(#5076),#5095);
#5076 = B_SPLINE_CURVE_WITH_KNOTS('',5,(#5077,#5078,#5079,#5080,#5081,
    #5082,#5083,#5084,#5085,#5086,#5087,#5088,#5089,#5090,#5091,#5092,
    #5093,#5094),.UNSPECIFIED.,.F.,.F.,(6,4,4,4,6),(0.,0.271157734193,
    0.561038162725,0.708858106137,1.),.UNSPECIFIED.);
#5077 = CARTESIAN_POINT('',(13.534248046875,212.5325390625));
#5078 = CARTESIAN_POINT('',(13.466911782319,212.62004654287));
#5079 = CARTESIAN_POINT('',(13.394107437105,212.70284401032));
#5080 = CARTESIAN_POINT('',(13.315841343105,212.78020464732));
#5081 = CARTESIAN_POINT('',(13.232320841195,212.85150476413));
#5082 = CARTESIAN_POINT('',(13.049744620058,212.98569031066));
#5083 = CARTESIAN_POINT('',(12.949986470521,213.04767529915));
#5084 = CARTESIAN_POINT('',(12.845454684658,213.1018299972));
#5085 = CARTESIAN_POINT('',(12.736963015419,213.14817752824));
#5086 = CARTESIAN_POINT('',(12.568445528716,213.20681835873));
#5087 = CARTESIAN_POINT('',(12.510718134042,213.22467152526));
#5088 = CARTESIAN_POINT('',(12.452279648412,213.24061484753));
#5089 = CARTESIAN_POINT('',(12.393227805218,213.25470869608));
#5090 = CARTESIAN_POINT('',(12.216305317017,213.2912720343));
#5091 = CARTESIAN_POINT('',(12.09692497457,213.30861122255));
#5092 = CARTESIAN_POINT('',(11.97615296978,213.31957079397));
#5093 = CARTESIAN_POINT('',(11.854487899292,213.32477539062));
#5094 = CARTESIAN_POINT('',(11.73224609375,213.32477539062));
#5095 = ( GEOMETRIC_REPRESENTATION_CONTEXT(2) 
PARAMETRIC_REPRESENTATION_CONTEXT() REPRESENTATION_CONTEXT('2D SPACE',''
  ) );
#5096 = PCURVE('',#5097,#5104);
#5097 = SURFACE_OF_LINEAR_EXTRUSION('',#5098,#5102);
#5098 = B_SPLINE_CURVE_WITH_KNOTS('',2,(#5099,#5100,#5101),
  .UNSPECIFIED.,.F.,.F.,(3,3),(0.,1.),.PIECEWISE_BEZIER_KNOTS.);
#5099 = CARTESIAN_POINT('',(251.73224609375,213.32477539062,18.2));
#5100 = CARTESIAN_POINT('',(252.92462890625,213.32477539062,18.2));
#5101 = CARTESIAN_POINT('',(253.53424804687,212.5325390625,18.2));
#5102 = VECTOR('',#5103,1.);
#5103 = DIRECTION('',(-0.,0.,-1.));
#5104 = DEFINITIONAL_REPRESENTATION('',(#5105),#5124);
#5105 = B_SPLINE_CURVE_WITH_KNOTS('',5,(#5106,#5107,#5108,#5109,#5110,
    #5111,#5112,#5113,#5114,#5115,#5116,#5117,#5118,#5119,#5120,#5121,
    #5122,#5123),.UNSPECIFIED.,.F.,.F.,(6,4,4,4,6),(0.,0.271157734193,
    0.561038162725,0.708858106137,1.),.UNSPECIFIED.);
#5106 = CARTESIAN_POINT('',(1.,-1.4));
#5107 = CARTESIAN_POINT('',(0.944771858306,-1.4));
#5108 = CARTESIAN_POINT('',(0.888703622697,-1.4));
#5109 = CARTESIAN_POINT('',(0.832022138913,-1.4));
#5110 = CARTESIAN_POINT('',(0.775006731188,-1.4));
#5111 = CARTESIAN_POINT('',(0.657057111112,-1.4));
#5112 = CARTESIAN_POINT('',(0.596106095505,-1.4));
#5113 = CARTESIAN_POINT('',(0.535568651873,-1.4));
#5114 = CARTESIAN_POINT('',(0.475778877417,-1.4));
#5115 = CARTESIAN_POINT('',(0.387026640372,-1.4));
#5116 = CARTESIAN_POINT('',(0.357313002187,-1.4));
#5117 = CARTESIAN_POINT('',(0.327890284641,-1.4));
#5118 = CARTESIAN_POINT('',(0.298780848515,-1.4));
#5119 = CARTESIAN_POINT('',(0.213314071497,-1.4));
#5120 = CARTESIAN_POINT('',(0.157906139421,-1.4));
#5121 = CARTESIAN_POINT('',(0.103882469391,-1.4));
#5122 = CARTESIAN_POINT('',(5.125946309369E-02,-1.4));
#5123 = CARTESIAN_POINT('',(0.,-1.4));
#5124 = ( GEOMETRIC_REPRESENTATION_CONTEXT(2) 
PARAMETRIC_REPRESENTATION_CONTEXT() REPRESENTATION_CONTEXT('2D SPACE',''
  ) );
#5125 = ORIENTED_EDGE('',*,*,#5126,.F.);
#5126 = EDGE_CURVE('',#5127,#5052,#5129,.T.);
#5127 = VERTEX_POINT('',#5128);
#5128 = CARTESIAN_POINT('',(254.1438671875,210.18268554687,19.6));
#5129 = SURFACE_CURVE('',#5130,(#5148,#5169),.PCURVE_S1.);
#5130 = B_SPLINE_CURVE_WITH_KNOTS('',6,(#5131,#5132,#5133,#5134,#5135,
    #5136,#5137,#5138,#5139,#5140,#5141,#5142,#5143,#5144,#5145,#5146,
    #5147),.UNSPECIFIED.,.F.,.F.,(7,5,5,7),(0.,0.319504347769,
    0.602305592083,1.),.UNSPECIFIED.);
#5131 = CARTESIAN_POINT('',(254.1438671875,210.18268554687,19.6));
#5132 = CARTESIAN_POINT('',(254.1438671875,210.317956163,19.6));
#5133 = CARTESIAN_POINT('',(254.14110865307,210.45289739302,19.6));
#5134 = CARTESIAN_POINT('',(254.13535140461,210.5874197746,19.6));
#5135 = CARTESIAN_POINT('',(254.12631864191,210.72138770875,19.6));
#5136 = CARTESIAN_POINT('',(254.11368951926,210.85461802737,19.6));
#5137 = CARTESIAN_POINT('',(254.08240059594,211.10394564825,19.6));
#5138 = CARTESIAN_POINT('',(254.06460136144,211.22024209577,19.6));
#5139 = CARTESIAN_POINT('',(254.0434366288,211.33561083833,19.6));
#5140 = CARTESIAN_POINT('',(254.01861852138,211.44982955621,19.6));
#5141 = CARTESIAN_POINT('',(253.98983652174,211.5626134072,19.6));
#5142 = CARTESIAN_POINT('',(253.91025833776,211.82971965284,19.6));
#5143 = CARTESIAN_POINT('',(253.85526933424,211.98230409146,19.6));
#5144 = CARTESIAN_POINT('',(253.79090117648,212.13038337405,19.6));
#5145 = CARTESIAN_POINT('',(253.71628236915,212.27257150519,19.6));
#5146 = CARTESIAN_POINT('',(253.63071593369,212.4071733065,19.6));
#5147 = CARTESIAN_POINT('',(253.53424804687,212.5325390625,19.6));
#5148 = PCURVE('',#175,#5149);
#5149 = DEFINITIONAL_REPRESENTATION('',(#5150),#5168);
#5150 = B_SPLINE_CURVE_WITH_KNOTS('',6,(#5151,#5152,#5153,#5154,#5155,
    #5156,#5157,#5158,#5159,#5160,#5161,#5162,#5163,#5164,#5165,#5166,
    #5167),.UNSPECIFIED.,.F.,.F.,(7,5,5,7),(0.,0.319504347769,
    0.602305592083,1.),.UNSPECIFIED.);
#5151 = CARTESIAN_POINT('',(14.1438671875,210.18268554687));
#5152 = CARTESIAN_POINT('',(14.1438671875,210.317956163));
#5153 = CARTESIAN_POINT('',(14.141108653077,210.45289739302));
#5154 = CARTESIAN_POINT('',(14.135351404614,210.5874197746));
#5155 = CARTESIAN_POINT('',(14.126318641917,210.72138770875));
#5156 = CARTESIAN_POINT('',(14.113689519265,210.85461802737));
#5157 = CARTESIAN_POINT('',(14.082400595947,211.10394564825));
#5158 = CARTESIAN_POINT('',(14.064601361443,211.22024209577));
#5159 = CARTESIAN_POINT('',(14.043436628807,211.33561083833));
#5160 = CARTESIAN_POINT('',(14.018618521388,211.44982955621));
#5161 = CARTESIAN_POINT('',(13.98983652174,211.5626134072));
#5162 = CARTESIAN_POINT('',(13.91025833776,211.82971965284));
#5163 = CARTESIAN_POINT('',(13.855269334247,211.98230409146));
#5164 = CARTESIAN_POINT('',(13.790901176481,212.13038337405));
#5165 = CARTESIAN_POINT('',(13.716282369151,212.27257150519));
#5166 = CARTESIAN_POINT('',(13.630715933693,212.4071733065));
#5167 = CARTESIAN_POINT('',(13.534248046875,212.5325390625));
#5168 = ( GEOMETRIC_REPRESENTATION_CONTEXT(2) 
PARAMETRIC_REPRESENTATION_CONTEXT() REPRESENTATION_CONTEXT('2D SPACE',''
  ) );
#5169 = PCURVE('',#5170,#5177);
#5170 = SURFACE_OF_LINEAR_EXTRUSION('',#5171,#5175);
#5171 = B_SPLINE_CURVE_WITH_KNOTS('',2,(#5172,#5173,#5174),
  .UNSPECIFIED.,.F.,.F.,(3,3),(0.,1.),.PIECEWISE_BEZIER_KNOTS.);
#5172 = CARTESIAN_POINT('',(253.53424804687,212.5325390625,18.2));
#5173 = CARTESIAN_POINT('',(254.1438671875,211.74030273437,18.2));
#5174 = CARTESIAN_POINT('',(254.1438671875,210.18268554687,18.2));
#5175 = VECTOR('',#5176,1.);
#5176 = DIRECTION('',(-0.,0.,-1.));
#5177 = DEFINITIONAL_REPRESENTATION('',(#5178),#5196);
#5178 = B_SPLINE_CURVE_WITH_KNOTS('',6,(#5179,#5180,#5181,#5182,#5183,
    #5184,#5185,#5186,#5187,#5188,#5189,#5190,#5191,#5192,#5193,#5194,
    #5195),.UNSPECIFIED.,.F.,.F.,(7,5,5,7),(0.,0.319504347769,
    0.602305592083,1.),.UNSPECIFIED.);
#5179 = CARTESIAN_POINT('',(1.,-1.4));
#5180 = CARTESIAN_POINT('',(0.956577708175,-1.4));
#5181 = CARTESIAN_POINT('',(0.912149401488,-1.4));
#5182 = CARTESIAN_POINT('',(0.866647000062,-1.4));
#5183 = CARTESIAN_POINT('',(0.820002475153,-1.4));
#5184 = CARTESIAN_POINT('',(0.772145316553,-1.4));
#5185 = CARTESIAN_POINT('',(0.679500258071,-1.4));
#5186 = CARTESIAN_POINT('',(0.63499525865,-1.4));
#5187 = CARTESIAN_POINT('',(0.589431687131,-1.4));
#5188 = CARTESIAN_POINT('',(0.542764888346,-1.4));
#5189 = CARTESIAN_POINT('',(0.494961152316,-1.4));
#5190 = CARTESIAN_POINT('',(0.377147486538,-1.4));
#5191 = CARTESIAN_POINT('',(0.306005649614,-1.4));
#5192 = CARTESIAN_POINT('',(0.232529980545,-1.4));
#5193 = CARTESIAN_POINT('',(0.156814156814,-1.4));
#5194 = CARTESIAN_POINT('',(7.912143860739E-02,-1.4));
#5195 = CARTESIAN_POINT('',(0.,-1.4));
#5196 = ( GEOMETRIC_REPRESENTATION_CONTEXT(2) 
PARAMETRIC_REPRESENTATION_CONTEXT() REPRESENTATION_CONTEXT('2D SPACE',''
  ) );
#5197 = ORIENTED_EDGE('',*,*,#5198,.F.);
#5198 = EDGE_CURVE('',#5199,#5127,#5201,.T.);
#5199 = VERTEX_POINT('',#5200);
#5200 = CARTESIAN_POINT('',(254.14177941434,210.00237122465,19.6));
#5201 = SURFACE_CURVE('',#5202,(#5208,#5217),.PCURVE_S1.);
#5202 = B_SPLINE_CURVE_WITH_KNOTS('',4,(#5203,#5204,#5205,#5206,#5207),
  .UNSPECIFIED.,.F.,.F.,(5,5),(0.,1.),.PIECEWISE_BEZIER_KNOTS.);
#5203 = CARTESIAN_POINT('',(254.14177937152,210.00236940281,19.6));
#5204 = CARTESIAN_POINT('',(254.14283700772,210.04737732906,19.6));
#5205 = CARTESIAN_POINT('',(254.14352814014,210.0924368997,19.6));
#5206 = CARTESIAN_POINT('',(254.1438671875,210.13754146152,19.6));
#5207 = CARTESIAN_POINT('',(254.1438671875,210.18268554687,19.6));
#5208 = PCURVE('',#175,#5209);
#5209 = DEFINITIONAL_REPRESENTATION('',(#5210),#5216);
#5210 = B_SPLINE_CURVE_WITH_KNOTS('',4,(#5211,#5212,#5213,#5214,#5215),
  .UNSPECIFIED.,.F.,.F.,(5,5),(0.,1.),.PIECEWISE_BEZIER_KNOTS.);
#5211 = CARTESIAN_POINT('',(14.141779371529,210.00236940281));
#5212 = CARTESIAN_POINT('',(14.142837007727,210.04737732906));
#5213 = CARTESIAN_POINT('',(14.143528140149,210.0924368997));
#5214 = CARTESIAN_POINT('',(14.1438671875,210.13754146152));
#5215 = CARTESIAN_POINT('',(14.1438671875,210.18268554687));
#5216 = ( GEOMETRIC_REPRESENTATION_CONTEXT(2) 
PARAMETRIC_REPRESENTATION_CONTEXT() REPRESENTATION_CONTEXT('2D SPACE',''
  ) );
#5217 = PCURVE('',#5218,#5225);
#5218 = SURFACE_OF_LINEAR_EXTRUSION('',#5219,#5223);
#5219 = B_SPLINE_CURVE_WITH_KNOTS('',2,(#5220,#5221,#5222),
  .UNSPECIFIED.,.F.,.F.,(3,3),(0.,1.),.PIECEWISE_BEZIER_KNOTS.);
#5220 = CARTESIAN_POINT('',(254.1438671875,210.18268554687,18.2));
#5221 = CARTESIAN_POINT('',(254.1438671875,208.61969726562,18.2));
#5222 = CARTESIAN_POINT('',(253.53424804687,207.82208984375,18.2));
#5223 = VECTOR('',#5224,1.);
#5224 = DIRECTION('',(-0.,0.,-1.));
#5225 = DEFINITIONAL_REPRESENTATION('',(#5226),#5232);
#5226 = B_SPLINE_CURVE_WITH_KNOTS('',4,(#5227,#5228,#5229,#5230,#5231),
  .UNSPECIFIED.,.F.,.F.,(5,5),(0.,1.),.PIECEWISE_BEZIER_KNOTS.);
#5227 = CARTESIAN_POINT('',(5.852168343306E-02,-1.4));
#5228 = CARTESIAN_POINT('',(4.369886100981E-02,-1.4));
#5229 = CARTESIAN_POINT('',(2.900671887528E-02,-1.4));
#5230 = CARTESIAN_POINT('',(1.444159431399E-02,-1.4));
#5231 = CARTESIAN_POINT('',(0.,-1.4));
#5232 = ( GEOMETRIC_REPRESENTATION_CONTEXT(2) 
PARAMETRIC_REPRESENTATION_CONTEXT() REPRESENTATION_CONTEXT('2D SPACE',''
  ) );
#5233 = ORIENTED_EDGE('',*,*,#5234,.F.);
#5234 = EDGE_CURVE('',#5235,#5199,#5237,.T.);
#5235 = VERTEX_POINT('',#5236);
#5236 = CARTESIAN_POINT('',(254.1438671875,209.82268554687,19.6));
#5237 = SURFACE_CURVE('',#5238,(#5244,#5253),.PCURVE_S1.);
#5238 = B_SPLINE_CURVE_WITH_KNOTS('',4,(#5239,#5240,#5241,#5242,#5243),
  .UNSPECIFIED.,.F.,.F.,(5,5),(0.,1.),.PIECEWISE_BEZIER_KNOTS.);
#5239 = CARTESIAN_POINT('',(254.1438671875,209.82268554687,19.6));
#5240 = CARTESIAN_POINT('',(254.1438671875,209.86767286597,19.6));
#5241 = CARTESIAN_POINT('',(254.14352816473,209.91262041682,19.6));
#5242 = CARTESIAN_POINT('',(254.14283704637,209.95752270458,19.6));
#5243 = CARTESIAN_POINT('',(254.14177937152,210.00237304004,19.6));
#5244 = PCURVE('',#175,#5245);
#5245 = DEFINITIONAL_REPRESENTATION('',(#5246),#5252);
#5246 = B_SPLINE_CURVE_WITH_KNOTS('',4,(#5247,#5248,#5249,#5250,#5251),
  .UNSPECIFIED.,.F.,.F.,(5,5),(0.,1.),.PIECEWISE_BEZIER_KNOTS.);
#5247 = CARTESIAN_POINT('',(14.1438671875,209.82268554687));
#5248 = CARTESIAN_POINT('',(14.1438671875,209.86767286597));
#5249 = CARTESIAN_POINT('',(14.143528164733,209.91262041682));
#5250 = CARTESIAN_POINT('',(14.142837046373,209.95752270458));
#5251 = CARTESIAN_POINT('',(14.141779371529,210.00237304004));
#5252 = ( GEOMETRIC_REPRESENTATION_CONTEXT(2) 
PARAMETRIC_REPRESENTATION_CONTEXT() REPRESENTATION_CONTEXT('2D SPACE',''
  ) );
#5253 = PCURVE('',#5254,#5261);
#5254 = SURFACE_OF_LINEAR_EXTRUSION('',#5255,#5259);
#5255 = B_SPLINE_CURVE_WITH_KNOTS('',2,(#5256,#5257,#5258),
  .UNSPECIFIED.,.F.,.F.,(3,3),(0.,1.),.PIECEWISE_BEZIER_KNOTS.);
#5256 = CARTESIAN_POINT('',(253.53424804687,212.1725390625,18.2));
#5257 = CARTESIAN_POINT('',(254.1438671875,211.38030273437,18.2));
#5258 = CARTESIAN_POINT('',(254.1438671875,209.82268554687,18.2));
#5259 = VECTOR('',#5260,1.);
#5260 = DIRECTION('',(-0.,0.,-1.));
#5261 = DEFINITIONAL_REPRESENTATION('',(#5262),#5268);
#5262 = B_SPLINE_CURVE_WITH_KNOTS('',4,(#5263,#5264,#5265,#5266,#5267),
  .UNSPECIFIED.,.F.,.F.,(5,5),(0.,1.),.PIECEWISE_BEZIER_KNOTS.);
#5263 = CARTESIAN_POINT('',(1.,-1.4));
#5264 = CARTESIAN_POINT('',(0.985558929543,-1.4));
#5265 = CARTESIAN_POINT('',(0.970993991334,-1.4));
#5266 = CARTESIAN_POINT('',(0.956301680608,-1.4));
#5267 = CARTESIAN_POINT('',(0.941478316567,-1.4));
#5268 = ( GEOMETRIC_REPRESENTATION_CONTEXT(2) 
PARAMETRIC_REPRESENTATION_CONTEXT() REPRESENTATION_CONTEXT('2D SPACE',''
  ) );
#5269 = ORIENTED_EDGE('',*,*,#5270,.F.);
#5270 = EDGE_CURVE('',#5271,#5235,#5273,.T.);
#5271 = VERTEX_POINT('',#5272);
#5272 = CARTESIAN_POINT('',(253.53424804687,207.46208984375,19.6));
#5273 = SURFACE_CURVE('',#5274,(#5292,#5313),.PCURVE_S1.);
#5274 = B_SPLINE_CURVE_WITH_KNOTS('',6,(#5275,#5276,#5277,#5278,#5279,
    #5280,#5281,#5282,#5283,#5284,#5285,#5286,#5287,#5288,#5289,#5290,
    #5291),.UNSPECIFIED.,.F.,.F.,(7,5,5,7),(0.,0.396784475809,
    0.680567899047,1.),.UNSPECIFIED.);
#5275 = CARTESIAN_POINT('',(253.53424804687,207.46208984375,19.6));
#5276 = CARTESIAN_POINT('',(253.63050509157,207.58802967756,19.6));
#5277 = CARTESIAN_POINT('',(253.71589010959,207.72312615932,19.6));
#5278 = CARTESIAN_POINT('',(253.79037360503,207.86573942098,19.6));
#5279 = CARTESIAN_POINT('',(253.85465273792,208.01419145771,19.6));
#5280 = CARTESIAN_POINT('',(253.90959435585,208.16711193491,19.6));
#5281 = CARTESIAN_POINT('',(253.98934277223,208.43539286177,19.6));
#5282 = CARTESIAN_POINT('',(254.01827529282,208.54904750209,19.6));
#5283 = CARTESIAN_POINT('',(254.04321538829,208.66414200217,19.6));
#5284 = CARTESIAN_POINT('',(254.06447641408,208.78038979311,19.6));
#5285 = CARTESIAN_POINT('',(254.08234869606,208.89756735915,19.6));
#5286 = CARTESIAN_POINT('',(254.11368675339,209.14828328068,19.6));
#5287 = CARTESIAN_POINT('',(254.12631551886,209.28201393606,19.6));
#5288 = CARTESIAN_POINT('',(254.13534920493,209.41647814516,19.6));
#5289 = CARTESIAN_POINT('',(254.14110773687,209.55149378421,19.6));
#5290 = CARTESIAN_POINT('',(254.1438671875,209.68692595177,19.6));
#5291 = CARTESIAN_POINT('',(254.1438671875,209.82268554687,19.6));
#5292 = PCURVE('',#175,#5293);
#5293 = DEFINITIONAL_REPRESENTATION('',(#5294),#5312);
#5294 = B_SPLINE_CURVE_WITH_KNOTS('',6,(#5295,#5296,#5297,#5298,#5299,
    #5300,#5301,#5302,#5303,#5304,#5305,#5306,#5307,#5308,#5309,#5310,
    #5311),.UNSPECIFIED.,.F.,.F.,(7,5,5,7),(0.,0.396784475809,
    0.680567899047,1.),.UNSPECIFIED.);
#5295 = CARTESIAN_POINT('',(13.534248046875,207.46208984375));
#5296 = CARTESIAN_POINT('',(13.630505091571,207.58802967756));
#5297 = CARTESIAN_POINT('',(13.715890109594,207.72312615932));
#5298 = CARTESIAN_POINT('',(13.790373605037,207.86573942098));
#5299 = CARTESIAN_POINT('',(13.854652737924,208.01419145771));
#5300 = CARTESIAN_POINT('',(13.909594355854,208.16711193491));
#5301 = CARTESIAN_POINT('',(13.98934277223,208.43539286177));
#5302 = CARTESIAN_POINT('',(14.018275292823,208.54904750209));
#5303 = CARTESIAN_POINT('',(14.043215388299,208.66414200217));
#5304 = CARTESIAN_POINT('',(14.064476414083,208.78038979311));
#5305 = CARTESIAN_POINT('',(14.082348696067,208.89756735915));
#5306 = CARTESIAN_POINT('',(14.113686753397,209.14828328068));
#5307 = CARTESIAN_POINT('',(14.126315518864,209.28201393606));
#5308 = CARTESIAN_POINT('',(14.135349204934,209.41647814516));
#5309 = CARTESIAN_POINT('',(14.141107736875,209.55149378421));
#5310 = CARTESIAN_POINT('',(14.1438671875,209.68692595177));
#5311 = CARTESIAN_POINT('',(14.1438671875,209.82268554687));
#5312 = ( GEOMETRIC_REPRESENTATION_CONTEXT(2) 
PARAMETRIC_REPRESENTATION_CONTEXT() REPRESENTATION_CONTEXT('2D SPACE',''
  ) );
#5313 = PCURVE('',#5314,#5321);
#5314 = SURFACE_OF_LINEAR_EXTRUSION('',#5315,#5319);
#5315 = B_SPLINE_CURVE_WITH_KNOTS('',2,(#5316,#5317,#5318),
  .UNSPECIFIED.,.F.,.F.,(3,3),(0.,1.),.PIECEWISE_BEZIER_KNOTS.);
#5316 = CARTESIAN_POINT('',(254.1438671875,209.82268554687,18.2));
#5317 = CARTESIAN_POINT('',(254.1438671875,208.25969726562,18.2));
#5318 = CARTESIAN_POINT('',(253.53424804687,207.46208984375,18.2));
#5319 = VECTOR('',#5320,1.);
#5320 = DIRECTION('',(-0.,0.,-1.));
#5321 = DEFINITIONAL_REPRESENTATION('',(#5322),#5340);
#5322 = B_SPLINE_CURVE_WITH_KNOTS('',6,(#5323,#5324,#5325,#5326,#5327,
    #5328,#5329,#5330,#5331,#5332,#5333,#5334,#5335,#5336,#5337,#5338,
    #5339),.UNSPECIFIED.,.F.,.F.,(7,5,5,7),(0.,0.396784475809,
    0.680567899047,1.),.UNSPECIFIED.);
#5323 = CARTESIAN_POINT('',(1.,-1.4));
#5324 = CARTESIAN_POINT('',(0.921051490774,-1.4));
#5325 = CARTESIAN_POINT('',(0.843540373444,-1.4));
#5326 = CARTESIAN_POINT('',(0.768003088486,-1.4));
#5327 = CARTESIAN_POINT('',(0.694696424716,-1.4));
#5328 = CARTESIAN_POINT('',(0.623710594487,-1.4));
#5329 = CARTESIAN_POINT('',(0.505857634547,-1.4));
#5330 = CARTESIAN_POINT('',(0.457879152268,-1.4));
#5331 = CARTESIAN_POINT('',(0.411043562869,-1.4));
#5332 = CARTESIAN_POINT('',(0.365316684741,-1.4));
#5333 = CARTESIAN_POINT('',(0.320653415079,-1.4));
#5334 = CARTESIAN_POINT('',(0.227862873055,-1.4));
#5335 = CARTESIAN_POINT('',(0.180010257759,-1.4));
#5336 = CARTESIAN_POINT('',(0.13336689408,-1.4));
#5337 = CARTESIAN_POINT('',(8.786254972167E-02,-1.4));
#5338 = CARTESIAN_POINT('',(4.342949871348E-02,-1.4));
#5339 = CARTESIAN_POINT('',(0.,-1.4));
#5340 = ( GEOMETRIC_REPRESENTATION_CONTEXT(2) 
PARAMETRIC_REPRESENTATION_CONTEXT() REPRESENTATION_CONTEXT('2D SPACE',''
  ) );
#5341 = ORIENTED_EDGE('',*,*,#5342,.F.);
#5342 = EDGE_CURVE('',#5343,#5271,#5345,.T.);
#5343 = VERTEX_POINT('',#5344);
#5344 = CARTESIAN_POINT('',(251.73224609375,206.66448242187,19.6));
#5345 = SURFACE_CURVE('',#5346,(#5365,#5387),.PCURVE_S1.);
#5346 = B_SPLINE_CURVE_WITH_KNOTS('',5,(#5347,#5348,#5349,#5350,#5351,
    #5352,#5353,#5354,#5355,#5356,#5357,#5358,#5359,#5360,#5361,#5362,
    #5363,#5364),.UNSPECIFIED.,.F.,.F.,(6,4,4,4,6),(0.,0.287751644816,
    0.434596989178,0.72272168861,1.),.UNSPECIFIED.);
#5347 = CARTESIAN_POINT('',(251.73224609375,206.66448242187,19.6));
#5348 = CARTESIAN_POINT('',(251.85320168019,206.66448242187,19.6));
#5349 = CARTESIAN_POINT('',(251.97359278686,206.66961260123,19.6));
#5350 = CARTESIAN_POINT('',(252.09310923595,206.68040985368,19.6));
#5351 = CARTESIAN_POINT('',(252.21126518026,206.69748138416,19.6));
#5352 = CARTESIAN_POINT('',(252.38671705485,206.73352014022,19.6));
#5353 = CARTESIAN_POINT('',(252.44548109449,206.74746508812,19.6));
#5354 = CARTESIAN_POINT('',(252.50364042384,206.76324518935,19.6));
#5355 = CARTESIAN_POINT('',(252.56109872304,206.78091985132,19.6));
#5356 = CARTESIAN_POINT('',(252.72891378925,206.83900558393,19.6));
#5357 = CARTESIAN_POINT('',(252.83700142883,206.88493890922,19.6));
#5358 = CARTESIAN_POINT('',(252.94118161414,206.93862146686,19.6));
#5359 = CARTESIAN_POINT('',(253.04065214729,207.00007530708,19.6));
#5360 = CARTESIAN_POINT('',(253.22534612624,207.13498607463,19.6));
#5361 = CARTESIAN_POINT('',(253.31099119004,207.20792320983,19.6));
#5362 = CARTESIAN_POINT('',(253.39113022204,207.28722166964,19.6));
#5363 = CARTESIAN_POINT('',(253.46554826902,207.37220511237,19.6));
#5364 = CARTESIAN_POINT('',(253.53424804687,207.46208984375,19.6));
#5365 = PCURVE('',#175,#5366);
#5366 = DEFINITIONAL_REPRESENTATION('',(#5367),#5386);
#5367 = B_SPLINE_CURVE_WITH_KNOTS('',5,(#5368,#5369,#5370,#5371,#5372,
    #5373,#5374,#5375,#5376,#5377,#5378,#5379,#5380,#5381,#5382,#5383,
    #5384,#5385),.UNSPECIFIED.,.F.,.F.,(6,4,4,4,6),(0.,0.287751644816,
    0.434596989178,0.72272168861,1.),.UNSPECIFIED.);
#5368 = CARTESIAN_POINT('',(11.73224609375,206.66448242187));
#5369 = CARTESIAN_POINT('',(11.853201680197,206.66448242187));
#5370 = CARTESIAN_POINT('',(11.973592786861,206.66961260123));
#5371 = CARTESIAN_POINT('',(12.093109235955,206.68040985368));
#5372 = CARTESIAN_POINT('',(12.211265180265,206.69748138416));
#5373 = CARTESIAN_POINT('',(12.386717054854,206.73352014022));
#5374 = CARTESIAN_POINT('',(12.445481094496,206.74746508812));
#5375 = CARTESIAN_POINT('',(12.503640423845,206.76324518935));
#5376 = CARTESIAN_POINT('',(12.561098723044,206.78091985132));
#5377 = CARTESIAN_POINT('',(12.728913789259,206.83900558393));
#5378 = CARTESIAN_POINT('',(12.837001428838,206.88493890922));
#5379 = CARTESIAN_POINT('',(12.941181614141,206.93862146686));
#5380 = CARTESIAN_POINT('',(13.040652147299,207.00007530708));
#5381 = CARTESIAN_POINT('',(13.22534612624,207.13498607463));
#5382 = CARTESIAN_POINT('',(13.31099119004,207.20792320983));
#5383 = CARTESIAN_POINT('',(13.391130222041,207.28722166964));
#5384 = CARTESIAN_POINT('',(13.465548269025,207.37220511237));
#5385 = CARTESIAN_POINT('',(13.534248046875,207.46208984375));
#5386 = ( GEOMETRIC_REPRESENTATION_CONTEXT(2) 
PARAMETRIC_REPRESENTATION_CONTEXT() REPRESENTATION_CONTEXT('2D SPACE',''
  ) );
#5387 = PCURVE('',#5388,#5395);
#5388 = SURFACE_OF_LINEAR_EXTRUSION('',#5389,#5393);
#5389 = B_SPLINE_CURVE_WITH_KNOTS('',2,(#5390,#5391,#5392),
  .UNSPECIFIED.,.F.,.F.,(3,3),(0.,1.),.PIECEWISE_BEZIER_KNOTS.);
#5390 = CARTESIAN_POINT('',(253.53424804687,207.46208984375,18.2));
#5391 = CARTESIAN_POINT('',(252.92462890625,206.66448242187,18.2));
#5392 = CARTESIAN_POINT('',(251.73224609375,206.66448242187,18.2));
#5393 = VECTOR('',#5394,1.);
#5394 = DIRECTION('',(-0.,0.,-1.));
#5395 = DEFINITIONAL_REPRESENTATION('',(#5396),#5415);
#5396 = B_SPLINE_CURVE_WITH_KNOTS('',5,(#5397,#5398,#5399,#5400,#5401,
    #5402,#5403,#5404,#5405,#5406,#5407,#5408,#5409,#5410,#5411,#5412,
    #5413,#5414),.UNSPECIFIED.,.F.,.F.,(6,4,4,4,6),(0.,0.287751644816,
    0.434596989178,0.72272168861,1.),.UNSPECIFIED.);
#5397 = CARTESIAN_POINT('',(1.,-1.4));
#5398 = CARTESIAN_POINT('',(0.949279885126,-1.4));
#5399 = CARTESIAN_POINT('',(0.897224698557,-1.4));
#5400 = CARTESIAN_POINT('',(0.843800014228,-1.4));
#5401 = CARTESIAN_POINT('',(0.789023527445,-1.4));
#5402 = CARTESIAN_POINT('',(0.70441008808,-1.4));
#5403 = CARTESIAN_POINT('',(0.675496230929,-1.4));
#5404 = CARTESIAN_POINT('',(0.646273695376,-1.4));
#5405 = CARTESIAN_POINT('',(0.616764669953,-1.4));
#5406 = CARTESIAN_POINT('',(0.528598852717,-1.4));
#5407 = CARTESIAN_POINT('',(0.469201673173,-1.4));
#5408 = CARTESIAN_POINT('',(0.409068805921,-1.4));
#5409 = CARTESIAN_POINT('',(0.348529879619,-1.4));
#5410 = CARTESIAN_POINT('',(0.229748753778,-1.4));
#5411 = CARTESIAN_POINT('',(0.171489010698,-1.4));
#5412 = CARTESIAN_POINT('',(0.113589133295,-1.4));
#5413 = CARTESIAN_POINT('',(5.634647378308E-02,-1.4));
#5414 = CARTESIAN_POINT('',(0.,-1.4));
#5415 = ( GEOMETRIC_REPRESENTATION_CONTEXT(2) 
PARAMETRIC_REPRESENTATION_CONTEXT() REPRESENTATION_CONTEXT('2D SPACE',''
  ) );
#5416 = ORIENTED_EDGE('',*,*,#5417,.F.);
#5417 = EDGE_CURVE('',#3966,#5343,#5418,.T.);
#5418 = SURFACE_CURVE('',#5419,(#5425,#5434),.PCURVE_S1.);
#5419 = B_SPLINE_CURVE_WITH_KNOTS('',4,(#5420,#5421,#5422,#5423,#5424),
  .UNSPECIFIED.,.F.,.F.,(5,5),(0.,1.),.PIECEWISE_BEZIER_KNOTS.);
#5420 = CARTESIAN_POINT('',(251.56188187604,206.66973218988,19.6));
#5421 = CARTESIAN_POINT('',(251.60417556726,206.66707330058,19.6));
#5422 = CARTESIAN_POINT('',(251.64668762751,206.66533454171,19.6));
#5423 = CARTESIAN_POINT('',(251.68938665073,206.66448242187,19.6));
#5424 = CARTESIAN_POINT('',(251.73224609375,206.66448242187,19.6));
#5425 = PCURVE('',#175,#5426);
#5426 = DEFINITIONAL_REPRESENTATION('',(#5427),#5433);
#5427 = B_SPLINE_CURVE_WITH_KNOTS('',4,(#5428,#5429,#5430,#5431,#5432),
  .UNSPECIFIED.,.F.,.F.,(5,5),(0.,1.),.PIECEWISE_BEZIER_KNOTS.);
#5428 = CARTESIAN_POINT('',(11.561881876047,206.66973218988));
#5429 = CARTESIAN_POINT('',(11.60417556726,206.66707330058));
#5430 = CARTESIAN_POINT('',(11.646687627518,206.66533454171));
#5431 = CARTESIAN_POINT('',(11.689386650732,206.66448242187));
#5432 = CARTESIAN_POINT('',(11.73224609375,206.66448242187));
#5433 = ( GEOMETRIC_REPRESENTATION_CONTEXT(2) 
PARAMETRIC_REPRESENTATION_CONTEXT() REPRESENTATION_CONTEXT('2D SPACE',''
  ) );
#5434 = PCURVE('',#5435,#5442);
#5435 = SURFACE_OF_LINEAR_EXTRUSION('',#5436,#5440);
#5436 = B_SPLINE_CURVE_WITH_KNOTS('',2,(#5437,#5438,#5439),
  .UNSPECIFIED.,.F.,.F.,(3,3),(0.,1.),.PIECEWISE_BEZIER_KNOTS.);
#5437 = CARTESIAN_POINT('',(251.73224609375,206.66448242187,18.2));
#5438 = CARTESIAN_POINT('',(250.95880859375,206.66448242187,18.2));
#5439 = CARTESIAN_POINT('',(250.45124023437,207.0807421875,18.2));
#5440 = VECTOR('',#5441,1.);
#5441 = DIRECTION('',(-0.,0.,-1.));
#5442 = DEFINITIONAL_REPRESENTATION('',(#5443),#5449);
#5443 = B_SPLINE_CURVE_WITH_KNOTS('',4,(#5444,#5445,#5446,#5447,#5448),
  .UNSPECIFIED.,.F.,.F.,(5,5),(0.,1.),.PIECEWISE_BEZIER_KNOTS.);
#5444 = CARTESIAN_POINT('',(0.112302089915,-1.4));
#5445 = CARTESIAN_POINT('',(8.386284980499E-02,-1.4));
#5446 = CARTESIAN_POINT('',(5.566236665593E-02,-1.4));
#5447 = CARTESIAN_POINT('',(2.770711467848E-02,-1.4));
#5448 = CARTESIAN_POINT('',(0.,-1.4));
#5449 = ( GEOMETRIC_REPRESENTATION_CONTEXT(2) 
PARAMETRIC_REPRESENTATION_CONTEXT() REPRESENTATION_CONTEXT('2D SPACE',''
  ) );
#5450 = ADVANCED_FACE('',(#5451),#294,.T.);
#5451 = FACE_BOUND('',#5452,.T.);
#5452 = EDGE_LOOP('',(#5453,#5454,#5455,#5483));
#5453 = ORIENTED_EDGE('',*,*,#358,.F.);
#5454 = ORIENTED_EDGE('',*,*,#278,.T.);
#5455 = ORIENTED_EDGE('',*,*,#5456,.T.);
#5456 = EDGE_CURVE('',#279,#5457,#5459,.T.);
#5457 = VERTEX_POINT('',#5458);
#5458 = CARTESIAN_POINT('',(225.4,239.6,-8.));
#5459 = SURFACE_CURVE('',#5460,(#5464,#5471),.PCURVE_S1.);
#5460 = LINE('',#5461,#5462);
#5461 = CARTESIAN_POINT('',(265.13333333333,199.86666666666,
    -47.73333333333));
#5462 = VECTOR('',#5463,1.);
#5463 = DIRECTION('',(0.57735026919,-0.57735026919,-0.57735026919));
#5464 = PCURVE('',#294,#5465);
#5465 = DEFINITIONAL_REPRESENTATION('',(#5466),#5470);
#5466 = LINE('',#5467,#5468);
#5467 = CARTESIAN_POINT('',(199.86666666666,56.474261590766));
#5468 = VECTOR('',#5469,1.);
#5469 = DIRECTION('',(-0.57735026919,0.816496580928));
#5470 = ( GEOMETRIC_REPRESENTATION_CONTEXT(2) 
PARAMETRIC_REPRESENTATION_CONTEXT() REPRESENTATION_CONTEXT('2D SPACE',''
  ) );
#5471 = PCURVE('',#5472,#5477);
#5472 = PLANE('',#5473);
#5473 = AXIS2_PLACEMENT_3D('',#5474,#5475,#5476);
#5474 = CARTESIAN_POINT('',(225.,239.8,-7.8));
#5475 = DIRECTION('',(-3.474993633276E-18,-0.707106781187,0.707106781187
    ));
#5476 = DIRECTION('',(-1.,2.457191562669E-18,-2.457191562669E-18));
#5477 = DEFINITIONAL_REPRESENTATION('',(#5478),#5482);
#5478 = LINE('',#5479,#5480);
#5479 = CARTESIAN_POINT('',(-40.13333333333,56.474261590766));
#5480 = VECTOR('',#5481,1.);
#5481 = DIRECTION('',(-0.57735026919,0.816496580928));
#5482 = ( GEOMETRIC_REPRESENTATION_CONTEXT(2) 
PARAMETRIC_REPRESENTATION_CONTEXT() REPRESENTATION_CONTEXT('2D SPACE',''
  ) );
#5483 = ORIENTED_EDGE('',*,*,#5484,.F.);
#5484 = EDGE_CURVE('',#359,#5457,#5485,.T.);
#5485 = SURFACE_CURVE('',#5486,(#5490,#5497),.PCURVE_S1.);
#5486 = LINE('',#5487,#5488);
#5487 = CARTESIAN_POINT('',(225.4,0.,-8.));
#5488 = VECTOR('',#5489,1.);
#5489 = DIRECTION('',(-0.,1.,0.));
#5490 = PCURVE('',#294,#5491);
#5491 = DEFINITIONAL_REPRESENTATION('',(#5492),#5496);
#5492 = LINE('',#5493,#5494);
#5493 = CARTESIAN_POINT('',(-9.860761315263E-32,0.282842712475));
#5494 = VECTOR('',#5495,1.);
#5495 = DIRECTION('',(1.,0.));
#5496 = ( GEOMETRIC_REPRESENTATION_CONTEXT(2) 
PARAMETRIC_REPRESENTATION_CONTEXT() REPRESENTATION_CONTEXT('2D SPACE',''
  ) );
#5497 = PCURVE('',#424,#5498);
#5498 = DEFINITIONAL_REPRESENTATION('',(#5499),#5503);
#5499 = LINE('',#5500,#5501);
#5500 = CARTESIAN_POINT('',(-14.6,0.));
#5501 = VECTOR('',#5502,1.);
#5502 = DIRECTION('',(0.,1.));
#5503 = ( GEOMETRIC_REPRESENTATION_CONTEXT(2) 
PARAMETRIC_REPRESENTATION_CONTEXT() REPRESENTATION_CONTEXT('2D SPACE',''
  ) );
#5504 = ADVANCED_FACE('',(#5505),#322,.T.);
#5505 = FACE_BOUND('',#5506,.T.);
#5506 = EDGE_LOOP('',(#5507,#5508,#5509,#5510,#5511,#5512,#5513,#5514,
    #5542,#5569,#5596,#5623,#5650,#5677));
#5507 = ORIENTED_EDGE('',*,*,#306,.T.);
#5508 = ORIENTED_EDGE('',*,*,#439,.T.);
#5509 = ORIENTED_EDGE('',*,*,#793,.T.);
#5510 = ORIENTED_EDGE('',*,*,#918,.T.);
#5511 = ORIENTED_EDGE('',*,*,#944,.T.);
#5512 = ORIENTED_EDGE('',*,*,#864,.F.);
#5513 = ORIENTED_EDGE('',*,*,#677,.F.);
#5514 = ORIENTED_EDGE('',*,*,#5515,.F.);
#5515 = EDGE_CURVE('',#5516,#655,#5518,.T.);
#5516 = VERTEX_POINT('',#5517);
#5517 = CARTESIAN_POINT('',(254.5,240.,-7.6));
#5518 = SURFACE_CURVE('',#5519,(#5523,#5530),.PCURVE_S1.);
#5519 = LINE('',#5520,#5521);
#5520 = CARTESIAN_POINT('',(254.5,240.,-7.6));
#5521 = VECTOR('',#5522,1.);
#5522 = DIRECTION('',(1.,0.,-0.));
#5523 = PCURVE('',#322,#5524);
#5524 = DEFINITIONAL_REPRESENTATION('',(#5525),#5529);
#5525 = LINE('',#5526,#5527);
#5526 = CARTESIAN_POINT('',(0.4,14.5));
#5527 = VECTOR('',#5528,1.);
#5528 = DIRECTION('',(0.,1.));
#5529 = ( GEOMETRIC_REPRESENTATION_CONTEXT(2) 
PARAMETRIC_REPRESENTATION_CONTEXT() REPRESENTATION_CONTEXT('2D SPACE',''
  ) );
#5530 = PCURVE('',#5531,#5536);
#5531 = PLANE('',#5532);
#5532 = AXIS2_PLACEMENT_3D('',#5533,#5534,#5535);
#5533 = CARTESIAN_POINT('',(254.5,239.8,-7.8));
#5534 = DIRECTION('',(-3.474993633276E-18,-0.707106781187,0.707106781187
    ));
#5535 = DIRECTION('',(-1.,2.457191562669E-18,-2.457191562669E-18));
#5536 = DEFINITIONAL_REPRESENTATION('',(#5537),#5541);
#5537 = LINE('',#5538,#5539);
#5538 = CARTESIAN_POINT('',(-0.,-0.282842712475));
#5539 = VECTOR('',#5540,1.);
#5540 = DIRECTION('',(-1.,0.));
#5541 = ( GEOMETRIC_REPRESENTATION_CONTEXT(2) 
PARAMETRIC_REPRESENTATION_CONTEXT() REPRESENTATION_CONTEXT('2D SPACE',''
  ) );
#5542 = ORIENTED_EDGE('',*,*,#5543,.F.);
#5543 = EDGE_CURVE('',#5544,#5516,#5546,.T.);
#5544 = VERTEX_POINT('',#5545);
#5545 = CARTESIAN_POINT('',(254.5,240.,15.5));
#5546 = SURFACE_CURVE('',#5547,(#5551,#5558),.PCURVE_S1.);
#5547 = LINE('',#5548,#5549);
#5548 = CARTESIAN_POINT('',(254.5,240.,-8.));
#5549 = VECTOR('',#5550,1.);
#5550 = DIRECTION('',(-0.,0.,-1.));
#5551 = PCURVE('',#322,#5552);
#5552 = DEFINITIONAL_REPRESENTATION('',(#5553),#5557);
#5553 = LINE('',#5554,#5555);
#5554 = CARTESIAN_POINT('',(0.,14.5));
#5555 = VECTOR('',#5556,1.);
#5556 = DIRECTION('',(-1.,0.));
#5557 = ( GEOMETRIC_REPRESENTATION_CONTEXT(2) 
PARAMETRIC_REPRESENTATION_CONTEXT() REPRESENTATION_CONTEXT('2D SPACE',''
  ) );
#5558 = PCURVE('',#5559,#5564);
#5559 = PLANE('',#5560);
#5560 = AXIS2_PLACEMENT_3D('',#5561,#5562,#5563);
#5561 = CARTESIAN_POINT('',(254.5,239.95,-8.));
#5562 = DIRECTION('',(1.,0.,-0.));
#5563 = DIRECTION('',(0.,0.,1.));
#5564 = DEFINITIONAL_REPRESENTATION('',(#5565),#5568);
#5565 = B_SPLINE_CURVE_WITH_KNOTS('',1,(#5566,#5567),.UNSPECIFIED.,.F.,
  .F.,(2,2),(-23.5,0.),.PIECEWISE_BEZIER_KNOTS.);
#5566 = CARTESIAN_POINT('',(23.5,-5.000000000001E-02));
#5567 = CARTESIAN_POINT('',(0.,-5.000000000001E-02));
#5568 = ( GEOMETRIC_REPRESENTATION_CONTEXT(2) 
PARAMETRIC_REPRESENTATION_CONTEXT() REPRESENTATION_CONTEXT('2D SPACE',''
  ) );
#5569 = ORIENTED_EDGE('',*,*,#5570,.F.);
#5570 = EDGE_CURVE('',#5571,#5544,#5573,.T.);
#5571 = VERTEX_POINT('',#5572);
#5572 = CARTESIAN_POINT('',(254.45,240.,15.55));
#5573 = SURFACE_CURVE('',#5574,(#5578,#5585),.PCURVE_S1.);
#5574 = LINE('',#5575,#5576);
#5575 = CARTESIAN_POINT('',(256.625,240.,13.375));
#5576 = VECTOR('',#5577,1.);
#5577 = DIRECTION('',(0.707106781187,0.,-0.707106781187));
#5578 = PCURVE('',#322,#5579);
#5579 = DEFINITIONAL_REPRESENTATION('',(#5580),#5584);
#5580 = LINE('',#5581,#5582);
#5581 = CARTESIAN_POINT('',(21.375,16.625));
#5582 = VECTOR('',#5583,1.);
#5583 = DIRECTION('',(-0.707106781187,0.707106781187));
#5584 = ( GEOMETRIC_REPRESENTATION_CONTEXT(2) 
PARAMETRIC_REPRESENTATION_CONTEXT() REPRESENTATION_CONTEXT('2D SPACE',''
  ) );
#5585 = PCURVE('',#5586,#5591);
#5586 = PLANE('',#5587);
#5587 = AXIS2_PLACEMENT_3D('',#5588,#5589,#5590);
#5588 = CARTESIAN_POINT('',(254.25,239.95,15.75));
#5589 = DIRECTION('',(0.707106781187,0.,0.707106781187));
#5590 = DIRECTION('',(-0.,1.,0.));
#5591 = DEFINITIONAL_REPRESENTATION('',(#5592),#5595);
#5592 = B_SPLINE_CURVE_WITH_KNOTS('',1,(#5593,#5594),.UNSPECIFIED.,.F.,
  .F.,(2,2),(-3.712310601229,-3.005203820043),.PIECEWISE_BEZIER_KNOTS.);
#5593 = CARTESIAN_POINT('',(5.000000000001E-02,0.353553390593));
#5594 = CARTESIAN_POINT('',(5.000000000001E-02,-0.353553390593));
#5595 = ( GEOMETRIC_REPRESENTATION_CONTEXT(2) 
PARAMETRIC_REPRESENTATION_CONTEXT() REPRESENTATION_CONTEXT('2D SPACE',''
  ) );
#5596 = ORIENTED_EDGE('',*,*,#5597,.F.);
#5597 = EDGE_CURVE('',#5598,#5571,#5600,.T.);
#5598 = VERTEX_POINT('',#5599);
#5599 = CARTESIAN_POINT('',(245.55,240.,15.55));
#5600 = SURFACE_CURVE('',#5601,(#5605,#5612),.PCURVE_S1.);
#5601 = LINE('',#5602,#5603);
#5602 = CARTESIAN_POINT('',(242.75,240.,15.55));
#5603 = VECTOR('',#5604,1.);
#5604 = DIRECTION('',(1.,0.,0.));
#5605 = PCURVE('',#322,#5606);
#5606 = DEFINITIONAL_REPRESENTATION('',(#5607),#5611);
#5607 = LINE('',#5608,#5609);
#5608 = CARTESIAN_POINT('',(23.55,2.75));
#5609 = VECTOR('',#5610,1.);
#5610 = DIRECTION('',(0.,1.));
#5611 = ( GEOMETRIC_REPRESENTATION_CONTEXT(2) 
PARAMETRIC_REPRESENTATION_CONTEXT() REPRESENTATION_CONTEXT('2D SPACE',''
  ) );
#5612 = PCURVE('',#5613,#5618);
#5613 = PLANE('',#5614);
#5614 = AXIS2_PLACEMENT_3D('',#5615,#5616,#5617);
#5615 = CARTESIAN_POINT('',(245.5,240.2,15.75));
#5616 = DIRECTION('',(0.,0.707106781187,-0.707106781187));
#5617 = DIRECTION('',(-1.,0.,-0.));
#5618 = DEFINITIONAL_REPRESENTATION('',(#5619),#5622);
#5619 = B_SPLINE_CURVE_WITH_KNOTS('',1,(#5620,#5621),.UNSPECIFIED.,.F.,
  .F.,(2,2),(2.75,11.75),.PIECEWISE_BEZIER_KNOTS.);
#5620 = CARTESIAN_POINT('',(3.552713678801E-15,-0.282842712475));
#5621 = CARTESIAN_POINT('',(-9.,-0.282842712475));
#5622 = ( GEOMETRIC_REPRESENTATION_CONTEXT(2) 
PARAMETRIC_REPRESENTATION_CONTEXT() REPRESENTATION_CONTEXT('2D SPACE',''
  ) );
#5623 = ORIENTED_EDGE('',*,*,#5624,.T.);
#5624 = EDGE_CURVE('',#5598,#5625,#5627,.T.);
#5625 = VERTEX_POINT('',#5626);
#5626 = CARTESIAN_POINT('',(245.5,240.,15.5));
#5627 = SURFACE_CURVE('',#5628,(#5632,#5639),.PCURVE_S1.);
#5628 = LINE('',#5629,#5630);
#5629 = CARTESIAN_POINT('',(238.375,240.,8.375));
#5630 = VECTOR('',#5631,1.);
#5631 = DIRECTION('',(-0.707106781187,0.,-0.707106781187));
#5632 = PCURVE('',#322,#5633);
#5633 = DEFINITIONAL_REPRESENTATION('',(#5634),#5638);
#5634 = LINE('',#5635,#5636);
#5635 = CARTESIAN_POINT('',(16.375,-1.625));
#5636 = VECTOR('',#5637,1.);
#5637 = DIRECTION('',(-0.707106781187,-0.707106781187));
#5638 = ( GEOMETRIC_REPRESENTATION_CONTEXT(2) 
PARAMETRIC_REPRESENTATION_CONTEXT() REPRESENTATION_CONTEXT('2D SPACE',''
  ) );
#5639 = PCURVE('',#5640,#5645);
#5640 = PLANE('',#5641);
#5641 = AXIS2_PLACEMENT_3D('',#5642,#5643,#5644);
#5642 = CARTESIAN_POINT('',(245.75,239.95,15.75));
#5643 = DIRECTION('',(0.707106781187,0.,-0.707106781187));
#5644 = DIRECTION('',(0.,1.,0.));
#5645 = DEFINITIONAL_REPRESENTATION('',(#5646),#5649);
#5646 = B_SPLINE_CURVE_WITH_KNOTS('',1,(#5647,#5648),.UNSPECIFIED.,.F.,
  .F.,(2,2),(-10.78337841309,-10.0762716319),.PIECEWISE_BEZIER_KNOTS.);
#5647 = CARTESIAN_POINT('',(5.000000000001E-02,0.353553390593));
#5648 = CARTESIAN_POINT('',(5.000000000001E-02,-0.353553390593));
#5649 = ( GEOMETRIC_REPRESENTATION_CONTEXT(2) 
PARAMETRIC_REPRESENTATION_CONTEXT() REPRESENTATION_CONTEXT('2D SPACE',''
  ) );
#5650 = ORIENTED_EDGE('',*,*,#5651,.T.);
#5651 = EDGE_CURVE('',#5625,#5652,#5654,.T.);
#5652 = VERTEX_POINT('',#5653);
#5653 = CARTESIAN_POINT('',(245.5,240.,-7.6));
#5654 = SURFACE_CURVE('',#5655,(#5659,#5666),.PCURVE_S1.);
#5655 = LINE('',#5656,#5657);
#5656 = CARTESIAN_POINT('',(245.5,240.,-8.));
#5657 = VECTOR('',#5658,1.);
#5658 = DIRECTION('',(-0.,0.,-1.));
#5659 = PCURVE('',#322,#5660);
#5660 = DEFINITIONAL_REPRESENTATION('',(#5661),#5665);
#5661 = LINE('',#5662,#5663);
#5662 = CARTESIAN_POINT('',(0.,5.5));
#5663 = VECTOR('',#5664,1.);
#5664 = DIRECTION('',(-1.,0.));
#5665 = ( GEOMETRIC_REPRESENTATION_CONTEXT(2) 
PARAMETRIC_REPRESENTATION_CONTEXT() REPRESENTATION_CONTEXT('2D SPACE',''
  ) );
#5666 = PCURVE('',#5667,#5672);
#5667 = PLANE('',#5668);
#5668 = AXIS2_PLACEMENT_3D('',#5669,#5670,#5671);
#5669 = CARTESIAN_POINT('',(245.5,239.95,-8.));
#5670 = DIRECTION('',(1.,0.,-0.));
#5671 = DIRECTION('',(0.,0.,1.));
#5672 = DEFINITIONAL_REPRESENTATION('',(#5673),#5676);
#5673 = B_SPLINE_CURVE_WITH_KNOTS('',1,(#5674,#5675),.UNSPECIFIED.,.F.,
  .F.,(2,2),(-23.5,0.),.PIECEWISE_BEZIER_KNOTS.);
#5674 = CARTESIAN_POINT('',(23.5,-5.000000000001E-02));
#5675 = CARTESIAN_POINT('',(0.,-5.000000000001E-02));
#5676 = ( GEOMETRIC_REPRESENTATION_CONTEXT(2) 
PARAMETRIC_REPRESENTATION_CONTEXT() REPRESENTATION_CONTEXT('2D SPACE',''
  ) );
#5677 = ORIENTED_EDGE('',*,*,#5678,.F.);
#5678 = EDGE_CURVE('',#279,#5652,#5679,.T.);
#5679 = SURFACE_CURVE('',#5680,(#5684,#5691),.PCURVE_S1.);
#5680 = LINE('',#5681,#5682);
#5681 = CARTESIAN_POINT('',(225.,240.,-7.6));
#5682 = VECTOR('',#5683,1.);
#5683 = DIRECTION('',(1.,0.,0.));
#5684 = PCURVE('',#322,#5685);
#5685 = DEFINITIONAL_REPRESENTATION('',(#5686),#5690);
#5686 = LINE('',#5687,#5688);
#5687 = CARTESIAN_POINT('',(0.4,-15.));
#5688 = VECTOR('',#5689,1.);
#5689 = DIRECTION('',(0.,1.));
#5690 = ( GEOMETRIC_REPRESENTATION_CONTEXT(2) 
PARAMETRIC_REPRESENTATION_CONTEXT() REPRESENTATION_CONTEXT('2D SPACE',''
  ) );
#5691 = PCURVE('',#5472,#5692);
#5692 = DEFINITIONAL_REPRESENTATION('',(#5693),#5697);
#5693 = LINE('',#5694,#5695);
#5694 = CARTESIAN_POINT('',(-0.,-0.282842712475));
#5695 = VECTOR('',#5696,1.);
#5696 = DIRECTION('',(-1.,0.));
#5697 = ( GEOMETRIC_REPRESENTATION_CONTEXT(2) 
PARAMETRIC_REPRESENTATION_CONTEXT() REPRESENTATION_CONTEXT('2D SPACE',''
  ) );
#5698 = ADVANCED_FACE('',(#5699,#5854,#5885,#5991),#424,.F.);
#5699 = FACE_BOUND('',#5700,.F.);
#5700 = EDGE_LOOP('',(#5701,#5702,#5725,#5748,#5776,#5804,#5832,#5853));
#5701 = ORIENTED_EDGE('',*,*,#410,.T.);
#5702 = ORIENTED_EDGE('',*,*,#5703,.T.);
#5703 = EDGE_CURVE('',#383,#5704,#5706,.T.);
#5704 = VERTEX_POINT('',#5705);
#5705 = CARTESIAN_POINT('',(259.6,239.6,-8.));
#5706 = SURFACE_CURVE('',#5707,(#5711,#5718),.PCURVE_S1.);
#5707 = LINE('',#5708,#5709);
#5708 = CARTESIAN_POINT('',(259.6,0.,-8.));
#5709 = VECTOR('',#5710,1.);
#5710 = DIRECTION('',(-0.,1.,0.));
#5711 = PCURVE('',#424,#5712);
#5712 = DEFINITIONAL_REPRESENTATION('',(#5713),#5717);
#5713 = LINE('',#5714,#5715);
#5714 = CARTESIAN_POINT('',(19.6,0.));
#5715 = VECTOR('',#5716,1.);
#5716 = DIRECTION('',(0.,1.));
#5717 = ( GEOMETRIC_REPRESENTATION_CONTEXT(2) 
PARAMETRIC_REPRESENTATION_CONTEXT() REPRESENTATION_CONTEXT('2D SPACE',''
  ) );
#5718 = PCURVE('',#398,#5719);
#5719 = DEFINITIONAL_REPRESENTATION('',(#5720),#5724);
#5720 = LINE('',#5721,#5722);
#5721 = CARTESIAN_POINT('',(0.,0.282842712475));
#5722 = VECTOR('',#5723,1.);
#5723 = DIRECTION('',(1.,0.));
#5724 = ( GEOMETRIC_REPRESENTATION_CONTEXT(2) 
PARAMETRIC_REPRESENTATION_CONTEXT() REPRESENTATION_CONTEXT('2D SPACE',''
  ) );
#5725 = ORIENTED_EDGE('',*,*,#5726,.F.);
#5726 = EDGE_CURVE('',#5727,#5704,#5729,.T.);
#5727 = VERTEX_POINT('',#5728);
#5728 = CARTESIAN_POINT('',(254.1,239.6,-8.));
#5729 = SURFACE_CURVE('',#5730,(#5734,#5741),.PCURVE_S1.);
#5730 = LINE('',#5731,#5732);
#5731 = CARTESIAN_POINT('',(254.5,239.6,-8.));
#5732 = VECTOR('',#5733,1.);
#5733 = DIRECTION('',(1.,0.,-0.));
#5734 = PCURVE('',#424,#5735);
#5735 = DEFINITIONAL_REPRESENTATION('',(#5736),#5740);
#5736 = LINE('',#5737,#5738);
#5737 = CARTESIAN_POINT('',(14.5,239.6));
#5738 = VECTOR('',#5739,1.);
#5739 = DIRECTION('',(1.,0.));
#5740 = ( GEOMETRIC_REPRESENTATION_CONTEXT(2) 
PARAMETRIC_REPRESENTATION_CONTEXT() REPRESENTATION_CONTEXT('2D SPACE',''
  ) );
#5741 = PCURVE('',#5531,#5742);
#5742 = DEFINITIONAL_REPRESENTATION('',(#5743),#5747);
#5743 = LINE('',#5744,#5745);
#5744 = CARTESIAN_POINT('',(-0.,0.282842712475));
#5745 = VECTOR('',#5746,1.);
#5746 = DIRECTION('',(-1.,0.));
#5747 = ( GEOMETRIC_REPRESENTATION_CONTEXT(2) 
PARAMETRIC_REPRESENTATION_CONTEXT() REPRESENTATION_CONTEXT('2D SPACE',''
  ) );
#5748 = ORIENTED_EDGE('',*,*,#5749,.T.);
#5749 = EDGE_CURVE('',#5727,#5750,#5752,.T.);
#5750 = VERTEX_POINT('',#5751);
#5751 = CARTESIAN_POINT('',(254.1,246.65,-8.));
#5752 = SURFACE_CURVE('',#5753,(#5757,#5764),.PCURVE_S1.);
#5753 = LINE('',#5754,#5755);
#5754 = CARTESIAN_POINT('',(254.1,240.,-8.));
#5755 = VECTOR('',#5756,1.);
#5756 = DIRECTION('',(-0.,1.,0.));
#5757 = PCURVE('',#424,#5758);
#5758 = DEFINITIONAL_REPRESENTATION('',(#5759),#5763);
#5759 = LINE('',#5760,#5761);
#5760 = CARTESIAN_POINT('',(14.1,240.));
#5761 = VECTOR('',#5762,1.);
#5762 = DIRECTION('',(0.,1.));
#5763 = ( GEOMETRIC_REPRESENTATION_CONTEXT(2) 
PARAMETRIC_REPRESENTATION_CONTEXT() REPRESENTATION_CONTEXT('2D SPACE',''
  ) );
#5764 = PCURVE('',#5765,#5770);
#5765 = PLANE('',#5766);
#5766 = AXIS2_PLACEMENT_3D('',#5767,#5768,#5769);
#5767 = CARTESIAN_POINT('',(254.3,240.,-7.8));
#5768 = DIRECTION('',(-0.707106781187,3.474993633276E-18,0.707106781187)
  );
#5769 = DIRECTION('',(2.457191562669E-18,1.,-2.457191562669E-18));
#5770 = DEFINITIONAL_REPRESENTATION('',(#5771),#5775);
#5771 = LINE('',#5772,#5773);
#5772 = CARTESIAN_POINT('',(0.,0.282842712475));
#5773 = VECTOR('',#5774,1.);
#5774 = DIRECTION('',(1.,0.));
#5775 = ( GEOMETRIC_REPRESENTATION_CONTEXT(2) 
PARAMETRIC_REPRESENTATION_CONTEXT() REPRESENTATION_CONTEXT('2D SPACE',''
  ) );
#5776 = ORIENTED_EDGE('',*,*,#5777,.F.);
#5777 = EDGE_CURVE('',#5778,#5750,#5780,.T.);
#5778 = VERTEX_POINT('',#5779);
#5779 = CARTESIAN_POINT('',(245.9,246.65,-8.));
#5780 = SURFACE_CURVE('',#5781,(#5785,#5792),.PCURVE_S1.);
#5781 = LINE('',#5782,#5783);
#5782 = CARTESIAN_POINT('',(245.5,246.65,-8.));
#5783 = VECTOR('',#5784,1.);
#5784 = DIRECTION('',(1.,0.,-0.));
#5785 = PCURVE('',#424,#5786);
#5786 = DEFINITIONAL_REPRESENTATION('',(#5787),#5791);
#5787 = LINE('',#5788,#5789);
#5788 = CARTESIAN_POINT('',(5.5,246.65));
#5789 = VECTOR('',#5790,1.);
#5790 = DIRECTION('',(1.,0.));
#5791 = ( GEOMETRIC_REPRESENTATION_CONTEXT(2) 
PARAMETRIC_REPRESENTATION_CONTEXT() REPRESENTATION_CONTEXT('2D SPACE',''
  ) );
#5792 = PCURVE('',#5793,#5798);
#5793 = PLANE('',#5794);
#5794 = AXIS2_PLACEMENT_3D('',#5795,#5796,#5797);
#5795 = CARTESIAN_POINT('',(245.5,246.85,-7.8));
#5796 = DIRECTION('',(-3.474993633276E-18,-0.707106781187,0.707106781187
    ));
#5797 = DIRECTION('',(-1.,2.457191562669E-18,-2.457191562669E-18));
#5798 = DEFINITIONAL_REPRESENTATION('',(#5799),#5803);
#5799 = LINE('',#5800,#5801);
#5800 = CARTESIAN_POINT('',(-0.,0.282842712475));
#5801 = VECTOR('',#5802,1.);
#5802 = DIRECTION('',(-1.,0.));
#5803 = ( GEOMETRIC_REPRESENTATION_CONTEXT(2) 
PARAMETRIC_REPRESENTATION_CONTEXT() REPRESENTATION_CONTEXT('2D SPACE',''
  ) );
#5804 = ORIENTED_EDGE('',*,*,#5805,.F.);
#5805 = EDGE_CURVE('',#5806,#5778,#5808,.T.);
#5806 = VERTEX_POINT('',#5807);
#5807 = CARTESIAN_POINT('',(245.9,239.6,-8.));
#5808 = SURFACE_CURVE('',#5809,(#5813,#5820),.PCURVE_S1.);
#5809 = LINE('',#5810,#5811);
#5810 = CARTESIAN_POINT('',(245.9,240.,-8.));
#5811 = VECTOR('',#5812,1.);
#5812 = DIRECTION('',(-0.,1.,0.));
#5813 = PCURVE('',#424,#5814);
#5814 = DEFINITIONAL_REPRESENTATION('',(#5815),#5819);
#5815 = LINE('',#5816,#5817);
#5816 = CARTESIAN_POINT('',(5.9,240.));
#5817 = VECTOR('',#5818,1.);
#5818 = DIRECTION('',(0.,1.));
#5819 = ( GEOMETRIC_REPRESENTATION_CONTEXT(2) 
PARAMETRIC_REPRESENTATION_CONTEXT() REPRESENTATION_CONTEXT('2D SPACE',''
  ) );
#5820 = PCURVE('',#5821,#5826);
#5821 = PLANE('',#5822);
#5822 = AXIS2_PLACEMENT_3D('',#5823,#5824,#5825);
#5823 = CARTESIAN_POINT('',(245.7,240.,-7.8));
#5824 = DIRECTION('',(-0.707106781187,-3.474993633276E-18,
    -0.707106781187));
#5825 = DIRECTION('',(-2.457191562669E-18,1.,-2.457191562669E-18));
#5826 = DEFINITIONAL_REPRESENTATION('',(#5827),#5831);
#5827 = LINE('',#5828,#5829);
#5828 = CARTESIAN_POINT('',(0.,0.282842712475));
#5829 = VECTOR('',#5830,1.);
#5830 = DIRECTION('',(1.,0.));
#5831 = ( GEOMETRIC_REPRESENTATION_CONTEXT(2) 
PARAMETRIC_REPRESENTATION_CONTEXT() REPRESENTATION_CONTEXT('2D SPACE',''
  ) );
#5832 = ORIENTED_EDGE('',*,*,#5833,.F.);
#5833 = EDGE_CURVE('',#5457,#5806,#5834,.T.);
#5834 = SURFACE_CURVE('',#5835,(#5839,#5846),.PCURVE_S1.);
#5835 = LINE('',#5836,#5837);
#5836 = CARTESIAN_POINT('',(225.,239.6,-8.));
#5837 = VECTOR('',#5838,1.);
#5838 = DIRECTION('',(1.,0.,0.));
#5839 = PCURVE('',#424,#5840);
#5840 = DEFINITIONAL_REPRESENTATION('',(#5841),#5845);
#5841 = LINE('',#5842,#5843);
#5842 = CARTESIAN_POINT('',(-15.,239.6));
#5843 = VECTOR('',#5844,1.);
#5844 = DIRECTION('',(1.,0.));
#5845 = ( GEOMETRIC_REPRESENTATION_CONTEXT(2) 
PARAMETRIC_REPRESENTATION_CONTEXT() REPRESENTATION_CONTEXT('2D SPACE',''
  ) );
#5846 = PCURVE('',#5472,#5847);
#5847 = DEFINITIONAL_REPRESENTATION('',(#5848),#5852);
#5848 = LINE('',#5849,#5850);
#5849 = CARTESIAN_POINT('',(-0.,0.282842712475));
#5850 = VECTOR('',#5851,1.);
#5851 = DIRECTION('',(-1.,0.));
#5852 = ( GEOMETRIC_REPRESENTATION_CONTEXT(2) 
PARAMETRIC_REPRESENTATION_CONTEXT() REPRESENTATION_CONTEXT('2D SPACE',''
  ) );
#5853 = ORIENTED_EDGE('',*,*,#5484,.F.);
#5854 = FACE_BOUND('',#5855,.F.);
#5855 = EDGE_LOOP('',(#5856));
#5856 = ORIENTED_EDGE('',*,*,#5857,.F.);
#5857 = EDGE_CURVE('',#5858,#5858,#5860,.T.);
#5858 = VERTEX_POINT('',#5859);
#5859 = CARTESIAN_POINT('',(233.4,60.,-8.));
#5860 = SURFACE_CURVE('',#5861,(#5866,#5873),.PCURVE_S1.);
#5861 = CIRCLE('',#5862,3.4);
#5862 = AXIS2_PLACEMENT_3D('',#5863,#5864,#5865);
#5863 = CARTESIAN_POINT('',(230.,60.,-8.));
#5864 = DIRECTION('',(0.,0.,1.));
#5865 = DIRECTION('',(1.,0.,-0.));
#5866 = PCURVE('',#424,#5867);
#5867 = DEFINITIONAL_REPRESENTATION('',(#5868),#5872);
#5868 = CIRCLE('',#5869,3.4);
#5869 = AXIS2_PLACEMENT_2D('',#5870,#5871);
#5870 = CARTESIAN_POINT('',(-10.,60.));
#5871 = DIRECTION('',(1.,0.));
#5872 = ( GEOMETRIC_REPRESENTATION_CONTEXT(2) 
PARAMETRIC_REPRESENTATION_CONTEXT() REPRESENTATION_CONTEXT('2D SPACE',''
  ) );
#5873 = PCURVE('',#5874,#5879);
#5874 = CYLINDRICAL_SURFACE('',#5875,3.4);
#5875 = AXIS2_PLACEMENT_3D('',#5876,#5877,#5878);
#5876 = CARTESIAN_POINT('',(230.,60.,-8.1));
#5877 = DIRECTION('',(0.,0.,1.));
#5878 = DIRECTION('',(1.,0.,-0.));
#5879 = DEFINITIONAL_REPRESENTATION('',(#5880),#5884);
#5880 = LINE('',#5881,#5882);
#5881 = CARTESIAN_POINT('',(0.,1.E-01));
#5882 = VECTOR('',#5883,1.);
#5883 = DIRECTION('',(1.,0.));
#5884 = ( GEOMETRIC_REPRESENTATION_CONTEXT(2) 
PARAMETRIC_REPRESENTATION_CONTEXT() REPRESENTATION_CONTEXT('2D SPACE',''
  ) );
#5885 = FACE_BOUND('',#5886,.F.);
#5886 = EDGE_LOOP('',(#5887,#5915,#5941,#5967));
#5887 = ORIENTED_EDGE('',*,*,#5888,.T.);
#5888 = EDGE_CURVE('',#5889,#5891,#5893,.T.);
#5889 = VERTEX_POINT('',#5890);
#5890 = CARTESIAN_POINT('',(256.,105.,-8.));
#5891 = VERTEX_POINT('',#5892);
#5892 = CARTESIAN_POINT('',(244.,105.,-8.));
#5893 = SURFACE_CURVE('',#5894,(#5898,#5904),.PCURVE_S1.);
#5894 = LINE('',#5895,#5896);
#5895 = CARTESIAN_POINT('',(242.,105.,-8.));
#5896 = VECTOR('',#5897,1.);
#5897 = DIRECTION('',(-1.,-0.,0.));
#5898 = PCURVE('',#424,#5899);
#5899 = DEFINITIONAL_REPRESENTATION('',(#5900),#5903);
#5900 = B_SPLINE_CURVE_WITH_KNOTS('',1,(#5901,#5902),.UNSPECIFIED.,.F.,
  .F.,(2,2),(-14.,-2.),.PIECEWISE_BEZIER_KNOTS.);
#5901 = CARTESIAN_POINT('',(16.,105.));
#5902 = CARTESIAN_POINT('',(4.,105.));
#5903 = ( GEOMETRIC_REPRESENTATION_CONTEXT(2) 
PARAMETRIC_REPRESENTATION_CONTEXT() REPRESENTATION_CONTEXT('2D SPACE',''
  ) );
#5904 = PCURVE('',#5905,#5910);
#5905 = PLANE('',#5906);
#5906 = AXIS2_PLACEMENT_3D('',#5907,#5908,#5909);
#5907 = CARTESIAN_POINT('',(244.,105.,-8.05));
#5908 = DIRECTION('',(-0.,1.,0.));
#5909 = DIRECTION('',(0.,0.,1.));
#5910 = DEFINITIONAL_REPRESENTATION('',(#5911),#5914);
#5911 = B_SPLINE_CURVE_WITH_KNOTS('',1,(#5912,#5913),.UNSPECIFIED.,.F.,
  .F.,(2,2),(-14.,-2.),.PIECEWISE_BEZIER_KNOTS.);
#5912 = CARTESIAN_POINT('',(5.E-02,12.));
#5913 = CARTESIAN_POINT('',(5.E-02,0.));
#5914 = ( GEOMETRIC_REPRESENTATION_CONTEXT(2) 
PARAMETRIC_REPRESENTATION_CONTEXT() REPRESENTATION_CONTEXT('2D SPACE',''
  ) );
#5915 = ORIENTED_EDGE('',*,*,#5916,.T.);
#5916 = EDGE_CURVE('',#5891,#5917,#5919,.T.);
#5917 = VERTEX_POINT('',#5918);
#5918 = CARTESIAN_POINT('',(244.,135.,-8.));
#5919 = SURFACE_CURVE('',#5920,(#5924,#5930),.PCURVE_S1.);
#5920 = LINE('',#5921,#5922);
#5921 = CARTESIAN_POINT('',(244.,52.5,-8.));
#5922 = VECTOR('',#5923,1.);
#5923 = DIRECTION('',(-0.,1.,0.));
#5924 = PCURVE('',#424,#5925);
#5925 = DEFINITIONAL_REPRESENTATION('',(#5926),#5929);
#5926 = B_SPLINE_CURVE_WITH_KNOTS('',1,(#5927,#5928),.UNSPECIFIED.,.F.,
  .F.,(2,2),(52.5,82.5),.PIECEWISE_BEZIER_KNOTS.);
#5927 = CARTESIAN_POINT('',(4.,105.));
#5928 = CARTESIAN_POINT('',(4.,135.));
#5929 = ( GEOMETRIC_REPRESENTATION_CONTEXT(2) 
PARAMETRIC_REPRESENTATION_CONTEXT() REPRESENTATION_CONTEXT('2D SPACE',''
  ) );
#5930 = PCURVE('',#5931,#5936);
#5931 = PLANE('',#5932);
#5932 = AXIS2_PLACEMENT_3D('',#5933,#5934,#5935);
#5933 = CARTESIAN_POINT('',(244.,105.,-8.05));
#5934 = DIRECTION('',(1.,0.,-0.));
#5935 = DIRECTION('',(0.,0.,1.));
#5936 = DEFINITIONAL_REPRESENTATION('',(#5937),#5940);
#5937 = B_SPLINE_CURVE_WITH_KNOTS('',1,(#5938,#5939),.UNSPECIFIED.,.F.,
  .F.,(2,2),(52.5,82.5),.PIECEWISE_BEZIER_KNOTS.);
#5938 = CARTESIAN_POINT('',(5.E-02,0.));
#5939 = CARTESIAN_POINT('',(5.E-02,-30.));
#5940 = ( GEOMETRIC_REPRESENTATION_CONTEXT(2) 
PARAMETRIC_REPRESENTATION_CONTEXT() REPRESENTATION_CONTEXT('2D SPACE',''
  ) );
#5941 = ORIENTED_EDGE('',*,*,#5942,.F.);
#5942 = EDGE_CURVE('',#5943,#5917,#5945,.T.);
#5943 = VERTEX_POINT('',#5944);
#5944 = CARTESIAN_POINT('',(256.,135.,-8.));
#5945 = SURFACE_CURVE('',#5946,(#5950,#5956),.PCURVE_S1.);
#5946 = LINE('',#5947,#5948);
#5947 = CARTESIAN_POINT('',(242.,135.,-8.));
#5948 = VECTOR('',#5949,1.);
#5949 = DIRECTION('',(-1.,-0.,0.));
#5950 = PCURVE('',#424,#5951);
#5951 = DEFINITIONAL_REPRESENTATION('',(#5952),#5955);
#5952 = B_SPLINE_CURVE_WITH_KNOTS('',1,(#5953,#5954),.UNSPECIFIED.,.F.,
  .F.,(2,2),(-14.,-2.),.PIECEWISE_BEZIER_KNOTS.);
#5953 = CARTESIAN_POINT('',(16.,135.));
#5954 = CARTESIAN_POINT('',(4.,135.));
#5955 = ( GEOMETRIC_REPRESENTATION_CONTEXT(2) 
PARAMETRIC_REPRESENTATION_CONTEXT() REPRESENTATION_CONTEXT('2D SPACE',''
  ) );
#5956 = PCURVE('',#5957,#5962);
#5957 = PLANE('',#5958);
#5958 = AXIS2_PLACEMENT_3D('',#5959,#5960,#5961);
#5959 = CARTESIAN_POINT('',(244.,135.,-8.05));
#5960 = DIRECTION('',(-0.,1.,0.));
#5961 = DIRECTION('',(0.,0.,1.));
#5962 = DEFINITIONAL_REPRESENTATION('',(#5963),#5966);
#5963 = B_SPLINE_CURVE_WITH_KNOTS('',1,(#5964,#5965),.UNSPECIFIED.,.F.,
  .F.,(2,2),(-14.,-2.),.PIECEWISE_BEZIER_KNOTS.);
#5964 = CARTESIAN_POINT('',(5.E-02,12.));
#5965 = CARTESIAN_POINT('',(5.E-02,0.));
#5966 = ( GEOMETRIC_REPRESENTATION_CONTEXT(2) 
PARAMETRIC_REPRESENTATION_CONTEXT() REPRESENTATION_CONTEXT('2D SPACE',''
  ) );
#5967 = ORIENTED_EDGE('',*,*,#5968,.F.);
#5968 = EDGE_CURVE('',#5889,#5943,#5969,.T.);
#5969 = SURFACE_CURVE('',#5970,(#5974,#5980),.PCURVE_S1.);
#5970 = LINE('',#5971,#5972);
#5971 = CARTESIAN_POINT('',(256.,52.5,-8.));
#5972 = VECTOR('',#5973,1.);
#5973 = DIRECTION('',(-0.,1.,0.));
#5974 = PCURVE('',#424,#5975);
#5975 = DEFINITIONAL_REPRESENTATION('',(#5976),#5979);
#5976 = B_SPLINE_CURVE_WITH_KNOTS('',1,(#5977,#5978),.UNSPECIFIED.,.F.,
  .F.,(2,2),(52.5,82.5),.PIECEWISE_BEZIER_KNOTS.);
#5977 = CARTESIAN_POINT('',(16.,105.));
#5978 = CARTESIAN_POINT('',(16.,135.));
#5979 = ( GEOMETRIC_REPRESENTATION_CONTEXT(2) 
PARAMETRIC_REPRESENTATION_CONTEXT() REPRESENTATION_CONTEXT('2D SPACE',''
  ) );
#5980 = PCURVE('',#5981,#5986);
#5981 = PLANE('',#5982);
#5982 = AXIS2_PLACEMENT_3D('',#5983,#5984,#5985);
#5983 = CARTESIAN_POINT('',(256.,105.,-8.05));
#5984 = DIRECTION('',(1.,0.,-0.));
#5985 = DIRECTION('',(0.,0.,1.));
#5986 = DEFINITIONAL_REPRESENTATION('',(#5987),#5990);
#5987 = B_SPLINE_CURVE_WITH_KNOTS('',1,(#5988,#5989),.UNSPECIFIED.,.F.,
  .F.,(2,2),(52.5,82.5),.PIECEWISE_BEZIER_KNOTS.);
#5988 = CARTESIAN_POINT('',(5.E-02,0.));
#5989 = CARTESIAN_POINT('',(5.E-02,-30.));
#5990 = ( GEOMETRIC_REPRESENTATION_CONTEXT(2) 
PARAMETRIC_REPRESENTATION_CONTEXT() REPRESENTATION_CONTEXT('2D SPACE',''
  ) );
#5991 = FACE_BOUND('',#5992,.F.);
#5992 = EDGE_LOOP('',(#5993));
#5993 = ORIENTED_EDGE('',*,*,#5994,.F.);
#5994 = EDGE_CURVE('',#5995,#5995,#5997,.T.);
#5995 = VERTEX_POINT('',#5996);
#5996 = CARTESIAN_POINT('',(233.4,180.,-8.));
#5997 = SURFACE_CURVE('',#5998,(#6003,#6010),.PCURVE_S1.);
#5998 = CIRCLE('',#5999,3.4);
#5999 = AXIS2_PLACEMENT_3D('',#6000,#6001,#6002);
#6000 = CARTESIAN_POINT('',(230.,180.,-8.));
#6001 = DIRECTION('',(0.,0.,1.));
#6002 = DIRECTION('',(1.,0.,-0.));
#6003 = PCURVE('',#424,#6004);
#6004 = DEFINITIONAL_REPRESENTATION('',(#6005),#6009);
#6005 = CIRCLE('',#6006,3.4);
#6006 = AXIS2_PLACEMENT_2D('',#6007,#6008);
#6007 = CARTESIAN_POINT('',(-10.,180.));
#6008 = DIRECTION('',(1.,0.));
#6009 = ( GEOMETRIC_REPRESENTATION_CONTEXT(2) 
PARAMETRIC_REPRESENTATION_CONTEXT() REPRESENTATION_CONTEXT('2D SPACE',''
  ) );
#6010 = PCURVE('',#6011,#6016);
#6011 = CYLINDRICAL_SURFACE('',#6012,3.4);
#6012 = AXIS2_PLACEMENT_3D('',#6013,#6014,#6015);
#6013 = CARTESIAN_POINT('',(230.,180.,-8.1));
#6014 = DIRECTION('',(0.,0.,1.));
#6015 = DIRECTION('',(1.,0.,-0.));
#6016 = DEFINITIONAL_REPRESENTATION('',(#6017),#6021);
#6017 = LINE('',#6018,#6019);
#6018 = CARTESIAN_POINT('',(0.,1.E-01));
#6019 = VECTOR('',#6020,1.);
#6020 = DIRECTION('',(1.,0.));
#6021 = ( GEOMETRIC_REPRESENTATION_CONTEXT(2) 
PARAMETRIC_REPRESENTATION_CONTEXT() REPRESENTATION_CONTEXT('2D SPACE',''
  ) );
#6022 = ADVANCED_FACE('',(#6023),#398,.F.);
#6023 = FACE_BOUND('',#6024,.F.);
#6024 = EDGE_LOOP('',(#6025,#6026,#6027,#6048));
#6025 = ORIENTED_EDGE('',*,*,#382,.F.);
#6026 = ORIENTED_EDGE('',*,*,#654,.T.);
#6027 = ORIENTED_EDGE('',*,*,#6028,.T.);
#6028 = EDGE_CURVE('',#655,#5704,#6029,.T.);
#6029 = SURFACE_CURVE('',#6030,(#6034,#6041),.PCURVE_S1.);
#6030 = LINE('',#6031,#6032);
#6031 = CARTESIAN_POINT('',(218.95,198.94999999999,-48.65));
#6032 = VECTOR('',#6033,1.);
#6033 = DIRECTION('',(-0.57735026919,-0.57735026919,-0.57735026919));
#6034 = PCURVE('',#398,#6035);
#6035 = DEFINITIONAL_REPRESENTATION('',(#6036),#6040);
#6036 = LINE('',#6037,#6038);
#6037 = CARTESIAN_POINT('',(198.94999999999,57.770624022942));
#6038 = VECTOR('',#6039,1.);
#6039 = DIRECTION('',(-0.57735026919,0.816496580928));
#6040 = ( GEOMETRIC_REPRESENTATION_CONTEXT(2) 
PARAMETRIC_REPRESENTATION_CONTEXT() REPRESENTATION_CONTEXT('2D SPACE',''
  ) );
#6041 = PCURVE('',#5531,#6042);
#6042 = DEFINITIONAL_REPRESENTATION('',(#6043),#6047);
#6043 = LINE('',#6044,#6045);
#6044 = CARTESIAN_POINT('',(35.549999999999,57.770624022944));
#6045 = VECTOR('',#6046,1.);
#6046 = DIRECTION('',(0.57735026919,0.816496580928));
#6047 = ( GEOMETRIC_REPRESENTATION_CONTEXT(2) 
PARAMETRIC_REPRESENTATION_CONTEXT() REPRESENTATION_CONTEXT('2D SPACE',''
  ) );
#6048 = ORIENTED_EDGE('',*,*,#5703,.F.);
#6049 = ADVANCED_FACE('',(#6050),#557,.T.);
#6050 = FACE_BOUND('',#6051,.T.);
#6051 = EDGE_LOOP('',(#6052,#6053,#6081,#6102));
#6052 = ORIENTED_EDGE('',*,*,#541,.F.);
#6053 = ORIENTED_EDGE('',*,*,#6054,.T.);
#6054 = EDGE_CURVE('',#514,#6055,#6057,.T.);
#6055 = VERTEX_POINT('',#6056);
#6056 = CARTESIAN_POINT('',(236.5,236.,2.5));
#6057 = SURFACE_CURVE('',#6058,(#6062,#6069),.PCURVE_S1.);
#6058 = LINE('',#6059,#6060);
#6059 = CARTESIAN_POINT('',(236.5,236.,0.));
#6060 = VECTOR('',#6061,1.);
#6061 = DIRECTION('',(0.,0.,1.));
#6062 = PCURVE('',#557,#6063);
#6063 = DEFINITIONAL_REPRESENTATION('',(#6064),#6068);
#6064 = LINE('',#6065,#6066);
#6065 = CARTESIAN_POINT('',(0.,0.5));
#6066 = VECTOR('',#6067,1.);
#6067 = DIRECTION('',(1.,0.));
#6068 = ( GEOMETRIC_REPRESENTATION_CONTEXT(2) 
PARAMETRIC_REPRESENTATION_CONTEXT() REPRESENTATION_CONTEXT('2D SPACE',''
  ) );
#6069 = PCURVE('',#6070,#6075);
#6070 = PLANE('',#6071);
#6071 = AXIS2_PLACEMENT_3D('',#6072,#6073,#6074);
#6072 = CARTESIAN_POINT('',(236.25,235.75,0.));
#6073 = DIRECTION('',(0.707106781187,-0.707106781187,0.));
#6074 = DIRECTION('',(-0.,-0.,-1.));
#6075 = DEFINITIONAL_REPRESENTATION('',(#6076),#6080);
#6076 = LINE('',#6077,#6078);
#6077 = CARTESIAN_POINT('',(-0.,0.353553390593));
#6078 = VECTOR('',#6079,1.);
#6079 = DIRECTION('',(-1.,0.));
#6080 = ( GEOMETRIC_REPRESENTATION_CONTEXT(2) 
PARAMETRIC_REPRESENTATION_CONTEXT() REPRESENTATION_CONTEXT('2D SPACE',''
  ) );
#6081 = ORIENTED_EDGE('',*,*,#6082,.T.);
#6082 = EDGE_CURVE('',#6055,#748,#6083,.T.);
#6083 = SURFACE_CURVE('',#6084,(#6088,#6095),.PCURVE_S1.);
#6084 = LINE('',#6085,#6086);
#6085 = CARTESIAN_POINT('',(236.,236.,2.5));
#6086 = VECTOR('',#6087,1.);
#6087 = DIRECTION('',(1.,0.,-0.));
#6088 = PCURVE('',#557,#6089);
#6089 = DEFINITIONAL_REPRESENTATION('',(#6090),#6094);
#6090 = LINE('',#6091,#6092);
#6091 = CARTESIAN_POINT('',(2.5,0.));
#6092 = VECTOR('',#6093,1.);
#6093 = DIRECTION('',(0.,1.));
#6094 = ( GEOMETRIC_REPRESENTATION_CONTEXT(2) 
PARAMETRIC_REPRESENTATION_CONTEXT() REPRESENTATION_CONTEXT('2D SPACE',''
  ) );
#6095 = PCURVE('',#762,#6096);
#6096 = DEFINITIONAL_REPRESENTATION('',(#6097),#6101);
#6097 = LINE('',#6098,#6099);
#6098 = CARTESIAN_POINT('',(0.,232.));
#6099 = VECTOR('',#6100,1.);
#6100 = DIRECTION('',(1.,0.));
#6101 = ( GEOMETRIC_REPRESENTATION_CONTEXT(2) 
PARAMETRIC_REPRESENTATION_CONTEXT() REPRESENTATION_CONTEXT('2D SPACE',''
  ) );
#6102 = ORIENTED_EDGE('',*,*,#773,.F.);
#6103 = ADVANCED_FACE('',(#6104),#529,.T.);
#6104 = FACE_BOUND('',#6105,.T.);
#6105 = EDGE_LOOP('',(#6106,#6134,#6162,#6183));
#6106 = ORIENTED_EDGE('',*,*,#6107,.F.);
#6107 = EDGE_CURVE('',#6108,#486,#6110,.T.);
#6108 = VERTEX_POINT('',#6109);
#6109 = CARTESIAN_POINT('',(236.,4.5,0.5));
#6110 = SURFACE_CURVE('',#6111,(#6115,#6122),.PCURVE_S1.);
#6111 = LINE('',#6112,#6113);
#6112 = CARTESIAN_POINT('',(236.33333333333,4.166666666667,
    0.166666666667));
#6113 = VECTOR('',#6114,1.);
#6114 = DIRECTION('',(0.57735026919,-0.57735026919,-0.57735026919));
#6115 = PCURVE('',#529,#6116);
#6116 = DEFINITIONAL_REPRESENTATION('',(#6117),#6121);
#6117 = LINE('',#6118,#6119);
#6118 = CARTESIAN_POINT('',(0.166666666667,0.117851130198));
#6119 = VECTOR('',#6120,1.);
#6120 = DIRECTION('',(-0.57735026919,0.816496580928));
#6121 = ( GEOMETRIC_REPRESENTATION_CONTEXT(2) 
PARAMETRIC_REPRESENTATION_CONTEXT() REPRESENTATION_CONTEXT('2D SPACE',''
  ) );
#6122 = PCURVE('',#6123,#6128);
#6123 = PLANE('',#6124);
#6124 = AXIS2_PLACEMENT_3D('',#6125,#6126,#6127);
#6125 = CARTESIAN_POINT('',(236.25,4.25,0.));
#6126 = DIRECTION('',(-0.707106781187,-0.707106781187,0.));
#6127 = DIRECTION('',(-0.,-0.,-1.));
#6128 = DEFINITIONAL_REPRESENTATION('',(#6129),#6133);
#6129 = LINE('',#6130,#6131);
#6130 = CARTESIAN_POINT('',(-0.166666666667,0.117851130198));
#6131 = VECTOR('',#6132,1.);
#6132 = DIRECTION('',(0.57735026919,0.816496580928));
#6133 = ( GEOMETRIC_REPRESENTATION_CONTEXT(2) 
PARAMETRIC_REPRESENTATION_CONTEXT() REPRESENTATION_CONTEXT('2D SPACE',''
  ) );
#6134 = ORIENTED_EDGE('',*,*,#6135,.T.);
#6135 = EDGE_CURVE('',#6108,#6136,#6138,.T.);
#6136 = VERTEX_POINT('',#6137);
#6137 = CARTESIAN_POINT('',(236.,235.5,0.5));
#6138 = SURFACE_CURVE('',#6139,(#6143,#6150),.PCURVE_S1.);
#6139 = LINE('',#6140,#6141);
#6140 = CARTESIAN_POINT('',(236.,4.,0.5));
#6141 = VECTOR('',#6142,1.);
#6142 = DIRECTION('',(-0.,1.,0.));
#6143 = PCURVE('',#529,#6144);
#6144 = DEFINITIONAL_REPRESENTATION('',(#6145),#6149);
#6145 = LINE('',#6146,#6147);
#6146 = CARTESIAN_POINT('',(0.,-0.353553390593));
#6147 = VECTOR('',#6148,1.);
#6148 = DIRECTION('',(1.,0.));
#6149 = ( GEOMETRIC_REPRESENTATION_CONTEXT(2) 
PARAMETRIC_REPRESENTATION_CONTEXT() REPRESENTATION_CONTEXT('2D SPACE',''
  ) );
#6150 = PCURVE('',#6151,#6156);
#6151 = PLANE('',#6152);
#6152 = AXIS2_PLACEMENT_3D('',#6153,#6154,#6155);
#6153 = CARTESIAN_POINT('',(236.,4.,0.));
#6154 = DIRECTION('',(1.,0.,-0.));
#6155 = DIRECTION('',(0.,0.,1.));
#6156 = DEFINITIONAL_REPRESENTATION('',(#6157),#6161);
#6157 = LINE('',#6158,#6159);
#6158 = CARTESIAN_POINT('',(0.5,0.));
#6159 = VECTOR('',#6160,1.);
#6160 = DIRECTION('',(0.,-1.));
#6161 = ( GEOMETRIC_REPRESENTATION_CONTEXT(2) 
PARAMETRIC_REPRESENTATION_CONTEXT() REPRESENTATION_CONTEXT('2D SPACE',''
  ) );
#6162 = ORIENTED_EDGE('',*,*,#6163,.T.);
#6163 = EDGE_CURVE('',#6136,#514,#6164,.T.);
#6164 = SURFACE_CURVE('',#6165,(#6169,#6176),.PCURVE_S1.);
#6165 = LINE('',#6166,#6167);
#6166 = CARTESIAN_POINT('',(197.66666666666,197.16666666666,
    38.833333333333));
#6167 = VECTOR('',#6168,1.);
#6168 = DIRECTION('',(0.57735026919,0.57735026919,-0.57735026919));
#6169 = PCURVE('',#529,#6170);
#6170 = DEFINITIONAL_REPRESENTATION('',(#6171),#6175);
#6171 = LINE('',#6172,#6173);
#6172 = CARTESIAN_POINT('',(193.16666666666,-54.56507328156));
#6173 = VECTOR('',#6174,1.);
#6174 = DIRECTION('',(0.57735026919,0.816496580928));
#6175 = ( GEOMETRIC_REPRESENTATION_CONTEXT(2) 
PARAMETRIC_REPRESENTATION_CONTEXT() REPRESENTATION_CONTEXT('2D SPACE',''
  ) );
#6176 = PCURVE('',#6070,#6177);
#6177 = DEFINITIONAL_REPRESENTATION('',(#6178),#6182);
#6178 = LINE('',#6179,#6180);
#6179 = CARTESIAN_POINT('',(-38.83333333333,-54.56507328156));
#6180 = VECTOR('',#6181,1.);
#6181 = DIRECTION('',(0.57735026919,0.816496580928));
#6182 = ( GEOMETRIC_REPRESENTATION_CONTEXT(2) 
PARAMETRIC_REPRESENTATION_CONTEXT() REPRESENTATION_CONTEXT('2D SPACE',''
  ) );
#6183 = ORIENTED_EDGE('',*,*,#513,.F.);
#6184 = ADVANCED_FACE('',(#6185),#501,.F.);
#6185 = FACE_BOUND('',#6186,.F.);
#6186 = EDGE_LOOP('',(#6187,#6188,#6211,#6232));
#6187 = ORIENTED_EDGE('',*,*,#485,.F.);
#6188 = ORIENTED_EDGE('',*,*,#6189,.T.);
#6189 = EDGE_CURVE('',#486,#6190,#6192,.T.);
#6190 = VERTEX_POINT('',#6191);
#6191 = CARTESIAN_POINT('',(236.5,4.,2.5));
#6192 = SURFACE_CURVE('',#6193,(#6197,#6204),.PCURVE_S1.);
#6193 = LINE('',#6194,#6195);
#6194 = CARTESIAN_POINT('',(236.5,4.,0.));
#6195 = VECTOR('',#6196,1.);
#6196 = DIRECTION('',(0.,0.,1.));
#6197 = PCURVE('',#501,#6198);
#6198 = DEFINITIONAL_REPRESENTATION('',(#6199),#6203);
#6199 = LINE('',#6200,#6201);
#6200 = CARTESIAN_POINT('',(0.,0.5));
#6201 = VECTOR('',#6202,1.);
#6202 = DIRECTION('',(1.,0.));
#6203 = ( GEOMETRIC_REPRESENTATION_CONTEXT(2) 
PARAMETRIC_REPRESENTATION_CONTEXT() REPRESENTATION_CONTEXT('2D SPACE',''
  ) );
#6204 = PCURVE('',#6123,#6205);
#6205 = DEFINITIONAL_REPRESENTATION('',(#6206),#6210);
#6206 = LINE('',#6207,#6208);
#6207 = CARTESIAN_POINT('',(-0.,0.353553390593));
#6208 = VECTOR('',#6209,1.);
#6209 = DIRECTION('',(-1.,0.));
#6210 = ( GEOMETRIC_REPRESENTATION_CONTEXT(2) 
PARAMETRIC_REPRESENTATION_CONTEXT() REPRESENTATION_CONTEXT('2D SPACE',''
  ) );
#6211 = ORIENTED_EDGE('',*,*,#6212,.T.);
#6212 = EDGE_CURVE('',#6190,#727,#6213,.T.);
#6213 = SURFACE_CURVE('',#6214,(#6218,#6225),.PCURVE_S1.);
#6214 = LINE('',#6215,#6216);
#6215 = CARTESIAN_POINT('',(236.,4.,2.5));
#6216 = VECTOR('',#6217,1.);
#6217 = DIRECTION('',(1.,0.,-0.));
#6218 = PCURVE('',#501,#6219);
#6219 = DEFINITIONAL_REPRESENTATION('',(#6220),#6224);
#6220 = LINE('',#6221,#6222);
#6221 = CARTESIAN_POINT('',(2.5,0.));
#6222 = VECTOR('',#6223,1.);
#6223 = DIRECTION('',(0.,1.));
#6224 = ( GEOMETRIC_REPRESENTATION_CONTEXT(2) 
PARAMETRIC_REPRESENTATION_CONTEXT() REPRESENTATION_CONTEXT('2D SPACE',''
  ) );
#6225 = PCURVE('',#762,#6226);
#6226 = DEFINITIONAL_REPRESENTATION('',(#6227),#6231);
#6227 = LINE('',#6228,#6229);
#6228 = CARTESIAN_POINT('',(0.,0.));
#6229 = VECTOR('',#6230,1.);
#6230 = DIRECTION('',(1.,0.));
#6231 = ( GEOMETRIC_REPRESENTATION_CONTEXT(2) 
PARAMETRIC_REPRESENTATION_CONTEXT() REPRESENTATION_CONTEXT('2D SPACE',''
  ) );
#6232 = ORIENTED_EDGE('',*,*,#726,.F.);
#6233 = ADVANCED_FACE('',(#6234),#607,.F.);
#6234 = FACE_BOUND('',#6235,.F.);
#6235 = EDGE_LOOP('',(#6236,#6259,#6260,#6261));
#6236 = ORIENTED_EDGE('',*,*,#6237,.T.);
#6237 = EDGE_CURVE('',#6238,#591,#6240,.T.);
#6238 = VERTEX_POINT('',#6239);
#6239 = CARTESIAN_POINT('',(231.7,60.,-4.7));
#6240 = SEAM_CURVE('',#6241,(#6245,#6252),.PCURVE_S1.);
#6241 = LINE('',#6242,#6243);
#6242 = CARTESIAN_POINT('',(231.7,60.,-8.1));
#6243 = VECTOR('',#6244,1.);
#6244 = DIRECTION('',(0.,0.,1.));
#6245 = PCURVE('',#607,#6246);
#6246 = DEFINITIONAL_REPRESENTATION('',(#6247),#6251);
#6247 = LINE('',#6248,#6249);
#6248 = CARTESIAN_POINT('',(6.28318530718,-0.));
#6249 = VECTOR('',#6250,1.);
#6250 = DIRECTION('',(0.,1.));
#6251 = ( GEOMETRIC_REPRESENTATION_CONTEXT(2) 
PARAMETRIC_REPRESENTATION_CONTEXT() REPRESENTATION_CONTEXT('2D SPACE',''
  ) );
#6252 = PCURVE('',#607,#6253);
#6253 = DEFINITIONAL_REPRESENTATION('',(#6254),#6258);
#6254 = LINE('',#6255,#6256);
#6255 = CARTESIAN_POINT('',(0.,-0.));
#6256 = VECTOR('',#6257,1.);
#6257 = DIRECTION('',(0.,1.));
#6258 = ( GEOMETRIC_REPRESENTATION_CONTEXT(2) 
PARAMETRIC_REPRESENTATION_CONTEXT() REPRESENTATION_CONTEXT('2D SPACE',''
  ) );
#6259 = ORIENTED_EDGE('',*,*,#590,.F.);
#6260 = ORIENTED_EDGE('',*,*,#6237,.F.);
#6261 = ORIENTED_EDGE('',*,*,#6262,.T.);
#6262 = EDGE_CURVE('',#6238,#6238,#6263,.T.);
#6263 = SURFACE_CURVE('',#6264,(#6269,#6276),.PCURVE_S1.);
#6264 = CIRCLE('',#6265,1.7);
#6265 = AXIS2_PLACEMENT_3D('',#6266,#6267,#6268);
#6266 = CARTESIAN_POINT('',(230.,60.,-4.7));
#6267 = DIRECTION('',(0.,0.,1.));
#6268 = DIRECTION('',(1.,0.,-0.));
#6269 = PCURVE('',#607,#6270);
#6270 = DEFINITIONAL_REPRESENTATION('',(#6271),#6275);
#6271 = LINE('',#6272,#6273);
#6272 = CARTESIAN_POINT('',(0.,3.4));
#6273 = VECTOR('',#6274,1.);
#6274 = DIRECTION('',(1.,0.));
#6275 = ( GEOMETRIC_REPRESENTATION_CONTEXT(2) 
PARAMETRIC_REPRESENTATION_CONTEXT() REPRESENTATION_CONTEXT('2D SPACE',''
  ) );
#6276 = PCURVE('',#6277,#6282);
#6277 = PLANE('',#6278);
#6278 = AXIS2_PLACEMENT_3D('',#6279,#6280,#6281);
#6279 = CARTESIAN_POINT('',(230.,60.,-4.7));
#6280 = DIRECTION('',(0.,0.,1.));
#6281 = DIRECTION('',(1.,0.,-0.));
#6282 = DEFINITIONAL_REPRESENTATION('',(#6283),#6287);
#6283 = CIRCLE('',#6284,1.7);
#6284 = AXIS2_PLACEMENT_2D('',#6285,#6286);
#6285 = CARTESIAN_POINT('',(0.,0.));
#6286 = DIRECTION('',(1.,0.));
#6287 = ( GEOMETRIC_REPRESENTATION_CONTEXT(2) 
PARAMETRIC_REPRESENTATION_CONTEXT() REPRESENTATION_CONTEXT('2D SPACE',''
  ) );
#6288 = ADVANCED_FACE('',(#6289),#638,.F.);
#6289 = FACE_BOUND('',#6290,.F.);
#6290 = EDGE_LOOP('',(#6291,#6314,#6315,#6316));
#6291 = ORIENTED_EDGE('',*,*,#6292,.T.);
#6292 = EDGE_CURVE('',#6293,#622,#6295,.T.);
#6293 = VERTEX_POINT('',#6294);
#6294 = CARTESIAN_POINT('',(231.7,180.,-4.7));
#6295 = SEAM_CURVE('',#6296,(#6300,#6307),.PCURVE_S1.);
#6296 = LINE('',#6297,#6298);
#6297 = CARTESIAN_POINT('',(231.7,180.,-8.1));
#6298 = VECTOR('',#6299,1.);
#6299 = DIRECTION('',(0.,0.,1.));
#6300 = PCURVE('',#638,#6301);
#6301 = DEFINITIONAL_REPRESENTATION('',(#6302),#6306);
#6302 = LINE('',#6303,#6304);
#6303 = CARTESIAN_POINT('',(6.28318530718,-0.));
#6304 = VECTOR('',#6305,1.);
#6305 = DIRECTION('',(0.,1.));
#6306 = ( GEOMETRIC_REPRESENTATION_CONTEXT(2) 
PARAMETRIC_REPRESENTATION_CONTEXT() REPRESENTATION_CONTEXT('2D SPACE',''
  ) );
#6307 = PCURVE('',#638,#6308);
#6308 = DEFINITIONAL_REPRESENTATION('',(#6309),#6313);
#6309 = LINE('',#6310,#6311);
#6310 = CARTESIAN_POINT('',(0.,-0.));
#6311 = VECTOR('',#6312,1.);
#6312 = DIRECTION('',(0.,1.));
#6313 = ( GEOMETRIC_REPRESENTATION_CONTEXT(2) 
PARAMETRIC_REPRESENTATION_CONTEXT() REPRESENTATION_CONTEXT('2D SPACE',''
  ) );
#6314 = ORIENTED_EDGE('',*,*,#621,.F.);
#6315 = ORIENTED_EDGE('',*,*,#6292,.F.);
#6316 = ORIENTED_EDGE('',*,*,#6317,.T.);
#6317 = EDGE_CURVE('',#6293,#6293,#6318,.T.);
#6318 = SURFACE_CURVE('',#6319,(#6324,#6331),.PCURVE_S1.);
#6319 = CIRCLE('',#6320,1.7);
#6320 = AXIS2_PLACEMENT_3D('',#6321,#6322,#6323);
#6321 = CARTESIAN_POINT('',(230.,180.,-4.7));
#6322 = DIRECTION('',(0.,0.,1.));
#6323 = DIRECTION('',(1.,0.,-0.));
#6324 = PCURVE('',#638,#6325);
#6325 = DEFINITIONAL_REPRESENTATION('',(#6326),#6330);
#6326 = LINE('',#6327,#6328);
#6327 = CARTESIAN_POINT('',(0.,3.4));
#6328 = VECTOR('',#6329,1.);
#6329 = DIRECTION('',(1.,0.));
#6330 = ( GEOMETRIC_REPRESENTATION_CONTEXT(2) 
PARAMETRIC_REPRESENTATION_CONTEXT() REPRESENTATION_CONTEXT('2D SPACE',''
  ) );
#6331 = PCURVE('',#6332,#6337);
#6332 = PLANE('',#6333);
#6333 = AXIS2_PLACEMENT_3D('',#6334,#6335,#6336);
#6334 = CARTESIAN_POINT('',(230.,180.,-4.7));
#6335 = DIRECTION('',(0.,0.,1.));
#6336 = DIRECTION('',(1.,0.,-0.));
#6337 = DEFINITIONAL_REPRESENTATION('',(#6338),#6342);
#6338 = CIRCLE('',#6339,1.7);
#6339 = AXIS2_PLACEMENT_2D('',#6340,#6341);
#6340 = CARTESIAN_POINT('',(0.,0.));
#6341 = DIRECTION('',(1.,0.));
#6342 = ( GEOMETRIC_REPRESENTATION_CONTEXT(2) 
PARAMETRIC_REPRESENTATION_CONTEXT() REPRESENTATION_CONTEXT('2D SPACE',''
  ) );
#6343 = ADVANCED_FACE('',(#6344),#762,.T.);
#6344 = FACE_BOUND('',#6345,.T.);
#6345 = EDGE_LOOP('',(#6346,#6347,#6373,#6374));
#6346 = ORIENTED_EDGE('',*,*,#6082,.F.);
#6347 = ORIENTED_EDGE('',*,*,#6348,.F.);
#6348 = EDGE_CURVE('',#6190,#6055,#6349,.T.);
#6349 = SURFACE_CURVE('',#6350,(#6354,#6361),.PCURVE_S1.);
#6350 = LINE('',#6351,#6352);
#6351 = CARTESIAN_POINT('',(236.5,4.,2.5));
#6352 = VECTOR('',#6353,1.);
#6353 = DIRECTION('',(-0.,1.,0.));
#6354 = PCURVE('',#762,#6355);
#6355 = DEFINITIONAL_REPRESENTATION('',(#6356),#6360);
#6356 = LINE('',#6357,#6358);
#6357 = CARTESIAN_POINT('',(0.5,0.));
#6358 = VECTOR('',#6359,1.);
#6359 = DIRECTION('',(0.,1.));
#6360 = ( GEOMETRIC_REPRESENTATION_CONTEXT(2) 
PARAMETRIC_REPRESENTATION_CONTEXT() REPRESENTATION_CONTEXT('2D SPACE',''
  ) );
#6361 = PCURVE('',#6362,#6367);
#6362 = PLANE('',#6363);
#6363 = AXIS2_PLACEMENT_3D('',#6364,#6365,#6366);
#6364 = CARTESIAN_POINT('',(236.25,4.,2.25));
#6365 = DIRECTION('',(0.707106781187,0.,-0.707106781187));
#6366 = DIRECTION('',(0.,1.,0.));
#6367 = DEFINITIONAL_REPRESENTATION('',(#6368),#6372);
#6368 = LINE('',#6369,#6370);
#6369 = CARTESIAN_POINT('',(0.,0.353553390593));
#6370 = VECTOR('',#6371,1.);
#6371 = DIRECTION('',(1.,0.));
#6372 = ( GEOMETRIC_REPRESENTATION_CONTEXT(2) 
PARAMETRIC_REPRESENTATION_CONTEXT() REPRESENTATION_CONTEXT('2D SPACE',''
  ) );
#6373 = ORIENTED_EDGE('',*,*,#6212,.T.);
#6374 = ORIENTED_EDGE('',*,*,#747,.F.);
#6375 = ADVANCED_FACE('',(#6376),#987,.F.);
#6376 = FACE_BOUND('',#6377,.F.);
#6377 = EDGE_LOOP('',(#6378,#6408,#6429,#6430));
#6378 = ORIENTED_EDGE('',*,*,#6379,.F.);
#6379 = EDGE_CURVE('',#6380,#6382,#6384,.T.);
#6380 = VERTEX_POINT('',#6381);
#6381 = CARTESIAN_POINT('',(245.6090625,27.158623046875,18.2));
#6382 = VERTEX_POINT('',#6383);
#6383 = CARTESIAN_POINT('',(245.6090625,32.658759765625,18.2));
#6384 = SURFACE_CURVE('',#6385,(#6389,#6396),.PCURVE_S1.);
#6385 = LINE('',#6386,#6387);
#6386 = CARTESIAN_POINT('',(245.6090625,27.158623046875,18.2));
#6387 = VECTOR('',#6388,1.);
#6388 = DIRECTION('',(3.229659425273E-16,1.,0.));
#6389 = PCURVE('',#987,#6390);
#6390 = DEFINITIONAL_REPRESENTATION('',(#6391),#6395);
#6391 = LINE('',#6392,#6393);
#6392 = CARTESIAN_POINT('',(4.440892098501E-16,0.));
#6393 = VECTOR('',#6394,1.);
#6394 = DIRECTION('',(1.,0.));
#6395 = ( GEOMETRIC_REPRESENTATION_CONTEXT(2) 
PARAMETRIC_REPRESENTATION_CONTEXT() REPRESENTATION_CONTEXT('2D SPACE',''
  ) );
#6396 = PCURVE('',#6397,#6402);
#6397 = PLANE('',#6398);
#6398 = AXIS2_PLACEMENT_3D('',#6399,#6400,#6401);
#6399 = CARTESIAN_POINT('',(253.80810546875,26.173095703125,18.2));
#6400 = DIRECTION('',(0.,0.,1.));
#6401 = DIRECTION('',(2.22044604925E-16,1.,0.));
#6402 = DEFINITIONAL_REPRESENTATION('',(#6403),#6407);
#6403 = LINE('',#6404,#6405);
#6404 = CARTESIAN_POINT('',(0.98552734375,8.19904296875));
#6405 = VECTOR('',#6406,1.);
#6406 = DIRECTION('',(1.,-1.009213376023E-16));
#6407 = ( GEOMETRIC_REPRESENTATION_CONTEXT(2) 
PARAMETRIC_REPRESENTATION_CONTEXT() REPRESENTATION_CONTEXT('2D SPACE',''
  ) );
#6408 = ORIENTED_EDGE('',*,*,#6409,.T.);
#6409 = EDGE_CURVE('',#6380,#973,#6410,.T.);
#6410 = SURFACE_CURVE('',#6411,(#6415,#6422),.PCURVE_S1.);
#6411 = LINE('',#6412,#6413);
#6412 = CARTESIAN_POINT('',(245.6090625,27.158623046875,18.2));
#6413 = VECTOR('',#6414,1.);
#6414 = DIRECTION('',(0.,-0.,1.));
#6415 = PCURVE('',#987,#6416);
#6416 = DEFINITIONAL_REPRESENTATION('',(#6417),#6421);
#6417 = LINE('',#6418,#6419);
#6418 = CARTESIAN_POINT('',(0.,0.));
#6419 = VECTOR('',#6420,1.);
#6420 = DIRECTION('',(0.,-1.));
#6421 = ( GEOMETRIC_REPRESENTATION_CONTEXT(2) 
PARAMETRIC_REPRESENTATION_CONTEXT() REPRESENTATION_CONTEXT('2D SPACE',''
  ) );
#6422 = PCURVE('',#2289,#6423);
#6423 = DEFINITIONAL_REPRESENTATION('',(#6424),#6428);
#6424 = LINE('',#6425,#6426);
#6425 = CARTESIAN_POINT('',(4.87171875,0.));
#6426 = VECTOR('',#6427,1.);
#6427 = DIRECTION('',(0.,-1.));
#6428 = ( GEOMETRIC_REPRESENTATION_CONTEXT(2) 
PARAMETRIC_REPRESENTATION_CONTEXT() REPRESENTATION_CONTEXT('2D SPACE',''
  ) );
#6429 = ORIENTED_EDGE('',*,*,#970,.F.);
#6430 = ORIENTED_EDGE('',*,*,#6431,.F.);
#6431 = EDGE_CURVE('',#6382,#971,#6432,.T.);
#6432 = SURFACE_CURVE('',#6433,(#6437,#6444),.PCURVE_S1.);
#6433 = LINE('',#6434,#6435);
#6434 = CARTESIAN_POINT('',(245.6090625,32.658759765625,18.2));
#6435 = VECTOR('',#6436,1.);
#6436 = DIRECTION('',(0.,-0.,1.));
#6437 = PCURVE('',#987,#6438);
#6438 = DEFINITIONAL_REPRESENTATION('',(#6439),#6443);
#6439 = LINE('',#6440,#6441);
#6440 = CARTESIAN_POINT('',(5.50013671875,0.));
#6441 = VECTOR('',#6442,1.);
#6442 = DIRECTION('',(0.,-1.));
#6443 = ( GEOMETRIC_REPRESENTATION_CONTEXT(2) 
PARAMETRIC_REPRESENTATION_CONTEXT() REPRESENTATION_CONTEXT('2D SPACE',''
  ) );
#6444 = PCURVE('',#1013,#6445);
#6445 = DEFINITIONAL_REPRESENTATION('',(#6446),#6450);
#6446 = LINE('',#6447,#6448);
#6447 = CARTESIAN_POINT('',(-0.36,0.));
#6448 = VECTOR('',#6449,1.);
#6449 = DIRECTION('',(0.,-1.));
#6450 = ( GEOMETRIC_REPRESENTATION_CONTEXT(2) 
PARAMETRIC_REPRESENTATION_CONTEXT() REPRESENTATION_CONTEXT('2D SPACE',''
  ) );
#6451 = ADVANCED_FACE('',(#6452),#1013,.F.);
#6452 = FACE_BOUND('',#6453,.F.);
#6453 = EDGE_LOOP('',(#6454,#6477,#6478,#6479));
#6454 = ORIENTED_EDGE('',*,*,#6455,.F.);
#6455 = EDGE_CURVE('',#6382,#6456,#6458,.T.);
#6456 = VERTEX_POINT('',#6457);
#6457 = CARTESIAN_POINT('',(247.48908203125,32.658759765625,18.2));
#6458 = SURFACE_CURVE('',#6459,(#6463,#6470),.PCURVE_S1.);
#6459 = LINE('',#6460,#6461);
#6460 = CARTESIAN_POINT('',(245.6090625,32.658759765625,18.2));
#6461 = VECTOR('',#6462,1.);
#6462 = DIRECTION('',(1.,0.,0.));
#6463 = PCURVE('',#1013,#6464);
#6464 = DEFINITIONAL_REPRESENTATION('',(#6465),#6469);
#6465 = LINE('',#6466,#6467);
#6466 = CARTESIAN_POINT('',(-0.36,0.));
#6467 = VECTOR('',#6468,1.);
#6468 = DIRECTION('',(1.,0.));
#6469 = ( GEOMETRIC_REPRESENTATION_CONTEXT(2) 
PARAMETRIC_REPRESENTATION_CONTEXT() REPRESENTATION_CONTEXT('2D SPACE',''
  ) );
#6470 = PCURVE('',#6397,#6471);
#6471 = DEFINITIONAL_REPRESENTATION('',(#6472),#6476);
#6472 = LINE('',#6473,#6474);
#6473 = CARTESIAN_POINT('',(6.4856640625,8.19904296875));
#6474 = VECTOR('',#6475,1.);
#6475 = DIRECTION('',(2.22044604925E-16,-1.));
#6476 = ( GEOMETRIC_REPRESENTATION_CONTEXT(2) 
PARAMETRIC_REPRESENTATION_CONTEXT() REPRESENTATION_CONTEXT('2D SPACE',''
  ) );
#6477 = ORIENTED_EDGE('',*,*,#6431,.T.);
#6478 = ORIENTED_EDGE('',*,*,#998,.F.);
#6479 = ORIENTED_EDGE('',*,*,#6480,.F.);
#6480 = EDGE_CURVE('',#6456,#999,#6481,.T.);
#6481 = SURFACE_CURVE('',#6482,(#6486,#6493),.PCURVE_S1.);
#6482 = LINE('',#6483,#6484);
#6483 = CARTESIAN_POINT('',(247.48908203125,32.658759765625,18.2));
#6484 = VECTOR('',#6485,1.);
#6485 = DIRECTION('',(0.,-0.,1.));
#6486 = PCURVE('',#1013,#6487);
#6487 = DEFINITIONAL_REPRESENTATION('',(#6488),#6492);
#6488 = LINE('',#6489,#6490);
#6489 = CARTESIAN_POINT('',(1.52001953125,0.));
#6490 = VECTOR('',#6491,1.);
#6491 = DIRECTION('',(0.,-1.));
#6492 = ( GEOMETRIC_REPRESENTATION_CONTEXT(2) 
PARAMETRIC_REPRESENTATION_CONTEXT() REPRESENTATION_CONTEXT('2D SPACE',''
  ) );
#6493 = PCURVE('',#1039,#6494);
#6494 = DEFINITIONAL_REPRESENTATION('',(#6495),#6499);
#6495 = LINE('',#6496,#6497);
#6496 = CARTESIAN_POINT('',(0.,0.));
#6497 = VECTOR('',#6498,1.);
#6498 = DIRECTION('',(0.,-1.));
#6499 = ( GEOMETRIC_REPRESENTATION_CONTEXT(2) 
PARAMETRIC_REPRESENTATION_CONTEXT() REPRESENTATION_CONTEXT('2D SPACE',''
  ) );
#6500 = ADVANCED_FACE('',(#6501),#2289,.F.);
#6501 = FACE_BOUND('',#6502,.F.);
#6502 = EDGE_LOOP('',(#6503,#6526,#6547,#6548));
#6503 = ORIENTED_EDGE('',*,*,#6504,.F.);
#6504 = EDGE_CURVE('',#6505,#6380,#6507,.T.);
#6505 = VERTEX_POINT('',#6506);
#6506 = CARTESIAN_POINT('',(250.48078125,27.158623046875,18.2));
#6507 = SURFACE_CURVE('',#6508,(#6512,#6519),.PCURVE_S1.);
#6508 = LINE('',#6509,#6510);
#6509 = CARTESIAN_POINT('',(250.48078125,27.158623046875,18.2));
#6510 = VECTOR('',#6511,1.);
#6511 = DIRECTION('',(-1.,1.823131558447E-16,0.));
#6512 = PCURVE('',#2289,#6513);
#6513 = DEFINITIONAL_REPRESENTATION('',(#6514),#6518);
#6514 = LINE('',#6515,#6516);
#6515 = CARTESIAN_POINT('',(-1.665334536938E-16,0.));
#6516 = VECTOR('',#6517,1.);
#6517 = DIRECTION('',(1.,0.));
#6518 = ( GEOMETRIC_REPRESENTATION_CONTEXT(2) 
PARAMETRIC_REPRESENTATION_CONTEXT() REPRESENTATION_CONTEXT('2D SPACE',''
  ) );
#6519 = PCURVE('',#6397,#6520);
#6520 = DEFINITIONAL_REPRESENTATION('',(#6521),#6525);
#6521 = LINE('',#6522,#6523);
#6522 = CARTESIAN_POINT('',(0.98552734375,3.32732421875));
#6523 = VECTOR('',#6524,1.);
#6524 = DIRECTION('',(-3.973144908037E-17,1.));
#6525 = ( GEOMETRIC_REPRESENTATION_CONTEXT(2) 
PARAMETRIC_REPRESENTATION_CONTEXT() REPRESENTATION_CONTEXT('2D SPACE',''
  ) );
#6526 = ORIENTED_EDGE('',*,*,#6527,.T.);
#6527 = EDGE_CURVE('',#6505,#2241,#6528,.T.);
#6528 = SURFACE_CURVE('',#6529,(#6533,#6540),.PCURVE_S1.);
#6529 = LINE('',#6530,#6531);
#6530 = CARTESIAN_POINT('',(250.48078125,27.158623046875,18.2));
#6531 = VECTOR('',#6532,1.);
#6532 = DIRECTION('',(0.,-0.,1.));
#6533 = PCURVE('',#2289,#6534);
#6534 = DEFINITIONAL_REPRESENTATION('',(#6535),#6539);
#6535 = LINE('',#6536,#6537);
#6536 = CARTESIAN_POINT('',(0.,0.));
#6537 = VECTOR('',#6538,1.);
#6538 = DIRECTION('',(0.,-1.));
#6539 = ( GEOMETRIC_REPRESENTATION_CONTEXT(2) 
PARAMETRIC_REPRESENTATION_CONTEXT() REPRESENTATION_CONTEXT('2D SPACE',''
  ) );
#6540 = PCURVE('',#2260,#6541);
#6541 = DEFINITIONAL_REPRESENTATION('',(#6542),#6546);
#6542 = LINE('',#6543,#6544);
#6543 = CARTESIAN_POINT('',(1.,0.));
#6544 = VECTOR('',#6545,1.);
#6545 = DIRECTION('',(0.,-1.));
#6546 = ( GEOMETRIC_REPRESENTATION_CONTEXT(2) 
PARAMETRIC_REPRESENTATION_CONTEXT() REPRESENTATION_CONTEXT('2D SPACE',''
  ) );
#6547 = ORIENTED_EDGE('',*,*,#2276,.F.);
#6548 = ORIENTED_EDGE('',*,*,#6409,.F.);
#6549 = ADVANCED_FACE('',(#6550),#1039,.F.);
#6550 = FACE_BOUND('',#6551,.F.);
#6551 = EDGE_LOOP('',(#6552,#6575,#6576,#6577));
#6552 = ORIENTED_EDGE('',*,*,#6553,.F.);
#6553 = EDGE_CURVE('',#6456,#6554,#6556,.T.);
#6554 = VERTEX_POINT('',#6555);
#6555 = CARTESIAN_POINT('',(247.48908203125,29.167548828125,18.2));
#6556 = SURFACE_CURVE('',#6557,(#6561,#6568),.PCURVE_S1.);
#6557 = LINE('',#6558,#6559);
#6558 = CARTESIAN_POINT('',(247.48908203125,32.658759765625,18.2));
#6559 = VECTOR('',#6560,1.);
#6560 = DIRECTION('',(-2.54404112384E-16,-1.,0.));
#6561 = PCURVE('',#1039,#6562);
#6562 = DEFINITIONAL_REPRESENTATION('',(#6563),#6567);
#6563 = LINE('',#6564,#6565);
#6564 = CARTESIAN_POINT('',(0.,0.));
#6565 = VECTOR('',#6566,1.);
#6566 = DIRECTION('',(1.,0.));
#6567 = ( GEOMETRIC_REPRESENTATION_CONTEXT(2) 
PARAMETRIC_REPRESENTATION_CONTEXT() REPRESENTATION_CONTEXT('2D SPACE',''
  ) );
#6568 = PCURVE('',#6397,#6569);
#6569 = DEFINITIONAL_REPRESENTATION('',(#6570),#6574);
#6570 = LINE('',#6571,#6572);
#6571 = CARTESIAN_POINT('',(6.4856640625,6.3190234375));
#6572 = VECTOR('',#6573,1.);
#6573 = DIRECTION('',(-1.,3.2359507459E-17));
#6574 = ( GEOMETRIC_REPRESENTATION_CONTEXT(2) 
PARAMETRIC_REPRESENTATION_CONTEXT() REPRESENTATION_CONTEXT('2D SPACE',''
  ) );
#6575 = ORIENTED_EDGE('',*,*,#6480,.T.);
#6576 = ORIENTED_EDGE('',*,*,#1024,.F.);
#6577 = ORIENTED_EDGE('',*,*,#6578,.F.);
#6578 = EDGE_CURVE('',#6554,#1025,#6579,.T.);
#6579 = SURFACE_CURVE('',#6580,(#6584,#6591),.PCURVE_S1.);
#6580 = LINE('',#6581,#6582);
#6581 = CARTESIAN_POINT('',(247.48908203125,29.167548828125,18.2));
#6582 = VECTOR('',#6583,1.);
#6583 = DIRECTION('',(0.,-0.,1.));
#6584 = PCURVE('',#1039,#6585);
#6585 = DEFINITIONAL_REPRESENTATION('',(#6586),#6590);
#6586 = LINE('',#6587,#6588);
#6587 = CARTESIAN_POINT('',(3.4912109375,0.));
#6588 = VECTOR('',#6589,1.);
#6589 = DIRECTION('',(0.,-1.));
#6590 = ( GEOMETRIC_REPRESENTATION_CONTEXT(2) 
PARAMETRIC_REPRESENTATION_CONTEXT() REPRESENTATION_CONTEXT('2D SPACE',''
  ) );
#6591 = PCURVE('',#1065,#6592);
#6592 = DEFINITIONAL_REPRESENTATION('',(#6593),#6597);
#6593 = LINE('',#6594,#6595);
#6594 = CARTESIAN_POINT('',(0.,0.));
#6595 = VECTOR('',#6596,1.);
#6596 = DIRECTION('',(0.,-1.));
#6597 = ( GEOMETRIC_REPRESENTATION_CONTEXT(2) 
PARAMETRIC_REPRESENTATION_CONTEXT() REPRESENTATION_CONTEXT('2D SPACE',''
  ) );
#6598 = ADVANCED_FACE('',(#6599),#2260,.F.);
#6599 = FACE_BOUND('',#6600,.F.);
#6600 = EDGE_LOOP('',(#6601,#6624,#6651,#6652));
#6601 = ORIENTED_EDGE('',*,*,#6602,.F.);
#6602 = EDGE_CURVE('',#6603,#6505,#6605,.T.);
#6603 = VERTEX_POINT('',#6604);
#6604 = CARTESIAN_POINT('',(250.34030505597,27.518623046875,18.2));
#6605 = SURFACE_CURVE('',#6606,(#6610,#6617),.PCURVE_S1.);
#6606 = B_SPLINE_CURVE_WITH_KNOTS('',2,(#6607,#6608,#6609),
  .UNSPECIFIED.,.F.,.F.,(3,3),(0.,1.),.PIECEWISE_BEZIER_KNOTS.);
#6607 = CARTESIAN_POINT('',(250.12360351562,28.243583984375,18.2));
#6608 = CARTESIAN_POINT('',(250.23908203125,27.738701171875,18.2));
#6609 = CARTESIAN_POINT('',(250.48078125,27.158623046875,18.2));
#6610 = PCURVE('',#2260,#6611);
#6611 = DEFINITIONAL_REPRESENTATION('',(#6612),#6616);
#6612 = LINE('',#6613,#6614);
#6613 = CARTESIAN_POINT('',(0.,0.));
#6614 = VECTOR('',#6615,1.);
#6615 = DIRECTION('',(1.,0.));
#6616 = ( GEOMETRIC_REPRESENTATION_CONTEXT(2) 
PARAMETRIC_REPRESENTATION_CONTEXT() REPRESENTATION_CONTEXT('2D SPACE',''
  ) );
#6617 = PCURVE('',#6397,#6618);
#6618 = DEFINITIONAL_REPRESENTATION('',(#6619),#6623);
#6619 = B_SPLINE_CURVE_WITH_KNOTS('',2,(#6620,#6621,#6622),
  .UNSPECIFIED.,.F.,.F.,(3,3),(0.,1.),.PIECEWISE_BEZIER_KNOTS.);
#6620 = CARTESIAN_POINT('',(2.07048828125,3.684501953125));
#6621 = CARTESIAN_POINT('',(1.56560546875,3.5690234375));
#6622 = CARTESIAN_POINT('',(0.98552734375,3.32732421875));
#6623 = ( GEOMETRIC_REPRESENTATION_CONTEXT(2) 
PARAMETRIC_REPRESENTATION_CONTEXT() REPRESENTATION_CONTEXT('2D SPACE',''
  ) );
#6624 = ORIENTED_EDGE('',*,*,#6625,.F.);
#6625 = EDGE_CURVE('',#2215,#6603,#6626,.T.);
#6626 = SURFACE_CURVE('',#6627,(#6633,#6642),.PCURVE_S1.);
#6627 = B_SPLINE_CURVE_WITH_KNOTS('',4,(#6628,#6629,#6630,#6631,#6632),
  .UNSPECIFIED.,.F.,.F.,(5,5),(0.,1.),.PIECEWISE_BEZIER_KNOTS.);
#6628 = CARTESIAN_POINT('',(250.34030505597,27.518623046875,19.8));
#6629 = CARTESIAN_POINT('',(250.34030505597,27.518623046875,
    19.40000000004));
#6630 = CARTESIAN_POINT('',(250.34030505597,27.518623046875,19.));
#6631 = CARTESIAN_POINT('',(250.34030505597,27.518623046875,
    18.59999999996));
#6632 = CARTESIAN_POINT('',(250.34030505597,27.518623046875,18.2));
#6633 = PCURVE('',#2260,#6634);
#6634 = DEFINITIONAL_REPRESENTATION('',(#6635),#6641);
#6635 = B_SPLINE_CURVE_WITH_KNOTS('',4,(#6636,#6637,#6638,#6639,#6640),
  .UNSPECIFIED.,.F.,.F.,(5,5),(0.,1.),.PIECEWISE_BEZIER_KNOTS.);
#6636 = CARTESIAN_POINT('',(0.683191667505,-1.59999999984));
#6637 = CARTESIAN_POINT('',(0.683191667505,-1.19999999988));
#6638 = CARTESIAN_POINT('',(0.683191667505,-0.8));
#6639 = CARTESIAN_POINT('',(0.683191667505,-0.40000000012));
#6640 = CARTESIAN_POINT('',(0.683191667505,-1.599400611951E-10));
#6641 = ( GEOMETRIC_REPRESENTATION_CONTEXT(2) 
PARAMETRIC_REPRESENTATION_CONTEXT() REPRESENTATION_CONTEXT('2D SPACE',''
  ) );
#6642 = PCURVE('',#2229,#6643);
#6643 = DEFINITIONAL_REPRESENTATION('',(#6644),#6650);
#6644 = B_SPLINE_CURVE_WITH_KNOTS('',4,(#6645,#6646,#6647,#6648,#6649),
  .UNSPECIFIED.,.F.,.F.,(5,5),(0.,1.),.PIECEWISE_BEZIER_KNOTS.);
#6645 = CARTESIAN_POINT('',(0.140476194028,-1.6));
#6646 = CARTESIAN_POINT('',(0.140476194028,-1.20000000004));
#6647 = CARTESIAN_POINT('',(0.140476194028,-0.8));
#6648 = CARTESIAN_POINT('',(0.140476194028,-0.39999999996));
#6649 = CARTESIAN_POINT('',(0.140476194028,0.));
#6650 = ( GEOMETRIC_REPRESENTATION_CONTEXT(2) 
PARAMETRIC_REPRESENTATION_CONTEXT() REPRESENTATION_CONTEXT('2D SPACE',''
  ) );
#6651 = ORIENTED_EDGE('',*,*,#2240,.F.);
#6652 = ORIENTED_EDGE('',*,*,#6527,.F.);
#6653 = ADVANCED_FACE('',(#6654),#1065,.F.);
#6654 = FACE_BOUND('',#6655,.F.);
#6655 = EDGE_LOOP('',(#6656,#6679,#6680,#6681));
#6656 = ORIENTED_EDGE('',*,*,#6657,.F.);
#6657 = EDGE_CURVE('',#6554,#6658,#6660,.T.);
#6658 = VERTEX_POINT('',#6659);
#6659 = CARTESIAN_POINT('',(248.28903457087,29.167548828125,18.2));
#6660 = SURFACE_CURVE('',#6661,(#6665,#6672),.PCURVE_S1.);
#6661 = LINE('',#6662,#6663);
#6662 = CARTESIAN_POINT('',(247.48908203125,29.167548828125,18.2));
#6663 = VECTOR('',#6664,1.);
#6664 = DIRECTION('',(1.,-2.22044604925E-16,0.));
#6665 = PCURVE('',#1065,#6666);
#6666 = DEFINITIONAL_REPRESENTATION('',(#6667),#6671);
#6667 = LINE('',#6668,#6669);
#6668 = CARTESIAN_POINT('',(0.,0.));
#6669 = VECTOR('',#6670,1.);
#6670 = DIRECTION('',(1.,0.));
#6671 = ( GEOMETRIC_REPRESENTATION_CONTEXT(2) 
PARAMETRIC_REPRESENTATION_CONTEXT() REPRESENTATION_CONTEXT('2D SPACE',''
  ) );
#6672 = PCURVE('',#6397,#6673);
#6673 = DEFINITIONAL_REPRESENTATION('',(#6674),#6678);
#6674 = LINE('',#6675,#6676);
#6675 = CARTESIAN_POINT('',(2.994453125,6.3190234375));
#6676 = VECTOR('',#6677,1.);
#6677 = DIRECTION('',(0.,-1.));
#6678 = ( GEOMETRIC_REPRESENTATION_CONTEXT(2) 
PARAMETRIC_REPRESENTATION_CONTEXT() REPRESENTATION_CONTEXT('2D SPACE',''
  ) );
#6679 = ORIENTED_EDGE('',*,*,#6578,.T.);
#6680 = ORIENTED_EDGE('',*,*,#1050,.F.);
#6681 = ORIENTED_EDGE('',*,*,#6682,.T.);
#6682 = EDGE_CURVE('',#1051,#6658,#6683,.T.);
#6683 = SURFACE_CURVE('',#6684,(#6690,#6699),.PCURVE_S1.);
#6684 = B_SPLINE_CURVE_WITH_KNOTS('',4,(#6685,#6686,#6687,#6688,#6689),
  .UNSPECIFIED.,.F.,.F.,(5,5),(0.,1.),.PIECEWISE_BEZIER_KNOTS.);
#6685 = CARTESIAN_POINT('',(248.28903457087,29.167548828125,19.8));
#6686 = CARTESIAN_POINT('',(248.28903457087,29.167548828125,
    19.40000000004));
#6687 = CARTESIAN_POINT('',(248.28903457087,29.167548828125,19.));
#6688 = CARTESIAN_POINT('',(248.28903457087,29.167548828125,
    18.59999999996));
#6689 = CARTESIAN_POINT('',(248.28903457087,29.167548828125,18.2));
#6690 = PCURVE('',#1065,#6691);
#6691 = DEFINITIONAL_REPRESENTATION('',(#6692),#6698);
#6692 = B_SPLINE_CURVE_WITH_KNOTS('',4,(#6693,#6694,#6695,#6696,#6697),
  .UNSPECIFIED.,.F.,.F.,(5,5),(0.,1.),.PIECEWISE_BEZIER_KNOTS.);
#6693 = CARTESIAN_POINT('',(0.799952539626,-1.6));
#6694 = CARTESIAN_POINT('',(0.799952539626,-1.20000000004));
#6695 = CARTESIAN_POINT('',(0.799952539626,-0.8));
#6696 = CARTESIAN_POINT('',(0.799952539626,-0.39999999996));
#6697 = CARTESIAN_POINT('',(0.799952539626,0.));
#6698 = ( GEOMETRIC_REPRESENTATION_CONTEXT(2) 
PARAMETRIC_REPRESENTATION_CONTEXT() REPRESENTATION_CONTEXT('2D SPACE',''
  ) );
#6699 = PCURVE('',#1096,#6700);
#6700 = DEFINITIONAL_REPRESENTATION('',(#6701),#6707);
#6701 = B_SPLINE_CURVE_WITH_KNOTS('',4,(#6702,#6703,#6704,#6705,#6706),
  .UNSPECIFIED.,.F.,.F.,(5,5),(0.,1.),.PIECEWISE_BEZIER_KNOTS.);
#6702 = CARTESIAN_POINT('',(0.758385007226,-1.59999999984));
#6703 = CARTESIAN_POINT('',(0.758385007226,-1.19999999988));
#6704 = CARTESIAN_POINT('',(0.758385007226,-0.8));
#6705 = CARTESIAN_POINT('',(0.758385007226,-0.40000000012));
#6706 = CARTESIAN_POINT('',(0.758385007226,-1.599400611951E-10));
#6707 = ( GEOMETRIC_REPRESENTATION_CONTEXT(2) 
PARAMETRIC_REPRESENTATION_CONTEXT() REPRESENTATION_CONTEXT('2D SPACE',''
  ) );
#6708 = ADVANCED_FACE('',(#6709),#2229,.F.);
#6709 = FACE_BOUND('',#6710,.F.);
#6710 = EDGE_LOOP('',(#6711,#6734,#6755,#6756));
#6711 = ORIENTED_EDGE('',*,*,#6712,.F.);
#6712 = EDGE_CURVE('',#6713,#6603,#6715,.T.);
#6713 = VERTEX_POINT('',#6714);
#6714 = CARTESIAN_POINT('',(250.48078125,27.518623046875,18.2));
#6715 = SURFACE_CURVE('',#6716,(#6720,#6727),.PCURVE_S1.);
#6716 = LINE('',#6717,#6718);
#6717 = CARTESIAN_POINT('',(250.48078125,27.518623046875,18.2));
#6718 = VECTOR('',#6719,1.);
#6719 = DIRECTION('',(-1.,2.22044604925E-16,0.));
#6720 = PCURVE('',#2229,#6721);
#6721 = DEFINITIONAL_REPRESENTATION('',(#6722),#6726);
#6722 = LINE('',#6723,#6724);
#6723 = CARTESIAN_POINT('',(0.,0.));
#6724 = VECTOR('',#6725,1.);
#6725 = DIRECTION('',(1.,0.));
#6726 = ( GEOMETRIC_REPRESENTATION_CONTEXT(2) 
PARAMETRIC_REPRESENTATION_CONTEXT() REPRESENTATION_CONTEXT('2D SPACE',''
  ) );
#6727 = PCURVE('',#6397,#6728);
#6728 = DEFINITIONAL_REPRESENTATION('',(#6729),#6733);
#6729 = LINE('',#6730,#6731);
#6730 = CARTESIAN_POINT('',(1.34552734375,3.32732421875));
#6731 = VECTOR('',#6732,1.);
#6732 = DIRECTION('',(0.,1.));
#6733 = ( GEOMETRIC_REPRESENTATION_CONTEXT(2) 
PARAMETRIC_REPRESENTATION_CONTEXT() REPRESENTATION_CONTEXT('2D SPACE',''
  ) );
#6734 = ORIENTED_EDGE('',*,*,#6735,.T.);
#6735 = EDGE_CURVE('',#6713,#2176,#6736,.T.);
#6736 = SURFACE_CURVE('',#6737,(#6741,#6748),.PCURVE_S1.);
#6737 = LINE('',#6738,#6739);
#6738 = CARTESIAN_POINT('',(250.48078125,27.518623046875,18.2));
#6739 = VECTOR('',#6740,1.);
#6740 = DIRECTION('',(0.,-0.,1.));
#6741 = PCURVE('',#2229,#6742);
#6742 = DEFINITIONAL_REPRESENTATION('',(#6743),#6747);
#6743 = LINE('',#6744,#6745);
#6744 = CARTESIAN_POINT('',(0.,0.));
#6745 = VECTOR('',#6746,1.);
#6746 = DIRECTION('',(0.,-1.));
#6747 = ( GEOMETRIC_REPRESENTATION_CONTEXT(2) 
PARAMETRIC_REPRESENTATION_CONTEXT() REPRESENTATION_CONTEXT('2D SPACE',''
  ) );
#6748 = PCURVE('',#2197,#6749);
#6749 = DEFINITIONAL_REPRESENTATION('',(#6750),#6754);
#6750 = LINE('',#6751,#6752);
#6751 = CARTESIAN_POINT('',(1.,0.));
#6752 = VECTOR('',#6753,1.);
#6753 = DIRECTION('',(0.,-1.));
#6754 = ( GEOMETRIC_REPRESENTATION_CONTEXT(2) 
PARAMETRIC_REPRESENTATION_CONTEXT() REPRESENTATION_CONTEXT('2D SPACE',''
  ) );
#6755 = ORIENTED_EDGE('',*,*,#2214,.F.);
#6756 = ORIENTED_EDGE('',*,*,#6625,.T.);
#6757 = ADVANCED_FACE('',(#6758),#1096,.F.);
#6758 = FACE_BOUND('',#6759,.F.);
#6759 = EDGE_LOOP('',(#6760,#6783,#6784,#6785));
#6760 = ORIENTED_EDGE('',*,*,#6761,.F.);
#6761 = EDGE_CURVE('',#6658,#6762,#6764,.T.);
#6762 = VERTEX_POINT('',#6763);
#6763 = CARTESIAN_POINT('',(248.27043945312,29.282890625,18.2));
#6764 = SURFACE_CURVE('',#6765,(#6769,#6776),.PCURVE_S1.);
#6765 = B_SPLINE_CURVE_WITH_KNOTS('',2,(#6766,#6767,#6768),
  .UNSPECIFIED.,.F.,.F.,(3,3),(0.,1.),.PIECEWISE_BEZIER_KNOTS.);
#6766 = CARTESIAN_POINT('',(248.3698046875,28.807548828125,18.2));
#6767 = CARTESIAN_POINT('',(248.3053515625,29.043876953125,18.2));
#6768 = CARTESIAN_POINT('',(248.27043945312,29.282890625,18.2));
#6769 = PCURVE('',#1096,#6770);
#6770 = DEFINITIONAL_REPRESENTATION('',(#6771),#6775);
#6771 = LINE('',#6772,#6773);
#6772 = CARTESIAN_POINT('',(0.,0.));
#6773 = VECTOR('',#6774,1.);
#6774 = DIRECTION('',(1.,0.));
#6775 = ( GEOMETRIC_REPRESENTATION_CONTEXT(2) 
PARAMETRIC_REPRESENTATION_CONTEXT() REPRESENTATION_CONTEXT('2D SPACE',''
  ) );
#6776 = PCURVE('',#6397,#6777);
#6777 = DEFINITIONAL_REPRESENTATION('',(#6778),#6782);
#6778 = B_SPLINE_CURVE_WITH_KNOTS('',2,(#6779,#6780,#6781),
  .UNSPECIFIED.,.F.,.F.,(3,3),(0.,1.),.PIECEWISE_BEZIER_KNOTS.);
#6779 = CARTESIAN_POINT('',(2.634453125,5.43830078125));
#6780 = CARTESIAN_POINT('',(2.87078125,5.50275390625));
#6781 = CARTESIAN_POINT('',(3.109794921875,5.537666015625));
#6782 = ( GEOMETRIC_REPRESENTATION_CONTEXT(2) 
PARAMETRIC_REPRESENTATION_CONTEXT() REPRESENTATION_CONTEXT('2D SPACE',''
  ) );
#6783 = ORIENTED_EDGE('',*,*,#6682,.F.);
#6784 = ORIENTED_EDGE('',*,*,#1076,.F.);
#6785 = ORIENTED_EDGE('',*,*,#6786,.F.);
#6786 = EDGE_CURVE('',#6762,#1077,#6787,.T.);
#6787 = SURFACE_CURVE('',#6788,(#6792,#6799),.PCURVE_S1.);
#6788 = LINE('',#6789,#6790);
#6789 = CARTESIAN_POINT('',(248.27043945312,29.282890625,18.2));
#6790 = VECTOR('',#6791,1.);
#6791 = DIRECTION('',(0.,-0.,1.));
#6792 = PCURVE('',#1096,#6793);
#6793 = DEFINITIONAL_REPRESENTATION('',(#6794),#6798);
#6794 = LINE('',#6795,#6796);
#6795 = CARTESIAN_POINT('',(1.,0.));
#6796 = VECTOR('',#6797,1.);
#6797 = DIRECTION('',(0.,-1.));
#6798 = ( GEOMETRIC_REPRESENTATION_CONTEXT(2) 
PARAMETRIC_REPRESENTATION_CONTEXT() REPRESENTATION_CONTEXT('2D SPACE',''
  ) );
#6799 = PCURVE('',#1132,#6800);
#6800 = DEFINITIONAL_REPRESENTATION('',(#6801),#6805);
#6801 = LINE('',#6802,#6803);
#6802 = CARTESIAN_POINT('',(0.,0.));
#6803 = VECTOR('',#6804,1.);
#6804 = DIRECTION('',(0.,-1.));
#6805 = ( GEOMETRIC_REPRESENTATION_CONTEXT(2) 
PARAMETRIC_REPRESENTATION_CONTEXT() REPRESENTATION_CONTEXT('2D SPACE',''
  ) );
#6806 = ADVANCED_FACE('',(#6807),#2197,.F.);
#6807 = FACE_BOUND('',#6808,.F.);
#6808 = EDGE_LOOP('',(#6809,#6832,#6853,#6854));
#6809 = ORIENTED_EDGE('',*,*,#6810,.F.);
#6810 = EDGE_CURVE('',#6811,#6713,#6813,.T.);
#6811 = VERTEX_POINT('',#6812);
#6812 = CARTESIAN_POINT('',(250.12360351562,28.603583984375,18.2));
#6813 = SURFACE_CURVE('',#6814,(#6818,#6825),.PCURVE_S1.);
#6814 = B_SPLINE_CURVE_WITH_KNOTS('',2,(#6815,#6816,#6817),
  .UNSPECIFIED.,.F.,.F.,(3,3),(0.,1.),.PIECEWISE_BEZIER_KNOTS.);
#6815 = CARTESIAN_POINT('',(250.12360351562,28.603583984375,18.2));
#6816 = CARTESIAN_POINT('',(250.23908203125,28.098701171875,18.2));
#6817 = CARTESIAN_POINT('',(250.48078125,27.518623046875,18.2));
#6818 = PCURVE('',#2197,#6819);
#6819 = DEFINITIONAL_REPRESENTATION('',(#6820),#6824);
#6820 = LINE('',#6821,#6822);
#6821 = CARTESIAN_POINT('',(0.,0.));
#6822 = VECTOR('',#6823,1.);
#6823 = DIRECTION('',(1.,0.));
#6824 = ( GEOMETRIC_REPRESENTATION_CONTEXT(2) 
PARAMETRIC_REPRESENTATION_CONTEXT() REPRESENTATION_CONTEXT('2D SPACE',''
  ) );
#6825 = PCURVE('',#6397,#6826);
#6826 = DEFINITIONAL_REPRESENTATION('',(#6827),#6831);
#6827 = B_SPLINE_CURVE_WITH_KNOTS('',2,(#6828,#6829,#6830),
  .UNSPECIFIED.,.F.,.F.,(3,3),(0.,1.),.PIECEWISE_BEZIER_KNOTS.);
#6828 = CARTESIAN_POINT('',(2.43048828125,3.684501953125));
#6829 = CARTESIAN_POINT('',(1.92560546875,3.5690234375));
#6830 = CARTESIAN_POINT('',(1.34552734375,3.32732421875));
#6831 = ( GEOMETRIC_REPRESENTATION_CONTEXT(2) 
PARAMETRIC_REPRESENTATION_CONTEXT() REPRESENTATION_CONTEXT('2D SPACE',''
  ) );
#6832 = ORIENTED_EDGE('',*,*,#6833,.T.);
#6833 = EDGE_CURVE('',#6811,#2137,#6834,.T.);
#6834 = SURFACE_CURVE('',#6835,(#6839,#6846),.PCURVE_S1.);
#6835 = LINE('',#6836,#6837);
#6836 = CARTESIAN_POINT('',(250.12360351562,28.603583984375,18.2));
#6837 = VECTOR('',#6838,1.);
#6838 = DIRECTION('',(0.,-0.,1.));
#6839 = PCURVE('',#2197,#6840);
#6840 = DEFINITIONAL_REPRESENTATION('',(#6841),#6845);
#6841 = LINE('',#6842,#6843);
#6842 = CARTESIAN_POINT('',(0.,0.));
#6843 = VECTOR('',#6844,1.);
#6844 = DIRECTION('',(0.,-1.));
#6845 = ( GEOMETRIC_REPRESENTATION_CONTEXT(2) 
PARAMETRIC_REPRESENTATION_CONTEXT() REPRESENTATION_CONTEXT('2D SPACE',''
  ) );
#6846 = PCURVE('',#2158,#6847);
#6847 = DEFINITIONAL_REPRESENTATION('',(#6848),#6852);
#6848 = LINE('',#6849,#6850);
#6849 = CARTESIAN_POINT('',(1.,0.));
#6850 = VECTOR('',#6851,1.);
#6851 = DIRECTION('',(0.,-1.));
#6852 = ( GEOMETRIC_REPRESENTATION_CONTEXT(2) 
PARAMETRIC_REPRESENTATION_CONTEXT() REPRESENTATION_CONTEXT('2D SPACE',''
  ) );
#6853 = ORIENTED_EDGE('',*,*,#2175,.F.);
#6854 = ORIENTED_EDGE('',*,*,#6735,.F.);
#6855 = ADVANCED_FACE('',(#6856),#1132,.F.);
#6856 = FACE_BOUND('',#6857,.F.);
#6857 = EDGE_LOOP('',(#6858,#6881,#6882,#6883));
#6858 = ORIENTED_EDGE('',*,*,#6859,.F.);
#6859 = EDGE_CURVE('',#6762,#6860,#6862,.T.);
#6860 = VERTEX_POINT('',#6861);
#6861 = CARTESIAN_POINT('',(248.23552734375,29.779716796875,18.2));
#6862 = SURFACE_CURVE('',#6863,(#6867,#6874),.PCURVE_S1.);
#6863 = B_SPLINE_CURVE_WITH_KNOTS('',2,(#6864,#6865,#6866),
  .UNSPECIFIED.,.F.,.F.,(3,3),(0.,1.),.PIECEWISE_BEZIER_KNOTS.);
#6864 = CARTESIAN_POINT('',(248.27043945312,29.282890625,18.2));
#6865 = CARTESIAN_POINT('',(248.23552734375,29.521904296875,18.2));
#6866 = CARTESIAN_POINT('',(248.23552734375,29.779716796875,18.2));
#6867 = PCURVE('',#1132,#6868);
#6868 = DEFINITIONAL_REPRESENTATION('',(#6869),#6873);
#6869 = LINE('',#6870,#6871);
#6870 = CARTESIAN_POINT('',(0.,0.));
#6871 = VECTOR('',#6872,1.);
#6872 = DIRECTION('',(1.,0.));
#6873 = ( GEOMETRIC_REPRESENTATION_CONTEXT(2) 
PARAMETRIC_REPRESENTATION_CONTEXT() REPRESENTATION_CONTEXT('2D SPACE',''
  ) );
#6874 = PCURVE('',#6397,#6875);
#6875 = DEFINITIONAL_REPRESENTATION('',(#6876),#6880);
#6876 = B_SPLINE_CURVE_WITH_KNOTS('',2,(#6877,#6878,#6879),
  .UNSPECIFIED.,.F.,.F.,(3,3),(0.,1.),.PIECEWISE_BEZIER_KNOTS.);
#6877 = CARTESIAN_POINT('',(3.109794921875,5.537666015625));
#6878 = CARTESIAN_POINT('',(3.34880859375,5.572578125));
#6879 = CARTESIAN_POINT('',(3.60662109375,5.572578125));
#6880 = ( GEOMETRIC_REPRESENTATION_CONTEXT(2) 
PARAMETRIC_REPRESENTATION_CONTEXT() REPRESENTATION_CONTEXT('2D SPACE',''
  ) );
#6881 = ORIENTED_EDGE('',*,*,#6786,.T.);
#6882 = ORIENTED_EDGE('',*,*,#1112,.F.);
#6883 = ORIENTED_EDGE('',*,*,#6884,.F.);
#6884 = EDGE_CURVE('',#6860,#1113,#6885,.T.);
#6885 = SURFACE_CURVE('',#6886,(#6890,#6897),.PCURVE_S1.);
#6886 = LINE('',#6887,#6888);
#6887 = CARTESIAN_POINT('',(248.23552734375,29.779716796875,18.2));
#6888 = VECTOR('',#6889,1.);
#6889 = DIRECTION('',(0.,-0.,1.));
#6890 = PCURVE('',#1132,#6891);
#6891 = DEFINITIONAL_REPRESENTATION('',(#6892),#6896);
#6892 = LINE('',#6893,#6894);
#6893 = CARTESIAN_POINT('',(1.,0.));
#6894 = VECTOR('',#6895,1.);
#6895 = DIRECTION('',(0.,-1.));
#6896 = ( GEOMETRIC_REPRESENTATION_CONTEXT(2) 
PARAMETRIC_REPRESENTATION_CONTEXT() REPRESENTATION_CONTEXT('2D SPACE',''
  ) );
#6897 = PCURVE('',#1168,#6898);
#6898 = DEFINITIONAL_REPRESENTATION('',(#6899),#6903);
#6899 = LINE('',#6900,#6901);
#6900 = CARTESIAN_POINT('',(0.,0.));
#6901 = VECTOR('',#6902,1.);
#6902 = DIRECTION('',(0.,-1.));
#6903 = ( GEOMETRIC_REPRESENTATION_CONTEXT(2) 
PARAMETRIC_REPRESENTATION_CONTEXT() REPRESENTATION_CONTEXT('2D SPACE',''
  ) );
#6904 = ADVANCED_FACE('',(#6905),#2158,.F.);
#6905 = FACE_BOUND('',#6906,.F.);
#6906 = EDGE_LOOP('',(#6907,#6930,#6957,#6958));
#6907 = ORIENTED_EDGE('',*,*,#6908,.F.);
#6908 = EDGE_CURVE('',#6909,#6811,#6911,.T.);
#6909 = VERTEX_POINT('',#6910);
#6910 = CARTESIAN_POINT('',(250.01313417676,29.366008378131,18.2));
#6911 = SURFACE_CURVE('',#6912,(#6916,#6923),.PCURVE_S1.);
#6912 = B_SPLINE_CURVE_WITH_KNOTS('',2,(#6913,#6914,#6915),
  .UNSPECIFIED.,.F.,.F.,(3,3),(0.,1.),.PIECEWISE_BEZIER_KNOTS.);
#6913 = CARTESIAN_POINT('',(250.008125,29.554267578125,18.2));
#6914 = CARTESIAN_POINT('',(250.008125,29.108466796875,18.2));
#6915 = CARTESIAN_POINT('',(250.12360351562,28.603583984375,18.2));
#6916 = PCURVE('',#2158,#6917);
#6917 = DEFINITIONAL_REPRESENTATION('',(#6918),#6922);
#6918 = LINE('',#6919,#6920);
#6919 = CARTESIAN_POINT('',(0.,0.));
#6920 = VECTOR('',#6921,1.);
#6921 = DIRECTION('',(1.,0.));
#6922 = ( GEOMETRIC_REPRESENTATION_CONTEXT(2) 
PARAMETRIC_REPRESENTATION_CONTEXT() REPRESENTATION_CONTEXT('2D SPACE',''
  ) );
#6923 = PCURVE('',#6397,#6924);
#6924 = DEFINITIONAL_REPRESENTATION('',(#6925),#6929);
#6925 = B_SPLINE_CURVE_WITH_KNOTS('',2,(#6926,#6927,#6928),
  .UNSPECIFIED.,.F.,.F.,(3,3),(0.,1.),.PIECEWISE_BEZIER_KNOTS.);
#6926 = CARTESIAN_POINT('',(3.381171875,3.79998046875));
#6927 = CARTESIAN_POINT('',(2.93537109375,3.79998046875));
#6928 = CARTESIAN_POINT('',(2.43048828125,3.684501953125));
#6929 = ( GEOMETRIC_REPRESENTATION_CONTEXT(2) 
PARAMETRIC_REPRESENTATION_CONTEXT() REPRESENTATION_CONTEXT('2D SPACE',''
  ) );
#6930 = ORIENTED_EDGE('',*,*,#6931,.T.);
#6931 = EDGE_CURVE('',#6909,#2080,#6932,.T.);
#6932 = SURFACE_CURVE('',#6933,(#6939,#6948),.PCURVE_S1.);
#6933 = B_SPLINE_CURVE_WITH_KNOTS('',4,(#6934,#6935,#6936,#6937,#6938),
  .UNSPECIFIED.,.F.,.F.,(5,5),(0.,1.),.PIECEWISE_BEZIER_KNOTS.);
#6934 = CARTESIAN_POINT('',(250.01313417676,29.366008378131,18.1999994)
  );
#6935 = CARTESIAN_POINT('',(250.01313417676,29.366008378131,
    18.599999699995));
#6936 = CARTESIAN_POINT('',(250.01313417676,29.366008378131,
    19.000000000021));
#6937 = CARTESIAN_POINT('',(250.01313417676,29.366008378131,
    19.400000300005));
#6938 = CARTESIAN_POINT('',(250.01313417676,29.366008378131,19.8000006)
  );
#6939 = PCURVE('',#2158,#6940);
#6940 = DEFINITIONAL_REPRESENTATION('',(#6941),#6947);
#6941 = B_SPLINE_CURVE_WITH_KNOTS('',4,(#6942,#6943,#6944,#6945,#6946),
  .UNSPECIFIED.,.F.,.F.,(5,5),(0.,1.),.PIECEWISE_BEZIER_KNOTS.);
#6942 = CARTESIAN_POINT('',(0.208272812856,5.999999999062E-07));
#6943 = CARTESIAN_POINT('',(0.208272812856,-0.399999699995));
#6944 = CARTESIAN_POINT('',(0.208272812856,-0.800000000021));
#6945 = CARTESIAN_POINT('',(0.208272812856,-1.200000300005));
#6946 = CARTESIAN_POINT('',(0.208272812856,-1.6000006));
#6947 = ( GEOMETRIC_REPRESENTATION_CONTEXT(2) 
PARAMETRIC_REPRESENTATION_CONTEXT() REPRESENTATION_CONTEXT('2D SPACE',''
  ) );
#6948 = PCURVE('',#2113,#6949);
#6949 = DEFINITIONAL_REPRESENTATION('',(#6950),#6956);
#6950 = B_SPLINE_CURVE_WITH_KNOTS('',4,(#6951,#6952,#6953,#6954,#6955),
  .UNSPECIFIED.,.F.,.F.,(5,5),(0.,1.),.PIECEWISE_BEZIER_KNOTS.);
#6951 = CARTESIAN_POINT('',(0.882889089876,5.999503733811E-07));
#6952 = CARTESIAN_POINT('',(0.882889089876,-0.399999700044));
#6953 = CARTESIAN_POINT('',(0.882889089876,-0.799999999976));
#6954 = CARTESIAN_POINT('',(0.882889089876,-1.200000299991));
#6955 = CARTESIAN_POINT('',(0.882889089876,-1.600000599986));
#6956 = ( GEOMETRIC_REPRESENTATION_CONTEXT(2) 
PARAMETRIC_REPRESENTATION_CONTEXT() REPRESENTATION_CONTEXT('2D SPACE',''
  ) );
#6957 = ORIENTED_EDGE('',*,*,#2136,.F.);
#6958 = ORIENTED_EDGE('',*,*,#6833,.F.);
#6959 = ADVANCED_FACE('',(#6960),#1168,.F.);
#6960 = FACE_BOUND('',#6961,.F.);
#6961 = EDGE_LOOP('',(#6962,#6985,#6986,#6987));
#6962 = ORIENTED_EDGE('',*,*,#6963,.F.);
#6963 = EDGE_CURVE('',#6860,#6964,#6966,.T.);
#6964 = VERTEX_POINT('',#6965);
#6965 = CARTESIAN_POINT('',(248.23900971939,29.978743434565,18.2));
#6966 = SURFACE_CURVE('',#6967,(#6971,#6978),.PCURVE_S1.);
#6967 = B_SPLINE_CURVE_WITH_KNOTS('',2,(#6968,#6969,#6970),
  .UNSPECIFIED.,.F.,.F.,(3,3),(0.,1.),.PIECEWISE_BEZIER_KNOTS.);
#6968 = CARTESIAN_POINT('',(248.23552734375,29.779716796875,18.2));
#6969 = CARTESIAN_POINT('',(248.23552734375,31.246025390625,18.2));
#6970 = CARTESIAN_POINT('',(248.96868164062,32.062431640625,18.2));
#6971 = PCURVE('',#1168,#6972);
#6972 = DEFINITIONAL_REPRESENTATION('',(#6973),#6977);
#6973 = LINE('',#6974,#6975);
#6974 = CARTESIAN_POINT('',(0.,0.));
#6975 = VECTOR('',#6976,1.);
#6976 = DIRECTION('',(1.,0.));
#6977 = ( GEOMETRIC_REPRESENTATION_CONTEXT(2) 
PARAMETRIC_REPRESENTATION_CONTEXT() REPRESENTATION_CONTEXT('2D SPACE',''
  ) );
#6978 = PCURVE('',#6397,#6979);
#6979 = DEFINITIONAL_REPRESENTATION('',(#6980),#6984);
#6980 = B_SPLINE_CURVE_WITH_KNOTS('',2,(#6981,#6982,#6983),
  .UNSPECIFIED.,.F.,.F.,(3,3),(0.,1.),.PIECEWISE_BEZIER_KNOTS.);
#6981 = CARTESIAN_POINT('',(3.60662109375,5.572578125));
#6982 = CARTESIAN_POINT('',(5.0729296875,5.572578125));
#6983 = CARTESIAN_POINT('',(5.8893359375,4.839423828125));
#6984 = ( GEOMETRIC_REPRESENTATION_CONTEXT(2) 
PARAMETRIC_REPRESENTATION_CONTEXT() REPRESENTATION_CONTEXT('2D SPACE',''
  ) );
#6985 = ORIENTED_EDGE('',*,*,#6884,.T.);
#6986 = ORIENTED_EDGE('',*,*,#1148,.F.);
#6987 = ORIENTED_EDGE('',*,*,#6988,.F.);
#6988 = EDGE_CURVE('',#6964,#1149,#6989,.T.);
#6989 = SURFACE_CURVE('',#6990,(#6996,#7005),.PCURVE_S1.);
#6990 = B_SPLINE_CURVE_WITH_KNOTS('',4,(#6991,#6992,#6993,#6994,#6995),
  .UNSPECIFIED.,.F.,.F.,(5,5),(0.,1.),.PIECEWISE_BEZIER_KNOTS.);
#6991 = CARTESIAN_POINT('',(248.23900971939,29.978743434565,18.1999994)
  );
#6992 = CARTESIAN_POINT('',(248.23900971939,29.978743434565,
    18.599999699995));
#6993 = CARTESIAN_POINT('',(248.23900971939,29.978743434565,
    18.999999999988));
#6994 = CARTESIAN_POINT('',(248.23900971939,29.978743434565,
    19.400000300005));
#6995 = CARTESIAN_POINT('',(248.23900971939,29.978743434565,19.8000006)
  );
#6996 = PCURVE('',#1168,#6997);
#6997 = DEFINITIONAL_REPRESENTATION('',(#6998),#7004);
#6998 = B_SPLINE_CURVE_WITH_KNOTS('',4,(#6999,#7000,#7001,#7002,#7003),
  .UNSPECIFIED.,.F.,.F.,(5,5),(0.,1.),.PIECEWISE_BEZIER_KNOTS.);
#6999 = CARTESIAN_POINT('',(6.891918236112E-02,5.999781631516E-07));
#7000 = CARTESIAN_POINT('',(6.891918236112E-02,-0.399999700017));
#7001 = CARTESIAN_POINT('',(6.891918236112E-02,-0.800000000014));
#7002 = CARTESIAN_POINT('',(6.891918236112E-02,-1.200000299963));
#7003 = CARTESIAN_POINT('',(6.891918236112E-02,-1.600000599958));
#7004 = ( GEOMETRIC_REPRESENTATION_CONTEXT(2) 
PARAMETRIC_REPRESENTATION_CONTEXT() REPRESENTATION_CONTEXT('2D SPACE',''
  ) );
#7005 = PCURVE('',#1204,#7006);
#7006 = DEFINITIONAL_REPRESENTATION('',(#7007),#7013);
#7007 = B_SPLINE_CURVE_WITH_KNOTS('',4,(#7008,#7009,#7010,#7011,#7012),
  .UNSPECIFIED.,.F.,.F.,(5,5),(0.,1.),.PIECEWISE_BEZIER_KNOTS.);
#7008 = CARTESIAN_POINT('',(0.684172629996,5.999999999062E-07));
#7009 = CARTESIAN_POINT('',(0.684172629996,-0.399999699995));
#7010 = CARTESIAN_POINT('',(0.684172629996,-0.799999999988));
#7011 = CARTESIAN_POINT('',(0.684172629996,-1.200000300005));
#7012 = CARTESIAN_POINT('',(0.684172629996,-1.6000006));
#7013 = ( GEOMETRIC_REPRESENTATION_CONTEXT(2) 
PARAMETRIC_REPRESENTATION_CONTEXT() REPRESENTATION_CONTEXT('2D SPACE',''
  ) );
#7014 = ADVANCED_FACE('',(#7015),#2113,.F.);
#7015 = FACE_BOUND('',#7016,.F.);
#7016 = EDGE_LOOP('',(#7017,#7040,#7061,#7062));
#7017 = ORIENTED_EDGE('',*,*,#7018,.F.);
#7018 = EDGE_CURVE('',#7019,#6909,#7021,.T.);
#7019 = VERTEX_POINT('',#7020);
#7020 = CARTESIAN_POINT('',(250.373359375,30.37859375,18.2));
#7021 = SURFACE_CURVE('',#7022,(#7026,#7033),.PCURVE_S1.);
#7022 = B_SPLINE_CURVE_WITH_KNOTS('',2,(#7023,#7024,#7025),
  .UNSPECIFIED.,.F.,.F.,(3,3),(0.,1.),.PIECEWISE_BEZIER_KNOTS.);
#7023 = CARTESIAN_POINT('',(250.373359375,30.37859375,18.2));
#7024 = CARTESIAN_POINT('',(250.008125,29.946220703125,18.2));
#7025 = CARTESIAN_POINT('',(250.008125,29.194267578125,18.2));
#7026 = PCURVE('',#2113,#7027);
#7027 = DEFINITIONAL_REPRESENTATION('',(#7028),#7032);
#7028 = LINE('',#7029,#7030);
#7029 = CARTESIAN_POINT('',(0.,0.));
#7030 = VECTOR('',#7031,1.);
#7031 = DIRECTION('',(1.,0.));
#7032 = ( GEOMETRIC_REPRESENTATION_CONTEXT(2) 
PARAMETRIC_REPRESENTATION_CONTEXT() REPRESENTATION_CONTEXT('2D SPACE',''
  ) );
#7033 = PCURVE('',#6397,#7034);
#7034 = DEFINITIONAL_REPRESENTATION('',(#7035),#7039);
#7035 = B_SPLINE_CURVE_WITH_KNOTS('',2,(#7036,#7037,#7038),
  .UNSPECIFIED.,.F.,.F.,(3,3),(0.,1.),.PIECEWISE_BEZIER_KNOTS.);
#7036 = CARTESIAN_POINT('',(4.205498046875,3.43474609375));
#7037 = CARTESIAN_POINT('',(3.773125,3.79998046875));
#7038 = CARTESIAN_POINT('',(3.021171875,3.79998046875));
#7039 = ( GEOMETRIC_REPRESENTATION_CONTEXT(2) 
PARAMETRIC_REPRESENTATION_CONTEXT() REPRESENTATION_CONTEXT('2D SPACE',''
  ) );
#7040 = ORIENTED_EDGE('',*,*,#7041,.T.);
#7041 = EDGE_CURVE('',#7019,#2023,#7042,.T.);
#7042 = SURFACE_CURVE('',#7043,(#7047,#7054),.PCURVE_S1.);
#7043 = LINE('',#7044,#7045);
#7044 = CARTESIAN_POINT('',(250.373359375,30.37859375,18.2));
#7045 = VECTOR('',#7046,1.);
#7046 = DIRECTION('',(0.,-0.,1.));
#7047 = PCURVE('',#2113,#7048);
#7048 = DEFINITIONAL_REPRESENTATION('',(#7049),#7053);
#7049 = LINE('',#7050,#7051);
#7050 = CARTESIAN_POINT('',(0.,0.));
#7051 = VECTOR('',#7052,1.);
#7052 = DIRECTION('',(0.,-1.));
#7053 = ( GEOMETRIC_REPRESENTATION_CONTEXT(2) 
PARAMETRIC_REPRESENTATION_CONTEXT() REPRESENTATION_CONTEXT('2D SPACE',''
  ) );
#7054 = PCURVE('',#2056,#7055);
#7055 = DEFINITIONAL_REPRESENTATION('',(#7056),#7060);
#7056 = LINE('',#7057,#7058);
#7057 = CARTESIAN_POINT('',(1.,0.));
#7058 = VECTOR('',#7059,1.);
#7059 = DIRECTION('',(0.,-1.));
#7060 = ( GEOMETRIC_REPRESENTATION_CONTEXT(2) 
PARAMETRIC_REPRESENTATION_CONTEXT() REPRESENTATION_CONTEXT('2D SPACE',''
  ) );
#7061 = ORIENTED_EDGE('',*,*,#2079,.F.);
#7062 = ORIENTED_EDGE('',*,*,#6931,.F.);
#7063 = ADVANCED_FACE('',(#7064),#1204,.F.);
#7064 = FACE_BOUND('',#7065,.F.);
#7065 = EDGE_LOOP('',(#7066,#7089,#7090,#7091));
#7066 = ORIENTED_EDGE('',*,*,#7067,.F.);
#7067 = EDGE_CURVE('',#6964,#7068,#7070,.T.);
#7068 = VERTEX_POINT('',#7069);
#7069 = CARTESIAN_POINT('',(248.23552734375,30.139716796875,18.2));
#7070 = SURFACE_CURVE('',#7071,(#7075,#7082),.PCURVE_S1.);
#7071 = B_SPLINE_CURVE_WITH_KNOTS('',2,(#7072,#7073,#7074),
  .UNSPECIFIED.,.F.,.F.,(3,3),(0.,1.),.PIECEWISE_BEZIER_KNOTS.);
#7072 = CARTESIAN_POINT('',(248.27043945312,29.642890625,18.2));
#7073 = CARTESIAN_POINT('',(248.23552734375,29.881904296875,18.2));
#7074 = CARTESIAN_POINT('',(248.23552734375,30.139716796875,18.2));
#7075 = PCURVE('',#1204,#7076);
#7076 = DEFINITIONAL_REPRESENTATION('',(#7077),#7081);
#7077 = LINE('',#7078,#7079);
#7078 = CARTESIAN_POINT('',(0.,0.));
#7079 = VECTOR('',#7080,1.);
#7080 = DIRECTION('',(1.,0.));
#7081 = ( GEOMETRIC_REPRESENTATION_CONTEXT(2) 
PARAMETRIC_REPRESENTATION_CONTEXT() REPRESENTATION_CONTEXT('2D SPACE',''
  ) );
#7082 = PCURVE('',#6397,#7083);
#7083 = DEFINITIONAL_REPRESENTATION('',(#7084),#7088);
#7084 = B_SPLINE_CURVE_WITH_KNOTS('',2,(#7085,#7086,#7087),
  .UNSPECIFIED.,.F.,.F.,(3,3),(0.,1.),.PIECEWISE_BEZIER_KNOTS.);
#7085 = CARTESIAN_POINT('',(3.469794921875,5.537666015625));
#7086 = CARTESIAN_POINT('',(3.70880859375,5.572578125));
#7087 = CARTESIAN_POINT('',(3.96662109375,5.572578125));
#7088 = ( GEOMETRIC_REPRESENTATION_CONTEXT(2) 
PARAMETRIC_REPRESENTATION_CONTEXT() REPRESENTATION_CONTEXT('2D SPACE',''
  ) );
#7089 = ORIENTED_EDGE('',*,*,#6988,.T.);
#7090 = ORIENTED_EDGE('',*,*,#1184,.F.);
#7091 = ORIENTED_EDGE('',*,*,#7092,.F.);
#7092 = EDGE_CURVE('',#7068,#1185,#7093,.T.);
#7093 = SURFACE_CURVE('',#7094,(#7098,#7105),.PCURVE_S1.);
#7094 = LINE('',#7095,#7096);
#7095 = CARTESIAN_POINT('',(248.23552734375,30.139716796875,18.2));
#7096 = VECTOR('',#7097,1.);
#7097 = DIRECTION('',(0.,-0.,1.));
#7098 = PCURVE('',#1204,#7099);
#7099 = DEFINITIONAL_REPRESENTATION('',(#7100),#7104);
#7100 = LINE('',#7101,#7102);
#7101 = CARTESIAN_POINT('',(1.,0.));
#7102 = VECTOR('',#7103,1.);
#7103 = DIRECTION('',(0.,-1.));
#7104 = ( GEOMETRIC_REPRESENTATION_CONTEXT(2) 
PARAMETRIC_REPRESENTATION_CONTEXT() REPRESENTATION_CONTEXT('2D SPACE',''
  ) );
#7105 = PCURVE('',#1264,#7106);
#7106 = DEFINITIONAL_REPRESENTATION('',(#7107),#7111);
#7107 = LINE('',#7108,#7109);
#7108 = CARTESIAN_POINT('',(0.,0.));
#7109 = VECTOR('',#7110,1.);
#7110 = DIRECTION('',(0.,-1.));
#7111 = ( GEOMETRIC_REPRESENTATION_CONTEXT(2) 
PARAMETRIC_REPRESENTATION_CONTEXT() REPRESENTATION_CONTEXT('2D SPACE',''
  ) );
#7112 = ADVANCED_FACE('',(#7113),#2056,.F.);
#7113 = FACE_BOUND('',#7114,.F.);
#7114 = EDGE_LOOP('',(#7115,#7138,#7165,#7166));
#7115 = ORIENTED_EDGE('',*,*,#7116,.F.);
#7116 = EDGE_CURVE('',#7117,#7019,#7119,.T.);
#7117 = VERTEX_POINT('',#7118);
#7118 = CARTESIAN_POINT('',(251.19167970277,30.80160520881,18.2));
#7119 = SURFACE_CURVE('',#7120,(#7124,#7131),.PCURVE_S1.);
#7120 = B_SPLINE_CURVE_WITH_KNOTS('',2,(#7121,#7122,#7123),
  .UNSPECIFIED.,.F.,.F.,(3,3),(0.,1.),.PIECEWISE_BEZIER_KNOTS.);
#7121 = CARTESIAN_POINT('',(251.3723828125,30.810966796875,18.2));
#7122 = CARTESIAN_POINT('',(250.73859375,30.810966796875,18.2));
#7123 = CARTESIAN_POINT('',(250.373359375,30.37859375,18.2));
#7124 = PCURVE('',#2056,#7125);
#7125 = DEFINITIONAL_REPRESENTATION('',(#7126),#7130);
#7126 = LINE('',#7127,#7128);
#7127 = CARTESIAN_POINT('',(0.,0.));
#7128 = VECTOR('',#7129,1.);
#7129 = DIRECTION('',(1.,0.));
#7130 = ( GEOMETRIC_REPRESENTATION_CONTEXT(2) 
PARAMETRIC_REPRESENTATION_CONTEXT() REPRESENTATION_CONTEXT('2D SPACE',''
  ) );
#7131 = PCURVE('',#6397,#7132);
#7132 = DEFINITIONAL_REPRESENTATION('',(#7133),#7137);
#7133 = B_SPLINE_CURVE_WITH_KNOTS('',2,(#7134,#7135,#7136),
  .UNSPECIFIED.,.F.,.F.,(3,3),(0.,1.),.PIECEWISE_BEZIER_KNOTS.);
#7134 = CARTESIAN_POINT('',(4.63787109375,2.43572265625));
#7135 = CARTESIAN_POINT('',(4.63787109375,3.06951171875));
#7136 = CARTESIAN_POINT('',(4.205498046875,3.43474609375));
#7137 = ( GEOMETRIC_REPRESENTATION_CONTEXT(2) 
PARAMETRIC_REPRESENTATION_CONTEXT() REPRESENTATION_CONTEXT('2D SPACE',''
  ) );
#7138 = ORIENTED_EDGE('',*,*,#7139,.T.);
#7139 = EDGE_CURVE('',#7117,#1972,#7140,.T.);
#7140 = SURFACE_CURVE('',#7141,(#7147,#7156),.PCURVE_S1.);
#7141 = B_SPLINE_CURVE_WITH_KNOTS('',4,(#7142,#7143,#7144,#7145,#7146),
  .UNSPECIFIED.,.F.,.F.,(5,5),(0.,1.),.PIECEWISE_BEZIER_KNOTS.);
#7142 = CARTESIAN_POINT('',(251.19167970277,30.80160520881,18.1999994));
#7143 = CARTESIAN_POINT('',(251.19167970277,30.80160520881,
    18.599999699995));
#7144 = CARTESIAN_POINT('',(251.19167970277,30.80160520881,
    19.000000000029));
#7145 = CARTESIAN_POINT('',(251.19167970277,30.80160520881,
    19.400000300005));
#7146 = CARTESIAN_POINT('',(251.19167970277,30.80160520881,19.8000006));
#7147 = PCURVE('',#2056,#7148);
#7148 = DEFINITIONAL_REPRESENTATION('',(#7149),#7155);
#7149 = B_SPLINE_CURVE_WITH_KNOTS('',4,(#7150,#7151,#7152,#7153,#7154),
  .UNSPECIFIED.,.F.,.F.,(5,5),(0.,1.),.PIECEWISE_BEZIER_KNOTS.);
#7150 = CARTESIAN_POINT('',(0.147144982249,5.999999999062E-07));
#7151 = CARTESIAN_POINT('',(0.147144982249,-0.399999699995));
#7152 = CARTESIAN_POINT('',(0.147144982249,-0.800000000029));
#7153 = CARTESIAN_POINT('',(0.147144982249,-1.200000300005));
#7154 = CARTESIAN_POINT('',(0.147144982249,-1.6000006));
#7155 = ( GEOMETRIC_REPRESENTATION_CONTEXT(2) 
PARAMETRIC_REPRESENTATION_CONTEXT() REPRESENTATION_CONTEXT('2D SPACE',''
  ) );
#7156 = PCURVE('',#2001,#7157);
#7157 = DEFINITIONAL_REPRESENTATION('',(#7158),#7164);
#7158 = B_SPLINE_CURVE_WITH_KNOTS('',4,(#7159,#7160,#7161,#7162,#7163),
  .UNSPECIFIED.,.F.,.F.,(5,5),(0.,1.),.PIECEWISE_BEZIER_KNOTS.);
#7159 = CARTESIAN_POINT('',(0.852855017751,5.999435110926E-07));
#7160 = CARTESIAN_POINT('',(0.852855017751,-0.399999700051));
#7161 = CARTESIAN_POINT('',(0.852855017751,-0.799999999967));
#7162 = CARTESIAN_POINT('',(0.852855017751,-1.200000299998));
#7163 = CARTESIAN_POINT('',(0.852855017751,-1.600000599992));
#7164 = ( GEOMETRIC_REPRESENTATION_CONTEXT(2) 
PARAMETRIC_REPRESENTATION_CONTEXT() REPRESENTATION_CONTEXT('2D SPACE',''
  ) );
#7165 = ORIENTED_EDGE('',*,*,#2022,.F.);
#7166 = ORIENTED_EDGE('',*,*,#7041,.F.);
#7167 = ADVANCED_FACE('',(#7168),#1264,.F.);
#7168 = FACE_BOUND('',#7169,.F.);
#7169 = EDGE_LOOP('',(#7170,#7193,#7194,#7195));
#7170 = ORIENTED_EDGE('',*,*,#7171,.F.);
#7171 = EDGE_CURVE('',#7068,#7172,#7174,.T.);
#7172 = VERTEX_POINT('',#7173);
#7173 = CARTESIAN_POINT('',(248.96868164062,32.422431640625,18.2));
#7174 = SURFACE_CURVE('',#7175,(#7179,#7186),.PCURVE_S1.);
#7175 = B_SPLINE_CURVE_WITH_KNOTS('',2,(#7176,#7177,#7178),
  .UNSPECIFIED.,.F.,.F.,(3,3),(0.,1.),.PIECEWISE_BEZIER_KNOTS.);
#7176 = CARTESIAN_POINT('',(248.23552734375,30.139716796875,18.2));
#7177 = CARTESIAN_POINT('',(248.23552734375,31.606025390625,18.2));
#7178 = CARTESIAN_POINT('',(248.96868164062,32.422431640625,18.2));
#7179 = PCURVE('',#1264,#7180);
#7180 = DEFINITIONAL_REPRESENTATION('',(#7181),#7185);
#7181 = LINE('',#7182,#7183);
#7182 = CARTESIAN_POINT('',(0.,0.));
#7183 = VECTOR('',#7184,1.);
#7184 = DIRECTION('',(1.,0.));
#7185 = ( GEOMETRIC_REPRESENTATION_CONTEXT(2) 
PARAMETRIC_REPRESENTATION_CONTEXT() REPRESENTATION_CONTEXT('2D SPACE',''
  ) );
#7186 = PCURVE('',#6397,#7187);
#7187 = DEFINITIONAL_REPRESENTATION('',(#7188),#7192);
#7188 = B_SPLINE_CURVE_WITH_KNOTS('',2,(#7189,#7190,#7191),
  .UNSPECIFIED.,.F.,.F.,(3,3),(0.,1.),.PIECEWISE_BEZIER_KNOTS.);
#7189 = CARTESIAN_POINT('',(3.96662109375,5.572578125));
#7190 = CARTESIAN_POINT('',(5.4329296875,5.572578125));
#7191 = CARTESIAN_POINT('',(6.2493359375,4.839423828125));
#7192 = ( GEOMETRIC_REPRESENTATION_CONTEXT(2) 
PARAMETRIC_REPRESENTATION_CONTEXT() REPRESENTATION_CONTEXT('2D SPACE',''
  ) );
#7193 = ORIENTED_EDGE('',*,*,#7092,.T.);
#7194 = ORIENTED_EDGE('',*,*,#1220,.F.);
#7195 = ORIENTED_EDGE('',*,*,#7196,.F.);
#7196 = EDGE_CURVE('',#7172,#1221,#7197,.T.);
#7197 = SURFACE_CURVE('',#7198,(#7202,#7209),.PCURVE_S1.);
#7198 = LINE('',#7199,#7200);
#7199 = CARTESIAN_POINT('',(248.96868164062,32.422431640625,18.2));
#7200 = VECTOR('',#7201,1.);
#7201 = DIRECTION('',(0.,-0.,1.));
#7202 = PCURVE('',#1264,#7203);
#7203 = DEFINITIONAL_REPRESENTATION('',(#7204),#7208);
#7204 = LINE('',#7205,#7206);
#7205 = CARTESIAN_POINT('',(1.,0.));
#7206 = VECTOR('',#7207,1.);
#7207 = DIRECTION('',(0.,-1.));
#7208 = ( GEOMETRIC_REPRESENTATION_CONTEXT(2) 
PARAMETRIC_REPRESENTATION_CONTEXT() REPRESENTATION_CONTEXT('2D SPACE',''
  ) );
#7209 = PCURVE('',#1338,#7210);
#7210 = DEFINITIONAL_REPRESENTATION('',(#7211),#7215);
#7211 = LINE('',#7212,#7213);
#7212 = CARTESIAN_POINT('',(0.,0.));
#7213 = VECTOR('',#7214,1.);
#7214 = DIRECTION('',(0.,-1.));
#7215 = ( GEOMETRIC_REPRESENTATION_CONTEXT(2) 
PARAMETRIC_REPRESENTATION_CONTEXT() REPRESENTATION_CONTEXT('2D SPACE',''
  ) );
#7216 = ADVANCED_FACE('',(#7217),#2001,.F.);
#7217 = FACE_BOUND('',#7218,.F.);
#7218 = EDGE_LOOP('',(#7219,#7242,#7263,#7264));
#7219 = ORIENTED_EDGE('',*,*,#7220,.F.);
#7220 = EDGE_CURVE('',#7221,#7117,#7223,.T.);
#7221 = VERTEX_POINT('',#7222);
#7222 = CARTESIAN_POINT('',(252.00872070312,30.37859375,18.2));
#7223 = SURFACE_CURVE('',#7224,(#7228,#7235),.PCURVE_S1.);
#7224 = B_SPLINE_CURVE_WITH_KNOTS('',2,(#7225,#7226,#7227),
  .UNSPECIFIED.,.F.,.F.,(3,3),(0.,1.),.PIECEWISE_BEZIER_KNOTS.);
#7225 = CARTESIAN_POINT('',(252.00872070312,30.37859375,18.2));
#7226 = CARTESIAN_POINT('',(251.64080078125,30.810966796875,18.2));
#7227 = CARTESIAN_POINT('',(251.0123828125,30.810966796875,18.2));
#7228 = PCURVE('',#2001,#7229);
#7229 = DEFINITIONAL_REPRESENTATION('',(#7230),#7234);
#7230 = LINE('',#7231,#7232);
#7231 = CARTESIAN_POINT('',(0.,0.));
#7232 = VECTOR('',#7233,1.);
#7233 = DIRECTION('',(1.,0.));
#7234 = ( GEOMETRIC_REPRESENTATION_CONTEXT(2) 
PARAMETRIC_REPRESENTATION_CONTEXT() REPRESENTATION_CONTEXT('2D SPACE',''
  ) );
#7235 = PCURVE('',#6397,#7236);
#7236 = DEFINITIONAL_REPRESENTATION('',(#7237),#7241);
#7237 = B_SPLINE_CURVE_WITH_KNOTS('',2,(#7238,#7239,#7240),
  .UNSPECIFIED.,.F.,.F.,(3,3),(0.,1.),.PIECEWISE_BEZIER_KNOTS.);
#7238 = CARTESIAN_POINT('',(4.205498046875,1.799384765625));
#7239 = CARTESIAN_POINT('',(4.63787109375,2.1673046875));
#7240 = CARTESIAN_POINT('',(4.63787109375,2.79572265625));
#7241 = ( GEOMETRIC_REPRESENTATION_CONTEXT(2) 
PARAMETRIC_REPRESENTATION_CONTEXT() REPRESENTATION_CONTEXT('2D SPACE',''
  ) );
#7242 = ORIENTED_EDGE('',*,*,#7243,.T.);
#7243 = EDGE_CURVE('',#7221,#1915,#7244,.T.);
#7244 = SURFACE_CURVE('',#7245,(#7249,#7256),.PCURVE_S1.);
#7245 = LINE('',#7246,#7247);
#7246 = CARTESIAN_POINT('',(252.00872070312,30.37859375,18.2));
#7247 = VECTOR('',#7248,1.);
#7248 = DIRECTION('',(0.,-0.,1.));
#7249 = PCURVE('',#2001,#7250);
#7250 = DEFINITIONAL_REPRESENTATION('',(#7251),#7255);
#7251 = LINE('',#7252,#7253);
#7252 = CARTESIAN_POINT('',(0.,0.));
#7253 = VECTOR('',#7254,1.);
#7254 = DIRECTION('',(0.,-1.));
#7255 = ( GEOMETRIC_REPRESENTATION_CONTEXT(2) 
PARAMETRIC_REPRESENTATION_CONTEXT() REPRESENTATION_CONTEXT('2D SPACE',''
  ) );
#7256 = PCURVE('',#1948,#7257);
#7257 = DEFINITIONAL_REPRESENTATION('',(#7258),#7262);
#7258 = LINE('',#7259,#7260);
#7259 = CARTESIAN_POINT('',(1.,0.));
#7260 = VECTOR('',#7261,1.);
#7261 = DIRECTION('',(0.,-1.));
#7262 = ( GEOMETRIC_REPRESENTATION_CONTEXT(2) 
PARAMETRIC_REPRESENTATION_CONTEXT() REPRESENTATION_CONTEXT('2D SPACE',''
  ) );
#7263 = ORIENTED_EDGE('',*,*,#1971,.F.);
#7264 = ORIENTED_EDGE('',*,*,#7139,.F.);
#7265 = ADVANCED_FACE('',(#7266),#1338,.F.);
#7266 = FACE_BOUND('',#7267,.F.);
#7267 = EDGE_LOOP('',(#7268,#7291,#7292,#7293));
#7268 = ORIENTED_EDGE('',*,*,#7269,.F.);
#7269 = EDGE_CURVE('',#7172,#7270,#7272,.T.);
#7270 = VERTEX_POINT('',#7271);
#7271 = CARTESIAN_POINT('',(251.0123828125,33.238837890625,18.2));
#7272 = SURFACE_CURVE('',#7273,(#7277,#7284),.PCURVE_S1.);
#7273 = B_SPLINE_CURVE_WITH_KNOTS('',2,(#7274,#7275,#7276),
  .UNSPECIFIED.,.F.,.F.,(3,3),(0.,1.),.PIECEWISE_BEZIER_KNOTS.);
#7274 = CARTESIAN_POINT('',(248.96868164062,32.422431640625,18.2));
#7275 = CARTESIAN_POINT('',(249.7018359375,33.238837890625,18.2));
#7276 = CARTESIAN_POINT('',(251.0123828125,33.238837890625,18.2));
#7277 = PCURVE('',#1338,#7278);
#7278 = DEFINITIONAL_REPRESENTATION('',(#7279),#7283);
#7279 = LINE('',#7280,#7281);
#7280 = CARTESIAN_POINT('',(0.,0.));
#7281 = VECTOR('',#7282,1.);
#7282 = DIRECTION('',(1.,0.));
#7283 = ( GEOMETRIC_REPRESENTATION_CONTEXT(2) 
PARAMETRIC_REPRESENTATION_CONTEXT() REPRESENTATION_CONTEXT('2D SPACE',''
  ) );
#7284 = PCURVE('',#6397,#7285);
#7285 = DEFINITIONAL_REPRESENTATION('',(#7286),#7290);
#7286 = B_SPLINE_CURVE_WITH_KNOTS('',2,(#7287,#7288,#7289),
  .UNSPECIFIED.,.F.,.F.,(3,3),(0.,1.),.PIECEWISE_BEZIER_KNOTS.);
#7287 = CARTESIAN_POINT('',(6.2493359375,4.839423828125));
#7288 = CARTESIAN_POINT('',(7.0657421875,4.10626953125));
#7289 = CARTESIAN_POINT('',(7.0657421875,2.79572265625));
#7290 = ( GEOMETRIC_REPRESENTATION_CONTEXT(2) 
PARAMETRIC_REPRESENTATION_CONTEXT() REPRESENTATION_CONTEXT('2D SPACE',''
  ) );
#7291 = ORIENTED_EDGE('',*,*,#7196,.T.);
#7292 = ORIENTED_EDGE('',*,*,#1292,.F.);
#7293 = ORIENTED_EDGE('',*,*,#7294,.F.);
#7294 = EDGE_CURVE('',#7270,#1293,#7295,.T.);
#7295 = SURFACE_CURVE('',#7296,(#7300,#7307),.PCURVE_S1.);
#7296 = LINE('',#7297,#7298);
#7297 = CARTESIAN_POINT('',(251.0123828125,33.238837890625,18.2));
#7298 = VECTOR('',#7299,1.);
#7299 = DIRECTION('',(0.,-0.,1.));
#7300 = PCURVE('',#1338,#7301);
#7301 = DEFINITIONAL_REPRESENTATION('',(#7302),#7306);
#7302 = LINE('',#7303,#7304);
#7303 = CARTESIAN_POINT('',(1.,0.));
#7304 = VECTOR('',#7305,1.);
#7305 = DIRECTION('',(0.,-1.));
#7306 = ( GEOMETRIC_REPRESENTATION_CONTEXT(2) 
PARAMETRIC_REPRESENTATION_CONTEXT() REPRESENTATION_CONTEXT('2D SPACE',''
  ) );
#7307 = PCURVE('',#1387,#7308);
#7308 = DEFINITIONAL_REPRESENTATION('',(#7309),#7313);
#7309 = LINE('',#7310,#7311);
#7310 = CARTESIAN_POINT('',(0.,0.));
#7311 = VECTOR('',#7312,1.);
#7312 = DIRECTION('',(0.,-1.));
#7313 = ( GEOMETRIC_REPRESENTATION_CONTEXT(2) 
PARAMETRIC_REPRESENTATION_CONTEXT() REPRESENTATION_CONTEXT('2D SPACE',''
  ) );
#7314 = ADVANCED_FACE('',(#7315),#1948,.F.);
#7315 = FACE_BOUND('',#7316,.F.);
#7316 = EDGE_LOOP('',(#7317,#7340,#7367,#7368));
#7317 = ORIENTED_EDGE('',*,*,#7318,.F.);
#7318 = EDGE_CURVE('',#7319,#7221,#7321,.T.);
#7319 = VERTEX_POINT('',#7320);
#7320 = CARTESIAN_POINT('',(252.37111878467,29.373712129744,18.2));
#7321 = SURFACE_CURVE('',#7322,(#7326,#7333),.PCURVE_S1.);
#7322 = B_SPLINE_CURVE_WITH_KNOTS('',2,(#7323,#7324,#7325),
  .UNSPECIFIED.,.F.,.F.,(3,3),(0.,1.),.PIECEWISE_BEZIER_KNOTS.);
#7323 = CARTESIAN_POINT('',(252.376640625,29.194267578125,18.2));
#7324 = CARTESIAN_POINT('',(252.376640625,29.946220703125,18.2));
#7325 = CARTESIAN_POINT('',(252.00872070312,30.37859375,18.2));
#7326 = PCURVE('',#1948,#7327);
#7327 = DEFINITIONAL_REPRESENTATION('',(#7328),#7332);
#7328 = LINE('',#7329,#7330);
#7329 = CARTESIAN_POINT('',(0.,0.));
#7330 = VECTOR('',#7331,1.);
#7331 = DIRECTION('',(1.,0.));
#7332 = ( GEOMETRIC_REPRESENTATION_CONTEXT(2) 
PARAMETRIC_REPRESENTATION_CONTEXT() REPRESENTATION_CONTEXT('2D SPACE',''
  ) );
#7333 = PCURVE('',#6397,#7334);
#7334 = DEFINITIONAL_REPRESENTATION('',(#7335),#7339);
#7335 = B_SPLINE_CURVE_WITH_KNOTS('',2,(#7336,#7337,#7338),
  .UNSPECIFIED.,.F.,.F.,(3,3),(0.,1.),.PIECEWISE_BEZIER_KNOTS.);
#7336 = CARTESIAN_POINT('',(3.021171875,1.43146484375));
#7337 = CARTESIAN_POINT('',(3.773125,1.43146484375));
#7338 = CARTESIAN_POINT('',(4.205498046875,1.799384765625));
#7339 = ( GEOMETRIC_REPRESENTATION_CONTEXT(2) 
PARAMETRIC_REPRESENTATION_CONTEXT() REPRESENTATION_CONTEXT('2D SPACE',''
  ) );
#7340 = ORIENTED_EDGE('',*,*,#7341,.F.);
#7341 = EDGE_CURVE('',#1873,#7319,#7342,.T.);
#7342 = SURFACE_CURVE('',#7343,(#7349,#7358),.PCURVE_S1.);
#7343 = B_SPLINE_CURVE_WITH_KNOTS('',4,(#7344,#7345,#7346,#7347,#7348),
  .UNSPECIFIED.,.F.,.F.,(5,5),(0.,1.),.PIECEWISE_BEZIER_KNOTS.);
#7344 = CARTESIAN_POINT('',(252.37111878467,29.373712129744,19.8000006)
  );
#7345 = CARTESIAN_POINT('',(252.37111878467,29.373712129744,
    19.400000300005));
#7346 = CARTESIAN_POINT('',(252.37111878467,29.373712129744,
    18.999999999964));
#7347 = CARTESIAN_POINT('',(252.37111878467,29.373712129744,
    18.599999699995));
#7348 = CARTESIAN_POINT('',(252.37111878467,29.373712129744,18.1999994)
  );
#7349 = PCURVE('',#1948,#7350);
#7350 = DEFINITIONAL_REPRESENTATION('',(#7351),#7357);
#7351 = B_SPLINE_CURVE_WITH_KNOTS('',4,(#7352,#7353,#7354,#7355,#7356),
  .UNSPECIFIED.,.F.,.F.,(5,5),(0.,1.),.PIECEWISE_BEZIER_KNOTS.);
#7352 = CARTESIAN_POINT('',(0.122508231262,-1.600000599938));
#7353 = CARTESIAN_POINT('',(0.122508231262,-1.200000299943));
#7354 = CARTESIAN_POINT('',(0.122508231262,-0.800000000041));
#7355 = CARTESIAN_POINT('',(0.122508231262,-0.399999699996));
#7356 = CARTESIAN_POINT('',(0.122508231262,5.999984875604E-07));
#7357 = ( GEOMETRIC_REPRESENTATION_CONTEXT(2) 
PARAMETRIC_REPRESENTATION_CONTEXT() REPRESENTATION_CONTEXT('2D SPACE',''
  ) );
#7358 = PCURVE('',#1896,#7359);
#7359 = DEFINITIONAL_REPRESENTATION('',(#7360),#7366);
#7360 = B_SPLINE_CURVE_WITH_KNOTS('',4,(#7361,#7362,#7363,#7364,#7365),
  .UNSPECIFIED.,.F.,.F.,(5,5),(0.,1.),.PIECEWISE_BEZIER_KNOTS.);
#7361 = CARTESIAN_POINT('',(0.828613530222,-1.6000006));
#7362 = CARTESIAN_POINT('',(0.828613530222,-1.200000300005));
#7363 = CARTESIAN_POINT('',(0.828613530222,-0.799999999964));
#7364 = CARTESIAN_POINT('',(0.828613530222,-0.399999699995));
#7365 = CARTESIAN_POINT('',(0.828613530222,5.999999999062E-07));
#7366 = ( GEOMETRIC_REPRESENTATION_CONTEXT(2) 
PARAMETRIC_REPRESENTATION_CONTEXT() REPRESENTATION_CONTEXT('2D SPACE',''
  ) );
#7367 = ORIENTED_EDGE('',*,*,#1914,.F.);
#7368 = ORIENTED_EDGE('',*,*,#7243,.F.);
#7369 = ADVANCED_FACE('',(#7370),#1387,.F.);
#7370 = FACE_BOUND('',#7371,.F.);
#7371 = EDGE_LOOP('',(#7372,#7395,#7396,#7397));
#7372 = ORIENTED_EDGE('',*,*,#7373,.F.);
#7373 = EDGE_CURVE('',#7270,#7374,#7376,.T.);
#7374 = VERTEX_POINT('',#7375);
#7375 = CARTESIAN_POINT('',(251.18789484234,33.234662767025,18.2));
#7376 = SURFACE_CURVE('',#7377,(#7381,#7388),.PCURVE_S1.);
#7377 = B_SPLINE_CURVE_WITH_KNOTS('',2,(#7378,#7379,#7380),
  .UNSPECIFIED.,.F.,.F.,(3,3),(0.,1.),.PIECEWISE_BEZIER_KNOTS.);
#7378 = CARTESIAN_POINT('',(251.0123828125,33.238837890625,18.2));
#7379 = CARTESIAN_POINT('',(252.3121875,33.238837890625,18.2));
#7380 = CARTESIAN_POINT('',(253.04802734375,32.349921875,18.2));
#7381 = PCURVE('',#1387,#7382);
#7382 = DEFINITIONAL_REPRESENTATION('',(#7383),#7387);
#7383 = LINE('',#7384,#7385);
#7384 = CARTESIAN_POINT('',(0.,0.));
#7385 = VECTOR('',#7386,1.);
#7386 = DIRECTION('',(1.,0.));
#7387 = ( GEOMETRIC_REPRESENTATION_CONTEXT(2) 
PARAMETRIC_REPRESENTATION_CONTEXT() REPRESENTATION_CONTEXT('2D SPACE',''
  ) );
#7388 = PCURVE('',#6397,#7389);
#7389 = DEFINITIONAL_REPRESENTATION('',(#7390),#7394);
#7390 = B_SPLINE_CURVE_WITH_KNOTS('',2,(#7391,#7392,#7393),
  .UNSPECIFIED.,.F.,.F.,(3,3),(0.,1.),.PIECEWISE_BEZIER_KNOTS.);
#7391 = CARTESIAN_POINT('',(7.0657421875,2.79572265625));
#7392 = CARTESIAN_POINT('',(7.0657421875,1.49591796875));
#7393 = CARTESIAN_POINT('',(6.176826171875,0.760078125));
#7394 = ( GEOMETRIC_REPRESENTATION_CONTEXT(2) 
PARAMETRIC_REPRESENTATION_CONTEXT() REPRESENTATION_CONTEXT('2D SPACE',''
  ) );
#7395 = ORIENTED_EDGE('',*,*,#7294,.T.);
#7396 = ORIENTED_EDGE('',*,*,#1367,.F.);
#7397 = ORIENTED_EDGE('',*,*,#7398,.F.);
#7398 = EDGE_CURVE('',#7374,#1368,#7399,.T.);
#7399 = SURFACE_CURVE('',#7400,(#7407,#7417),.PCURVE_S1.);
#7400 = B_SPLINE_CURVE_WITH_KNOTS('',5,(#7401,#7402,#7403,#7404,#7405,
    #7406),.UNSPECIFIED.,.F.,.F.,(6,6),(0.,1.),
  .PIECEWISE_BEZIER_KNOTS.);
#7401 = CARTESIAN_POINT('',(251.18789484234,33.234662767025,18.1999994)
  );
#7402 = CARTESIAN_POINT('',(251.18789484234,33.234662767025,
    18.503973367761));
#7403 = CARTESIAN_POINT('',(251.18789484234,33.234662767025,
    18.836474756194));
#7404 = CARTESIAN_POINT('',(251.18789484234,33.234662767025,
    19.163545377552));
#7405 = CARTESIAN_POINT('',(251.18789484234,33.234662767025,
    19.4781377073));
#7406 = CARTESIAN_POINT('',(251.18789484234,33.234662767025,19.8000006)
  );
#7407 = PCURVE('',#1387,#7408);
#7408 = DEFINITIONAL_REPRESENTATION('',(#7409),#7416);
#7409 = B_SPLINE_CURVE_WITH_KNOTS('',5,(#7410,#7411,#7412,#7413,#7414,
    #7415),.UNSPECIFIED.,.F.,.F.,(6,6),(0.,1.),
  .PIECEWISE_BEZIER_KNOTS.);
#7410 = CARTESIAN_POINT('',(6.853371953248E-02,5.999968404335E-07));
#7411 = CARTESIAN_POINT('',(6.853371953248E-02,-0.303973367764));
#7412 = CARTESIAN_POINT('',(6.853371953248E-02,-0.636474756097));
#7413 = CARTESIAN_POINT('',(6.853371953248E-02,-0.963545377711));
#7414 = CARTESIAN_POINT('',(6.853371953248E-02,-1.278137707239));
#7415 = CARTESIAN_POINT('',(6.853371953248E-02,-1.600000599939));
#7416 = ( GEOMETRIC_REPRESENTATION_CONTEXT(2) 
PARAMETRIC_REPRESENTATION_CONTEXT() REPRESENTATION_CONTEXT('2D SPACE',''
  ) );
#7417 = PCURVE('',#1423,#7418);
#7418 = DEFINITIONAL_REPRESENTATION('',(#7419),#7426);
#7419 = B_SPLINE_CURVE_WITH_KNOTS('',5,(#7420,#7421,#7422,#7423,#7424,
    #7425),.UNSPECIFIED.,.F.,.F.,(6,6),(0.,1.),
  .PIECEWISE_BEZIER_KNOTS.);
#7420 = CARTESIAN_POINT('',(0.928487574552,5.999999999062E-07));
#7421 = CARTESIAN_POINT('',(0.928487574552,-0.303973367761));
#7422 = CARTESIAN_POINT('',(0.928487574552,-0.636474756194));
#7423 = CARTESIAN_POINT('',(0.928487574552,-0.963545377552));
#7424 = CARTESIAN_POINT('',(0.928487574552,-1.2781377073));
#7425 = CARTESIAN_POINT('',(0.928487574552,-1.6000006));
#7426 = ( GEOMETRIC_REPRESENTATION_CONTEXT(2) 
PARAMETRIC_REPRESENTATION_CONTEXT() REPRESENTATION_CONTEXT('2D SPACE',''
  ) );
#7427 = ADVANCED_FACE('',(#7428),#1896,.F.);
#7428 = FACE_BOUND('',#7429,.F.);
#7429 = EDGE_LOOP('',(#7430,#7453,#7474,#7475));
#7430 = ORIENTED_EDGE('',*,*,#7431,.F.);
#7431 = EDGE_CURVE('',#7432,#7319,#7434,.T.);
#7432 = VERTEX_POINT('',#7433);
#7433 = CARTESIAN_POINT('',(252.18865234375,28.44513671875,18.2));
#7434 = SURFACE_CURVE('',#7435,(#7439,#7446),.PCURVE_S1.);
#7435 = B_SPLINE_CURVE_WITH_KNOTS('',2,(#7436,#7437,#7438),
  .UNSPECIFIED.,.F.,.F.,(3,3),(0.,1.),.PIECEWISE_BEZIER_KNOTS.);
#7436 = CARTESIAN_POINT('',(252.18865234375,28.44513671875,18.2));
#7437 = CARTESIAN_POINT('',(252.376640625,29.033271484375,18.2));
#7438 = CARTESIAN_POINT('',(252.376640625,29.554267578125,18.2));
#7439 = PCURVE('',#1896,#7440);
#7440 = DEFINITIONAL_REPRESENTATION('',(#7441),#7445);
#7441 = LINE('',#7442,#7443);
#7442 = CARTESIAN_POINT('',(0.,0.));
#7443 = VECTOR('',#7444,1.);
#7444 = DIRECTION('',(1.,0.));
#7445 = ( GEOMETRIC_REPRESENTATION_CONTEXT(2) 
PARAMETRIC_REPRESENTATION_CONTEXT() REPRESENTATION_CONTEXT('2D SPACE',''
  ) );
#7446 = PCURVE('',#6397,#7447);
#7447 = DEFINITIONAL_REPRESENTATION('',(#7448),#7452);
#7448 = B_SPLINE_CURVE_WITH_KNOTS('',2,(#7449,#7450,#7451),
  .UNSPECIFIED.,.F.,.F.,(3,3),(0.,1.),.PIECEWISE_BEZIER_KNOTS.);
#7449 = CARTESIAN_POINT('',(2.272041015625,1.619453125));
#7450 = CARTESIAN_POINT('',(2.86017578125,1.43146484375));
#7451 = CARTESIAN_POINT('',(3.381171875,1.43146484375));
#7452 = ( GEOMETRIC_REPRESENTATION_CONTEXT(2) 
PARAMETRIC_REPRESENTATION_CONTEXT() REPRESENTATION_CONTEXT('2D SPACE',''
  ) );
#7453 = ORIENTED_EDGE('',*,*,#7454,.T.);
#7454 = EDGE_CURVE('',#7432,#1831,#7455,.T.);
#7455 = SURFACE_CURVE('',#7456,(#7460,#7467),.PCURVE_S1.);
#7456 = LINE('',#7457,#7458);
#7457 = CARTESIAN_POINT('',(252.18865234375,28.44513671875,18.2));
#7458 = VECTOR('',#7459,1.);
#7459 = DIRECTION('',(0.,-0.,1.));
#7460 = PCURVE('',#1896,#7461);
#7461 = DEFINITIONAL_REPRESENTATION('',(#7462),#7466);
#7462 = LINE('',#7463,#7464);
#7463 = CARTESIAN_POINT('',(0.,0.));
#7464 = VECTOR('',#7465,1.);
#7465 = DIRECTION('',(0.,-1.));
#7466 = ( GEOMETRIC_REPRESENTATION_CONTEXT(2) 
PARAMETRIC_REPRESENTATION_CONTEXT() REPRESENTATION_CONTEXT('2D SPACE',''
  ) );
#7467 = PCURVE('',#1854,#7468);
#7468 = DEFINITIONAL_REPRESENTATION('',(#7469),#7473);
#7469 = LINE('',#7470,#7471);
#7470 = CARTESIAN_POINT('',(1.,0.));
#7471 = VECTOR('',#7472,1.);
#7472 = DIRECTION('',(0.,-1.));
#7473 = ( GEOMETRIC_REPRESENTATION_CONTEXT(2) 
PARAMETRIC_REPRESENTATION_CONTEXT() REPRESENTATION_CONTEXT('2D SPACE',''
  ) );
#7474 = ORIENTED_EDGE('',*,*,#1872,.F.);
#7475 = ORIENTED_EDGE('',*,*,#7341,.T.);
#7476 = ADVANCED_FACE('',(#7477),#1423,.F.);
#7477 = FACE_BOUND('',#7478,.F.);
#7478 = EDGE_LOOP('',(#7479,#7502,#7503,#7504));
#7479 = ORIENTED_EDGE('',*,*,#7480,.F.);
#7480 = EDGE_CURVE('',#7374,#7481,#7483,.T.);
#7481 = VERTEX_POINT('',#7482);
#7482 = CARTESIAN_POINT('',(251.3723828125,33.238837890625,18.2));
#7483 = SURFACE_CURVE('',#7484,(#7488,#7495),.PCURVE_S1.);
#7484 = B_SPLINE_CURVE_WITH_KNOTS('',2,(#7485,#7486,#7487),
  .UNSPECIFIED.,.F.,.F.,(3,3),(0.,1.),.PIECEWISE_BEZIER_KNOTS.);
#7485 = CARTESIAN_POINT('',(249.32868164062,32.422431640625,18.2));
#7486 = CARTESIAN_POINT('',(250.0618359375,33.238837890625,18.2));
#7487 = CARTESIAN_POINT('',(251.3723828125,33.238837890625,18.2));
#7488 = PCURVE('',#1423,#7489);
#7489 = DEFINITIONAL_REPRESENTATION('',(#7490),#7494);
#7490 = LINE('',#7491,#7492);
#7491 = CARTESIAN_POINT('',(0.,0.));
#7492 = VECTOR('',#7493,1.);
#7493 = DIRECTION('',(1.,0.));
#7494 = ( GEOMETRIC_REPRESENTATION_CONTEXT(2) 
PARAMETRIC_REPRESENTATION_CONTEXT() REPRESENTATION_CONTEXT('2D SPACE',''
  ) );
#7495 = PCURVE('',#6397,#7496);
#7496 = DEFINITIONAL_REPRESENTATION('',(#7497),#7501);
#7497 = B_SPLINE_CURVE_WITH_KNOTS('',2,(#7498,#7499,#7500),
  .UNSPECIFIED.,.F.,.F.,(3,3),(0.,1.),.PIECEWISE_BEZIER_KNOTS.);
#7498 = CARTESIAN_POINT('',(6.2493359375,4.479423828125));
#7499 = CARTESIAN_POINT('',(7.0657421875,3.74626953125));
#7500 = CARTESIAN_POINT('',(7.0657421875,2.43572265625));
#7501 = ( GEOMETRIC_REPRESENTATION_CONTEXT(2) 
PARAMETRIC_REPRESENTATION_CONTEXT() REPRESENTATION_CONTEXT('2D SPACE',''
  ) );
#7502 = ORIENTED_EDGE('',*,*,#7398,.T.);
#7503 = ORIENTED_EDGE('',*,*,#1403,.F.);
#7504 = ORIENTED_EDGE('',*,*,#7505,.F.);
#7505 = EDGE_CURVE('',#7481,#1404,#7506,.T.);
#7506 = SURFACE_CURVE('',#7507,(#7511,#7518),.PCURVE_S1.);
#7507 = LINE('',#7508,#7509);
#7508 = CARTESIAN_POINT('',(251.3723828125,33.238837890625,18.2));
#7509 = VECTOR('',#7510,1.);
#7510 = DIRECTION('',(0.,-0.,1.));
#7511 = PCURVE('',#1423,#7512);
#7512 = DEFINITIONAL_REPRESENTATION('',(#7513),#7517);
#7513 = LINE('',#7514,#7515);
#7514 = CARTESIAN_POINT('',(1.,0.));
#7515 = VECTOR('',#7516,1.);
#7516 = DIRECTION('',(0.,-1.));
#7517 = ( GEOMETRIC_REPRESENTATION_CONTEXT(2) 
PARAMETRIC_REPRESENTATION_CONTEXT() REPRESENTATION_CONTEXT('2D SPACE',''
  ) );
#7518 = PCURVE('',#1485,#7519);
#7519 = DEFINITIONAL_REPRESENTATION('',(#7520),#7524);
#7520 = LINE('',#7521,#7522);
#7521 = CARTESIAN_POINT('',(0.,0.));
#7522 = VECTOR('',#7523,1.);
#7523 = DIRECTION('',(0.,-1.));
#7524 = ( GEOMETRIC_REPRESENTATION_CONTEXT(2) 
PARAMETRIC_REPRESENTATION_CONTEXT() REPRESENTATION_CONTEXT('2D SPACE',''
  ) );
#7525 = ADVANCED_FACE('',(#7526),#1854,.F.);
#7526 = FACE_BOUND('',#7527,.F.);
#7527 = EDGE_LOOP('',(#7528,#7551,#7572,#7573));
#7528 = ORIENTED_EDGE('',*,*,#7529,.F.);
#7529 = EDGE_CURVE('',#7530,#7432,#7532,.T.);
#7530 = VERTEX_POINT('',#7531);
#7531 = CARTESIAN_POINT('',(251.6246875,27.201728515625,18.2));
#7532 = SURFACE_CURVE('',#7533,(#7537,#7544),.PCURVE_S1.);
#7533 = B_SPLINE_CURVE_WITH_KNOTS('',2,(#7534,#7535,#7536),
  .UNSPECIFIED.,.F.,.F.,(3,3),(0.,1.),.PIECEWISE_BEZIER_KNOTS.);
#7534 = CARTESIAN_POINT('',(251.6246875,27.201728515625,18.2));
#7535 = CARTESIAN_POINT('',(252.0006640625,27.857001953125,18.2));
#7536 = CARTESIAN_POINT('',(252.18865234375,28.44513671875,18.2));
#7537 = PCURVE('',#1854,#7538);
#7538 = DEFINITIONAL_REPRESENTATION('',(#7539),#7543);
#7539 = LINE('',#7540,#7541);
#7540 = CARTESIAN_POINT('',(0.,0.));
#7541 = VECTOR('',#7542,1.);
#7542 = DIRECTION('',(1.,0.));
#7543 = ( GEOMETRIC_REPRESENTATION_CONTEXT(2) 
PARAMETRIC_REPRESENTATION_CONTEXT() REPRESENTATION_CONTEXT('2D SPACE',''
  ) );
#7544 = PCURVE('',#6397,#7545);
#7545 = DEFINITIONAL_REPRESENTATION('',(#7546),#7550);
#7546 = B_SPLINE_CURVE_WITH_KNOTS('',2,(#7547,#7548,#7549),
  .UNSPECIFIED.,.F.,.F.,(3,3),(0.,1.),.PIECEWISE_BEZIER_KNOTS.);
#7547 = CARTESIAN_POINT('',(1.0286328125,2.18341796875));
#7548 = CARTESIAN_POINT('',(1.68390625,1.80744140625));
#7549 = CARTESIAN_POINT('',(2.272041015625,1.619453125));
#7550 = ( GEOMETRIC_REPRESENTATION_CONTEXT(2) 
PARAMETRIC_REPRESENTATION_CONTEXT() REPRESENTATION_CONTEXT('2D SPACE',''
  ) );
#7551 = ORIENTED_EDGE('',*,*,#7552,.T.);
#7552 = EDGE_CURVE('',#7530,#1805,#7553,.T.);
#7553 = SURFACE_CURVE('',#7554,(#7558,#7565),.PCURVE_S1.);
#7554 = LINE('',#7555,#7556);
#7555 = CARTESIAN_POINT('',(251.6246875,27.201728515625,18.2));
#7556 = VECTOR('',#7557,1.);
#7557 = DIRECTION('',(0.,-0.,1.));
#7558 = PCURVE('',#1854,#7559);
#7559 = DEFINITIONAL_REPRESENTATION('',(#7560),#7564);
#7560 = LINE('',#7561,#7562);
#7561 = CARTESIAN_POINT('',(0.,0.));
#7562 = VECTOR('',#7563,1.);
#7563 = DIRECTION('',(0.,-1.));
#7564 = ( GEOMETRIC_REPRESENTATION_CONTEXT(2) 
PARAMETRIC_REPRESENTATION_CONTEXT() REPRESENTATION_CONTEXT('2D SPACE',''
  ) );
#7565 = PCURVE('',#1819,#7566);
#7566 = DEFINITIONAL_REPRESENTATION('',(#7567),#7571);
#7567 = LINE('',#7568,#7569);
#7568 = CARTESIAN_POINT('',(1.62744140625,0.));
#7569 = VECTOR('',#7570,1.);
#7570 = DIRECTION('',(0.,-1.));
#7571 = ( GEOMETRIC_REPRESENTATION_CONTEXT(2) 
PARAMETRIC_REPRESENTATION_CONTEXT() REPRESENTATION_CONTEXT('2D SPACE',''
  ) );
#7572 = ORIENTED_EDGE('',*,*,#1830,.F.);
#7573 = ORIENTED_EDGE('',*,*,#7454,.F.);
#7574 = ADVANCED_FACE('',(#7575),#1485,.F.);
#7575 = FACE_BOUND('',#7576,.F.);
#7576 = EDGE_LOOP('',(#7577,#7600,#7601,#7602));
#7577 = ORIENTED_EDGE('',*,*,#7578,.F.);
#7578 = EDGE_CURVE('',#7481,#7579,#7581,.T.);
#7579 = VERTEX_POINT('',#7580);
#7580 = CARTESIAN_POINT('',(253.40802734375,32.349921875,18.2));
#7581 = SURFACE_CURVE('',#7582,(#7586,#7593),.PCURVE_S1.);
#7582 = B_SPLINE_CURVE_WITH_KNOTS('',2,(#7583,#7584,#7585),
  .UNSPECIFIED.,.F.,.F.,(3,3),(0.,1.),.PIECEWISE_BEZIER_KNOTS.);
#7583 = CARTESIAN_POINT('',(251.3723828125,33.238837890625,18.2));
#7584 = CARTESIAN_POINT('',(252.6721875,33.238837890625,18.2));
#7585 = CARTESIAN_POINT('',(253.40802734375,32.349921875,18.2));
#7586 = PCURVE('',#1485,#7587);
#7587 = DEFINITIONAL_REPRESENTATION('',(#7588),#7592);
#7588 = LINE('',#7589,#7590);
#7589 = CARTESIAN_POINT('',(0.,0.));
#7590 = VECTOR('',#7591,1.);
#7591 = DIRECTION('',(1.,0.));
#7592 = ( GEOMETRIC_REPRESENTATION_CONTEXT(2) 
PARAMETRIC_REPRESENTATION_CONTEXT() REPRESENTATION_CONTEXT('2D SPACE',''
  ) );
#7593 = PCURVE('',#6397,#7594);
#7594 = DEFINITIONAL_REPRESENTATION('',(#7595),#7599);
#7595 = B_SPLINE_CURVE_WITH_KNOTS('',2,(#7596,#7597,#7598),
  .UNSPECIFIED.,.F.,.F.,(3,3),(0.,1.),.PIECEWISE_BEZIER_KNOTS.);
#7596 = CARTESIAN_POINT('',(7.0657421875,2.43572265625));
#7597 = CARTESIAN_POINT('',(7.0657421875,1.13591796875));
#7598 = CARTESIAN_POINT('',(6.176826171875,0.400078125));
#7599 = ( GEOMETRIC_REPRESENTATION_CONTEXT(2) 
PARAMETRIC_REPRESENTATION_CONTEXT() REPRESENTATION_CONTEXT('2D SPACE',''
  ) );
#7600 = ORIENTED_EDGE('',*,*,#7505,.T.);
#7601 = ORIENTED_EDGE('',*,*,#1439,.F.);
#7602 = ORIENTED_EDGE('',*,*,#7603,.F.);
#7603 = EDGE_CURVE('',#7579,#1440,#7604,.T.);
#7604 = SURFACE_CURVE('',#7605,(#7609,#7616),.PCURVE_S1.);
#7605 = LINE('',#7606,#7607);
#7606 = CARTESIAN_POINT('',(253.40802734375,32.349921875,18.2));
#7607 = VECTOR('',#7608,1.);
#7608 = DIRECTION('',(0.,-0.,1.));
#7609 = PCURVE('',#1485,#7610);
#7610 = DEFINITIONAL_REPRESENTATION('',(#7611),#7615);
#7611 = LINE('',#7612,#7613);
#7612 = CARTESIAN_POINT('',(1.,0.));
#7613 = VECTOR('',#7614,1.);
#7614 = DIRECTION('',(0.,-1.));
#7615 = ( GEOMETRIC_REPRESENTATION_CONTEXT(2) 
PARAMETRIC_REPRESENTATION_CONTEXT() REPRESENTATION_CONTEXT('2D SPACE',''
  ) );
#7616 = PCURVE('',#1558,#7617);
#7617 = DEFINITIONAL_REPRESENTATION('',(#7618),#7622);
#7618 = LINE('',#7619,#7620);
#7619 = CARTESIAN_POINT('',(0.,0.));
#7620 = VECTOR('',#7621,1.);
#7621 = DIRECTION('',(0.,-1.));
#7622 = ( GEOMETRIC_REPRESENTATION_CONTEXT(2) 
PARAMETRIC_REPRESENTATION_CONTEXT() REPRESENTATION_CONTEXT('2D SPACE',''
  ) );
#7623 = ADVANCED_FACE('',(#7624),#1819,.F.);
#7624 = FACE_BOUND('',#7625,.F.);
#7625 = EDGE_LOOP('',(#7626,#7649,#7676,#7677));
#7626 = ORIENTED_EDGE('',*,*,#7627,.F.);
#7627 = EDGE_CURVE('',#7628,#7530,#7630,.T.);
#7628 = VERTEX_POINT('',#7629);
#7629 = CARTESIAN_POINT('',(251.81963755203,27.201728515625,18.2));
#7630 = SURFACE_CURVE('',#7631,(#7635,#7642),.PCURVE_S1.);
#7631 = LINE('',#7632,#7633);
#7632 = CARTESIAN_POINT('',(253.25212890625,27.201728515625,18.2));
#7633 = VECTOR('',#7634,1.);
#7634 = DIRECTION('',(-1.,2.22044604925E-16,0.));
#7635 = PCURVE('',#1819,#7636);
#7636 = DEFINITIONAL_REPRESENTATION('',(#7637),#7641);
#7637 = LINE('',#7638,#7639);
#7638 = CARTESIAN_POINT('',(0.,0.));
#7639 = VECTOR('',#7640,1.);
#7640 = DIRECTION('',(1.,0.));
#7641 = ( GEOMETRIC_REPRESENTATION_CONTEXT(2) 
PARAMETRIC_REPRESENTATION_CONTEXT() REPRESENTATION_CONTEXT('2D SPACE',''
  ) );
#7642 = PCURVE('',#6397,#7643);
#7643 = DEFINITIONAL_REPRESENTATION('',(#7644),#7648);
#7644 = LINE('',#7645,#7646);
#7645 = CARTESIAN_POINT('',(1.0286328125,0.5559765625));
#7646 = VECTOR('',#7647,1.);
#7647 = DIRECTION('',(0.,1.));
#7648 = ( GEOMETRIC_REPRESENTATION_CONTEXT(2) 
PARAMETRIC_REPRESENTATION_CONTEXT() REPRESENTATION_CONTEXT('2D SPACE',''
  ) );
#7649 = ORIENTED_EDGE('',*,*,#7650,.F.);
#7650 = EDGE_CURVE('',#1769,#7628,#7651,.T.);
#7651 = SURFACE_CURVE('',#7652,(#7658,#7667),.PCURVE_S1.);
#7652 = B_SPLINE_CURVE_WITH_KNOTS('',4,(#7653,#7654,#7655,#7656,#7657),
  .UNSPECIFIED.,.F.,.F.,(5,5),(0.,1.),.PIECEWISE_BEZIER_KNOTS.);
#7653 = CARTESIAN_POINT('',(251.81963755203,27.201728515625,19.8));
#7654 = CARTESIAN_POINT('',(251.81963755203,27.201728515625,
    19.40000000004));
#7655 = CARTESIAN_POINT('',(251.81963755203,27.201728515625,19.));
#7656 = CARTESIAN_POINT('',(251.81963755203,27.201728515625,
    18.59999999996));
#7657 = CARTESIAN_POINT('',(251.81963755203,27.201728515625,18.2));
#7658 = PCURVE('',#1819,#7659);
#7659 = DEFINITIONAL_REPRESENTATION('',(#7660),#7666);
#7660 = B_SPLINE_CURVE_WITH_KNOTS('',4,(#7661,#7662,#7663,#7664,#7665),
  .UNSPECIFIED.,.F.,.F.,(5,5),(0.,1.),.PIECEWISE_BEZIER_KNOTS.);
#7661 = CARTESIAN_POINT('',(1.432491354217,-1.6));
#7662 = CARTESIAN_POINT('',(1.432491354217,-1.20000000004));
#7663 = CARTESIAN_POINT('',(1.432491354217,-0.8));
#7664 = CARTESIAN_POINT('',(1.432491354217,-0.39999999996));
#7665 = CARTESIAN_POINT('',(1.432491354217,0.));
#7666 = ( GEOMETRIC_REPRESENTATION_CONTEXT(2) 
PARAMETRIC_REPRESENTATION_CONTEXT() REPRESENTATION_CONTEXT('2D SPACE',''
  ) );
#7667 = PCURVE('',#1788,#7668);
#7668 = DEFINITIONAL_REPRESENTATION('',(#7669),#7675);
#7669 = B_SPLINE_CURVE_WITH_KNOTS('',4,(#7670,#7671,#7672,#7673,#7674),
  .UNSPECIFIED.,.F.,.F.,(5,5),(0.,1.),.PIECEWISE_BEZIER_KNOTS.);
#7670 = CARTESIAN_POINT('',(0.27867289688,-1.59999999984));
#7671 = CARTESIAN_POINT('',(0.27867289688,-1.19999999988));
#7672 = CARTESIAN_POINT('',(0.27867289688,-0.8));
#7673 = CARTESIAN_POINT('',(0.27867289688,-0.40000000012));
#7674 = CARTESIAN_POINT('',(0.27867289688,-1.599400611951E-10));
#7675 = ( GEOMETRIC_REPRESENTATION_CONTEXT(2) 
PARAMETRIC_REPRESENTATION_CONTEXT() REPRESENTATION_CONTEXT('2D SPACE',''
  ) );
#7676 = ORIENTED_EDGE('',*,*,#1804,.F.);
#7677 = ORIENTED_EDGE('',*,*,#7552,.F.);
#7678 = ADVANCED_FACE('',(#7679),#1558,.F.);
#7679 = FACE_BOUND('',#7680,.F.);
#7680 = EDGE_LOOP('',(#7681,#7704,#7705,#7706));
#7681 = ORIENTED_EDGE('',*,*,#7682,.F.);
#7682 = EDGE_CURVE('',#7579,#7683,#7685,.T.);
#7683 = VERTEX_POINT('',#7684);
#7684 = CARTESIAN_POINT('',(254.1438671875,29.881904296875,18.2));
#7685 = SURFACE_CURVE('',#7686,(#7690,#7697),.PCURVE_S1.);
#7686 = B_SPLINE_CURVE_WITH_KNOTS('',2,(#7687,#7688,#7689),
  .UNSPECIFIED.,.F.,.F.,(3,3),(0.,1.),.PIECEWISE_BEZIER_KNOTS.);
#7687 = CARTESIAN_POINT('',(253.40802734375,32.349921875,18.2));
#7688 = CARTESIAN_POINT('',(254.1438671875,31.461005859375,18.2));
#7689 = CARTESIAN_POINT('',(254.1438671875,29.881904296875,18.2));
#7690 = PCURVE('',#1558,#7691);
#7691 = DEFINITIONAL_REPRESENTATION('',(#7692),#7696);
#7692 = LINE('',#7693,#7694);
#7693 = CARTESIAN_POINT('',(0.,0.));
#7694 = VECTOR('',#7695,1.);
#7695 = DIRECTION('',(1.,0.));
#7696 = ( GEOMETRIC_REPRESENTATION_CONTEXT(2) 
PARAMETRIC_REPRESENTATION_CONTEXT() REPRESENTATION_CONTEXT('2D SPACE',''
  ) );
#7697 = PCURVE('',#6397,#7698);
#7698 = DEFINITIONAL_REPRESENTATION('',(#7699),#7703);
#7699 = B_SPLINE_CURVE_WITH_KNOTS('',2,(#7700,#7701,#7702),
  .UNSPECIFIED.,.F.,.F.,(3,3),(0.,1.),.PIECEWISE_BEZIER_KNOTS.);
#7700 = CARTESIAN_POINT('',(6.176826171875,0.400078125));
#7701 = CARTESIAN_POINT('',(5.28791015625,-0.33576171875));
#7702 = CARTESIAN_POINT('',(3.70880859375,-0.33576171875));
#7703 = ( GEOMETRIC_REPRESENTATION_CONTEXT(2) 
PARAMETRIC_REPRESENTATION_CONTEXT() REPRESENTATION_CONTEXT('2D SPACE',''
  ) );
#7704 = ORIENTED_EDGE('',*,*,#7603,.T.);
#7705 = ORIENTED_EDGE('',*,*,#1514,.F.);
#7706 = ORIENTED_EDGE('',*,*,#7707,.F.);
#7707 = EDGE_CURVE('',#7683,#1515,#7708,.T.);
#7708 = SURFACE_CURVE('',#7709,(#7713,#7720),.PCURVE_S1.);
#7709 = LINE('',#7710,#7711);
#7710 = CARTESIAN_POINT('',(254.1438671875,29.881904296875,18.2));
#7711 = VECTOR('',#7712,1.);
#7712 = DIRECTION('',(0.,-0.,1.));
#7713 = PCURVE('',#1558,#7714);
#7714 = DEFINITIONAL_REPRESENTATION('',(#7715),#7719);
#7715 = LINE('',#7716,#7717);
#7716 = CARTESIAN_POINT('',(1.,0.));
#7717 = VECTOR('',#7718,1.);
#7718 = DIRECTION('',(0.,-1.));
#7719 = ( GEOMETRIC_REPRESENTATION_CONTEXT(2) 
PARAMETRIC_REPRESENTATION_CONTEXT() REPRESENTATION_CONTEXT('2D SPACE',''
  ) );
#7720 = PCURVE('',#1606,#7721);
#7721 = DEFINITIONAL_REPRESENTATION('',(#7722),#7726);
#7722 = LINE('',#7723,#7724);
#7723 = CARTESIAN_POINT('',(0.,0.));
#7724 = VECTOR('',#7725,1.);
#7725 = DIRECTION('',(0.,-1.));
#7726 = ( GEOMETRIC_REPRESENTATION_CONTEXT(2) 
PARAMETRIC_REPRESENTATION_CONTEXT() REPRESENTATION_CONTEXT('2D SPACE',''
  ) );
#7727 = ADVANCED_FACE('',(#7728),#1788,.F.);
#7728 = FACE_BOUND('',#7729,.F.);
#7729 = EDGE_LOOP('',(#7730,#7753,#7774,#7775));
#7730 = ORIENTED_EDGE('',*,*,#7731,.F.);
#7731 = EDGE_CURVE('',#7732,#7628,#7734,.T.);
#7732 = VERTEX_POINT('',#7733);
#7733 = CARTESIAN_POINT('',(251.6246875,26.841728515625,18.2));
#7734 = SURFACE_CURVE('',#7735,(#7739,#7746),.PCURVE_S1.);
#7735 = B_SPLINE_CURVE_WITH_KNOTS('',2,(#7736,#7737,#7738),
  .UNSPECIFIED.,.F.,.F.,(3,3),(0.,1.),.PIECEWISE_BEZIER_KNOTS.);
#7736 = CARTESIAN_POINT('',(251.6246875,26.841728515625,18.2));
#7737 = CARTESIAN_POINT('',(252.0006640625,27.497001953125,18.2));
#7738 = CARTESIAN_POINT('',(252.18865234375,28.08513671875,18.2));
#7739 = PCURVE('',#1788,#7740);
#7740 = DEFINITIONAL_REPRESENTATION('',(#7741),#7745);
#7741 = LINE('',#7742,#7743);
#7742 = CARTESIAN_POINT('',(0.,0.));
#7743 = VECTOR('',#7744,1.);
#7744 = DIRECTION('',(1.,0.));
#7745 = ( GEOMETRIC_REPRESENTATION_CONTEXT(2) 
PARAMETRIC_REPRESENTATION_CONTEXT() REPRESENTATION_CONTEXT('2D SPACE',''
  ) );
#7746 = PCURVE('',#6397,#7747);
#7747 = DEFINITIONAL_REPRESENTATION('',(#7748),#7752);
#7748 = B_SPLINE_CURVE_WITH_KNOTS('',2,(#7749,#7750,#7751),
  .UNSPECIFIED.,.F.,.F.,(3,3),(0.,1.),.PIECEWISE_BEZIER_KNOTS.);
#7749 = CARTESIAN_POINT('',(0.6686328125,2.18341796875));
#7750 = CARTESIAN_POINT('',(1.32390625,1.80744140625));
#7751 = CARTESIAN_POINT('',(1.912041015625,1.619453125));
#7752 = ( GEOMETRIC_REPRESENTATION_CONTEXT(2) 
PARAMETRIC_REPRESENTATION_CONTEXT() REPRESENTATION_CONTEXT('2D SPACE',''
  ) );
#7753 = ORIENTED_EDGE('',*,*,#7754,.T.);
#7754 = EDGE_CURVE('',#7732,#1743,#7755,.T.);
#7755 = SURFACE_CURVE('',#7756,(#7760,#7767),.PCURVE_S1.);
#7756 = LINE('',#7757,#7758);
#7757 = CARTESIAN_POINT('',(251.6246875,26.841728515625,18.2));
#7758 = VECTOR('',#7759,1.);
#7759 = DIRECTION('',(0.,-0.,1.));
#7760 = PCURVE('',#1788,#7761);
#7761 = DEFINITIONAL_REPRESENTATION('',(#7762),#7766);
#7762 = LINE('',#7763,#7764);
#7763 = CARTESIAN_POINT('',(0.,0.));
#7764 = VECTOR('',#7765,1.);
#7765 = DIRECTION('',(0.,-1.));
#7766 = ( GEOMETRIC_REPRESENTATION_CONTEXT(2) 
PARAMETRIC_REPRESENTATION_CONTEXT() REPRESENTATION_CONTEXT('2D SPACE',''
  ) );
#7767 = PCURVE('',#1757,#7768);
#7768 = DEFINITIONAL_REPRESENTATION('',(#7769),#7773);
#7769 = LINE('',#7770,#7771);
#7770 = CARTESIAN_POINT('',(1.98744140625,0.));
#7771 = VECTOR('',#7772,1.);
#7772 = DIRECTION('',(0.,-1.));
#7773 = ( GEOMETRIC_REPRESENTATION_CONTEXT(2) 
PARAMETRIC_REPRESENTATION_CONTEXT() REPRESENTATION_CONTEXT('2D SPACE',''
  ) );
#7774 = ORIENTED_EDGE('',*,*,#1768,.F.);
#7775 = ORIENTED_EDGE('',*,*,#7650,.T.);
#7776 = ADVANCED_FACE('',(#7777),#1606,.F.);
#7777 = FACE_BOUND('',#7778,.F.);
#7778 = EDGE_LOOP('',(#7779,#7802,#7803,#7804));
#7779 = ORIENTED_EDGE('',*,*,#7780,.F.);
#7780 = EDGE_CURVE('',#7683,#7781,#7783,.T.);
#7781 = VERTEX_POINT('',#7782);
#7782 = CARTESIAN_POINT('',(254.14149528474,29.6989863927,18.2));
#7783 = SURFACE_CURVE('',#7784,(#7788,#7795),.PCURVE_S1.);
#7784 = B_SPLINE_CURVE_WITH_KNOTS('',2,(#7785,#7786,#7787),
  .UNSPECIFIED.,.F.,.F.,(3,3),(0.,1.),.PIECEWISE_BEZIER_KNOTS.);
#7785 = CARTESIAN_POINT('',(254.1438671875,29.881904296875,18.2));
#7786 = CARTESIAN_POINT('',(254.1438671875,29.199775390625,18.2));
#7787 = CARTESIAN_POINT('',(254.01227539062,28.53107421875,18.2));
#7788 = PCURVE('',#1606,#7789);
#7789 = DEFINITIONAL_REPRESENTATION('',(#7790),#7794);
#7790 = LINE('',#7791,#7792);
#7791 = CARTESIAN_POINT('',(0.,0.));
#7792 = VECTOR('',#7793,1.);
#7793 = DIRECTION('',(1.,0.));
#7794 = ( GEOMETRIC_REPRESENTATION_CONTEXT(2) 
PARAMETRIC_REPRESENTATION_CONTEXT() REPRESENTATION_CONTEXT('2D SPACE',''
  ) );
#7795 = PCURVE('',#6397,#7796);
#7796 = DEFINITIONAL_REPRESENTATION('',(#7797),#7801);
#7797 = B_SPLINE_CURVE_WITH_KNOTS('',2,(#7798,#7799,#7800),
  .UNSPECIFIED.,.F.,.F.,(3,3),(0.,1.),.PIECEWISE_BEZIER_KNOTS.);
#7798 = CARTESIAN_POINT('',(3.70880859375,-0.33576171875));
#7799 = CARTESIAN_POINT('',(3.0266796875,-0.33576171875));
#7800 = CARTESIAN_POINT('',(2.357978515625,-0.204169921875));
#7801 = ( GEOMETRIC_REPRESENTATION_CONTEXT(2) 
PARAMETRIC_REPRESENTATION_CONTEXT() REPRESENTATION_CONTEXT('2D SPACE',''
  ) );
#7802 = ORIENTED_EDGE('',*,*,#7707,.T.);
#7803 = ORIENTED_EDGE('',*,*,#1586,.F.);
#7804 = ORIENTED_EDGE('',*,*,#7805,.T.);
#7805 = EDGE_CURVE('',#1587,#7781,#7806,.T.);
#7806 = SURFACE_CURVE('',#7807,(#7813,#7822),.PCURVE_S1.);
#7807 = B_SPLINE_CURVE_WITH_KNOTS('',4,(#7808,#7809,#7810,#7811,#7812),
  .UNSPECIFIED.,.F.,.F.,(5,5),(0.,1.),.PIECEWISE_BEZIER_KNOTS.);
#7808 = CARTESIAN_POINT('',(254.14149528474,29.698986392701,19.8000006)
  );
#7809 = CARTESIAN_POINT('',(254.14149528474,29.698986392701,
    19.400000300005));
#7810 = CARTESIAN_POINT('',(254.14149528474,29.698986392701,
    18.999999999982));
#7811 = CARTESIAN_POINT('',(254.14149528474,29.698986392701,
    18.599999699995));
#7812 = CARTESIAN_POINT('',(254.14149528474,29.698986392701,18.1999994)
  );
#7813 = PCURVE('',#1606,#7814);
#7814 = DEFINITIONAL_REPRESENTATION('',(#7815),#7821);
#7815 = B_SPLINE_CURVE_WITH_KNOTS('',4,(#7816,#7817,#7818,#7819,#7820),
  .UNSPECIFIED.,.F.,.F.,(5,5),(0.,1.),.PIECEWISE_BEZIER_KNOTS.);
#7816 = CARTESIAN_POINT('',(0.134256101295,-1.6000006));
#7817 = CARTESIAN_POINT('',(0.134256101295,-1.200000300005));
#7818 = CARTESIAN_POINT('',(0.134256101295,-0.799999999982));
#7819 = CARTESIAN_POINT('',(0.134256101295,-0.399999699995));
#7820 = CARTESIAN_POINT('',(0.134256101295,5.999999999062E-07));
#7821 = ( GEOMETRIC_REPRESENTATION_CONTEXT(2) 
PARAMETRIC_REPRESENTATION_CONTEXT() REPRESENTATION_CONTEXT('2D SPACE',''
  ) );
#7822 = PCURVE('',#1642,#7823);
#7823 = DEFINITIONAL_REPRESENTATION('',(#7824),#7830);
#7824 = B_SPLINE_CURVE_WITH_KNOTS('',4,(#7825,#7826,#7827,#7828,#7829),
  .UNSPECIFIED.,.F.,.F.,(5,5),(0.,1.),.PIECEWISE_BEZIER_KNOTS.);
#7825 = CARTESIAN_POINT('',(0.94322504613,-1.600000599953));
#7826 = CARTESIAN_POINT('',(0.94322504613,-1.200000299958));
#7827 = CARTESIAN_POINT('',(0.94322504613,-0.80000000002));
#7828 = CARTESIAN_POINT('',(0.94322504613,-0.399999700012));
#7829 = CARTESIAN_POINT('',(0.94322504613,5.999830912096E-07));
#7830 = ( GEOMETRIC_REPRESENTATION_CONTEXT(2) 
PARAMETRIC_REPRESENTATION_CONTEXT() REPRESENTATION_CONTEXT('2D SPACE',''
  ) );
#7831 = ADVANCED_FACE('',(#7832),#1757,.F.);
#7832 = FACE_BOUND('',#7833,.F.);
#7833 = EDGE_LOOP('',(#7834,#7857,#7878,#7879));
#7834 = ORIENTED_EDGE('',*,*,#7835,.F.);
#7835 = EDGE_CURVE('',#7836,#7732,#7838,.T.);
#7836 = VERTEX_POINT('',#7837);
#7837 = CARTESIAN_POINT('',(253.61212890625,26.841728515625,18.2));
#7838 = SURFACE_CURVE('',#7839,(#7843,#7850),.PCURVE_S1.);
#7839 = LINE('',#7840,#7841);
#7840 = CARTESIAN_POINT('',(253.61212890625,26.841728515625,18.2));
#7841 = VECTOR('',#7842,1.);
#7842 = DIRECTION('',(-1.,2.234476993654E-16,0.));
#7843 = PCURVE('',#1757,#7844);
#7844 = DEFINITIONAL_REPRESENTATION('',(#7845),#7849);
#7845 = LINE('',#7846,#7847);
#7846 = CARTESIAN_POINT('',(0.,0.));
#7847 = VECTOR('',#7848,1.);
#7848 = DIRECTION('',(1.,0.));
#7849 = ( GEOMETRIC_REPRESENTATION_CONTEXT(2) 
PARAMETRIC_REPRESENTATION_CONTEXT() REPRESENTATION_CONTEXT('2D SPACE',''
  ) );
#7850 = PCURVE('',#6397,#7851);
#7851 = DEFINITIONAL_REPRESENTATION('',(#7852),#7856);
#7852 = LINE('',#7853,#7854);
#7853 = CARTESIAN_POINT('',(0.6686328125,0.1959765625));
#7854 = VECTOR('',#7855,1.);
#7855 = DIRECTION('',(1.403094440351E-18,1.));
#7856 = ( GEOMETRIC_REPRESENTATION_CONTEXT(2) 
PARAMETRIC_REPRESENTATION_CONTEXT() REPRESENTATION_CONTEXT('2D SPACE',''
  ) );
#7857 = ORIENTED_EDGE('',*,*,#7858,.T.);
#7858 = EDGE_CURVE('',#7836,#1704,#7859,.T.);
#7859 = SURFACE_CURVE('',#7860,(#7864,#7871),.PCURVE_S1.);
#7860 = LINE('',#7861,#7862);
#7861 = CARTESIAN_POINT('',(253.61212890625,26.841728515625,18.2));
#7862 = VECTOR('',#7863,1.);
#7863 = DIRECTION('',(0.,-0.,1.));
#7864 = PCURVE('',#1757,#7865);
#7865 = DEFINITIONAL_REPRESENTATION('',(#7866),#7870);
#7866 = LINE('',#7867,#7868);
#7867 = CARTESIAN_POINT('',(0.,0.));
#7868 = VECTOR('',#7869,1.);
#7869 = DIRECTION('',(0.,-1.));
#7870 = ( GEOMETRIC_REPRESENTATION_CONTEXT(2) 
PARAMETRIC_REPRESENTATION_CONTEXT() REPRESENTATION_CONTEXT('2D SPACE',''
  ) );
#7871 = PCURVE('',#1725,#7872);
#7872 = DEFINITIONAL_REPRESENTATION('',(#7873),#7877);
#7873 = LINE('',#7874,#7875);
#7874 = CARTESIAN_POINT('',(1.,0.));
#7875 = VECTOR('',#7876,1.);
#7876 = DIRECTION('',(0.,-1.));
#7877 = ( GEOMETRIC_REPRESENTATION_CONTEXT(2) 
PARAMETRIC_REPRESENTATION_CONTEXT() REPRESENTATION_CONTEXT('2D SPACE',''
  ) );
#7878 = ORIENTED_EDGE('',*,*,#1742,.F.);
#7879 = ORIENTED_EDGE('',*,*,#7754,.F.);
#7880 = ADVANCED_FACE('',(#7881),#1642,.F.);
#7881 = FACE_BOUND('',#7882,.F.);
#7882 = EDGE_LOOP('',(#7883,#7906,#7907,#7908));
#7883 = ORIENTED_EDGE('',*,*,#7884,.F.);
#7884 = EDGE_CURVE('',#7781,#7885,#7887,.T.);
#7885 = VERTEX_POINT('',#7886);
#7886 = CARTESIAN_POINT('',(254.1438671875,29.521904296875,18.2));
#7887 = SURFACE_CURVE('',#7888,(#7892,#7899),.PCURVE_S1.);
#7888 = B_SPLINE_CURVE_WITH_KNOTS('',2,(#7889,#7890,#7891),
  .UNSPECIFIED.,.F.,.F.,(3,3),(0.,1.),.PIECEWISE_BEZIER_KNOTS.);
#7889 = CARTESIAN_POINT('',(253.40802734375,31.989921875,18.2));
#7890 = CARTESIAN_POINT('',(254.1438671875,31.101005859375,18.2));
#7891 = CARTESIAN_POINT('',(254.1438671875,29.521904296875,18.2));
#7892 = PCURVE('',#1642,#7893);
#7893 = DEFINITIONAL_REPRESENTATION('',(#7894),#7898);
#7894 = LINE('',#7895,#7896);
#7895 = CARTESIAN_POINT('',(0.,0.));
#7896 = VECTOR('',#7897,1.);
#7897 = DIRECTION('',(1.,0.));
#7898 = ( GEOMETRIC_REPRESENTATION_CONTEXT(2) 
PARAMETRIC_REPRESENTATION_CONTEXT() REPRESENTATION_CONTEXT('2D SPACE',''
  ) );
#7899 = PCURVE('',#6397,#7900);
#7900 = DEFINITIONAL_REPRESENTATION('',(#7901),#7905);
#7901 = B_SPLINE_CURVE_WITH_KNOTS('',2,(#7902,#7903,#7904),
  .UNSPECIFIED.,.F.,.F.,(3,3),(0.,1.),.PIECEWISE_BEZIER_KNOTS.);
#7902 = CARTESIAN_POINT('',(5.816826171875,0.400078125));
#7903 = CARTESIAN_POINT('',(4.92791015625,-0.33576171875));
#7904 = CARTESIAN_POINT('',(3.34880859375,-0.33576171875));
#7905 = ( GEOMETRIC_REPRESENTATION_CONTEXT(2) 
PARAMETRIC_REPRESENTATION_CONTEXT() REPRESENTATION_CONTEXT('2D SPACE',''
  ) );
#7906 = ORIENTED_EDGE('',*,*,#7805,.F.);
#7907 = ORIENTED_EDGE('',*,*,#1622,.F.);
#7908 = ORIENTED_EDGE('',*,*,#7909,.F.);
#7909 = EDGE_CURVE('',#7885,#1623,#7910,.T.);
#7910 = SURFACE_CURVE('',#7911,(#7915,#7922),.PCURVE_S1.);
#7911 = LINE('',#7912,#7913);
#7912 = CARTESIAN_POINT('',(254.1438671875,29.521904296875,18.2));
#7913 = VECTOR('',#7914,1.);
#7914 = DIRECTION('',(0.,-0.,1.));
#7915 = PCURVE('',#1642,#7916);
#7916 = DEFINITIONAL_REPRESENTATION('',(#7917),#7921);
#7917 = LINE('',#7918,#7919);
#7918 = CARTESIAN_POINT('',(1.,0.));
#7919 = VECTOR('',#7920,1.);
#7920 = DIRECTION('',(0.,-1.));
#7921 = ( GEOMETRIC_REPRESENTATION_CONTEXT(2) 
PARAMETRIC_REPRESENTATION_CONTEXT() REPRESENTATION_CONTEXT('2D SPACE',''
  ) );
#7922 = PCURVE('',#1684,#7923);
#7923 = DEFINITIONAL_REPRESENTATION('',(#7924),#7928);
#7924 = LINE('',#7925,#7926);
#7925 = CARTESIAN_POINT('',(0.,0.));
#7926 = VECTOR('',#7927,1.);
#7927 = DIRECTION('',(0.,-1.));
#7928 = ( GEOMETRIC_REPRESENTATION_CONTEXT(2) 
PARAMETRIC_REPRESENTATION_CONTEXT() REPRESENTATION_CONTEXT('2D SPACE',''
  ) );
#7929 = ADVANCED_FACE('',(#7930),#1725,.F.);
#7930 = FACE_BOUND('',#7931,.F.);
#7931 = EDGE_LOOP('',(#7932,#7955,#7976,#7977));
#7932 = ORIENTED_EDGE('',*,*,#7933,.F.);
#7933 = EDGE_CURVE('',#7934,#7836,#7936,.T.);
#7934 = VERTEX_POINT('',#7935);
#7935 = CARTESIAN_POINT('',(254.01227539062,28.17107421875,18.2));
#7936 = SURFACE_CURVE('',#7937,(#7941,#7948),.PCURVE_S1.);
#7937 = B_SPLINE_CURVE_WITH_KNOTS('',2,(#7938,#7939,#7940),
  .UNSPECIFIED.,.F.,.F.,(3,3),(0.,1.),.PIECEWISE_BEZIER_KNOTS.);
#7938 = CARTESIAN_POINT('',(254.01227539062,28.17107421875,18.2));
#7939 = CARTESIAN_POINT('',(253.88068359375,27.502373046875,18.2));
#7940 = CARTESIAN_POINT('',(253.61212890625,26.841728515625,18.2));
#7941 = PCURVE('',#1725,#7942);
#7942 = DEFINITIONAL_REPRESENTATION('',(#7943),#7947);
#7943 = LINE('',#7944,#7945);
#7944 = CARTESIAN_POINT('',(0.,0.));
#7945 = VECTOR('',#7946,1.);
#7946 = DIRECTION('',(1.,0.));
#7947 = ( GEOMETRIC_REPRESENTATION_CONTEXT(2) 
PARAMETRIC_REPRESENTATION_CONTEXT() REPRESENTATION_CONTEXT('2D SPACE',''
  ) );
#7948 = PCURVE('',#6397,#7949);
#7949 = DEFINITIONAL_REPRESENTATION('',(#7950),#7954);
#7950 = B_SPLINE_CURVE_WITH_KNOTS('',2,(#7951,#7952,#7953),
  .UNSPECIFIED.,.F.,.F.,(3,3),(0.,1.),.PIECEWISE_BEZIER_KNOTS.);
#7951 = CARTESIAN_POINT('',(1.997978515625,-0.204169921875));
#7952 = CARTESIAN_POINT('',(1.32927734375,-7.2578125E-02));
#7953 = CARTESIAN_POINT('',(0.6686328125,0.1959765625));
#7954 = ( GEOMETRIC_REPRESENTATION_CONTEXT(2) 
PARAMETRIC_REPRESENTATION_CONTEXT() REPRESENTATION_CONTEXT('2D SPACE',''
  ) );
#7955 = ORIENTED_EDGE('',*,*,#7956,.T.);
#7956 = EDGE_CURVE('',#7934,#1659,#7957,.T.);
#7957 = SURFACE_CURVE('',#7958,(#7962,#7969),.PCURVE_S1.);
#7958 = LINE('',#7959,#7960);
#7959 = CARTESIAN_POINT('',(254.01227539062,28.17107421875,18.2));
#7960 = VECTOR('',#7961,1.);
#7961 = DIRECTION('',(0.,-0.,1.));
#7962 = PCURVE('',#1725,#7963);
#7963 = DEFINITIONAL_REPRESENTATION('',(#7964),#7968);
#7964 = LINE('',#7965,#7966);
#7965 = CARTESIAN_POINT('',(0.,0.));
#7966 = VECTOR('',#7967,1.);
#7967 = DIRECTION('',(0.,-1.));
#7968 = ( GEOMETRIC_REPRESENTATION_CONTEXT(2) 
PARAMETRIC_REPRESENTATION_CONTEXT() REPRESENTATION_CONTEXT('2D SPACE',''
  ) );
#7969 = PCURVE('',#1684,#7970);
#7970 = DEFINITIONAL_REPRESENTATION('',(#7971),#7975);
#7971 = LINE('',#7972,#7973);
#7972 = CARTESIAN_POINT('',(1.,0.));
#7973 = VECTOR('',#7974,1.);
#7974 = DIRECTION('',(0.,-1.));
#7975 = ( GEOMETRIC_REPRESENTATION_CONTEXT(2) 
PARAMETRIC_REPRESENTATION_CONTEXT() REPRESENTATION_CONTEXT('2D SPACE',''
  ) );
#7976 = ORIENTED_EDGE('',*,*,#1703,.F.);
#7977 = ORIENTED_EDGE('',*,*,#7858,.F.);
#7978 = ADVANCED_FACE('',(#7979),#1684,.F.);
#7979 = FACE_BOUND('',#7980,.F.);
#7980 = EDGE_LOOP('',(#7981,#8002,#8003,#8004));
#7981 = ORIENTED_EDGE('',*,*,#7982,.F.);
#7982 = EDGE_CURVE('',#7885,#7934,#7983,.T.);
#7983 = SURFACE_CURVE('',#7984,(#7988,#7995),.PCURVE_S1.);
#7984 = B_SPLINE_CURVE_WITH_KNOTS('',2,(#7985,#7986,#7987),
  .UNSPECIFIED.,.F.,.F.,(3,3),(0.,1.),.PIECEWISE_BEZIER_KNOTS.);
#7985 = CARTESIAN_POINT('',(254.1438671875,29.521904296875,18.2));
#7986 = CARTESIAN_POINT('',(254.1438671875,28.839775390625,18.2));
#7987 = CARTESIAN_POINT('',(254.01227539062,28.17107421875,18.2));
#7988 = PCURVE('',#1684,#7989);
#7989 = DEFINITIONAL_REPRESENTATION('',(#7990),#7994);
#7990 = LINE('',#7991,#7992);
#7991 = CARTESIAN_POINT('',(0.,0.));
#7992 = VECTOR('',#7993,1.);
#7993 = DIRECTION('',(1.,0.));
#7994 = ( GEOMETRIC_REPRESENTATION_CONTEXT(2) 
PARAMETRIC_REPRESENTATION_CONTEXT() REPRESENTATION_CONTEXT('2D SPACE',''
  ) );
#7995 = PCURVE('',#6397,#7996);
#7996 = DEFINITIONAL_REPRESENTATION('',(#7997),#8001);
#7997 = B_SPLINE_CURVE_WITH_KNOTS('',2,(#7998,#7999,#8000),
  .UNSPECIFIED.,.F.,.F.,(3,3),(0.,1.),.PIECEWISE_BEZIER_KNOTS.);
#7998 = CARTESIAN_POINT('',(3.34880859375,-0.33576171875));
#7999 = CARTESIAN_POINT('',(2.6666796875,-0.33576171875));
#8000 = CARTESIAN_POINT('',(1.997978515625,-0.204169921875));
#8001 = ( GEOMETRIC_REPRESENTATION_CONTEXT(2) 
PARAMETRIC_REPRESENTATION_CONTEXT() REPRESENTATION_CONTEXT('2D SPACE',''
  ) );
#8002 = ORIENTED_EDGE('',*,*,#7909,.T.);
#8003 = ORIENTED_EDGE('',*,*,#1658,.F.);
#8004 = ORIENTED_EDGE('',*,*,#7956,.F.);
#8005 = ADVANCED_FACE('',(#8006),#2324,.F.);
#8006 = FACE_BOUND('',#8007,.F.);
#8007 = EDGE_LOOP('',(#8008,#8038,#8059,#8060));
#8008 = ORIENTED_EDGE('',*,*,#8009,.F.);
#8009 = EDGE_CURVE('',#8010,#8012,#8014,.T.);
#8010 = VERTEX_POINT('',#8011);
#8011 = CARTESIAN_POINT('',(247.66095703125,92.889716796875,18.2));
#8012 = VERTEX_POINT('',#8013);
#8013 = CARTESIAN_POINT('',(247.50318174393,92.529716796875,18.2));
#8014 = SURFACE_CURVE('',#8015,(#8019,#8026),.PCURVE_S1.);
#8015 = B_SPLINE_CURVE_WITH_KNOTS('',2,(#8016,#8017,#8018),
  .UNSPECIFIED.,.F.,.F.,(3,3),(0.,1.),.PIECEWISE_BEZIER_KNOTS.);
#8016 = CARTESIAN_POINT('',(247.66095703125,92.889716796875,18.2));
#8017 = CARTESIAN_POINT('',(247.4192578125,92.379462890625,18.2));
#8018 = CARTESIAN_POINT('',(247.30377929687,91.928291015625,18.2));
#8019 = PCURVE('',#2324,#8020);
#8020 = DEFINITIONAL_REPRESENTATION('',(#8021),#8025);
#8021 = LINE('',#8022,#8023);
#8022 = CARTESIAN_POINT('',(0.,0.));
#8023 = VECTOR('',#8024,1.);
#8024 = DIRECTION('',(1.,0.));
#8025 = ( GEOMETRIC_REPRESENTATION_CONTEXT(2) 
PARAMETRIC_REPRESENTATION_CONTEXT() REPRESENTATION_CONTEXT('2D SPACE',''
  ) );
#8026 = PCURVE('',#8027,#8032);
#8027 = PLANE('',#8028);
#8028 = AXIS2_PLACEMENT_3D('',#8029,#8030,#8031);
#8029 = CARTESIAN_POINT('',(253.80810546875,86.173095703125,18.2));
#8030 = DIRECTION('',(0.,0.,1.));
#8031 = DIRECTION('',(2.22044604925E-16,1.,0.));
#8032 = DEFINITIONAL_REPRESENTATION('',(#8033),#8037);
#8033 = B_SPLINE_CURVE_WITH_KNOTS('',2,(#8034,#8035,#8036),
  .UNSPECIFIED.,.F.,.F.,(3,3),(0.,1.),.PIECEWISE_BEZIER_KNOTS.);
#8034 = CARTESIAN_POINT('',(6.71662109375,6.1471484375));
#8035 = CARTESIAN_POINT('',(6.2063671875,6.38884765625));
#8036 = CARTESIAN_POINT('',(5.7551953125,6.504326171875));
#8037 = ( GEOMETRIC_REPRESENTATION_CONTEXT(2) 
PARAMETRIC_REPRESENTATION_CONTEXT() REPRESENTATION_CONTEXT('2D SPACE',''
  ) );
#8038 = ORIENTED_EDGE('',*,*,#8039,.T.);
#8039 = EDGE_CURVE('',#8010,#2305,#8040,.T.);
#8040 = SURFACE_CURVE('',#8041,(#8045,#8052),.PCURVE_S1.);
#8041 = LINE('',#8042,#8043);
#8042 = CARTESIAN_POINT('',(247.66095703125,92.889716796875,18.2));
#8043 = VECTOR('',#8044,1.);
#8044 = DIRECTION('',(0.,-0.,1.));
#8045 = PCURVE('',#2324,#8046);
#8046 = DEFINITIONAL_REPRESENTATION('',(#8047),#8051);
#8047 = LINE('',#8048,#8049);
#8048 = CARTESIAN_POINT('',(0.,0.));
#8049 = VECTOR('',#8050,1.);
#8050 = DIRECTION('',(0.,-1.));
#8051 = ( GEOMETRIC_REPRESENTATION_CONTEXT(2) 
PARAMETRIC_REPRESENTATION_CONTEXT() REPRESENTATION_CONTEXT('2D SPACE',''
  ) );
#8052 = PCURVE('',#3714,#8053);
#8053 = DEFINITIONAL_REPRESENTATION('',(#8054),#8058);
#8054 = LINE('',#8055,#8056);
#8055 = CARTESIAN_POINT('',(1.842421875,0.));
#8056 = VECTOR('',#8057,1.);
#8057 = DIRECTION('',(0.,-1.));
#8058 = ( GEOMETRIC_REPRESENTATION_CONTEXT(2) 
PARAMETRIC_REPRESENTATION_CONTEXT() REPRESENTATION_CONTEXT('2D SPACE',''
  ) );
#8059 = ORIENTED_EDGE('',*,*,#2302,.F.);
#8060 = ORIENTED_EDGE('',*,*,#8061,.T.);
#8061 = EDGE_CURVE('',#2303,#8012,#8062,.T.);
#8062 = SURFACE_CURVE('',#8063,(#8069,#8078),.PCURVE_S1.);
#8063 = B_SPLINE_CURVE_WITH_KNOTS('',4,(#8064,#8065,#8066,#8067,#8068),
  .UNSPECIFIED.,.F.,.F.,(5,5),(0.,1.),.PIECEWISE_BEZIER_KNOTS.);
#8064 = CARTESIAN_POINT('',(247.50318174393,92.529716796875,19.8));
#8065 = CARTESIAN_POINT('',(247.50318174393,92.529716796875,
    19.40000000004));
#8066 = CARTESIAN_POINT('',(247.50318174393,92.529716796875,19.));
#8067 = CARTESIAN_POINT('',(247.50318174393,92.529716796875,
    18.59999999996));
#8068 = CARTESIAN_POINT('',(247.50318174393,92.529716796875,18.2));
#8069 = PCURVE('',#2324,#8070);
#8070 = DEFINITIONAL_REPRESENTATION('',(#8071),#8077);
#8071 = B_SPLINE_CURVE_WITH_KNOTS('',4,(#8072,#8073,#8074,#8075,#8076),
  .UNSPECIFIED.,.F.,.F.,(5,5),(0.,1.),.PIECEWISE_BEZIER_KNOTS.);
#8072 = CARTESIAN_POINT('',(0.360280400979,-1.59999999984));
#8073 = CARTESIAN_POINT('',(0.360280400979,-1.19999999988));
#8074 = CARTESIAN_POINT('',(0.360280400979,-0.8));
#8075 = CARTESIAN_POINT('',(0.360280400979,-0.40000000012));
#8076 = CARTESIAN_POINT('',(0.360280400979,-1.599400611951E-10));
#8077 = ( GEOMETRIC_REPRESENTATION_CONTEXT(2) 
PARAMETRIC_REPRESENTATION_CONTEXT() REPRESENTATION_CONTEXT('2D SPACE',''
  ) );
#8078 = PCURVE('',#2355,#8079);
#8079 = DEFINITIONAL_REPRESENTATION('',(#8080),#8086);
#8080 = B_SPLINE_CURVE_WITH_KNOTS('',4,(#8081,#8082,#8083,#8084,#8085),
  .UNSPECIFIED.,.F.,.F.,(5,5),(0.,1.),.PIECEWISE_BEZIER_KNOTS.);
#8081 = CARTESIAN_POINT('',(1.324646587688,-1.6));
#8082 = CARTESIAN_POINT('',(1.324646587688,-1.20000000004));
#8083 = CARTESIAN_POINT('',(1.324646587688,-0.8));
#8084 = CARTESIAN_POINT('',(1.324646587688,-0.39999999996));
#8085 = CARTESIAN_POINT('',(1.324646587688,0.));
#8086 = ( GEOMETRIC_REPRESENTATION_CONTEXT(2) 
PARAMETRIC_REPRESENTATION_CONTEXT() REPRESENTATION_CONTEXT('2D SPACE',''
  ) );
#8087 = ADVANCED_FACE('',(#8088),#2355,.F.);
#8088 = FACE_BOUND('',#8089,.F.);
#8089 = EDGE_LOOP('',(#8090,#8113,#8114,#8115));
#8090 = ORIENTED_EDGE('',*,*,#8091,.F.);
#8091 = EDGE_CURVE('',#8012,#8092,#8094,.T.);
#8092 = VERTEX_POINT('',#8093);
#8093 = CARTESIAN_POINT('',(247.66095703125,92.529716796875,18.2));
#8094 = SURFACE_CURVE('',#8095,(#8099,#8106),.PCURVE_S1.);
#8095 = LINE('',#8096,#8097);
#8096 = CARTESIAN_POINT('',(246.17853515625,92.529716796875,18.2));
#8097 = VECTOR('',#8098,1.);
#8098 = DIRECTION('',(1.,-2.22044604925E-16,0.));
#8099 = PCURVE('',#2355,#8100);
#8100 = DEFINITIONAL_REPRESENTATION('',(#8101),#8105);
#8101 = LINE('',#8102,#8103);
#8102 = CARTESIAN_POINT('',(0.,0.));
#8103 = VECTOR('',#8104,1.);
#8104 = DIRECTION('',(1.,0.));
#8105 = ( GEOMETRIC_REPRESENTATION_CONTEXT(2) 
PARAMETRIC_REPRESENTATION_CONTEXT() REPRESENTATION_CONTEXT('2D SPACE',''
  ) );
#8106 = PCURVE('',#8027,#8107);
#8107 = DEFINITIONAL_REPRESENTATION('',(#8108),#8112);
#8108 = LINE('',#8109,#8110);
#8109 = CARTESIAN_POINT('',(6.35662109375,7.6295703125));
#8110 = VECTOR('',#8111,1.);
#8111 = DIRECTION('',(0.,-1.));
#8112 = ( GEOMETRIC_REPRESENTATION_CONTEXT(2) 
PARAMETRIC_REPRESENTATION_CONTEXT() REPRESENTATION_CONTEXT('2D SPACE',''
  ) );
#8113 = ORIENTED_EDGE('',*,*,#8061,.F.);
#8114 = ORIENTED_EDGE('',*,*,#2340,.F.);
#8115 = ORIENTED_EDGE('',*,*,#8116,.F.);
#8116 = EDGE_CURVE('',#8092,#2341,#8117,.T.);
#8117 = SURFACE_CURVE('',#8118,(#8122,#8129),.PCURVE_S1.);
#8118 = LINE('',#8119,#8120);
#8119 = CARTESIAN_POINT('',(247.66095703125,92.529716796875,18.2));
#8120 = VECTOR('',#8121,1.);
#8121 = DIRECTION('',(0.,-0.,1.));
#8122 = PCURVE('',#2355,#8123);
#8123 = DEFINITIONAL_REPRESENTATION('',(#8124),#8128);
#8124 = LINE('',#8125,#8126);
#8125 = CARTESIAN_POINT('',(1.482421875,0.));
#8126 = VECTOR('',#8127,1.);
#8127 = DIRECTION('',(0.,-1.));
#8128 = ( GEOMETRIC_REPRESENTATION_CONTEXT(2) 
PARAMETRIC_REPRESENTATION_CONTEXT() REPRESENTATION_CONTEXT('2D SPACE',''
  ) );
#8129 = PCURVE('',#2388,#8130);
#8130 = DEFINITIONAL_REPRESENTATION('',(#8131),#8135);
#8131 = LINE('',#8132,#8133);
#8132 = CARTESIAN_POINT('',(0.,0.));
#8133 = VECTOR('',#8134,1.);
#8134 = DIRECTION('',(0.,-1.));
#8135 = ( GEOMETRIC_REPRESENTATION_CONTEXT(2) 
PARAMETRIC_REPRESENTATION_CONTEXT() REPRESENTATION_CONTEXT('2D SPACE',''
  ) );
#8136 = ADVANCED_FACE('',(#8137),#3714,.F.);
#8137 = FACE_BOUND('',#8138,.F.);
#8138 = EDGE_LOOP('',(#8139,#8162,#8183,#8184));
#8139 = ORIENTED_EDGE('',*,*,#8140,.F.);
#8140 = EDGE_CURVE('',#8141,#8010,#8143,.T.);
#8141 = VERTEX_POINT('',#8142);
#8142 = CARTESIAN_POINT('',(245.81853515625,92.889716796875,18.2));
#8143 = SURFACE_CURVE('',#8144,(#8148,#8155),.PCURVE_S1.);
#8144 = LINE('',#8145,#8146);
#8145 = CARTESIAN_POINT('',(245.81853515625,92.889716796875,18.2));
#8146 = VECTOR('',#8147,1.);
#8147 = DIRECTION('',(1.,0.,0.));
#8148 = PCURVE('',#3714,#8149);
#8149 = DEFINITIONAL_REPRESENTATION('',(#8150),#8154);
#8150 = LINE('',#8151,#8152);
#8151 = CARTESIAN_POINT('',(-8.881784197001E-16,0.));
#8152 = VECTOR('',#8153,1.);
#8153 = DIRECTION('',(1.,0.));
#8154 = ( GEOMETRIC_REPRESENTATION_CONTEXT(2) 
PARAMETRIC_REPRESENTATION_CONTEXT() REPRESENTATION_CONTEXT('2D SPACE',''
  ) );
#8155 = PCURVE('',#8027,#8156);
#8156 = DEFINITIONAL_REPRESENTATION('',(#8157),#8161);
#8157 = LINE('',#8158,#8159);
#8158 = CARTESIAN_POINT('',(6.71662109375,7.9895703125));
#8159 = VECTOR('',#8160,1.);
#8160 = DIRECTION('',(2.22044604925E-16,-1.));
#8161 = ( GEOMETRIC_REPRESENTATION_CONTEXT(2) 
PARAMETRIC_REPRESENTATION_CONTEXT() REPRESENTATION_CONTEXT('2D SPACE',''
  ) );
#8162 = ORIENTED_EDGE('',*,*,#8163,.T.);
#8163 = EDGE_CURVE('',#8141,#3663,#8164,.T.);
#8164 = SURFACE_CURVE('',#8165,(#8169,#8176),.PCURVE_S1.);
#8165 = LINE('',#8166,#8167);
#8166 = CARTESIAN_POINT('',(245.81853515625,92.889716796875,18.2));
#8167 = VECTOR('',#8168,1.);
#8168 = DIRECTION('',(0.,-0.,1.));
#8169 = PCURVE('',#3714,#8170);
#8170 = DEFINITIONAL_REPRESENTATION('',(#8171),#8175);
#8171 = LINE('',#8172,#8173);
#8172 = CARTESIAN_POINT('',(0.,0.));
#8173 = VECTOR('',#8174,1.);
#8174 = DIRECTION('',(0.,-1.));
#8175 = ( GEOMETRIC_REPRESENTATION_CONTEXT(2) 
PARAMETRIC_REPRESENTATION_CONTEXT() REPRESENTATION_CONTEXT('2D SPACE',''
  ) );
#8176 = PCURVE('',#3684,#8177);
#8177 = DEFINITIONAL_REPRESENTATION('',(#8178),#8182);
#8178 = LINE('',#8179,#8180);
#8179 = CARTESIAN_POINT('',(1.,0.));
#8180 = VECTOR('',#8181,1.);
#8181 = DIRECTION('',(0.,-1.));
#8182 = ( GEOMETRIC_REPRESENTATION_CONTEXT(2) 
PARAMETRIC_REPRESENTATION_CONTEXT() REPRESENTATION_CONTEXT('2D SPACE',''
  ) );
#8183 = ORIENTED_EDGE('',*,*,#3701,.F.);
#8184 = ORIENTED_EDGE('',*,*,#8039,.F.);
#8185 = ADVANCED_FACE('',(#8186),#2388,.F.);
#8186 = FACE_BOUND('',#8187,.F.);
#8187 = EDGE_LOOP('',(#8188,#8211,#8212,#8213));
#8188 = ORIENTED_EDGE('',*,*,#8189,.F.);
#8189 = EDGE_CURVE('',#8092,#8190,#8192,.T.);
#8190 = VERTEX_POINT('',#8191);
#8191 = CARTESIAN_POINT('',(247.30377929687,91.568291015625,18.2));
#8192 = SURFACE_CURVE('',#8193,(#8197,#8204),.PCURVE_S1.);
#8193 = B_SPLINE_CURVE_WITH_KNOTS('',2,(#8194,#8195,#8196),
  .UNSPECIFIED.,.F.,.F.,(3,3),(0.,1.),.PIECEWISE_BEZIER_KNOTS.);
#8194 = CARTESIAN_POINT('',(247.66095703125,92.529716796875,18.2));
#8195 = CARTESIAN_POINT('',(247.4192578125,92.019462890625,18.2));
#8196 = CARTESIAN_POINT('',(247.30377929687,91.568291015625,18.2));
#8197 = PCURVE('',#2388,#8198);
#8198 = DEFINITIONAL_REPRESENTATION('',(#8199),#8203);
#8199 = LINE('',#8200,#8201);
#8200 = CARTESIAN_POINT('',(0.,0.));
#8201 = VECTOR('',#8202,1.);
#8202 = DIRECTION('',(1.,0.));
#8203 = ( GEOMETRIC_REPRESENTATION_CONTEXT(2) 
PARAMETRIC_REPRESENTATION_CONTEXT() REPRESENTATION_CONTEXT('2D SPACE',''
  ) );
#8204 = PCURVE('',#8027,#8205);
#8205 = DEFINITIONAL_REPRESENTATION('',(#8206),#8210);
#8206 = B_SPLINE_CURVE_WITH_KNOTS('',2,(#8207,#8208,#8209),
  .UNSPECIFIED.,.F.,.F.,(3,3),(0.,1.),.PIECEWISE_BEZIER_KNOTS.);
#8207 = CARTESIAN_POINT('',(6.35662109375,6.1471484375));
#8208 = CARTESIAN_POINT('',(5.8463671875,6.38884765625));
#8209 = CARTESIAN_POINT('',(5.3951953125,6.504326171875));
#8210 = ( GEOMETRIC_REPRESENTATION_CONTEXT(2) 
PARAMETRIC_REPRESENTATION_CONTEXT() REPRESENTATION_CONTEXT('2D SPACE',''
  ) );
#8211 = ORIENTED_EDGE('',*,*,#8116,.T.);
#8212 = ORIENTED_EDGE('',*,*,#2366,.F.);
#8213 = ORIENTED_EDGE('',*,*,#8214,.F.);
#8214 = EDGE_CURVE('',#8190,#2367,#8215,.T.);
#8215 = SURFACE_CURVE('',#8216,(#8220,#8227),.PCURVE_S1.);
#8216 = LINE('',#8217,#8218);
#8217 = CARTESIAN_POINT('',(247.30377929687,91.568291015625,18.2));
#8218 = VECTOR('',#8219,1.);
#8219 = DIRECTION('',(0.,-0.,1.));
#8220 = PCURVE('',#2388,#8221);
#8221 = DEFINITIONAL_REPRESENTATION('',(#8222),#8226);
#8222 = LINE('',#8223,#8224);
#8223 = CARTESIAN_POINT('',(1.,0.));
#8224 = VECTOR('',#8225,1.);
#8225 = DIRECTION('',(0.,-1.));
#8226 = ( GEOMETRIC_REPRESENTATION_CONTEXT(2) 
PARAMETRIC_REPRESENTATION_CONTEXT() REPRESENTATION_CONTEXT('2D SPACE',''
  ) );
#8227 = PCURVE('',#2427,#8228);
#8228 = DEFINITIONAL_REPRESENTATION('',(#8229),#8233);
#8229 = LINE('',#8230,#8231);
#8230 = CARTESIAN_POINT('',(0.,0.));
#8231 = VECTOR('',#8232,1.);
#8232 = DIRECTION('',(0.,-1.));
#8233 = ( GEOMETRIC_REPRESENTATION_CONTEXT(2) 
PARAMETRIC_REPRESENTATION_CONTEXT() REPRESENTATION_CONTEXT('2D SPACE',''
  ) );
#8234 = ADVANCED_FACE('',(#8235),#3684,.F.);
#8235 = FACE_BOUND('',#8236,.F.);
#8236 = EDGE_LOOP('',(#8237,#8260,#8281,#8282));
#8237 = ORIENTED_EDGE('',*,*,#8238,.F.);
#8238 = EDGE_CURVE('',#8239,#8141,#8241,.T.);
#8239 = VERTEX_POINT('',#8240);
#8240 = CARTESIAN_POINT('',(245.56072265625,91.858466796875,18.2));
#8241 = SURFACE_CURVE('',#8242,(#8246,#8253),.PCURVE_S1.);
#8242 = B_SPLINE_CURVE_WITH_KNOTS('',2,(#8243,#8244,#8245),
  .UNSPECIFIED.,.F.,.F.,(3,3),(0.,1.),.PIECEWISE_BEZIER_KNOTS.);
#8243 = CARTESIAN_POINT('',(245.56072265625,91.858466796875,18.2));
#8244 = CARTESIAN_POINT('',(245.64666015625,92.379462890625,18.2));
#8245 = CARTESIAN_POINT('',(245.81853515625,92.889716796875,18.2));
#8246 = PCURVE('',#3684,#8247);
#8247 = DEFINITIONAL_REPRESENTATION('',(#8248),#8252);
#8248 = LINE('',#8249,#8250);
#8249 = CARTESIAN_POINT('',(0.,0.));
#8250 = VECTOR('',#8251,1.);
#8251 = DIRECTION('',(1.,0.));
#8252 = ( GEOMETRIC_REPRESENTATION_CONTEXT(2) 
PARAMETRIC_REPRESENTATION_CONTEXT() REPRESENTATION_CONTEXT('2D SPACE',''
  ) );
#8253 = PCURVE('',#8027,#8254);
#8254 = DEFINITIONAL_REPRESENTATION('',(#8255),#8259);
#8255 = B_SPLINE_CURVE_WITH_KNOTS('',2,(#8256,#8257,#8258),
  .UNSPECIFIED.,.F.,.F.,(3,3),(0.,1.),.PIECEWISE_BEZIER_KNOTS.);
#8256 = CARTESIAN_POINT('',(5.68537109375,8.2473828125));
#8257 = CARTESIAN_POINT('',(6.2063671875,8.1614453125));
#8258 = CARTESIAN_POINT('',(6.71662109375,7.9895703125));
#8259 = ( GEOMETRIC_REPRESENTATION_CONTEXT(2) 
PARAMETRIC_REPRESENTATION_CONTEXT() REPRESENTATION_CONTEXT('2D SPACE',''
  ) );
#8260 = ORIENTED_EDGE('',*,*,#8261,.T.);
#8261 = EDGE_CURVE('',#8239,#3624,#8262,.T.);
#8262 = SURFACE_CURVE('',#8263,(#8267,#8274),.PCURVE_S1.);
#8263 = LINE('',#8264,#8265);
#8264 = CARTESIAN_POINT('',(245.56072265625,91.858466796875,18.2));
#8265 = VECTOR('',#8266,1.);
#8266 = DIRECTION('',(0.,-0.,1.));
#8267 = PCURVE('',#3684,#8268);
#8268 = DEFINITIONAL_REPRESENTATION('',(#8269),#8273);
#8269 = LINE('',#8270,#8271);
#8270 = CARTESIAN_POINT('',(0.,0.));
#8271 = VECTOR('',#8272,1.);
#8272 = DIRECTION('',(0.,-1.));
#8273 = ( GEOMETRIC_REPRESENTATION_CONTEXT(2) 
PARAMETRIC_REPRESENTATION_CONTEXT() REPRESENTATION_CONTEXT('2D SPACE',''
  ) );
#8274 = PCURVE('',#3645,#8275);
#8275 = DEFINITIONAL_REPRESENTATION('',(#8276),#8280);
#8276 = LINE('',#8277,#8278);
#8277 = CARTESIAN_POINT('',(1.,0.));
#8278 = VECTOR('',#8279,1.);
#8279 = DIRECTION('',(0.,-1.));
#8280 = ( GEOMETRIC_REPRESENTATION_CONTEXT(2) 
PARAMETRIC_REPRESENTATION_CONTEXT() REPRESENTATION_CONTEXT('2D SPACE',''
  ) );
#8281 = ORIENTED_EDGE('',*,*,#3662,.F.);
#8282 = ORIENTED_EDGE('',*,*,#8163,.F.);
#8283 = ADVANCED_FACE('',(#8284),#2427,.F.);
#8284 = FACE_BOUND('',#8285,.F.);
#8285 = EDGE_LOOP('',(#8286,#8309,#8310,#8311));
#8286 = ORIENTED_EDGE('',*,*,#8287,.F.);
#8287 = EDGE_CURVE('',#8190,#8288,#8290,.T.);
#8288 = VERTEX_POINT('',#8289);
#8289 = CARTESIAN_POINT('',(247.19335182546,90.868102251172,18.2));
#8290 = SURFACE_CURVE('',#8291,(#8295,#8302),.PCURVE_S1.);
#8291 = B_SPLINE_CURVE_WITH_KNOTS('',2,(#8292,#8293,#8294),
  .UNSPECIFIED.,.F.,.F.,(3,3),(0.,1.),.PIECEWISE_BEZIER_KNOTS.);
#8292 = CARTESIAN_POINT('',(247.30377929687,91.568291015625,18.2));
#8293 = CARTESIAN_POINT('',(247.18830078125,91.117119140625,18.2));
#8294 = CARTESIAN_POINT('',(247.18830078125,90.687431640625,18.2));
#8295 = PCURVE('',#2427,#8296);
#8296 = DEFINITIONAL_REPRESENTATION('',(#8297),#8301);
#8297 = LINE('',#8298,#8299);
#8298 = CARTESIAN_POINT('',(0.,0.));
#8299 = VECTOR('',#8300,1.);
#8300 = DIRECTION('',(1.,0.));
#8301 = ( GEOMETRIC_REPRESENTATION_CONTEXT(2) 
PARAMETRIC_REPRESENTATION_CONTEXT() REPRESENTATION_CONTEXT('2D SPACE',''
  ) );
#8302 = PCURVE('',#8027,#8303);
#8303 = DEFINITIONAL_REPRESENTATION('',(#8304),#8308);
#8304 = B_SPLINE_CURVE_WITH_KNOTS('',2,(#8305,#8306,#8307),
  .UNSPECIFIED.,.F.,.F.,(3,3),(0.,1.),.PIECEWISE_BEZIER_KNOTS.);
#8305 = CARTESIAN_POINT('',(5.3951953125,6.504326171875));
#8306 = CARTESIAN_POINT('',(4.9440234375,6.6198046875));
#8307 = CARTESIAN_POINT('',(4.5143359375,6.6198046875));
#8308 = ( GEOMETRIC_REPRESENTATION_CONTEXT(2) 
PARAMETRIC_REPRESENTATION_CONTEXT() REPRESENTATION_CONTEXT('2D SPACE',''
  ) );
#8309 = ORIENTED_EDGE('',*,*,#8214,.T.);
#8310 = ORIENTED_EDGE('',*,*,#2405,.F.);
#8311 = ORIENTED_EDGE('',*,*,#8312,.F.);
#8312 = EDGE_CURVE('',#8288,#2406,#8313,.T.);
#8313 = SURFACE_CURVE('',#8314,(#8320,#8329),.PCURVE_S1.);
#8314 = B_SPLINE_CURVE_WITH_KNOTS('',4,(#8315,#8316,#8317,#8318,#8319),
  .UNSPECIFIED.,.F.,.F.,(5,5),(0.,1.),.PIECEWISE_BEZIER_KNOTS.);
#8315 = CARTESIAN_POINT('',(247.19335182546,90.868102251172,18.1999994)
  );
#8316 = CARTESIAN_POINT('',(247.19335182546,90.868102251172,
    18.599999699995));
#8317 = CARTESIAN_POINT('',(247.19335182546,90.868102251172,
    19.000000000025));
#8318 = CARTESIAN_POINT('',(247.19335182546,90.868102251172,
    19.400000300005));
#8319 = CARTESIAN_POINT('',(247.19335182546,90.868102251172,19.8000006)
  );
#8320 = PCURVE('',#2427,#8321);
#8321 = DEFINITIONAL_REPRESENTATION('',(#8322),#8328);
#8322 = B_SPLINE_CURVE_WITH_KNOTS('',4,(#8323,#8324,#8325,#8326,#8327),
  .UNSPECIFIED.,.F.,.F.,(5,5),(0.,1.),.PIECEWISE_BEZIER_KNOTS.);
#8323 = CARTESIAN_POINT('',(0.790858610744,5.999462653339E-07));
#8324 = CARTESIAN_POINT('',(0.790858610744,-0.399999700048));
#8325 = CARTESIAN_POINT('',(0.790858610744,-0.799999999971));
#8326 = CARTESIAN_POINT('',(0.790858610744,-1.200000299995));
#8327 = CARTESIAN_POINT('',(0.790858610744,-1.60000059999));
#8328 = ( GEOMETRIC_REPRESENTATION_CONTEXT(2) 
PARAMETRIC_REPRESENTATION_CONTEXT() REPRESENTATION_CONTEXT('2D SPACE',''
  ) );
#8329 = PCURVE('',#2490,#8330);
#8330 = DEFINITIONAL_REPRESENTATION('',(#8331),#8337);
#8331 = B_SPLINE_CURVE_WITH_KNOTS('',4,(#8332,#8333,#8334,#8335,#8336),
  .UNSPECIFIED.,.F.,.F.,(5,5),(0.,1.),.PIECEWISE_BEZIER_KNOTS.);
#8332 = CARTESIAN_POINT('',(9.923332254908E-02,5.999999999062E-07));
#8333 = CARTESIAN_POINT('',(9.923332254908E-02,-0.399999699995));
#8334 = CARTESIAN_POINT('',(9.923332254908E-02,-0.800000000025));
#8335 = CARTESIAN_POINT('',(9.923332254908E-02,-1.200000300005));
#8336 = CARTESIAN_POINT('',(9.923332254908E-02,-1.6000006));
#8337 = ( GEOMETRIC_REPRESENTATION_CONTEXT(2) 
PARAMETRIC_REPRESENTATION_CONTEXT() REPRESENTATION_CONTEXT('2D SPACE',''
  ) );
#8338 = ADVANCED_FACE('',(#8339),#3645,.F.);
#8339 = FACE_BOUND('',#8340,.F.);
#8340 = EDGE_LOOP('',(#8341,#8364,#8385,#8386));
#8341 = ORIENTED_EDGE('',*,*,#8342,.F.);
#8342 = EDGE_CURVE('',#8343,#8239,#8345,.T.);
#8343 = VERTEX_POINT('',#8344);
#8344 = CARTESIAN_POINT('',(245.47478515625,90.784248046875,18.2));
#8345 = SURFACE_CURVE('',#8346,(#8350,#8357),.PCURVE_S1.);
#8346 = B_SPLINE_CURVE_WITH_KNOTS('',2,(#8347,#8348,#8349),
  .UNSPECIFIED.,.F.,.F.,(3,3),(0.,1.),.PIECEWISE_BEZIER_KNOTS.);
#8347 = CARTESIAN_POINT('',(245.47478515625,90.784248046875,18.2));
#8348 = CARTESIAN_POINT('',(245.47478515625,91.337470703125,18.2));
#8349 = CARTESIAN_POINT('',(245.56072265625,91.858466796875,18.2));
#8350 = PCURVE('',#3645,#8351);
#8351 = DEFINITIONAL_REPRESENTATION('',(#8352),#8356);
#8352 = LINE('',#8353,#8354);
#8353 = CARTESIAN_POINT('',(0.,0.));
#8354 = VECTOR('',#8355,1.);
#8355 = DIRECTION('',(1.,0.));
#8356 = ( GEOMETRIC_REPRESENTATION_CONTEXT(2) 
PARAMETRIC_REPRESENTATION_CONTEXT() REPRESENTATION_CONTEXT('2D SPACE',''
  ) );
#8357 = PCURVE('',#8027,#8358);
#8358 = DEFINITIONAL_REPRESENTATION('',(#8359),#8363);
#8359 = B_SPLINE_CURVE_WITH_KNOTS('',2,(#8360,#8361,#8362),
  .UNSPECIFIED.,.F.,.F.,(3,3),(0.,1.),.PIECEWISE_BEZIER_KNOTS.);
#8360 = CARTESIAN_POINT('',(4.61115234375,8.3333203125));
#8361 = CARTESIAN_POINT('',(5.164375,8.3333203125));
#8362 = CARTESIAN_POINT('',(5.68537109375,8.2473828125));
#8363 = ( GEOMETRIC_REPRESENTATION_CONTEXT(2) 
PARAMETRIC_REPRESENTATION_CONTEXT() REPRESENTATION_CONTEXT('2D SPACE',''
  ) );
#8364 = ORIENTED_EDGE('',*,*,#8365,.T.);
#8365 = EDGE_CURVE('',#8343,#3588,#8366,.T.);
#8366 = SURFACE_CURVE('',#8367,(#8371,#8378),.PCURVE_S1.);
#8367 = LINE('',#8368,#8369);
#8368 = CARTESIAN_POINT('',(245.47478515625,90.784248046875,18.2));
#8369 = VECTOR('',#8370,1.);
#8370 = DIRECTION('',(0.,-0.,1.));
#8371 = PCURVE('',#3645,#8372);
#8372 = DEFINITIONAL_REPRESENTATION('',(#8373),#8377);
#8373 = LINE('',#8374,#8375);
#8374 = CARTESIAN_POINT('',(0.,0.));
#8375 = VECTOR('',#8376,1.);
#8376 = DIRECTION('',(0.,-1.));
#8377 = ( GEOMETRIC_REPRESENTATION_CONTEXT(2) 
PARAMETRIC_REPRESENTATION_CONTEXT() REPRESENTATION_CONTEXT('2D SPACE',''
  ) );
#8378 = PCURVE('',#3607,#8379);
#8379 = DEFINITIONAL_REPRESENTATION('',(#8380),#8384);
#8380 = LINE('',#8381,#8382);
#8381 = CARTESIAN_POINT('',(1.,0.));
#8382 = VECTOR('',#8383,1.);
#8383 = DIRECTION('',(0.,-1.));
#8384 = ( GEOMETRIC_REPRESENTATION_CONTEXT(2) 
PARAMETRIC_REPRESENTATION_CONTEXT() REPRESENTATION_CONTEXT('2D SPACE',''
  ) );
#8385 = ORIENTED_EDGE('',*,*,#3623,.F.);
#8386 = ORIENTED_EDGE('',*,*,#8261,.F.);
#8387 = ADVANCED_FACE('',(#8388),#2490,.F.);
#8388 = FACE_BOUND('',#8389,.F.);
#8389 = EDGE_LOOP('',(#8390,#8413,#8414,#8415));
#8390 = ORIENTED_EDGE('',*,*,#8391,.F.);
#8391 = EDGE_CURVE('',#8288,#8392,#8394,.T.);
#8392 = VERTEX_POINT('',#8393);
#8393 = CARTESIAN_POINT('',(247.70124023437,89.607978515625,18.2));
#8394 = SURFACE_CURVE('',#8395,(#8399,#8406),.PCURVE_S1.);
#8395 = B_SPLINE_CURVE_WITH_KNOTS('',2,(#8396,#8397,#8398),
  .UNSPECIFIED.,.F.,.F.,(3,3),(0.,1.),.PIECEWISE_BEZIER_KNOTS.);
#8396 = CARTESIAN_POINT('',(247.18830078125,91.047431640625,18.2));
#8397 = CARTESIAN_POINT('',(247.18830078125,90.123603515625,18.2));
#8398 = CARTESIAN_POINT('',(247.70124023437,89.607978515625,18.2));
#8399 = PCURVE('',#2490,#8400);
#8400 = DEFINITIONAL_REPRESENTATION('',(#8401),#8405);
#8401 = LINE('',#8402,#8403);
#8402 = CARTESIAN_POINT('',(0.,0.));
#8403 = VECTOR('',#8404,1.);
#8404 = DIRECTION('',(1.,0.));
#8405 = ( GEOMETRIC_REPRESENTATION_CONTEXT(2) 
PARAMETRIC_REPRESENTATION_CONTEXT() REPRESENTATION_CONTEXT('2D SPACE',''
  ) );
#8406 = PCURVE('',#8027,#8407);
#8407 = DEFINITIONAL_REPRESENTATION('',(#8408),#8412);
#8408 = B_SPLINE_CURVE_WITH_KNOTS('',2,(#8409,#8410,#8411),
  .UNSPECIFIED.,.F.,.F.,(3,3),(0.,1.),.PIECEWISE_BEZIER_KNOTS.);
#8409 = CARTESIAN_POINT('',(4.8743359375,6.6198046875));
#8410 = CARTESIAN_POINT('',(3.9505078125,6.6198046875));
#8411 = CARTESIAN_POINT('',(3.4348828125,6.106865234375));
#8412 = ( GEOMETRIC_REPRESENTATION_CONTEXT(2) 
PARAMETRIC_REPRESENTATION_CONTEXT() REPRESENTATION_CONTEXT('2D SPACE',''
  ) );
#8413 = ORIENTED_EDGE('',*,*,#8312,.T.);
#8414 = ORIENTED_EDGE('',*,*,#2444,.F.);
#8415 = ORIENTED_EDGE('',*,*,#8416,.F.);
#8416 = EDGE_CURVE('',#8392,#2445,#8417,.T.);
#8417 = SURFACE_CURVE('',#8418,(#8422,#8429),.PCURVE_S1.);
#8418 = LINE('',#8419,#8420);
#8419 = CARTESIAN_POINT('',(247.70124023437,89.607978515625,18.2));
#8420 = VECTOR('',#8421,1.);
#8421 = DIRECTION('',(0.,-0.,1.));
#8422 = PCURVE('',#2490,#8423);
#8423 = DEFINITIONAL_REPRESENTATION('',(#8424),#8428);
#8424 = LINE('',#8425,#8426);
#8425 = CARTESIAN_POINT('',(1.,0.));
#8426 = VECTOR('',#8427,1.);
#8427 = DIRECTION('',(0.,-1.));
#8428 = ( GEOMETRIC_REPRESENTATION_CONTEXT(2) 
PARAMETRIC_REPRESENTATION_CONTEXT() REPRESENTATION_CONTEXT('2D SPACE',''
  ) );
#8429 = PCURVE('',#2549,#8430);
#8430 = DEFINITIONAL_REPRESENTATION('',(#8431),#8435);
#8431 = LINE('',#8432,#8433);
#8432 = CARTESIAN_POINT('',(0.,0.));
#8433 = VECTOR('',#8434,1.);
#8434 = DIRECTION('',(0.,-1.));
#8435 = ( GEOMETRIC_REPRESENTATION_CONTEXT(2) 
PARAMETRIC_REPRESENTATION_CONTEXT() REPRESENTATION_CONTEXT('2D SPACE',''
  ) );
#8436 = ADVANCED_FACE('',(#8437),#3607,.F.);
#8437 = FACE_BOUND('',#8438,.F.);
#8438 = EDGE_LOOP('',(#8439,#8462,#8489,#8490));
#8439 = ORIENTED_EDGE('',*,*,#8440,.F.);
#8440 = EDGE_CURVE('',#8441,#8343,#8443,.T.);
#8441 = VERTEX_POINT('',#8442);
#8442 = CARTESIAN_POINT('',(245.47743238165,90.617448554536,18.2));
#8443 = SURFACE_CURVE('',#8444,(#8448,#8455),.PCURVE_S1.);
#8444 = B_SPLINE_CURVE_WITH_KNOTS('',2,(#8445,#8446,#8447),
  .UNSPECIFIED.,.F.,.F.,(3,3),(0.,1.),.PIECEWISE_BEZIER_KNOTS.);
#8445 = CARTESIAN_POINT('',(246.61077148437,88.03693359375,18.2));
#8446 = CARTESIAN_POINT('',(245.47478515625,89.038642578125,18.2));
#8447 = CARTESIAN_POINT('',(245.47478515625,90.784248046875,18.2));
#8448 = PCURVE('',#3607,#8449);
#8449 = DEFINITIONAL_REPRESENTATION('',(#8450),#8454);
#8450 = LINE('',#8451,#8452);
#8451 = CARTESIAN_POINT('',(0.,0.));
#8452 = VECTOR('',#8453,1.);
#8453 = DIRECTION('',(1.,0.));
#8454 = ( GEOMETRIC_REPRESENTATION_CONTEXT(2) 
PARAMETRIC_REPRESENTATION_CONTEXT() REPRESENTATION_CONTEXT('2D SPACE',''
  ) );
#8455 = PCURVE('',#8027,#8456);
#8456 = DEFINITIONAL_REPRESENTATION('',(#8457),#8461);
#8457 = B_SPLINE_CURVE_WITH_KNOTS('',2,(#8458,#8459,#8460),
  .UNSPECIFIED.,.F.,.F.,(3,3),(0.,1.),.PIECEWISE_BEZIER_KNOTS.);
#8458 = CARTESIAN_POINT('',(1.863837890625,7.197333984375));
#8459 = CARTESIAN_POINT('',(2.865546875,8.3333203125));
#8460 = CARTESIAN_POINT('',(4.61115234375,8.3333203125));
#8461 = ( GEOMETRIC_REPRESENTATION_CONTEXT(2) 
PARAMETRIC_REPRESENTATION_CONTEXT() REPRESENTATION_CONTEXT('2D SPACE',''
  ) );
#8462 = ORIENTED_EDGE('',*,*,#8463,.T.);
#8463 = EDGE_CURVE('',#8441,#3552,#8464,.T.);
#8464 = SURFACE_CURVE('',#8465,(#8471,#8480),.PCURVE_S1.);
#8465 = B_SPLINE_CURVE_WITH_KNOTS('',4,(#8466,#8467,#8468,#8469,#8470),
  .UNSPECIFIED.,.F.,.F.,(5,5),(0.,1.),.PIECEWISE_BEZIER_KNOTS.);
#8466 = CARTESIAN_POINT('',(245.47743238165,90.617448554536,18.1999994)
  );
#8467 = CARTESIAN_POINT('',(245.47743238165,90.617448554536,
    18.599999699995));
#8468 = CARTESIAN_POINT('',(245.47743238165,90.617448554536,
    19.000000000014));
#8469 = CARTESIAN_POINT('',(245.47743238165,90.617448554536,
    19.400000300005));
#8470 = CARTESIAN_POINT('',(245.47743238165,90.617448554536,19.8000006)
  );
#8471 = PCURVE('',#3607,#8472);
#8472 = DEFINITIONAL_REPRESENTATION('',(#8473),#8479);
#8473 = B_SPLINE_CURVE_WITH_KNOTS('',4,(#8474,#8475,#8476,#8477,#8478),
  .UNSPECIFIED.,.F.,.F.,(5,5),(0.,1.),.PIECEWISE_BEZIER_KNOTS.);
#8474 = CARTESIAN_POINT('',(0.951726486536,5.999999999062E-07));
#8475 = CARTESIAN_POINT('',(0.951726486536,-0.399999699995));
#8476 = CARTESIAN_POINT('',(0.951726486536,-0.800000000014));
#8477 = CARTESIAN_POINT('',(0.951726486536,-1.200000300005));
#8478 = CARTESIAN_POINT('',(0.951726486536,-1.6000006));
#8479 = ( GEOMETRIC_REPRESENTATION_CONTEXT(2) 
PARAMETRIC_REPRESENTATION_CONTEXT() REPRESENTATION_CONTEXT('2D SPACE',''
  ) );
#8480 = PCURVE('',#3571,#8481);
#8481 = DEFINITIONAL_REPRESENTATION('',(#8482),#8488);
#8482 = B_SPLINE_CURVE_WITH_KNOTS('',4,(#8483,#8484,#8485,#8486,#8487),
  .UNSPECIFIED.,.F.,.F.,(5,5),(0.,1.),.PIECEWISE_BEZIER_KNOTS.);
#8483 = CARTESIAN_POINT('',(0.17551090415,5.999560481751E-07));
#8484 = CARTESIAN_POINT('',(0.17551090415,-0.399999700039));
#8485 = CARTESIAN_POINT('',(0.17551090415,-0.799999999984));
#8486 = CARTESIAN_POINT('',(0.17551090415,-1.200000299985));
#8487 = CARTESIAN_POINT('',(0.17551090415,-1.60000059998));
#8488 = ( GEOMETRIC_REPRESENTATION_CONTEXT(2) 
PARAMETRIC_REPRESENTATION_CONTEXT() REPRESENTATION_CONTEXT('2D SPACE',''
  ) );
#8489 = ORIENTED_EDGE('',*,*,#3587,.F.);
#8490 = ORIENTED_EDGE('',*,*,#8365,.F.);
#8491 = ADVANCED_FACE('',(#8492),#2549,.F.);
#8492 = FACE_BOUND('',#8493,.F.);
#8493 = EDGE_LOOP('',(#8494,#8517,#8518,#8519));
#8494 = ORIENTED_EDGE('',*,*,#8495,.F.);
#8495 = EDGE_CURVE('',#8392,#8496,#8498,.T.);
#8496 = VERTEX_POINT('',#8497);
#8497 = CARTESIAN_POINT('',(248.58412546019,89.117476521221,18.2));
#8498 = SURFACE_CURVE('',#8499,(#8503,#8510),.PCURVE_S1.);
#8499 = B_SPLINE_CURVE_WITH_KNOTS('',2,(#8500,#8501,#8502),
  .UNSPECIFIED.,.F.,.F.,(3,3),(0.,1.),.PIECEWISE_BEZIER_KNOTS.);
#8500 = CARTESIAN_POINT('',(247.70124023437,89.607978515625,18.2));
#8501 = CARTESIAN_POINT('',(248.2141796875,89.092353515625,18.2));
#8502 = CARTESIAN_POINT('',(249.2239453125,89.006416015625,18.2));
#8503 = PCURVE('',#2549,#8504);
#8504 = DEFINITIONAL_REPRESENTATION('',(#8505),#8509);
#8505 = LINE('',#8506,#8507);
#8506 = CARTESIAN_POINT('',(0.,0.));
#8507 = VECTOR('',#8508,1.);
#8508 = DIRECTION('',(1.,0.));
#8509 = ( GEOMETRIC_REPRESENTATION_CONTEXT(2) 
PARAMETRIC_REPRESENTATION_CONTEXT() REPRESENTATION_CONTEXT('2D SPACE',''
  ) );
#8510 = PCURVE('',#8027,#8511);
#8511 = DEFINITIONAL_REPRESENTATION('',(#8512),#8516);
#8512 = B_SPLINE_CURVE_WITH_KNOTS('',2,(#8513,#8514,#8515),
  .UNSPECIFIED.,.F.,.F.,(3,3),(0.,1.),.PIECEWISE_BEZIER_KNOTS.);
#8513 = CARTESIAN_POINT('',(3.4348828125,6.106865234375));
#8514 = CARTESIAN_POINT('',(2.9192578125,5.59392578125));
#8515 = CARTESIAN_POINT('',(2.8333203125,4.58416015625));
#8516 = ( GEOMETRIC_REPRESENTATION_CONTEXT(2) 
PARAMETRIC_REPRESENTATION_CONTEXT() REPRESENTATION_CONTEXT('2D SPACE',''
  ) );
#8517 = ORIENTED_EDGE('',*,*,#8416,.T.);
#8518 = ORIENTED_EDGE('',*,*,#2519,.F.);
#8519 = ORIENTED_EDGE('',*,*,#8520,.T.);
#8520 = EDGE_CURVE('',#2520,#8496,#8521,.T.);
#8521 = SURFACE_CURVE('',#8522,(#8528,#8537),.PCURVE_S1.);
#8522 = B_SPLINE_CURVE_WITH_KNOTS('',4,(#8523,#8524,#8525,#8526,#8527),
  .UNSPECIFIED.,.F.,.F.,(5,5),(0.,1.),.PIECEWISE_BEZIER_KNOTS.);
#8523 = CARTESIAN_POINT('',(248.58412546019,89.117476521221,19.8000006)
  );
#8524 = CARTESIAN_POINT('',(248.58412546019,89.117476521221,
    19.400000300005));
#8525 = CARTESIAN_POINT('',(248.58412546019,89.117476521221,
    19.000000000027));
#8526 = CARTESIAN_POINT('',(248.58412546019,89.117476521221,
    18.599999699995));
#8527 = CARTESIAN_POINT('',(248.58412546019,89.117476521221,18.1999994)
  );
#8528 = PCURVE('',#2549,#8529);
#8529 = DEFINITIONAL_REPRESENTATION('',(#8530),#8536);
#8530 = B_SPLINE_CURVE_WITH_KNOTS('',4,(#8531,#8532,#8533,#8534,#8535),
  .UNSPECIFIED.,.F.,.F.,(5,5),(0.,1.),.PIECEWISE_BEZIER_KNOTS.);
#8531 = CARTESIAN_POINT('',(0.653677672293,-1.6000006));
#8532 = CARTESIAN_POINT('',(0.653677672293,-1.200000300005));
#8533 = CARTESIAN_POINT('',(0.653677672293,-0.800000000027));
#8534 = CARTESIAN_POINT('',(0.653677672293,-0.399999699995));
#8535 = CARTESIAN_POINT('',(0.653677672293,5.999999999062E-07));
#8536 = ( GEOMETRIC_REPRESENTATION_CONTEXT(2) 
PARAMETRIC_REPRESENTATION_CONTEXT() REPRESENTATION_CONTEXT('2D SPACE',''
  ) );
#8537 = PCURVE('',#2590,#8538);
#8538 = DEFINITIONAL_REPRESENTATION('',(#8539),#8545);
#8539 = B_SPLINE_CURVE_WITH_KNOTS('',4,(#8540,#8541,#8542,#8543,#8544),
  .UNSPECIFIED.,.F.,.F.,(5,5),(0.,1.),.PIECEWISE_BEZIER_KNOTS.);
#8540 = CARTESIAN_POINT('',(0.631213390992,-1.600000599992));
#8541 = CARTESIAN_POINT('',(0.631213390992,-1.200000299997));
#8542 = CARTESIAN_POINT('',(0.631213390992,-0.799999999969));
#8543 = CARTESIAN_POINT('',(0.631213390992,-0.39999970005));
#8544 = CARTESIAN_POINT('',(0.631213390992,5.999444556704E-07));
#8545 = ( GEOMETRIC_REPRESENTATION_CONTEXT(2) 
PARAMETRIC_REPRESENTATION_CONTEXT() REPRESENTATION_CONTEXT('2D SPACE',''
  ) );
#8546 = ADVANCED_FACE('',(#8547),#3571,.F.);
#8547 = FACE_BOUND('',#8548,.F.);
#8548 = EDGE_LOOP('',(#8549,#8572,#8593,#8594));
#8549 = ORIENTED_EDGE('',*,*,#8550,.F.);
#8550 = EDGE_CURVE('',#8551,#8441,#8553,.T.);
#8551 = VERTEX_POINT('',#8552);
#8552 = CARTESIAN_POINT('',(245.47478515625,90.424248046875,18.2));
#8553 = SURFACE_CURVE('',#8554,(#8558,#8565),.PCURVE_S1.);
#8554 = B_SPLINE_CURVE_WITH_KNOTS('',2,(#8555,#8556,#8557),
  .UNSPECIFIED.,.F.,.F.,(3,3),(0.,1.),.PIECEWISE_BEZIER_KNOTS.);
#8555 = CARTESIAN_POINT('',(245.47478515625,90.424248046875,18.2));
#8556 = CARTESIAN_POINT('',(245.47478515625,90.977470703125,18.2));
#8557 = CARTESIAN_POINT('',(245.56072265625,91.498466796875,18.2));
#8558 = PCURVE('',#3571,#8559);
#8559 = DEFINITIONAL_REPRESENTATION('',(#8560),#8564);
#8560 = LINE('',#8561,#8562);
#8561 = CARTESIAN_POINT('',(0.,0.));
#8562 = VECTOR('',#8563,1.);
#8563 = DIRECTION('',(1.,0.));
#8564 = ( GEOMETRIC_REPRESENTATION_CONTEXT(2) 
PARAMETRIC_REPRESENTATION_CONTEXT() REPRESENTATION_CONTEXT('2D SPACE',''
  ) );
#8565 = PCURVE('',#8027,#8566);
#8566 = DEFINITIONAL_REPRESENTATION('',(#8567),#8571);
#8567 = B_SPLINE_CURVE_WITH_KNOTS('',2,(#8568,#8569,#8570),
  .UNSPECIFIED.,.F.,.F.,(3,3),(0.,1.),.PIECEWISE_BEZIER_KNOTS.);
#8568 = CARTESIAN_POINT('',(4.25115234375,8.3333203125));
#8569 = CARTESIAN_POINT('',(4.804375,8.3333203125));
#8570 = CARTESIAN_POINT('',(5.32537109375,8.2473828125));
#8571 = ( GEOMETRIC_REPRESENTATION_CONTEXT(2) 
PARAMETRIC_REPRESENTATION_CONTEXT() REPRESENTATION_CONTEXT('2D SPACE',''
  ) );
#8572 = ORIENTED_EDGE('',*,*,#8573,.T.);
#8573 = EDGE_CURVE('',#8551,#3477,#8574,.T.);
#8574 = SURFACE_CURVE('',#8575,(#8579,#8586),.PCURVE_S1.);
#8575 = LINE('',#8576,#8577);
#8576 = CARTESIAN_POINT('',(245.47478515625,90.424248046875,18.2));
#8577 = VECTOR('',#8578,1.);
#8578 = DIRECTION('',(0.,-0.,1.));
#8579 = PCURVE('',#3571,#8580);
#8580 = DEFINITIONAL_REPRESENTATION('',(#8581),#8585);
#8581 = LINE('',#8582,#8583);
#8582 = CARTESIAN_POINT('',(0.,0.));
#8583 = VECTOR('',#8584,1.);
#8584 = DIRECTION('',(0.,-1.));
#8585 = ( GEOMETRIC_REPRESENTATION_CONTEXT(2) 
PARAMETRIC_REPRESENTATION_CONTEXT() REPRESENTATION_CONTEXT('2D SPACE',''
  ) );
#8586 = PCURVE('',#3522,#8587);
#8587 = DEFINITIONAL_REPRESENTATION('',(#8588),#8592);
#8588 = LINE('',#8589,#8590);
#8589 = CARTESIAN_POINT('',(1.,0.));
#8590 = VECTOR('',#8591,1.);
#8591 = DIRECTION('',(0.,-1.));
#8592 = ( GEOMETRIC_REPRESENTATION_CONTEXT(2) 
PARAMETRIC_REPRESENTATION_CONTEXT() REPRESENTATION_CONTEXT('2D SPACE',''
  ) );
#8593 = ORIENTED_EDGE('',*,*,#3551,.F.);
#8594 = ORIENTED_EDGE('',*,*,#8463,.F.);
#8595 = ADVANCED_FACE('',(#8596),#2590,.F.);
#8596 = FACE_BOUND('',#8597,.F.);
#8597 = EDGE_LOOP('',(#8598,#8621,#8622,#8623));
#8598 = ORIENTED_EDGE('',*,*,#8599,.F.);
#8599 = EDGE_CURVE('',#8496,#8600,#8602,.T.);
#8600 = VERTEX_POINT('',#8601);
#8601 = CARTESIAN_POINT('',(248.46916992187,89.414482421875,18.2));
#8602 = SURFACE_CURVE('',#8603,(#8607,#8614),.PCURVE_S1.);
#8603 = B_SPLINE_CURVE_WITH_KNOTS('',2,(#8604,#8605,#8606),
  .UNSPECIFIED.,.F.,.F.,(3,3),(0.,1.),.PIECEWISE_BEZIER_KNOTS.);
#8604 = CARTESIAN_POINT('',(248.8639453125,88.646416015625,18.2));
#8605 = CARTESIAN_POINT('',(248.60076171875,89.000908203125,18.2));
#8606 = CARTESIAN_POINT('',(248.46916992187,89.414482421875,18.2));
#8607 = PCURVE('',#2590,#8608);
#8608 = DEFINITIONAL_REPRESENTATION('',(#8609),#8613);
#8609 = LINE('',#8610,#8611);
#8610 = CARTESIAN_POINT('',(0.,0.));
#8611 = VECTOR('',#8612,1.);
#8612 = DIRECTION('',(1.,0.));
#8613 = ( GEOMETRIC_REPRESENTATION_CONTEXT(2) 
PARAMETRIC_REPRESENTATION_CONTEXT() REPRESENTATION_CONTEXT('2D SPACE',''
  ) );
#8614 = PCURVE('',#8027,#8615);
#8615 = DEFINITIONAL_REPRESENTATION('',(#8616),#8620);
#8616 = B_SPLINE_CURVE_WITH_KNOTS('',2,(#8617,#8618,#8619),
  .UNSPECIFIED.,.F.,.F.,(3,3),(0.,1.),.PIECEWISE_BEZIER_KNOTS.);
#8617 = CARTESIAN_POINT('',(2.4733203125,4.94416015625));
#8618 = CARTESIAN_POINT('',(2.8278125,5.20734375));
#8619 = CARTESIAN_POINT('',(3.24138671875,5.338935546875));
#8620 = ( GEOMETRIC_REPRESENTATION_CONTEXT(2) 
PARAMETRIC_REPRESENTATION_CONTEXT() REPRESENTATION_CONTEXT('2D SPACE',''
  ) );
#8621 = ORIENTED_EDGE('',*,*,#8520,.F.);
#8622 = ORIENTED_EDGE('',*,*,#2570,.F.);
#8623 = ORIENTED_EDGE('',*,*,#8624,.F.);
#8624 = EDGE_CURVE('',#8600,#2571,#8625,.T.);
#8625 = SURFACE_CURVE('',#8626,(#8630,#8637),.PCURVE_S1.);
#8626 = LINE('',#8627,#8628);
#8627 = CARTESIAN_POINT('',(248.46916992187,89.414482421875,18.2));
#8628 = VECTOR('',#8629,1.);
#8629 = DIRECTION('',(0.,-0.,1.));
#8630 = PCURVE('',#2590,#8631);
#8631 = DEFINITIONAL_REPRESENTATION('',(#8632),#8636);
#8632 = LINE('',#8633,#8634);
#8633 = CARTESIAN_POINT('',(1.,0.));
#8634 = VECTOR('',#8635,1.);
#8635 = DIRECTION('',(0.,-1.));
#8636 = ( GEOMETRIC_REPRESENTATION_CONTEXT(2) 
PARAMETRIC_REPRESENTATION_CONTEXT() REPRESENTATION_CONTEXT('2D SPACE',''
  ) );
#8637 = PCURVE('',#2628,#8638);
#8638 = DEFINITIONAL_REPRESENTATION('',(#8639),#8643);
#8639 = LINE('',#8640,#8641);
#8640 = CARTESIAN_POINT('',(0.,0.));
#8641 = VECTOR('',#8642,1.);
#8642 = DIRECTION('',(0.,-1.));
#8643 = ( GEOMETRIC_REPRESENTATION_CONTEXT(2) 
PARAMETRIC_REPRESENTATION_CONTEXT() REPRESENTATION_CONTEXT('2D SPACE',''
  ) );
#8644 = ADVANCED_FACE('',(#8645),#3522,.F.);
#8645 = FACE_BOUND('',#8646,.F.);
#8646 = EDGE_LOOP('',(#8647,#8670,#8691,#8692));
#8647 = ORIENTED_EDGE('',*,*,#8648,.F.);
#8648 = EDGE_CURVE('',#8649,#8551,#8651,.T.);
#8649 = VERTEX_POINT('',#8650);
#8650 = CARTESIAN_POINT('',(246.61077148437,87.67693359375,18.2));
#8651 = SURFACE_CURVE('',#8652,(#8656,#8663),.PCURVE_S1.);
#8652 = B_SPLINE_CURVE_WITH_KNOTS('',2,(#8653,#8654,#8655),
  .UNSPECIFIED.,.F.,.F.,(3,3),(0.,1.),.PIECEWISE_BEZIER_KNOTS.);
#8653 = CARTESIAN_POINT('',(246.61077148437,87.67693359375,18.2));
#8654 = CARTESIAN_POINT('',(245.47478515625,88.678642578125,18.2));
#8655 = CARTESIAN_POINT('',(245.47478515625,90.424248046875,18.2));
#8656 = PCURVE('',#3522,#8657);
#8657 = DEFINITIONAL_REPRESENTATION('',(#8658),#8662);
#8658 = LINE('',#8659,#8660);
#8659 = CARTESIAN_POINT('',(0.,0.));
#8660 = VECTOR('',#8661,1.);
#8661 = DIRECTION('',(1.,0.));
#8662 = ( GEOMETRIC_REPRESENTATION_CONTEXT(2) 
PARAMETRIC_REPRESENTATION_CONTEXT() REPRESENTATION_CONTEXT('2D SPACE',''
  ) );
#8663 = PCURVE('',#8027,#8664);
#8664 = DEFINITIONAL_REPRESENTATION('',(#8665),#8669);
#8665 = B_SPLINE_CURVE_WITH_KNOTS('',2,(#8666,#8667,#8668),
  .UNSPECIFIED.,.F.,.F.,(3,3),(0.,1.),.PIECEWISE_BEZIER_KNOTS.);
#8666 = CARTESIAN_POINT('',(1.503837890625,7.197333984375));
#8667 = CARTESIAN_POINT('',(2.505546875,8.3333203125));
#8668 = CARTESIAN_POINT('',(4.25115234375,8.3333203125));
#8669 = ( GEOMETRIC_REPRESENTATION_CONTEXT(2) 
PARAMETRIC_REPRESENTATION_CONTEXT() REPRESENTATION_CONTEXT('2D SPACE',''
  ) );
#8670 = ORIENTED_EDGE('',*,*,#8671,.T.);
#8671 = EDGE_CURVE('',#8649,#3390,#8672,.T.);
#8672 = SURFACE_CURVE('',#8673,(#8677,#8684),.PCURVE_S1.);
#8673 = LINE('',#8674,#8675);
#8674 = CARTESIAN_POINT('',(246.61077148437,87.67693359375,18.2));
#8675 = VECTOR('',#8676,1.);
#8676 = DIRECTION('',(0.,-0.,1.));
#8677 = PCURVE('',#3522,#8678);
#8678 = DEFINITIONAL_REPRESENTATION('',(#8679),#8683);
#8679 = LINE('',#8680,#8681);
#8680 = CARTESIAN_POINT('',(0.,0.));
#8681 = VECTOR('',#8682,1.);
#8682 = DIRECTION('',(0.,-1.));
#8683 = ( GEOMETRIC_REPRESENTATION_CONTEXT(2) 
PARAMETRIC_REPRESENTATION_CONTEXT() REPRESENTATION_CONTEXT('2D SPACE',''
  ) );
#8684 = PCURVE('',#3443,#8685);
#8685 = DEFINITIONAL_REPRESENTATION('',(#8686),#8690);
#8686 = LINE('',#8687,#8688);
#8687 = CARTESIAN_POINT('',(1.,0.));
#8688 = VECTOR('',#8689,1.);
#8689 = DIRECTION('',(0.,-1.));
#8690 = ( GEOMETRIC_REPRESENTATION_CONTEXT(2) 
PARAMETRIC_REPRESENTATION_CONTEXT() REPRESENTATION_CONTEXT('2D SPACE',''
  ) );
#8691 = ORIENTED_EDGE('',*,*,#3476,.F.);
#8692 = ORIENTED_EDGE('',*,*,#8573,.F.);
#8693 = ADVANCED_FACE('',(#8694),#2628,.F.);
#8694 = FACE_BOUND('',#8695,.F.);
#8695 = EDGE_LOOP('',(#8696,#8719,#8720,#8721));
#8696 = ORIENTED_EDGE('',*,*,#8697,.F.);
#8697 = EDGE_CURVE('',#8600,#8698,#8700,.T.);
#8698 = VERTEX_POINT('',#8699);
#8699 = CARTESIAN_POINT('',(248.337578125,90.316826171875,18.2));
#8700 = SURFACE_CURVE('',#8701,(#8705,#8712),.PCURVE_S1.);
#8701 = B_SPLINE_CURVE_WITH_KNOTS('',2,(#8702,#8703,#8704),
  .UNSPECIFIED.,.F.,.F.,(3,3),(0.,1.),.PIECEWISE_BEZIER_KNOTS.);
#8702 = CARTESIAN_POINT('',(248.46916992187,89.414482421875,18.2));
#8703 = CARTESIAN_POINT('',(248.337578125,89.828056640625,18.2));
#8704 = CARTESIAN_POINT('',(248.337578125,90.316826171875,18.2));
#8705 = PCURVE('',#2628,#8706);
#8706 = DEFINITIONAL_REPRESENTATION('',(#8707),#8711);
#8707 = LINE('',#8708,#8709);
#8708 = CARTESIAN_POINT('',(0.,0.));
#8709 = VECTOR('',#8710,1.);
#8710 = DIRECTION('',(1.,0.));
#8711 = ( GEOMETRIC_REPRESENTATION_CONTEXT(2) 
PARAMETRIC_REPRESENTATION_CONTEXT() REPRESENTATION_CONTEXT('2D SPACE',''
  ) );
#8712 = PCURVE('',#8027,#8713);
#8713 = DEFINITIONAL_REPRESENTATION('',(#8714),#8718);
#8714 = B_SPLINE_CURVE_WITH_KNOTS('',2,(#8715,#8716,#8717),
  .UNSPECIFIED.,.F.,.F.,(3,3),(0.,1.),.PIECEWISE_BEZIER_KNOTS.);
#8715 = CARTESIAN_POINT('',(3.24138671875,5.338935546875));
#8716 = CARTESIAN_POINT('',(3.6549609375,5.47052734375));
#8717 = CARTESIAN_POINT('',(4.14373046875,5.47052734375));
#8718 = ( GEOMETRIC_REPRESENTATION_CONTEXT(2) 
PARAMETRIC_REPRESENTATION_CONTEXT() REPRESENTATION_CONTEXT('2D SPACE',''
  ) );
#8719 = ORIENTED_EDGE('',*,*,#8624,.T.);
#8720 = ORIENTED_EDGE('',*,*,#2606,.F.);
#8721 = ORIENTED_EDGE('',*,*,#8722,.F.);
#8722 = EDGE_CURVE('',#8698,#2607,#8723,.T.);
#8723 = SURFACE_CURVE('',#8724,(#8728,#8735),.PCURVE_S1.);
#8724 = LINE('',#8725,#8726);
#8725 = CARTESIAN_POINT('',(248.337578125,90.316826171875,18.2));
#8726 = VECTOR('',#8727,1.);
#8727 = DIRECTION('',(0.,-0.,1.));
#8728 = PCURVE('',#2628,#8729);
#8729 = DEFINITIONAL_REPRESENTATION('',(#8730),#8734);
#8730 = LINE('',#8731,#8732);
#8731 = CARTESIAN_POINT('',(1.,0.));
#8732 = VECTOR('',#8733,1.);
#8733 = DIRECTION('',(0.,-1.));
#8734 = ( GEOMETRIC_REPRESENTATION_CONTEXT(2) 
PARAMETRIC_REPRESENTATION_CONTEXT() REPRESENTATION_CONTEXT('2D SPACE',''
  ) );
#8735 = PCURVE('',#2665,#8736);
#8736 = DEFINITIONAL_REPRESENTATION('',(#8737),#8741);
#8737 = LINE('',#8738,#8739);
#8738 = CARTESIAN_POINT('',(0.,0.));
#8739 = VECTOR('',#8740,1.);
#8740 = DIRECTION('',(0.,-1.));
#8741 = ( GEOMETRIC_REPRESENTATION_CONTEXT(2) 
PARAMETRIC_REPRESENTATION_CONTEXT() REPRESENTATION_CONTEXT('2D SPACE',''
  ) );
#8742 = ADVANCED_FACE('',(#8743),#3443,.F.);
#8743 = FACE_BOUND('',#8744,.F.);
#8744 = EDGE_LOOP('',(#8745,#8768,#8789,#8790));
#8745 = ORIENTED_EDGE('',*,*,#8746,.F.);
#8746 = EDGE_CURVE('',#8747,#8649,#8749,.T.);
#8747 = VERTEX_POINT('',#8748);
#8748 = CARTESIAN_POINT('',(249.7340625,86.675224609375,18.2));
#8749 = SURFACE_CURVE('',#8750,(#8754,#8761),.PCURVE_S1.);
#8750 = B_SPLINE_CURVE_WITH_KNOTS('',2,(#8751,#8752,#8753),
  .UNSPECIFIED.,.F.,.F.,(3,3),(0.,1.),.PIECEWISE_BEZIER_KNOTS.);
#8751 = CARTESIAN_POINT('',(249.7340625,86.675224609375,18.2));
#8752 = CARTESIAN_POINT('',(247.7467578125,86.675224609375,18.2));
#8753 = CARTESIAN_POINT('',(246.61077148437,87.67693359375,18.2));
#8754 = PCURVE('',#3443,#8755);
#8755 = DEFINITIONAL_REPRESENTATION('',(#8756),#8760);
#8756 = LINE('',#8757,#8758);
#8757 = CARTESIAN_POINT('',(0.,0.));
#8758 = VECTOR('',#8759,1.);
#8759 = DIRECTION('',(1.,0.));
#8760 = ( GEOMETRIC_REPRESENTATION_CONTEXT(2) 
PARAMETRIC_REPRESENTATION_CONTEXT() REPRESENTATION_CONTEXT('2D SPACE',''
  ) );
#8761 = PCURVE('',#8027,#8762);
#8762 = DEFINITIONAL_REPRESENTATION('',(#8763),#8767);
#8763 = B_SPLINE_CURVE_WITH_KNOTS('',2,(#8764,#8765,#8766),
  .UNSPECIFIED.,.F.,.F.,(3,3),(0.,1.),.PIECEWISE_BEZIER_KNOTS.);
#8764 = CARTESIAN_POINT('',(0.50212890625,4.07404296875));
#8765 = CARTESIAN_POINT('',(0.50212890625,6.06134765625));
#8766 = CARTESIAN_POINT('',(1.503837890625,7.197333984375));
#8767 = ( GEOMETRIC_REPRESENTATION_CONTEXT(2) 
PARAMETRIC_REPRESENTATION_CONTEXT() REPRESENTATION_CONTEXT('2D SPACE',''
  ) );
#8768 = ORIENTED_EDGE('',*,*,#8769,.T.);
#8769 = EDGE_CURVE('',#8747,#3354,#8770,.T.);
#8770 = SURFACE_CURVE('',#8771,(#8775,#8782),.PCURVE_S1.);
#8771 = LINE('',#8772,#8773);
#8772 = CARTESIAN_POINT('',(249.7340625,86.675224609375,18.2));
#8773 = VECTOR('',#8774,1.);
#8774 = DIRECTION('',(0.,-0.,1.));
#8775 = PCURVE('',#3443,#8776);
#8776 = DEFINITIONAL_REPRESENTATION('',(#8777),#8781);
#8777 = LINE('',#8778,#8779);
#8778 = CARTESIAN_POINT('',(0.,0.));
#8779 = VECTOR('',#8780,1.);
#8780 = DIRECTION('',(0.,-1.));
#8781 = ( GEOMETRIC_REPRESENTATION_CONTEXT(2) 
PARAMETRIC_REPRESENTATION_CONTEXT() REPRESENTATION_CONTEXT('2D SPACE',''
  ) );
#8782 = PCURVE('',#3373,#8783);
#8783 = DEFINITIONAL_REPRESENTATION('',(#8784),#8788);
#8784 = LINE('',#8785,#8786);
#8785 = CARTESIAN_POINT('',(1.,0.));
#8786 = VECTOR('',#8787,1.);
#8787 = DIRECTION('',(0.,-1.));
#8788 = ( GEOMETRIC_REPRESENTATION_CONTEXT(2) 
PARAMETRIC_REPRESENTATION_CONTEXT() REPRESENTATION_CONTEXT('2D SPACE',''
  ) );
#8789 = ORIENTED_EDGE('',*,*,#3389,.F.);
#8790 = ORIENTED_EDGE('',*,*,#8671,.F.);
#8791 = ADVANCED_FACE('',(#8792),#2665,.F.);
#8792 = FACE_BOUND('',#8793,.F.);
#8793 = EDGE_LOOP('',(#8794,#8817,#8818,#8819));
#8794 = ORIENTED_EDGE('',*,*,#8795,.F.);
#8795 = EDGE_CURVE('',#8698,#8796,#8798,.T.);
#8796 = VERTEX_POINT('',#8797);
#8797 = CARTESIAN_POINT('',(248.34184073709,90.503324773508,18.2));
#8798 = SURFACE_CURVE('',#8799,(#8803,#8810),.PCURVE_S1.);
#8799 = B_SPLINE_CURVE_WITH_KNOTS('',2,(#8800,#8801,#8802),
  .UNSPECIFIED.,.F.,.F.,(3,3),(0.,1.),.PIECEWISE_BEZIER_KNOTS.);
#8800 = CARTESIAN_POINT('',(248.337578125,90.316826171875,18.2));
#8801 = CARTESIAN_POINT('',(248.337578125,91.546806640625,18.2));
#8802 = CARTESIAN_POINT('',(249.0573046875,92.3014453125,18.2));
#8803 = PCURVE('',#2665,#8804);
#8804 = DEFINITIONAL_REPRESENTATION('',(#8805),#8809);
#8805 = LINE('',#8806,#8807);
#8806 = CARTESIAN_POINT('',(0.,0.));
#8807 = VECTOR('',#8808,1.);
#8808 = DIRECTION('',(1.,0.));
#8809 = ( GEOMETRIC_REPRESENTATION_CONTEXT(2) 
PARAMETRIC_REPRESENTATION_CONTEXT() REPRESENTATION_CONTEXT('2D SPACE',''
  ) );
#8810 = PCURVE('',#8027,#8811);
#8811 = DEFINITIONAL_REPRESENTATION('',(#8812),#8816);
#8812 = B_SPLINE_CURVE_WITH_KNOTS('',2,(#8813,#8814,#8815),
  .UNSPECIFIED.,.F.,.F.,(3,3),(0.,1.),.PIECEWISE_BEZIER_KNOTS.);
#8813 = CARTESIAN_POINT('',(4.14373046875,5.47052734375));
#8814 = CARTESIAN_POINT('',(5.3737109375,5.47052734375));
#8815 = CARTESIAN_POINT('',(6.128349609375,4.75080078125));
#8816 = ( GEOMETRIC_REPRESENTATION_CONTEXT(2) 
PARAMETRIC_REPRESENTATION_CONTEXT() REPRESENTATION_CONTEXT('2D SPACE',''
  ) );
#8817 = ORIENTED_EDGE('',*,*,#8722,.T.);
#8818 = ORIENTED_EDGE('',*,*,#2645,.F.);
#8819 = ORIENTED_EDGE('',*,*,#8820,.F.);
#8820 = EDGE_CURVE('',#8796,#2646,#8821,.T.);
#8821 = SURFACE_CURVE('',#8822,(#8831,#8843),.PCURVE_S1.);
#8822 = B_SPLINE_CURVE_WITH_KNOTS('',4,(#8823,#8824,#8825,#8826,#8827,
    #8828,#8829,#8830),.UNSPECIFIED.,.F.,.F.,(5,3,5),(0.,0.836550861788,
    1.),.UNSPECIFIED.);
#8823 = CARTESIAN_POINT('',(248.34184073709,90.503324773508,18.1999994)
  );
#8824 = CARTESIAN_POINT('',(248.34184073709,90.503324773508,
    18.534619995676));
#8825 = CARTESIAN_POINT('',(248.34184073709,90.503324773508,
    18.86924059137));
#8826 = CARTESIAN_POINT('',(248.34184073709,90.503324773508,
    19.203861187036));
#8827 = CARTESIAN_POINT('',(248.34184073709,90.503324773508,
    19.603861487031));
#8828 = CARTESIAN_POINT('',(248.34184073709,90.503324773508,
    19.669241191333));
#8829 = CARTESIAN_POINT('',(248.34184073709,90.503324773508,
    19.734620895681));
#8830 = CARTESIAN_POINT('',(248.34184073709,90.503324773508,19.8000006)
  );
#8831 = PCURVE('',#2665,#8832);
#8832 = DEFINITIONAL_REPRESENTATION('',(#8833),#8842);
#8833 = B_SPLINE_CURVE_WITH_KNOTS('',4,(#8834,#8835,#8836,#8837,#8838,
    #8839,#8840,#8841),.UNSPECIFIED.,.F.,.F.,(5,3,5),(0.,0.836550861788,
    1.),.UNSPECIFIED.);
#8834 = CARTESIAN_POINT('',(7.695806521147E-02,5.999758621034E-07));
#8835 = CARTESIAN_POINT('',(7.695806521147E-02,-0.3346199957));
#8836 = CARTESIAN_POINT('',(7.695806521147E-02,-0.66924059134));
#8837 = CARTESIAN_POINT('',(7.695806521147E-02,-1.003861187036));
#8838 = CARTESIAN_POINT('',(7.695806521147E-02,-1.403861487031));
#8839 = CARTESIAN_POINT('',(7.695806521147E-02,-1.469241191382));
#8840 = CARTESIAN_POINT('',(7.695806521147E-02,-1.534620895641));
#8841 = CARTESIAN_POINT('',(7.695806521147E-02,-1.60000059996));
#8842 = ( GEOMETRIC_REPRESENTATION_CONTEXT(2) 
PARAMETRIC_REPRESENTATION_CONTEXT() REPRESENTATION_CONTEXT('2D SPACE',''
  ) );
#8843 = PCURVE('',#2701,#8844);
#8844 = DEFINITIONAL_REPRESENTATION('',(#8845),#8854);
#8845 = B_SPLINE_CURVE_WITH_KNOTS('',4,(#8846,#8847,#8848,#8849,#8850,
    #8851,#8852,#8853),.UNSPECIFIED.,.F.,.F.,(5,3,5),(0.,0.836550861788,
    1.),.UNSPECIFIED.);
#8846 = CARTESIAN_POINT('',(0.820020310744,5.999999999062E-07));
#8847 = CARTESIAN_POINT('',(0.820020310744,-0.334619995676));
#8848 = CARTESIAN_POINT('',(0.820020310744,-0.66924059137));
#8849 = CARTESIAN_POINT('',(0.820020310744,-1.003861187036));
#8850 = CARTESIAN_POINT('',(0.820020310744,-1.403861487031));
#8851 = CARTESIAN_POINT('',(0.820020310744,-1.469241191333));
#8852 = CARTESIAN_POINT('',(0.820020310744,-1.534620895681));
#8853 = CARTESIAN_POINT('',(0.820020310744,-1.6000006));
#8854 = ( GEOMETRIC_REPRESENTATION_CONTEXT(2) 
PARAMETRIC_REPRESENTATION_CONTEXT() REPRESENTATION_CONTEXT('2D SPACE',''
  ) );
#8855 = ADVANCED_FACE('',(#8856),#3373,.F.);
#8856 = FACE_BOUND('',#8857,.F.);
#8857 = EDGE_LOOP('',(#8858,#8881,#8908,#8909));
#8858 = ORIENTED_EDGE('',*,*,#8859,.F.);
#8859 = EDGE_CURVE('',#8860,#8747,#8862,.T.);
#8860 = VERTEX_POINT('',#8861);
#8861 = CARTESIAN_POINT('',(249.91875229941,86.677211123674,18.2));
#8862 = SURFACE_CURVE('',#8863,(#8867,#8874),.PCURVE_S1.);
#8863 = B_SPLINE_CURVE_WITH_KNOTS('',2,(#8864,#8865,#8866),
  .UNSPECIFIED.,.F.,.F.,(3,3),(0.,1.),.PIECEWISE_BEZIER_KNOTS.);
#8864 = CARTESIAN_POINT('',(252.72844726562,87.5319140625,18.2));
#8865 = CARTESIAN_POINT('',(251.67302734375,86.675224609375,18.2));
#8866 = CARTESIAN_POINT('',(249.7340625,86.675224609375,18.2));
#8867 = PCURVE('',#3373,#8868);
#8868 = DEFINITIONAL_REPRESENTATION('',(#8869),#8873);
#8869 = LINE('',#8870,#8871);
#8870 = CARTESIAN_POINT('',(0.,0.));
#8871 = VECTOR('',#8872,1.);
#8872 = DIRECTION('',(1.,0.));
#8873 = ( GEOMETRIC_REPRESENTATION_CONTEXT(2) 
PARAMETRIC_REPRESENTATION_CONTEXT() REPRESENTATION_CONTEXT('2D SPACE',''
  ) );
#8874 = PCURVE('',#8027,#8875);
#8875 = DEFINITIONAL_REPRESENTATION('',(#8876),#8880);
#8876 = B_SPLINE_CURVE_WITH_KNOTS('',2,(#8877,#8878,#8879),
  .UNSPECIFIED.,.F.,.F.,(3,3),(0.,1.),.PIECEWISE_BEZIER_KNOTS.);
#8877 = CARTESIAN_POINT('',(1.358818359375,1.079658203125));
#8878 = CARTESIAN_POINT('',(0.50212890625,2.135078125));
#8879 = CARTESIAN_POINT('',(0.50212890625,4.07404296875));
#8880 = ( GEOMETRIC_REPRESENTATION_CONTEXT(2) 
PARAMETRIC_REPRESENTATION_CONTEXT() REPRESENTATION_CONTEXT('2D SPACE',''
  ) );
#8881 = ORIENTED_EDGE('',*,*,#8882,.F.);
#8882 = EDGE_CURVE('',#3318,#8860,#8883,.T.);
#8883 = SURFACE_CURVE('',#8884,(#8890,#8899),.PCURVE_S1.);
#8884 = B_SPLINE_CURVE_WITH_KNOTS('',4,(#8885,#8886,#8887,#8888,#8889),
  .UNSPECIFIED.,.F.,.F.,(5,5),(0.,1.),.PIECEWISE_BEZIER_KNOTS.);
#8885 = CARTESIAN_POINT('',(249.91875229941,86.677211123674,19.8000006)
  );
#8886 = CARTESIAN_POINT('',(249.91875229941,86.677211123674,
    19.400000300005));
#8887 = CARTESIAN_POINT('',(249.91875229941,86.677211123674,
    18.99999999997));
#8888 = CARTESIAN_POINT('',(249.91875229941,86.677211123674,
    18.599999699995));
#8889 = CARTESIAN_POINT('',(249.91875229941,86.677211123674,18.1999994)
  );
#8890 = PCURVE('',#3373,#8891);
#8891 = DEFINITIONAL_REPRESENTATION('',(#8892),#8898);
#8892 = B_SPLINE_CURVE_WITH_KNOTS('',4,(#8893,#8894,#8895,#8896,#8897),
  .UNSPECIFIED.,.F.,.F.,(5,5),(0.,1.),.PIECEWISE_BEZIER_KNOTS.);
#8893 = CARTESIAN_POINT('',(0.951845803834,-1.600000599942));
#8894 = CARTESIAN_POINT('',(0.951845803834,-1.200000299948));
#8895 = CARTESIAN_POINT('',(0.951845803834,-0.800000000034));
#8896 = CARTESIAN_POINT('',(0.951845803834,-0.399999700001));
#8897 = CARTESIAN_POINT('',(0.951845803834,5.99993542183E-07));
#8898 = ( GEOMETRIC_REPRESENTATION_CONTEXT(2) 
PARAMETRIC_REPRESENTATION_CONTEXT() REPRESENTATION_CONTEXT('2D SPACE',''
  ) );
#8899 = PCURVE('',#3337,#8900);
#8900 = DEFINITIONAL_REPRESENTATION('',(#8901),#8907);
#8901 = B_SPLINE_CURVE_WITH_KNOTS('',4,(#8902,#8903,#8904,#8905,#8906),
  .UNSPECIFIED.,.F.,.F.,(5,5),(0.,1.),.PIECEWISE_BEZIER_KNOTS.);
#8902 = CARTESIAN_POINT('',(4.453229355362E-02,-1.6000006));
#8903 = CARTESIAN_POINT('',(4.453229355362E-02,-1.200000300005));
#8904 = CARTESIAN_POINT('',(4.453229355361E-02,-0.79999999997));
#8905 = CARTESIAN_POINT('',(4.453229355362E-02,-0.399999699995));
#8906 = CARTESIAN_POINT('',(4.453229355362E-02,5.999999999062E-07));
#8907 = ( GEOMETRIC_REPRESENTATION_CONTEXT(2) 
PARAMETRIC_REPRESENTATION_CONTEXT() REPRESENTATION_CONTEXT('2D SPACE',''
  ) );
#8908 = ORIENTED_EDGE('',*,*,#3353,.F.);
#8909 = ORIENTED_EDGE('',*,*,#8769,.F.);
#8910 = ADVANCED_FACE('',(#8911),#2701,.F.);
#8911 = FACE_BOUND('',#8912,.F.);
#8912 = EDGE_LOOP('',(#8913,#8936,#8937,#8938));
#8913 = ORIENTED_EDGE('',*,*,#8914,.F.);
#8914 = EDGE_CURVE('',#8796,#8915,#8917,.T.);
#8915 = VERTEX_POINT('',#8916);
#8916 = CARTESIAN_POINT('',(248.337578125,90.676826171875,18.2));
#8917 = SURFACE_CURVE('',#8918,(#8922,#8929),.PCURVE_S1.);
#8918 = B_SPLINE_CURVE_WITH_KNOTS('',2,(#8919,#8920,#8921),
  .UNSPECIFIED.,.F.,.F.,(3,3),(0.,1.),.PIECEWISE_BEZIER_KNOTS.);
#8919 = CARTESIAN_POINT('',(248.46916992187,89.774482421875,18.2));
#8920 = CARTESIAN_POINT('',(248.337578125,90.188056640625,18.2));
#8921 = CARTESIAN_POINT('',(248.337578125,90.676826171875,18.2));
#8922 = PCURVE('',#2701,#8923);
#8923 = DEFINITIONAL_REPRESENTATION('',(#8924),#8928);
#8924 = LINE('',#8925,#8926);
#8925 = CARTESIAN_POINT('',(0.,0.));
#8926 = VECTOR('',#8927,1.);
#8927 = DIRECTION('',(1.,0.));
#8928 = ( GEOMETRIC_REPRESENTATION_CONTEXT(2) 
PARAMETRIC_REPRESENTATION_CONTEXT() REPRESENTATION_CONTEXT('2D SPACE',''
  ) );
#8929 = PCURVE('',#8027,#8930);
#8930 = DEFINITIONAL_REPRESENTATION('',(#8931),#8935);
#8931 = B_SPLINE_CURVE_WITH_KNOTS('',2,(#8932,#8933,#8934),
  .UNSPECIFIED.,.F.,.F.,(3,3),(0.,1.),.PIECEWISE_BEZIER_KNOTS.);
#8932 = CARTESIAN_POINT('',(3.60138671875,5.338935546875));
#8933 = CARTESIAN_POINT('',(4.0149609375,5.47052734375));
#8934 = CARTESIAN_POINT('',(4.50373046875,5.47052734375));
#8935 = ( GEOMETRIC_REPRESENTATION_CONTEXT(2) 
PARAMETRIC_REPRESENTATION_CONTEXT() REPRESENTATION_CONTEXT('2D SPACE',''
  ) );
#8936 = ORIENTED_EDGE('',*,*,#8820,.T.);
#8937 = ORIENTED_EDGE('',*,*,#2681,.F.);
#8938 = ORIENTED_EDGE('',*,*,#8939,.F.);
#8939 = EDGE_CURVE('',#8915,#2682,#8940,.T.);
#8940 = SURFACE_CURVE('',#8941,(#8945,#8952),.PCURVE_S1.);
#8941 = LINE('',#8942,#8943);
#8942 = CARTESIAN_POINT('',(248.337578125,90.676826171875,18.2));
#8943 = VECTOR('',#8944,1.);
#8944 = DIRECTION('',(0.,-0.,1.));
#8945 = PCURVE('',#2701,#8946);
#8946 = DEFINITIONAL_REPRESENTATION('',(#8947),#8951);
#8947 = LINE('',#8948,#8949);
#8948 = CARTESIAN_POINT('',(1.,0.));
#8949 = VECTOR('',#8950,1.);
#8950 = DIRECTION('',(0.,-1.));
#8951 = ( GEOMETRIC_REPRESENTATION_CONTEXT(2) 
PARAMETRIC_REPRESENTATION_CONTEXT() REPRESENTATION_CONTEXT('2D SPACE',''
  ) );
#8952 = PCURVE('',#2763,#8953);
#8953 = DEFINITIONAL_REPRESENTATION('',(#8954),#8958);
#8954 = LINE('',#8955,#8956);
#8955 = CARTESIAN_POINT('',(0.,0.));
#8956 = VECTOR('',#8957,1.);
#8957 = DIRECTION('',(0.,-1.));
#8958 = ( GEOMETRIC_REPRESENTATION_CONTEXT(2) 
PARAMETRIC_REPRESENTATION_CONTEXT() REPRESENTATION_CONTEXT('2D SPACE',''
  ) );
#8959 = ADVANCED_FACE('',(#8960),#3337,.F.);
#8960 = FACE_BOUND('',#8961,.F.);
#8961 = EDGE_LOOP('',(#8962,#8985,#9006,#9007));
#8962 = ORIENTED_EDGE('',*,*,#8963,.F.);
#8963 = EDGE_CURVE('',#8964,#8860,#8966,.T.);
#8964 = VERTEX_POINT('',#8965);
#8965 = CARTESIAN_POINT('',(250.0940625,86.675224609375,18.2));
#8966 = SURFACE_CURVE('',#8967,(#8971,#8978),.PCURVE_S1.);
#8967 = B_SPLINE_CURVE_WITH_KNOTS('',2,(#8968,#8969,#8970),
  .UNSPECIFIED.,.F.,.F.,(3,3),(0.,1.),.PIECEWISE_BEZIER_KNOTS.);
#8968 = CARTESIAN_POINT('',(250.0940625,86.675224609375,18.2));
#8969 = CARTESIAN_POINT('',(248.1067578125,86.675224609375,18.2));
#8970 = CARTESIAN_POINT('',(246.97077148437,87.67693359375,18.2));
#8971 = PCURVE('',#3337,#8972);
#8972 = DEFINITIONAL_REPRESENTATION('',(#8973),#8977);
#8973 = LINE('',#8974,#8975);
#8974 = CARTESIAN_POINT('',(0.,0.));
#8975 = VECTOR('',#8976,1.);
#8976 = DIRECTION('',(1.,0.));
#8977 = ( GEOMETRIC_REPRESENTATION_CONTEXT(2) 
PARAMETRIC_REPRESENTATION_CONTEXT() REPRESENTATION_CONTEXT('2D SPACE',''
  ) );
#8978 = PCURVE('',#8027,#8979);
#8979 = DEFINITIONAL_REPRESENTATION('',(#8980),#8984);
#8980 = B_SPLINE_CURVE_WITH_KNOTS('',2,(#8981,#8982,#8983),
  .UNSPECIFIED.,.F.,.F.,(3,3),(0.,1.),.PIECEWISE_BEZIER_KNOTS.);
#8981 = CARTESIAN_POINT('',(0.50212890625,3.71404296875));
#8982 = CARTESIAN_POINT('',(0.50212890625,5.70134765625));
#8983 = CARTESIAN_POINT('',(1.503837890625,6.837333984375));
#8984 = ( GEOMETRIC_REPRESENTATION_CONTEXT(2) 
PARAMETRIC_REPRESENTATION_CONTEXT() REPRESENTATION_CONTEXT('2D SPACE',''
  ) );
#8985 = ORIENTED_EDGE('',*,*,#8986,.T.);
#8986 = EDGE_CURVE('',#8964,#3243,#8987,.T.);
#8987 = SURFACE_CURVE('',#8988,(#8992,#8999),.PCURVE_S1.);
#8988 = LINE('',#8989,#8990);
#8989 = CARTESIAN_POINT('',(250.0940625,86.675224609375,18.2));
#8990 = VECTOR('',#8991,1.);
#8991 = DIRECTION('',(0.,-0.,1.));
#8992 = PCURVE('',#3337,#8993);
#8993 = DEFINITIONAL_REPRESENTATION('',(#8994),#8998);
#8994 = LINE('',#8995,#8996);
#8995 = CARTESIAN_POINT('',(0.,0.));
#8996 = VECTOR('',#8997,1.);
#8997 = DIRECTION('',(0.,-1.));
#8998 = ( GEOMETRIC_REPRESENTATION_CONTEXT(2) 
PARAMETRIC_REPRESENTATION_CONTEXT() REPRESENTATION_CONTEXT('2D SPACE',''
  ) );
#8999 = PCURVE('',#3288,#9000);
#9000 = DEFINITIONAL_REPRESENTATION('',(#9001),#9005);
#9001 = LINE('',#9002,#9003);
#9002 = CARTESIAN_POINT('',(1.,0.));
#9003 = VECTOR('',#9004,1.);
#9004 = DIRECTION('',(0.,-1.));
#9005 = ( GEOMETRIC_REPRESENTATION_CONTEXT(2) 
PARAMETRIC_REPRESENTATION_CONTEXT() REPRESENTATION_CONTEXT('2D SPACE',''
  ) );
#9006 = ORIENTED_EDGE('',*,*,#3317,.F.);
#9007 = ORIENTED_EDGE('',*,*,#8882,.T.);
#9008 = ADVANCED_FACE('',(#9009),#2763,.F.);
#9009 = FACE_BOUND('',#9010,.F.);
#9010 = EDGE_LOOP('',(#9011,#9034,#9035,#9036));
#9011 = ORIENTED_EDGE('',*,*,#9012,.F.);
#9012 = EDGE_CURVE('',#8915,#9013,#9015,.T.);
#9013 = VERTEX_POINT('',#9014);
#9014 = CARTESIAN_POINT('',(249.0573046875,92.6614453125,18.2));
#9015 = SURFACE_CURVE('',#9016,(#9020,#9027),.PCURVE_S1.);
#9016 = B_SPLINE_CURVE_WITH_KNOTS('',2,(#9017,#9018,#9019),
  .UNSPECIFIED.,.F.,.F.,(3,3),(0.,1.),.PIECEWISE_BEZIER_KNOTS.);
#9017 = CARTESIAN_POINT('',(248.337578125,90.676826171875,18.2));
#9018 = CARTESIAN_POINT('',(248.337578125,91.906806640625,18.2));
#9019 = CARTESIAN_POINT('',(249.0573046875,92.6614453125,18.2));
#9020 = PCURVE('',#2763,#9021);
#9021 = DEFINITIONAL_REPRESENTATION('',(#9022),#9026);
#9022 = LINE('',#9023,#9024);
#9023 = CARTESIAN_POINT('',(0.,0.));
#9024 = VECTOR('',#9025,1.);
#9025 = DIRECTION('',(1.,0.));
#9026 = ( GEOMETRIC_REPRESENTATION_CONTEXT(2) 
PARAMETRIC_REPRESENTATION_CONTEXT() REPRESENTATION_CONTEXT('2D SPACE',''
  ) );
#9027 = PCURVE('',#8027,#9028);
#9028 = DEFINITIONAL_REPRESENTATION('',(#9029),#9033);
#9029 = B_SPLINE_CURVE_WITH_KNOTS('',2,(#9030,#9031,#9032),
  .UNSPECIFIED.,.F.,.F.,(3,3),(0.,1.),.PIECEWISE_BEZIER_KNOTS.);
#9030 = CARTESIAN_POINT('',(4.50373046875,5.47052734375));
#9031 = CARTESIAN_POINT('',(5.7337109375,5.47052734375));
#9032 = CARTESIAN_POINT('',(6.488349609375,4.75080078125));
#9033 = ( GEOMETRIC_REPRESENTATION_CONTEXT(2) 
PARAMETRIC_REPRESENTATION_CONTEXT() REPRESENTATION_CONTEXT('2D SPACE',''
  ) );
#9034 = ORIENTED_EDGE('',*,*,#8939,.T.);
#9035 = ORIENTED_EDGE('',*,*,#2717,.F.);
#9036 = ORIENTED_EDGE('',*,*,#9037,.F.);
#9037 = EDGE_CURVE('',#9013,#2718,#9038,.T.);
#9038 = SURFACE_CURVE('',#9039,(#9043,#9050),.PCURVE_S1.);
#9039 = LINE('',#9040,#9041);
#9040 = CARTESIAN_POINT('',(249.0573046875,92.6614453125,18.2));
#9041 = VECTOR('',#9042,1.);
#9042 = DIRECTION('',(0.,-0.,1.));
#9043 = PCURVE('',#2763,#9044);
#9044 = DEFINITIONAL_REPRESENTATION('',(#9045),#9049);
#9045 = LINE('',#9046,#9047);
#9046 = CARTESIAN_POINT('',(1.,0.));
#9047 = VECTOR('',#9048,1.);
#9048 = DIRECTION('',(0.,-1.));
#9049 = ( GEOMETRIC_REPRESENTATION_CONTEXT(2) 
PARAMETRIC_REPRESENTATION_CONTEXT() REPRESENTATION_CONTEXT('2D SPACE',''
  ) );
#9050 = PCURVE('',#2836,#9051);
#9051 = DEFINITIONAL_REPRESENTATION('',(#9052),#9056);
#9052 = LINE('',#9053,#9054);
#9053 = CARTESIAN_POINT('',(0.,0.));
#9054 = VECTOR('',#9055,1.);
#9055 = DIRECTION('',(0.,-1.));
#9056 = ( GEOMETRIC_REPRESENTATION_CONTEXT(2) 
PARAMETRIC_REPRESENTATION_CONTEXT() REPRESENTATION_CONTEXT('2D SPACE',''
  ) );
#9057 = ADVANCED_FACE('',(#9058),#3288,.F.);
#9058 = FACE_BOUND('',#9059,.F.);
#9059 = EDGE_LOOP('',(#9060,#9083,#9104,#9105));
#9060 = ORIENTED_EDGE('',*,*,#9061,.F.);
#9061 = EDGE_CURVE('',#9062,#8964,#9064,.T.);
#9062 = VERTEX_POINT('',#9063);
#9063 = CARTESIAN_POINT('',(253.08844726562,87.5319140625,18.2));
#9064 = SURFACE_CURVE('',#9065,(#9069,#9076),.PCURVE_S1.);
#9065 = B_SPLINE_CURVE_WITH_KNOTS('',2,(#9066,#9067,#9068),
  .UNSPECIFIED.,.F.,.F.,(3,3),(0.,1.),.PIECEWISE_BEZIER_KNOTS.);
#9066 = CARTESIAN_POINT('',(253.08844726562,87.5319140625,18.2));
#9067 = CARTESIAN_POINT('',(252.03302734375,86.675224609375,18.2));
#9068 = CARTESIAN_POINT('',(250.0940625,86.675224609375,18.2));
#9069 = PCURVE('',#3288,#9070);
#9070 = DEFINITIONAL_REPRESENTATION('',(#9071),#9075);
#9071 = LINE('',#9072,#9073);
#9072 = CARTESIAN_POINT('',(0.,0.));
#9073 = VECTOR('',#9074,1.);
#9074 = DIRECTION('',(1.,0.));
#9075 = ( GEOMETRIC_REPRESENTATION_CONTEXT(2) 
PARAMETRIC_REPRESENTATION_CONTEXT() REPRESENTATION_CONTEXT('2D SPACE',''
  ) );
#9076 = PCURVE('',#8027,#9077);
#9077 = DEFINITIONAL_REPRESENTATION('',(#9078),#9082);
#9078 = B_SPLINE_CURVE_WITH_KNOTS('',2,(#9079,#9080,#9081),
  .UNSPECIFIED.,.F.,.F.,(3,3),(0.,1.),.PIECEWISE_BEZIER_KNOTS.);
#9079 = CARTESIAN_POINT('',(1.358818359375,0.719658203125));
#9080 = CARTESIAN_POINT('',(0.50212890625,1.775078125));
#9081 = CARTESIAN_POINT('',(0.50212890625,3.71404296875));
#9082 = ( GEOMETRIC_REPRESENTATION_CONTEXT(2) 
PARAMETRIC_REPRESENTATION_CONTEXT() REPRESENTATION_CONTEXT('2D SPACE',''
  ) );
#9083 = ORIENTED_EDGE('',*,*,#9084,.T.);
#9084 = EDGE_CURVE('',#9062,#3168,#9085,.T.);
#9085 = SURFACE_CURVE('',#9086,(#9090,#9097),.PCURVE_S1.);
#9086 = LINE('',#9087,#9088);
#9087 = CARTESIAN_POINT('',(253.08844726562,87.5319140625,18.2));
#9088 = VECTOR('',#9089,1.);
#9089 = DIRECTION('',(0.,-0.,1.));
#9090 = PCURVE('',#3288,#9091);
#9091 = DEFINITIONAL_REPRESENTATION('',(#9092),#9096);
#9092 = LINE('',#9093,#9094);
#9093 = CARTESIAN_POINT('',(0.,0.));
#9094 = VECTOR('',#9095,1.);
#9095 = DIRECTION('',(0.,-1.));
#9096 = ( GEOMETRIC_REPRESENTATION_CONTEXT(2) 
PARAMETRIC_REPRESENTATION_CONTEXT() REPRESENTATION_CONTEXT('2D SPACE',''
  ) );
#9097 = PCURVE('',#3213,#9098);
#9098 = DEFINITIONAL_REPRESENTATION('',(#9099),#9103);
#9099 = LINE('',#9100,#9101);
#9100 = CARTESIAN_POINT('',(1.,0.));
#9101 = VECTOR('',#9102,1.);
#9102 = DIRECTION('',(0.,-1.));
#9103 = ( GEOMETRIC_REPRESENTATION_CONTEXT(2) 
PARAMETRIC_REPRESENTATION_CONTEXT() REPRESENTATION_CONTEXT('2D SPACE',''
  ) );
#9104 = ORIENTED_EDGE('',*,*,#3242,.F.);
#9105 = ORIENTED_EDGE('',*,*,#8986,.F.);
#9106 = ADVANCED_FACE('',(#9107),#2836,.F.);
#9107 = FACE_BOUND('',#9108,.F.);
#9108 = EDGE_LOOP('',(#9109,#9132,#9133,#9134));
#9109 = ORIENTED_EDGE('',*,*,#9110,.F.);
#9110 = EDGE_CURVE('',#9013,#9111,#9113,.T.);
#9111 = VERTEX_POINT('',#9112);
#9112 = CARTESIAN_POINT('',(250.94255859375,93.416083984375,18.2));
#9113 = SURFACE_CURVE('',#9114,(#9118,#9125),.PCURVE_S1.);
#9114 = B_SPLINE_CURVE_WITH_KNOTS('',2,(#9115,#9116,#9117),
  .UNSPECIFIED.,.F.,.F.,(3,3),(0.,1.),.PIECEWISE_BEZIER_KNOTS.);
#9115 = CARTESIAN_POINT('',(249.0573046875,92.6614453125,18.2));
#9116 = CARTESIAN_POINT('',(249.77703125,93.416083984375,18.2));
#9117 = CARTESIAN_POINT('',(250.94255859375,93.416083984375,18.2));
#9118 = PCURVE('',#2836,#9119);
#9119 = DEFINITIONAL_REPRESENTATION('',(#9120),#9124);
#9120 = LINE('',#9121,#9122);
#9121 = CARTESIAN_POINT('',(0.,0.));
#9122 = VECTOR('',#9123,1.);
#9123 = DIRECTION('',(1.,0.));
#9124 = ( GEOMETRIC_REPRESENTATION_CONTEXT(2) 
PARAMETRIC_REPRESENTATION_CONTEXT() REPRESENTATION_CONTEXT('2D SPACE',''
  ) );
#9125 = PCURVE('',#8027,#9126);
#9126 = DEFINITIONAL_REPRESENTATION('',(#9127),#9131);
#9127 = B_SPLINE_CURVE_WITH_KNOTS('',2,(#9128,#9129,#9130),
  .UNSPECIFIED.,.F.,.F.,(3,3),(0.,1.),.PIECEWISE_BEZIER_KNOTS.);
#9128 = CARTESIAN_POINT('',(6.488349609375,4.75080078125));
#9129 = CARTESIAN_POINT('',(7.24298828125,4.03107421875));
#9130 = CARTESIAN_POINT('',(7.24298828125,2.865546875));
#9131 = ( GEOMETRIC_REPRESENTATION_CONTEXT(2) 
PARAMETRIC_REPRESENTATION_CONTEXT() REPRESENTATION_CONTEXT('2D SPACE',''
  ) );
#9132 = ORIENTED_EDGE('',*,*,#9037,.T.);
#9133 = ORIENTED_EDGE('',*,*,#2792,.F.);
#9134 = ORIENTED_EDGE('',*,*,#9135,.F.);
#9135 = EDGE_CURVE('',#9111,#2793,#9136,.T.);
#9136 = SURFACE_CURVE('',#9137,(#9141,#9148),.PCURVE_S1.);
#9137 = LINE('',#9138,#9139);
#9138 = CARTESIAN_POINT('',(250.94255859375,93.416083984375,18.2));
#9139 = VECTOR('',#9140,1.);
#9140 = DIRECTION('',(0.,-0.,1.));
#9141 = PCURVE('',#2836,#9142);
#9142 = DEFINITIONAL_REPRESENTATION('',(#9143),#9147);
#9143 = LINE('',#9144,#9145);
#9144 = CARTESIAN_POINT('',(1.,0.));
#9145 = VECTOR('',#9146,1.);
#9146 = DIRECTION('',(0.,-1.));
#9147 = ( GEOMETRIC_REPRESENTATION_CONTEXT(2) 
PARAMETRIC_REPRESENTATION_CONTEXT() REPRESENTATION_CONTEXT('2D SPACE',''
  ) );
#9148 = PCURVE('',#2884,#9149);
#9149 = DEFINITIONAL_REPRESENTATION('',(#9150),#9154);
#9150 = LINE('',#9151,#9152);
#9151 = CARTESIAN_POINT('',(0.,0.));
#9152 = VECTOR('',#9153,1.);
#9153 = DIRECTION('',(0.,-1.));
#9154 = ( GEOMETRIC_REPRESENTATION_CONTEXT(2) 
PARAMETRIC_REPRESENTATION_CONTEXT() REPRESENTATION_CONTEXT('2D SPACE',''
  ) );
#9155 = ADVANCED_FACE('',(#9156),#3213,.F.);
#9156 = FACE_BOUND('',#9157,.F.);
#9157 = EDGE_LOOP('',(#9158,#9181,#9202,#9203));
#9158 = ORIENTED_EDGE('',*,*,#9159,.F.);
#9159 = EDGE_CURVE('',#9160,#9062,#9162,.T.);
#9160 = VERTEX_POINT('',#9161);
#9161 = CARTESIAN_POINT('',(254.1438671875,89.951591796875,18.2));
#9162 = SURFACE_CURVE('',#9163,(#9167,#9174),.PCURVE_S1.);
#9163 = B_SPLINE_CURVE_WITH_KNOTS('',2,(#9164,#9165,#9166),
  .UNSPECIFIED.,.F.,.F.,(3,3),(0.,1.),.PIECEWISE_BEZIER_KNOTS.);
#9164 = CARTESIAN_POINT('',(254.1438671875,89.951591796875,18.2));
#9165 = CARTESIAN_POINT('',(254.1438671875,88.388603515625,18.2));
#9166 = CARTESIAN_POINT('',(253.08844726562,87.5319140625,18.2));
#9167 = PCURVE('',#3213,#9168);
#9168 = DEFINITIONAL_REPRESENTATION('',(#9169),#9173);
#9169 = LINE('',#9170,#9171);
#9170 = CARTESIAN_POINT('',(0.,0.));
#9171 = VECTOR('',#9172,1.);
#9172 = DIRECTION('',(1.,0.));
#9173 = ( GEOMETRIC_REPRESENTATION_CONTEXT(2) 
PARAMETRIC_REPRESENTATION_CONTEXT() REPRESENTATION_CONTEXT('2D SPACE',''
  ) );
#9174 = PCURVE('',#8027,#9175);
#9175 = DEFINITIONAL_REPRESENTATION('',(#9176),#9180);
#9176 = B_SPLINE_CURVE_WITH_KNOTS('',2,(#9177,#9178,#9179),
  .UNSPECIFIED.,.F.,.F.,(3,3),(0.,1.),.PIECEWISE_BEZIER_KNOTS.);
#9177 = CARTESIAN_POINT('',(3.77849609375,-0.33576171875));
#9178 = CARTESIAN_POINT('',(2.2155078125,-0.33576171875));
#9179 = CARTESIAN_POINT('',(1.358818359375,0.719658203125));
#9180 = ( GEOMETRIC_REPRESENTATION_CONTEXT(2) 
PARAMETRIC_REPRESENTATION_CONTEXT() REPRESENTATION_CONTEXT('2D SPACE',''
  ) );
#9181 = ORIENTED_EDGE('',*,*,#9182,.T.);
#9182 = EDGE_CURVE('',#9160,#3132,#9183,.T.);
#9183 = SURFACE_CURVE('',#9184,(#9188,#9195),.PCURVE_S1.);
#9184 = LINE('',#9185,#9186);
#9185 = CARTESIAN_POINT('',(254.1438671875,89.951591796875,18.2));
#9186 = VECTOR('',#9187,1.);
#9187 = DIRECTION('',(0.,-0.,1.));
#9188 = PCURVE('',#3213,#9189);
#9189 = DEFINITIONAL_REPRESENTATION('',(#9190),#9194);
#9190 = LINE('',#9191,#9192);
#9191 = CARTESIAN_POINT('',(0.,0.));
#9192 = VECTOR('',#9193,1.);
#9193 = DIRECTION('',(0.,-1.));
#9194 = ( GEOMETRIC_REPRESENTATION_CONTEXT(2) 
PARAMETRIC_REPRESENTATION_CONTEXT() REPRESENTATION_CONTEXT('2D SPACE',''
  ) );
#9195 = PCURVE('',#3151,#9196);
#9196 = DEFINITIONAL_REPRESENTATION('',(#9197),#9201);
#9197 = LINE('',#9198,#9199);
#9198 = CARTESIAN_POINT('',(1.,0.));
#9199 = VECTOR('',#9200,1.);
#9200 = DIRECTION('',(0.,-1.));
#9201 = ( GEOMETRIC_REPRESENTATION_CONTEXT(2) 
PARAMETRIC_REPRESENTATION_CONTEXT() REPRESENTATION_CONTEXT('2D SPACE',''
  ) );
#9202 = ORIENTED_EDGE('',*,*,#3167,.F.);
#9203 = ORIENTED_EDGE('',*,*,#9084,.F.);
#9204 = ADVANCED_FACE('',(#9205),#2884,.F.);
#9205 = FACE_BOUND('',#9206,.F.);
#9206 = EDGE_LOOP('',(#9207,#9230,#9231,#9232));
#9207 = ORIENTED_EDGE('',*,*,#9208,.F.);
#9208 = EDGE_CURVE('',#9111,#9209,#9211,.T.);
#9209 = VERTEX_POINT('',#9210);
#9210 = CARTESIAN_POINT('',(251.12664910521,93.411657810054,18.2));
#9211 = SURFACE_CURVE('',#9212,(#9216,#9223),.PCURVE_S1.);
#9212 = B_SPLINE_CURVE_WITH_KNOTS('',2,(#9213,#9214,#9215),
  .UNSPECIFIED.,.F.,.F.,(3,3),(0.,1.),.PIECEWISE_BEZIER_KNOTS.);
#9213 = CARTESIAN_POINT('',(250.94255859375,93.416083984375,18.2));
#9214 = CARTESIAN_POINT('',(252.23162109375,93.416083984375,18.2));
#9215 = CARTESIAN_POINT('',(253.00774414062,92.572822265625,18.2));
#9216 = PCURVE('',#2884,#9217);
#9217 = DEFINITIONAL_REPRESENTATION('',(#9218),#9222);
#9218 = LINE('',#9219,#9220);
#9219 = CARTESIAN_POINT('',(0.,0.));
#9220 = VECTOR('',#9221,1.);
#9221 = DIRECTION('',(1.,0.));
#9222 = ( GEOMETRIC_REPRESENTATION_CONTEXT(2) 
PARAMETRIC_REPRESENTATION_CONTEXT() REPRESENTATION_CONTEXT('2D SPACE',''
  ) );
#9223 = PCURVE('',#8027,#9224);
#9224 = DEFINITIONAL_REPRESENTATION('',(#9225),#9229);
#9225 = B_SPLINE_CURVE_WITH_KNOTS('',2,(#9226,#9227,#9228),
  .UNSPECIFIED.,.F.,.F.,(3,3),(0.,1.),.PIECEWISE_BEZIER_KNOTS.);
#9226 = CARTESIAN_POINT('',(7.24298828125,2.865546875));
#9227 = CARTESIAN_POINT('',(7.24298828125,1.576484375));
#9228 = CARTESIAN_POINT('',(6.3997265625,0.800361328125));
#9229 = ( GEOMETRIC_REPRESENTATION_CONTEXT(2) 
PARAMETRIC_REPRESENTATION_CONTEXT() REPRESENTATION_CONTEXT('2D SPACE',''
  ) );
#9230 = ORIENTED_EDGE('',*,*,#9135,.T.);
#9231 = ORIENTED_EDGE('',*,*,#2864,.F.);
#9232 = ORIENTED_EDGE('',*,*,#9233,.F.);
#9233 = EDGE_CURVE('',#9209,#2865,#9234,.T.);
#9234 = SURFACE_CURVE('',#9235,(#9241,#9250),.PCURVE_S1.);
#9235 = B_SPLINE_CURVE_WITH_KNOTS('',4,(#9236,#9237,#9238,#9239,#9240),
  .UNSPECIFIED.,.F.,.F.,(5,5),(0.,1.),.PIECEWISE_BEZIER_KNOTS.);
#9236 = CARTESIAN_POINT('',(251.12664910521,93.411657810054,18.1999994)
  );
#9237 = CARTESIAN_POINT('',(251.12664910521,93.411657810054,
    18.599999699995));
#9238 = CARTESIAN_POINT('',(251.12664910521,93.411657810054,
    18.999999999999));
#9239 = CARTESIAN_POINT('',(251.12664910521,93.411657810054,
    19.400000300005));
#9240 = CARTESIAN_POINT('',(251.12664910521,93.411657810054,19.8000006)
  );
#9241 = PCURVE('',#2884,#9242);
#9242 = DEFINITIONAL_REPRESENTATION('',(#9243),#9249);
#9243 = B_SPLINE_CURVE_WITH_KNOTS('',4,(#9244,#9245,#9246,#9247,#9248),
  .UNSPECIFIED.,.F.,.F.,(5,5),(0.,1.),.PIECEWISE_BEZIER_KNOTS.);
#9244 = CARTESIAN_POINT('',(7.244911162635E-02,5.999691510272E-07));
#9245 = CARTESIAN_POINT('',(7.244911162635E-02,-0.399999700026));
#9246 = CARTESIAN_POINT('',(7.244911162635E-02,-0.800000000002));
#9247 = CARTESIAN_POINT('',(7.244911162635E-02,-1.200000299972));
#9248 = CARTESIAN_POINT('',(7.244911162635E-02,-1.600000599967));
#9249 = ( GEOMETRIC_REPRESENTATION_CONTEXT(2) 
PARAMETRIC_REPRESENTATION_CONTEXT() REPRESENTATION_CONTEXT('2D SPACE',''
  ) );
#9250 = PCURVE('',#2920,#9251);
#9251 = DEFINITIONAL_REPRESENTATION('',(#9252),#9258);
#9252 = B_SPLINE_CURVE_WITH_KNOTS('',4,(#9253,#9254,#9255,#9256,#9257),
  .UNSPECIFIED.,.F.,.F.,(5,5),(0.,1.),.PIECEWISE_BEZIER_KNOTS.);
#9253 = CARTESIAN_POINT('',(0.923414821559,5.999999999062E-07));
#9254 = CARTESIAN_POINT('',(0.923414821559,-0.399999699995));
#9255 = CARTESIAN_POINT('',(0.923414821559,-0.799999999999));
#9256 = CARTESIAN_POINT('',(0.923414821559,-1.200000300005));
#9257 = CARTESIAN_POINT('',(0.923414821559,-1.6000006));
#9258 = ( GEOMETRIC_REPRESENTATION_CONTEXT(2) 
PARAMETRIC_REPRESENTATION_CONTEXT() REPRESENTATION_CONTEXT('2D SPACE',''
  ) );
#9259 = ADVANCED_FACE('',(#9260),#3151,.F.);
#9260 = FACE_BOUND('',#9261,.F.);
#9261 = EDGE_LOOP('',(#9262,#9285,#9321,#9322));
#9262 = ORIENTED_EDGE('',*,*,#9263,.F.);
#9263 = EDGE_CURVE('',#9264,#9160,#9266,.T.);
#9264 = VERTEX_POINT('',#9265);
#9265 = CARTESIAN_POINT('',(254.14047357117,90.136605414681,18.2));
#9266 = SURFACE_CURVE('',#9267,(#9271,#9278),.PCURVE_S1.);
#9267 = B_SPLINE_CURVE_WITH_KNOTS('',2,(#9268,#9269,#9270),
  .UNSPECIFIED.,.F.,.F.,(3,3),(0.,1.),.PIECEWISE_BEZIER_KNOTS.);
#9268 = CARTESIAN_POINT('',(253.36774414062,92.212822265625,18.2));
#9269 = CARTESIAN_POINT('',(254.1438671875,91.369560546875,18.2));
#9270 = CARTESIAN_POINT('',(254.1438671875,89.951591796875,18.2));
#9271 = PCURVE('',#3151,#9272);
#9272 = DEFINITIONAL_REPRESENTATION('',(#9273),#9277);
#9273 = LINE('',#9274,#9275);
#9274 = CARTESIAN_POINT('',(0.,0.));
#9275 = VECTOR('',#9276,1.);
#9276 = DIRECTION('',(1.,0.));
#9277 = ( GEOMETRIC_REPRESENTATION_CONTEXT(2) 
PARAMETRIC_REPRESENTATION_CONTEXT() REPRESENTATION_CONTEXT('2D SPACE',''
  ) );
#9278 = PCURVE('',#8027,#9279);
#9279 = DEFINITIONAL_REPRESENTATION('',(#9280),#9284);
#9280 = B_SPLINE_CURVE_WITH_KNOTS('',2,(#9281,#9282,#9283),
  .UNSPECIFIED.,.F.,.F.,(3,3),(0.,1.),.PIECEWISE_BEZIER_KNOTS.);
#9281 = CARTESIAN_POINT('',(6.0397265625,0.440361328125));
#9282 = CARTESIAN_POINT('',(5.19646484375,-0.33576171875));
#9283 = CARTESIAN_POINT('',(3.77849609375,-0.33576171875));
#9284 = ( GEOMETRIC_REPRESENTATION_CONTEXT(2) 
PARAMETRIC_REPRESENTATION_CONTEXT() REPRESENTATION_CONTEXT('2D SPACE',''
  ) );
#9285 = ORIENTED_EDGE('',*,*,#9286,.F.);
#9286 = EDGE_CURVE('',#3096,#9264,#9287,.T.);
#9287 = SURFACE_CURVE('',#9288,(#9297,#9309),.PCURVE_S1.);
#9288 = B_SPLINE_CURVE_WITH_KNOTS('',4,(#9289,#9290,#9291,#9292,#9293,
    #9294,#9295,#9296),.UNSPECIFIED.,.F.,.F.,(5,3,5),(0.,0.836126032325,
    1.),.UNSPECIFIED.);
#9289 = CARTESIAN_POINT('',(254.14047357117,90.136605414681,19.8000006)
  );
#9290 = CARTESIAN_POINT('',(254.14047357117,90.136605414681,
    19.465549936237));
#9291 = CARTESIAN_POINT('',(254.14047357117,90.136605414681,
    19.131099272458));
#9292 = CARTESIAN_POINT('',(254.14047357117,90.136605414681,
    18.796648608703));
#9293 = CARTESIAN_POINT('',(254.14047357117,90.136605414681,
    18.396648308708));
#9294 = CARTESIAN_POINT('',(254.14047357117,90.136605414681,
    18.331098672495));
#9295 = CARTESIAN_POINT('',(254.14047357117,90.136605414681,
    18.265549036231));
#9296 = CARTESIAN_POINT('',(254.14047357117,90.136605414681,18.1999994)
  );
#9297 = PCURVE('',#3151,#9298);
#9298 = DEFINITIONAL_REPRESENTATION('',(#9299),#9308);
#9299 = B_SPLINE_CURVE_WITH_KNOTS('',4,(#9300,#9301,#9302,#9303,#9304,
    #9305,#9306,#9307),.UNSPECIFIED.,.F.,.F.,(5,3,5),(0.,0.836126032325,
    1.),.UNSPECIFIED.);
#9300 = CARTESIAN_POINT('',(0.93387493982,-1.60000059998));
#9301 = CARTESIAN_POINT('',(0.93387493982,-1.265549936216));
#9302 = CARTESIAN_POINT('',(0.93387493982,-0.931099272483));
#9303 = CARTESIAN_POINT('',(0.93387493982,-0.596648608703));
#9304 = CARTESIAN_POINT('',(0.93387493982,-0.196648308708));
#9305 = CARTESIAN_POINT('',(0.93387493982,-0.13109867244));
#9306 = CARTESIAN_POINT('',(0.93387493982,-6.554903627506E-02));
#9307 = CARTESIAN_POINT('',(0.93387493982,5.999561651926E-07));
#9308 = ( GEOMETRIC_REPRESENTATION_CONTEXT(2) 
PARAMETRIC_REPRESENTATION_CONTEXT() REPRESENTATION_CONTEXT('2D SPACE',''
  ) );
#9309 = PCURVE('',#3115,#9310);
#9310 = DEFINITIONAL_REPRESENTATION('',(#9311),#9320);
#9311 = B_SPLINE_CURVE_WITH_KNOTS('',4,(#9312,#9313,#9314,#9315,#9316,
    #9317,#9318,#9319),.UNSPECIFIED.,.F.,.F.,(5,3,5),(0.,0.836126032325,
    1.),.UNSPECIFIED.);
#9312 = CARTESIAN_POINT('',(5.67046568296E-02,-1.6000006));
#9313 = CARTESIAN_POINT('',(5.67046568296E-02,-1.265549936237));
#9314 = CARTESIAN_POINT('',(5.67046568296E-02,-0.931099272458));
#9315 = CARTESIAN_POINT('',(5.67046568296E-02,-0.596648608703));
#9316 = CARTESIAN_POINT('',(5.67046568296E-02,-0.196648308708));
#9317 = CARTESIAN_POINT('',(5.67046568296E-02,-0.131098672495));
#9318 = CARTESIAN_POINT('',(5.67046568296E-02,-6.554903623122E-02));
#9319 = CARTESIAN_POINT('',(5.67046568296E-02,5.999999999062E-07));
#9320 = ( GEOMETRIC_REPRESENTATION_CONTEXT(2) 
PARAMETRIC_REPRESENTATION_CONTEXT() REPRESENTATION_CONTEXT('2D SPACE',''
  ) );
#9321 = ORIENTED_EDGE('',*,*,#3131,.F.);
#9322 = ORIENTED_EDGE('',*,*,#9182,.F.);
#9323 = ADVANCED_FACE('',(#9324),#2920,.F.);
#9324 = FACE_BOUND('',#9325,.F.);
#9325 = EDGE_LOOP('',(#9326,#9349,#9350,#9351));
#9326 = ORIENTED_EDGE('',*,*,#9327,.F.);
#9327 = EDGE_CURVE('',#9209,#9328,#9330,.T.);
#9328 = VERTEX_POINT('',#9329);
#9329 = CARTESIAN_POINT('',(251.30255859375,93.416083984375,18.2));
#9330 = SURFACE_CURVE('',#9331,(#9335,#9342),.PCURVE_S1.);
#9331 = B_SPLINE_CURVE_WITH_KNOTS('',2,(#9332,#9333,#9334),
  .UNSPECIFIED.,.F.,.F.,(3,3),(0.,1.),.PIECEWISE_BEZIER_KNOTS.);
#9332 = CARTESIAN_POINT('',(249.4173046875,92.6614453125,18.2));
#9333 = CARTESIAN_POINT('',(250.13703125,93.416083984375,18.2));
#9334 = CARTESIAN_POINT('',(251.30255859375,93.416083984375,18.2));
#9335 = PCURVE('',#2920,#9336);
#9336 = DEFINITIONAL_REPRESENTATION('',(#9337),#9341);
#9337 = LINE('',#9338,#9339);
#9338 = CARTESIAN_POINT('',(0.,0.));
#9339 = VECTOR('',#9340,1.);
#9340 = DIRECTION('',(1.,0.));
#9341 = ( GEOMETRIC_REPRESENTATION_CONTEXT(2) 
PARAMETRIC_REPRESENTATION_CONTEXT() REPRESENTATION_CONTEXT('2D SPACE',''
  ) );
#9342 = PCURVE('',#8027,#9343);
#9343 = DEFINITIONAL_REPRESENTATION('',(#9344),#9348);
#9344 = B_SPLINE_CURVE_WITH_KNOTS('',2,(#9345,#9346,#9347),
  .UNSPECIFIED.,.F.,.F.,(3,3),(0.,1.),.PIECEWISE_BEZIER_KNOTS.);
#9345 = CARTESIAN_POINT('',(6.488349609375,4.39080078125));
#9346 = CARTESIAN_POINT('',(7.24298828125,3.67107421875));
#9347 = CARTESIAN_POINT('',(7.24298828125,2.505546875));
#9348 = ( GEOMETRIC_REPRESENTATION_CONTEXT(2) 
PARAMETRIC_REPRESENTATION_CONTEXT() REPRESENTATION_CONTEXT('2D SPACE',''
  ) );
#9349 = ORIENTED_EDGE('',*,*,#9233,.T.);
#9350 = ORIENTED_EDGE('',*,*,#2900,.F.);
#9351 = ORIENTED_EDGE('',*,*,#9352,.F.);
#9352 = EDGE_CURVE('',#9328,#2901,#9353,.T.);
#9353 = SURFACE_CURVE('',#9354,(#9358,#9365),.PCURVE_S1.);
#9354 = LINE('',#9355,#9356);
#9355 = CARTESIAN_POINT('',(251.30255859375,93.416083984375,18.2));
#9356 = VECTOR('',#9357,1.);
#9357 = DIRECTION('',(0.,-0.,1.));
#9358 = PCURVE('',#2920,#9359);
#9359 = DEFINITIONAL_REPRESENTATION('',(#9360),#9364);
#9360 = LINE('',#9361,#9362);
#9361 = CARTESIAN_POINT('',(1.,0.));
#9362 = VECTOR('',#9363,1.);
#9363 = DIRECTION('',(0.,-1.));
#9364 = ( GEOMETRIC_REPRESENTATION_CONTEXT(2) 
PARAMETRIC_REPRESENTATION_CONTEXT() REPRESENTATION_CONTEXT('2D SPACE',''
  ) );
#9365 = PCURVE('',#2980,#9366);
#9366 = DEFINITIONAL_REPRESENTATION('',(#9367),#9371);
#9367 = LINE('',#9368,#9369);
#9368 = CARTESIAN_POINT('',(0.,0.));
#9369 = VECTOR('',#9370,1.);
#9370 = DIRECTION('',(0.,-1.));
#9371 = ( GEOMETRIC_REPRESENTATION_CONTEXT(2) 
PARAMETRIC_REPRESENTATION_CONTEXT() REPRESENTATION_CONTEXT('2D SPACE',''
  ) );
#9372 = ADVANCED_FACE('',(#9373),#3115,.F.);
#9373 = FACE_BOUND('',#9374,.F.);
#9374 = EDGE_LOOP('',(#9375,#9398,#9419,#9420));
#9375 = ORIENTED_EDGE('',*,*,#9376,.F.);
#9376 = EDGE_CURVE('',#9377,#9264,#9379,.T.);
#9377 = VERTEX_POINT('',#9378);
#9378 = CARTESIAN_POINT('',(254.1438671875,90.311591796875,18.2));
#9379 = SURFACE_CURVE('',#9380,(#9384,#9391),.PCURVE_S1.);
#9380 = B_SPLINE_CURVE_WITH_KNOTS('',2,(#9381,#9382,#9383),
  .UNSPECIFIED.,.F.,.F.,(3,3),(0.,1.),.PIECEWISE_BEZIER_KNOTS.);
#9381 = CARTESIAN_POINT('',(254.1438671875,90.311591796875,18.2));
#9382 = CARTESIAN_POINT('',(254.1438671875,88.748603515625,18.2));
#9383 = CARTESIAN_POINT('',(253.08844726562,87.8919140625,18.2));
#9384 = PCURVE('',#3115,#9385);
#9385 = DEFINITIONAL_REPRESENTATION('',(#9386),#9390);
#9386 = LINE('',#9387,#9388);
#9387 = CARTESIAN_POINT('',(0.,0.));
#9388 = VECTOR('',#9389,1.);
#9389 = DIRECTION('',(1.,0.));
#9390 = ( GEOMETRIC_REPRESENTATION_CONTEXT(2) 
PARAMETRIC_REPRESENTATION_CONTEXT() REPRESENTATION_CONTEXT('2D SPACE',''
  ) );
#9391 = PCURVE('',#8027,#9392);
#9392 = DEFINITIONAL_REPRESENTATION('',(#9393),#9397);
#9393 = B_SPLINE_CURVE_WITH_KNOTS('',2,(#9394,#9395,#9396),
  .UNSPECIFIED.,.F.,.F.,(3,3),(0.,1.),.PIECEWISE_BEZIER_KNOTS.);
#9394 = CARTESIAN_POINT('',(4.13849609375,-0.33576171875));
#9395 = CARTESIAN_POINT('',(2.5755078125,-0.33576171875));
#9396 = CARTESIAN_POINT('',(1.718818359375,0.719658203125));
#9397 = ( GEOMETRIC_REPRESENTATION_CONTEXT(2) 
PARAMETRIC_REPRESENTATION_CONTEXT() REPRESENTATION_CONTEXT('2D SPACE',''
  ) );
#9398 = ORIENTED_EDGE('',*,*,#9399,.T.);
#9399 = EDGE_CURVE('',#9377,#3009,#9400,.T.);
#9400 = SURFACE_CURVE('',#9401,(#9405,#9412),.PCURVE_S1.);
#9401 = LINE('',#9402,#9403);
#9402 = CARTESIAN_POINT('',(254.1438671875,90.311591796875,18.2));
#9403 = VECTOR('',#9404,1.);
#9404 = DIRECTION('',(0.,-0.,1.));
#9405 = PCURVE('',#3115,#9406);
#9406 = DEFINITIONAL_REPRESENTATION('',(#9407),#9411);
#9407 = LINE('',#9408,#9409);
#9408 = CARTESIAN_POINT('',(0.,0.));
#9409 = VECTOR('',#9410,1.);
#9410 = DIRECTION('',(0.,-1.));
#9411 = ( GEOMETRIC_REPRESENTATION_CONTEXT(2) 
PARAMETRIC_REPRESENTATION_CONTEXT() REPRESENTATION_CONTEXT('2D SPACE',''
  ) );
#9412 = PCURVE('',#3062,#9413);
#9413 = DEFINITIONAL_REPRESENTATION('',(#9414),#9418);
#9414 = LINE('',#9415,#9416);
#9415 = CARTESIAN_POINT('',(1.,0.));
#9416 = VECTOR('',#9417,1.);
#9417 = DIRECTION('',(0.,-1.));
#9418 = ( GEOMETRIC_REPRESENTATION_CONTEXT(2) 
PARAMETRIC_REPRESENTATION_CONTEXT() REPRESENTATION_CONTEXT('2D SPACE',''
  ) );
#9419 = ORIENTED_EDGE('',*,*,#3095,.F.);
#9420 = ORIENTED_EDGE('',*,*,#9286,.T.);
#9421 = ADVANCED_FACE('',(#9422),#2980,.F.);
#9422 = FACE_BOUND('',#9423,.F.);
#9423 = EDGE_LOOP('',(#9424,#9447,#9448,#9449));
#9424 = ORIENTED_EDGE('',*,*,#9425,.F.);
#9425 = EDGE_CURVE('',#9328,#9426,#9428,.T.);
#9426 = VERTEX_POINT('',#9427);
#9427 = CARTESIAN_POINT('',(253.36774414062,92.572822265625,18.2));
#9428 = SURFACE_CURVE('',#9429,(#9433,#9440),.PCURVE_S1.);
#9429 = B_SPLINE_CURVE_WITH_KNOTS('',2,(#9430,#9431,#9432),
  .UNSPECIFIED.,.F.,.F.,(3,3),(0.,1.),.PIECEWISE_BEZIER_KNOTS.);
#9430 = CARTESIAN_POINT('',(251.30255859375,93.416083984375,18.2));
#9431 = CARTESIAN_POINT('',(252.59162109375,93.416083984375,18.2));
#9432 = CARTESIAN_POINT('',(253.36774414062,92.572822265625,18.2));
#9433 = PCURVE('',#2980,#9434);
#9434 = DEFINITIONAL_REPRESENTATION('',(#9435),#9439);
#9435 = LINE('',#9436,#9437);
#9436 = CARTESIAN_POINT('',(0.,0.));
#9437 = VECTOR('',#9438,1.);
#9438 = DIRECTION('',(1.,0.));
#9439 = ( GEOMETRIC_REPRESENTATION_CONTEXT(2) 
PARAMETRIC_REPRESENTATION_CONTEXT() REPRESENTATION_CONTEXT('2D SPACE',''
  ) );
#9440 = PCURVE('',#8027,#9441);
#9441 = DEFINITIONAL_REPRESENTATION('',(#9442),#9446);
#9442 = B_SPLINE_CURVE_WITH_KNOTS('',2,(#9443,#9444,#9445),
  .UNSPECIFIED.,.F.,.F.,(3,3),(0.,1.),.PIECEWISE_BEZIER_KNOTS.);
#9443 = CARTESIAN_POINT('',(7.24298828125,2.505546875));
#9444 = CARTESIAN_POINT('',(7.24298828125,1.216484375));
#9445 = CARTESIAN_POINT('',(6.3997265625,0.440361328125));
#9446 = ( GEOMETRIC_REPRESENTATION_CONTEXT(2) 
PARAMETRIC_REPRESENTATION_CONTEXT() REPRESENTATION_CONTEXT('2D SPACE',''
  ) );
#9447 = ORIENTED_EDGE('',*,*,#9352,.T.);
#9448 = ORIENTED_EDGE('',*,*,#2936,.F.);
#9449 = ORIENTED_EDGE('',*,*,#9450,.F.);
#9450 = EDGE_CURVE('',#9426,#2937,#9451,.T.);
#9451 = SURFACE_CURVE('',#9452,(#9456,#9463),.PCURVE_S1.);
#9452 = LINE('',#9453,#9454);
#9453 = CARTESIAN_POINT('',(253.36774414062,92.572822265625,18.2));
#9454 = VECTOR('',#9455,1.);
#9455 = DIRECTION('',(0.,-0.,1.));
#9456 = PCURVE('',#2980,#9457);
#9457 = DEFINITIONAL_REPRESENTATION('',(#9458),#9462);
#9458 = LINE('',#9459,#9460);
#9459 = CARTESIAN_POINT('',(1.,0.));
#9460 = VECTOR('',#9461,1.);
#9461 = DIRECTION('',(0.,-1.));
#9462 = ( GEOMETRIC_REPRESENTATION_CONTEXT(2) 
PARAMETRIC_REPRESENTATION_CONTEXT() REPRESENTATION_CONTEXT('2D SPACE',''
  ) );
#9463 = PCURVE('',#3062,#9464);
#9464 = DEFINITIONAL_REPRESENTATION('',(#9465),#9469);
#9465 = LINE('',#9466,#9467);
#9466 = CARTESIAN_POINT('',(0.,0.));
#9467 = VECTOR('',#9468,1.);
#9468 = DIRECTION('',(0.,-1.));
#9469 = ( GEOMETRIC_REPRESENTATION_CONTEXT(2) 
PARAMETRIC_REPRESENTATION_CONTEXT() REPRESENTATION_CONTEXT('2D SPACE',''
  ) );
#9470 = ADVANCED_FACE('',(#9471),#3062,.F.);
#9471 = FACE_BOUND('',#9472,.F.);
#9472 = EDGE_LOOP('',(#9473,#9494,#9495,#9496));
#9473 = ORIENTED_EDGE('',*,*,#9474,.F.);
#9474 = EDGE_CURVE('',#9426,#9377,#9475,.T.);
#9475 = SURFACE_CURVE('',#9476,(#9480,#9487),.PCURVE_S1.);
#9476 = B_SPLINE_CURVE_WITH_KNOTS('',2,(#9477,#9478,#9479),
  .UNSPECIFIED.,.F.,.F.,(3,3),(0.,1.),.PIECEWISE_BEZIER_KNOTS.);
#9477 = CARTESIAN_POINT('',(253.36774414062,92.572822265625,18.2));
#9478 = CARTESIAN_POINT('',(254.1438671875,91.729560546875,18.2));
#9479 = CARTESIAN_POINT('',(254.1438671875,90.311591796875,18.2));
#9480 = PCURVE('',#3062,#9481);
#9481 = DEFINITIONAL_REPRESENTATION('',(#9482),#9486);
#9482 = LINE('',#9483,#9484);
#9483 = CARTESIAN_POINT('',(0.,0.));
#9484 = VECTOR('',#9485,1.);
#9485 = DIRECTION('',(1.,0.));
#9486 = ( GEOMETRIC_REPRESENTATION_CONTEXT(2) 
PARAMETRIC_REPRESENTATION_CONTEXT() REPRESENTATION_CONTEXT('2D SPACE',''
  ) );
#9487 = PCURVE('',#8027,#9488);
#9488 = DEFINITIONAL_REPRESENTATION('',(#9489),#9493);
#9489 = B_SPLINE_CURVE_WITH_KNOTS('',2,(#9490,#9491,#9492),
  .UNSPECIFIED.,.F.,.F.,(3,3),(0.,1.),.PIECEWISE_BEZIER_KNOTS.);
#9490 = CARTESIAN_POINT('',(6.3997265625,0.440361328125));
#9491 = CARTESIAN_POINT('',(5.55646484375,-0.33576171875));
#9492 = CARTESIAN_POINT('',(4.13849609375,-0.33576171875));
#9493 = ( GEOMETRIC_REPRESENTATION_CONTEXT(2) 
PARAMETRIC_REPRESENTATION_CONTEXT() REPRESENTATION_CONTEXT('2D SPACE',''
  ) );
#9494 = ORIENTED_EDGE('',*,*,#9450,.T.);
#9495 = ORIENTED_EDGE('',*,*,#3008,.F.);
#9496 = ORIENTED_EDGE('',*,*,#9399,.F.);
#9497 = ADVANCED_FACE('',(#9498),#3744,.F.);
#9498 = FACE_BOUND('',#9499,.F.);
#9499 = EDGE_LOOP('',(#9500,#9530,#9551,#9552));
#9500 = ORIENTED_EDGE('',*,*,#9501,.F.);
#9501 = EDGE_CURVE('',#9502,#9504,#9506,.T.);
#9502 = VERTEX_POINT('',#9503);
#9503 = CARTESIAN_POINT('',(245.6090625,146.72893554687,18.2));
#9504 = VERTEX_POINT('',#9505);
#9505 = CARTESIAN_POINT('',(245.6090625,153.13141601562,18.2));
#9506 = SURFACE_CURVE('',#9507,(#9511,#9518),.PCURVE_S1.);
#9507 = LINE('',#9508,#9509);
#9508 = CARTESIAN_POINT('',(245.6090625,146.72893554687,18.2));
#9509 = VECTOR('',#9510,1.);
#9510 = DIRECTION('',(2.774482246483E-16,1.,0.));
#9511 = PCURVE('',#3744,#9512);
#9512 = DEFINITIONAL_REPRESENTATION('',(#9513),#9517);
#9513 = LINE('',#9514,#9515);
#9514 = CARTESIAN_POINT('',(4.440892098501E-16,0.));
#9515 = VECTOR('',#9516,1.);
#9516 = DIRECTION('',(1.,0.));
#9517 = ( GEOMETRIC_REPRESENTATION_CONTEXT(2) 
PARAMETRIC_REPRESENTATION_CONTEXT() REPRESENTATION_CONTEXT('2D SPACE',''
  ) );
#9518 = PCURVE('',#9519,#9524);
#9519 = PLANE('',#9520);
#9520 = AXIS2_PLACEMENT_3D('',#9521,#9522,#9523);
#9521 = CARTESIAN_POINT('',(253.80810546875,146.17309570312,18.2));
#9522 = DIRECTION('',(0.,0.,1.));
#9523 = DIRECTION('',(2.22044604925E-16,1.,0.));
#9524 = DEFINITIONAL_REPRESENTATION('',(#9525),#9529);
#9525 = LINE('',#9526,#9527);
#9526 = CARTESIAN_POINT('',(0.55583984375,8.19904296875));
#9527 = VECTOR('',#9528,1.);
#9528 = DIRECTION('',(1.,-5.540361972329E-17));
#9529 = ( GEOMETRIC_REPRESENTATION_CONTEXT(2) 
PARAMETRIC_REPRESENTATION_CONTEXT() REPRESENTATION_CONTEXT('2D SPACE',''
  ) );
#9530 = ORIENTED_EDGE('',*,*,#9531,.T.);
#9531 = EDGE_CURVE('',#9502,#3730,#9532,.T.);
#9532 = SURFACE_CURVE('',#9533,(#9537,#9544),.PCURVE_S1.);
#9533 = LINE('',#9534,#9535);
#9534 = CARTESIAN_POINT('',(245.6090625,146.72893554687,18.2));
#9535 = VECTOR('',#9536,1.);
#9536 = DIRECTION('',(0.,-0.,1.));
#9537 = PCURVE('',#3744,#9538);
#9538 = DEFINITIONAL_REPRESENTATION('',(#9539),#9543);
#9539 = LINE('',#9540,#9541);
#9540 = CARTESIAN_POINT('',(0.,0.));
#9541 = VECTOR('',#9542,1.);
#9542 = DIRECTION('',(0.,-1.));
#9543 = ( GEOMETRIC_REPRESENTATION_CONTEXT(2) 
PARAMETRIC_REPRESENTATION_CONTEXT() REPRESENTATION_CONTEXT('2D SPACE',''
  ) );
#9544 = PCURVE('',#3950,#9545);
#9545 = DEFINITIONAL_REPRESENTATION('',(#9546),#9550);
#9546 = LINE('',#9547,#9548);
#9547 = CARTESIAN_POINT('',(1.88001953125,0.));
#9548 = VECTOR('',#9549,1.);
#9549 = DIRECTION('',(0.,-1.));
#9550 = ( GEOMETRIC_REPRESENTATION_CONTEXT(2) 
PARAMETRIC_REPRESENTATION_CONTEXT() REPRESENTATION_CONTEXT('2D SPACE',''
  ) );
#9551 = ORIENTED_EDGE('',*,*,#3727,.F.);
#9552 = ORIENTED_EDGE('',*,*,#9553,.F.);
#9553 = EDGE_CURVE('',#9504,#3728,#9554,.T.);
#9554 = SURFACE_CURVE('',#9555,(#9559,#9566),.PCURVE_S1.);
#9555 = LINE('',#9556,#9557);
#9556 = CARTESIAN_POINT('',(245.6090625,153.13141601562,18.2));
#9557 = VECTOR('',#9558,1.);
#9558 = DIRECTION('',(0.,-0.,1.));
#9559 = PCURVE('',#3744,#9560);
#9560 = DEFINITIONAL_REPRESENTATION('',(#9561),#9565);
#9561 = LINE('',#9562,#9563);
#9562 = CARTESIAN_POINT('',(6.40248046875,0.));
#9563 = VECTOR('',#9564,1.);
#9564 = DIRECTION('',(0.,-1.));
#9565 = ( GEOMETRIC_REPRESENTATION_CONTEXT(2) 
PARAMETRIC_REPRESENTATION_CONTEXT() REPRESENTATION_CONTEXT('2D SPACE',''
  ) );
#9566 = PCURVE('',#3770,#9567);
#9567 = DEFINITIONAL_REPRESENTATION('',(#9568),#9572);
#9568 = LINE('',#9569,#9570);
#9569 = CARTESIAN_POINT('',(-0.36,0.));
#9570 = VECTOR('',#9571,1.);
#9571 = DIRECTION('',(0.,-1.));
#9572 = ( GEOMETRIC_REPRESENTATION_CONTEXT(2) 
PARAMETRIC_REPRESENTATION_CONTEXT() REPRESENTATION_CONTEXT('2D SPACE',''
  ) );
#9573 = ADVANCED_FACE('',(#9574),#3770,.F.);
#9574 = FACE_BOUND('',#9575,.F.);
#9575 = EDGE_LOOP('',(#9576,#9599,#9600,#9601));
#9576 = ORIENTED_EDGE('',*,*,#9577,.F.);
#9577 = EDGE_CURVE('',#9504,#9578,#9580,.T.);
#9578 = VERTEX_POINT('',#9579);
#9579 = CARTESIAN_POINT('',(247.13458984375,153.13141601562,18.2));
#9580 = SURFACE_CURVE('',#9581,(#9585,#9592),.PCURVE_S1.);
#9581 = LINE('',#9582,#9583);
#9582 = CARTESIAN_POINT('',(245.6090625,153.13141601562,18.2));
#9583 = VECTOR('',#9584,1.);
#9584 = DIRECTION('',(1.,0.,0.));
#9585 = PCURVE('',#3770,#9586);
#9586 = DEFINITIONAL_REPRESENTATION('',(#9587),#9591);
#9587 = LINE('',#9588,#9589);
#9588 = CARTESIAN_POINT('',(-0.36,0.));
#9589 = VECTOR('',#9590,1.);
#9590 = DIRECTION('',(1.,0.));
#9591 = ( GEOMETRIC_REPRESENTATION_CONTEXT(2) 
PARAMETRIC_REPRESENTATION_CONTEXT() REPRESENTATION_CONTEXT('2D SPACE',''
  ) );
#9592 = PCURVE('',#9519,#9593);
#9593 = DEFINITIONAL_REPRESENTATION('',(#9594),#9598);
#9594 = LINE('',#9595,#9596);
#9595 = CARTESIAN_POINT('',(6.9583203125,8.19904296875));
#9596 = VECTOR('',#9597,1.);
#9597 = DIRECTION('',(2.22044604925E-16,-1.));
#9598 = ( GEOMETRIC_REPRESENTATION_CONTEXT(2) 
PARAMETRIC_REPRESENTATION_CONTEXT() REPRESENTATION_CONTEXT('2D SPACE',''
  ) );
#9599 = ORIENTED_EDGE('',*,*,#9553,.T.);
#9600 = ORIENTED_EDGE('',*,*,#3755,.F.);
#9601 = ORIENTED_EDGE('',*,*,#9602,.F.);
#9602 = EDGE_CURVE('',#9578,#3756,#9603,.T.);
#9603 = SURFACE_CURVE('',#9604,(#9608,#9615),.PCURVE_S1.);
#9604 = LINE('',#9605,#9606);
#9605 = CARTESIAN_POINT('',(247.13458984375,153.13141601562,18.2));
#9606 = VECTOR('',#9607,1.);
#9607 = DIRECTION('',(0.,-0.,1.));
#9608 = PCURVE('',#3770,#9609);
#9609 = DEFINITIONAL_REPRESENTATION('',(#9610),#9614);
#9610 = LINE('',#9611,#9612);
#9611 = CARTESIAN_POINT('',(1.16552734375,0.));
#9612 = VECTOR('',#9613,1.);
#9613 = DIRECTION('',(0.,-1.));
#9614 = ( GEOMETRIC_REPRESENTATION_CONTEXT(2) 
PARAMETRIC_REPRESENTATION_CONTEXT() REPRESENTATION_CONTEXT('2D SPACE',''
  ) );
#9615 = PCURVE('',#3796,#9616);
#9616 = DEFINITIONAL_REPRESENTATION('',(#9617),#9621);
#9617 = LINE('',#9618,#9619);
#9618 = CARTESIAN_POINT('',(0.,0.));
#9619 = VECTOR('',#9620,1.);
#9620 = DIRECTION('',(0.,-1.));
#9621 = ( GEOMETRIC_REPRESENTATION_CONTEXT(2) 
PARAMETRIC_REPRESENTATION_CONTEXT() REPRESENTATION_CONTEXT('2D SPACE',''
  ) );
#9622 = ADVANCED_FACE('',(#9623),#3950,.F.);
#9623 = FACE_BOUND('',#9624,.F.);
#9624 = EDGE_LOOP('',(#9625,#9648,#9669,#9670));
#9625 = ORIENTED_EDGE('',*,*,#9626,.F.);
#9626 = EDGE_CURVE('',#9627,#9502,#9629,.T.);
#9627 = VERTEX_POINT('',#9628);
#9628 = CARTESIAN_POINT('',(247.48908203125,146.72893554687,18.2));
#9629 = SURFACE_CURVE('',#9630,(#9634,#9641),.PCURVE_S1.);
#9630 = LINE('',#9631,#9632);
#9631 = CARTESIAN_POINT('',(247.48908203125,146.72893554687,18.2));
#9632 = VECTOR('',#9633,1.);
#9633 = DIRECTION('',(-1.,2.362152107828E-16,0.));
#9634 = PCURVE('',#3950,#9635);
#9635 = DEFINITIONAL_REPRESENTATION('',(#9636),#9640);
#9636 = LINE('',#9637,#9638);
#9637 = CARTESIAN_POINT('',(0.,0.));
#9638 = VECTOR('',#9639,1.);
#9639 = DIRECTION('',(1.,0.));
#9640 = ( GEOMETRIC_REPRESENTATION_CONTEXT(2) 
PARAMETRIC_REPRESENTATION_CONTEXT() REPRESENTATION_CONTEXT('2D SPACE',''
  ) );
#9641 = PCURVE('',#9519,#9642);
#9642 = DEFINITIONAL_REPRESENTATION('',(#9643),#9647);
#9643 = LINE('',#9644,#9645);
#9644 = CARTESIAN_POINT('',(0.55583984375,6.3190234375));
#9645 = VECTOR('',#9646,1.);
#9646 = DIRECTION('',(1.41706058578E-17,1.));
#9647 = ( GEOMETRIC_REPRESENTATION_CONTEXT(2) 
PARAMETRIC_REPRESENTATION_CONTEXT() REPRESENTATION_CONTEXT('2D SPACE',''
  ) );
#9648 = ORIENTED_EDGE('',*,*,#9649,.T.);
#9649 = EDGE_CURVE('',#9627,#3912,#9650,.T.);
#9650 = SURFACE_CURVE('',#9651,(#9655,#9662),.PCURVE_S1.);
#9651 = LINE('',#9652,#9653);
#9652 = CARTESIAN_POINT('',(247.48908203125,146.72893554687,18.2));
#9653 = VECTOR('',#9654,1.);
#9654 = DIRECTION('',(0.,-0.,1.));
#9655 = PCURVE('',#3950,#9656);
#9656 = DEFINITIONAL_REPRESENTATION('',(#9657),#9661);
#9657 = LINE('',#9658,#9659);
#9658 = CARTESIAN_POINT('',(0.,0.));
#9659 = VECTOR('',#9660,1.);
#9660 = DIRECTION('',(0.,-1.));
#9661 = ( GEOMETRIC_REPRESENTATION_CONTEXT(2) 
PARAMETRIC_REPRESENTATION_CONTEXT() REPRESENTATION_CONTEXT('2D SPACE',''
  ) );
#9662 = PCURVE('',#3926,#9663);
#9663 = DEFINITIONAL_REPRESENTATION('',(#9664),#9668);
#9664 = LINE('',#9665,#9666);
#9665 = CARTESIAN_POINT('',(3.86181640625,0.));
#9666 = VECTOR('',#9667,1.);
#9667 = DIRECTION('',(0.,-1.));
#9668 = ( GEOMETRIC_REPRESENTATION_CONTEXT(2) 
PARAMETRIC_REPRESENTATION_CONTEXT() REPRESENTATION_CONTEXT('2D SPACE',''
  ) );
#9669 = ORIENTED_EDGE('',*,*,#3937,.F.);
#9670 = ORIENTED_EDGE('',*,*,#9531,.F.);
#9671 = ADVANCED_FACE('',(#9672),#3796,.F.);
#9672 = FACE_BOUND('',#9673,.F.);
#9673 = EDGE_LOOP('',(#9674,#9697,#9698,#9699));
#9674 = ORIENTED_EDGE('',*,*,#9675,.F.);
#9675 = EDGE_CURVE('',#9578,#9676,#9678,.T.);
#9676 = VERTEX_POINT('',#9677);
#9677 = CARTESIAN_POINT('',(253.98810546875,150.00543945312,18.2));
#9678 = SURFACE_CURVE('',#9679,(#9683,#9690),.PCURVE_S1.);
#9679 = LINE('',#9680,#9681);
#9680 = CARTESIAN_POINT('',(247.13458984375,153.13141601562,18.2));
#9681 = VECTOR('',#9682,1.);
#9682 = DIRECTION('',(0.909828494592,-0.414984470104,0.));
#9683 = PCURVE('',#3796,#9684);
#9684 = DEFINITIONAL_REPRESENTATION('',(#9685),#9689);
#9685 = LINE('',#9686,#9687);
#9686 = CARTESIAN_POINT('',(0.,0.));
#9687 = VECTOR('',#9688,1.);
#9688 = DIRECTION('',(1.,0.));
#9689 = ( GEOMETRIC_REPRESENTATION_CONTEXT(2) 
PARAMETRIC_REPRESENTATION_CONTEXT() REPRESENTATION_CONTEXT('2D SPACE',''
  ) );
#9690 = PCURVE('',#9519,#9691);
#9691 = DEFINITIONAL_REPRESENTATION('',(#9692),#9696);
#9692 = LINE('',#9693,#9694);
#9693 = CARTESIAN_POINT('',(6.9583203125,6.673515625));
#9694 = VECTOR('',#9695,1.);
#9695 = DIRECTION('',(-0.414984470104,-0.909828494592));
#9696 = ( GEOMETRIC_REPRESENTATION_CONTEXT(2) 
PARAMETRIC_REPRESENTATION_CONTEXT() REPRESENTATION_CONTEXT('2D SPACE',''
  ) );
#9697 = ORIENTED_EDGE('',*,*,#9602,.T.);
#9698 = ORIENTED_EDGE('',*,*,#3781,.F.);
#9699 = ORIENTED_EDGE('',*,*,#9700,.F.);
#9700 = EDGE_CURVE('',#9676,#3782,#9701,.T.);
#9701 = SURFACE_CURVE('',#9702,(#9706,#9713),.PCURVE_S1.);
#9702 = LINE('',#9703,#9704);
#9703 = CARTESIAN_POINT('',(253.98810546875,150.00543945312,18.2));
#9704 = VECTOR('',#9705,1.);
#9705 = DIRECTION('',(0.,-0.,1.));
#9706 = PCURVE('',#3796,#9707);
#9707 = DEFINITIONAL_REPRESENTATION('',(#9708),#9712);
#9708 = LINE('',#9709,#9710);
#9709 = CARTESIAN_POINT('',(7.532755531107,0.));
#9710 = VECTOR('',#9711,1.);
#9711 = DIRECTION('',(0.,-1.));
#9712 = ( GEOMETRIC_REPRESENTATION_CONTEXT(2) 
PARAMETRIC_REPRESENTATION_CONTEXT() REPRESENTATION_CONTEXT('2D SPACE',''
  ) );
#9713 = PCURVE('',#3822,#9714);
#9714 = DEFINITIONAL_REPRESENTATION('',(#9715),#9719);
#9715 = LINE('',#9716,#9717);
#9716 = CARTESIAN_POINT('',(0.,0.));
#9717 = VECTOR('',#9718,1.);
#9718 = DIRECTION('',(0.,-1.));
#9719 = ( GEOMETRIC_REPRESENTATION_CONTEXT(2) 
PARAMETRIC_REPRESENTATION_CONTEXT() REPRESENTATION_CONTEXT('2D SPACE',''
  ) );
#9720 = ADVANCED_FACE('',(#9721),#3926,.F.);
#9721 = FACE_BOUND('',#9722,.F.);
#9722 = EDGE_LOOP('',(#9723,#9746,#9766,#9767));
#9723 = ORIENTED_EDGE('',*,*,#9724,.F.);
#9724 = EDGE_CURVE('',#9725,#9627,#9727,.T.);
#9725 = VERTEX_POINT('',#9726);
#9726 = CARTESIAN_POINT('',(247.48908203125,150.42681806882,18.2));
#9727 = SURFACE_CURVE('',#9728,(#9732,#9739),.PCURVE_S1.);
#9728 = LINE('',#9729,#9730);
#9729 = CARTESIAN_POINT('',(247.48908203125,150.42681806882,18.2));
#9730 = VECTOR('',#9731,1.);
#9731 = DIRECTION('',(-3.602785165946E-16,-1.,0.));
#9732 = PCURVE('',#3926,#9733);
#9733 = DEFINITIONAL_REPRESENTATION('',(#9734),#9738);
#9734 = LINE('',#9735,#9736);
#9735 = CARTESIAN_POINT('',(0.163933884298,-0.));
#9736 = VECTOR('',#9737,1.);
#9737 = DIRECTION('',(1.,0.));
#9738 = ( GEOMETRIC_REPRESENTATION_CONTEXT(2) 
PARAMETRIC_REPRESENTATION_CONTEXT() REPRESENTATION_CONTEXT('2D SPACE',''
  ) );
#9739 = PCURVE('',#9519,#9740);
#9740 = DEFINITIONAL_REPRESENTATION('',(#9741),#9745);
#9741 = LINE('',#9742,#9743);
#9742 = CARTESIAN_POINT('',(4.253722365702,6.3190234375));
#9743 = VECTOR('',#9744,1.);
#9744 = DIRECTION('',(-1.,1.382339116696E-16));
#9745 = ( GEOMETRIC_REPRESENTATION_CONTEXT(2) 
PARAMETRIC_REPRESENTATION_CONTEXT() REPRESENTATION_CONTEXT('2D SPACE',''
  ) );
#9746 = ORIENTED_EDGE('',*,*,#9747,.F.);
#9747 = EDGE_CURVE('',#3886,#9725,#9748,.T.);
#9748 = SURFACE_CURVE('',#9749,(#9753,#9760),.PCURVE_S1.);
#9749 = LINE('',#9750,#9751);
#9750 = CARTESIAN_POINT('',(247.48908203125,150.42681806882,18.2));
#9751 = VECTOR('',#9752,1.);
#9752 = DIRECTION('',(-0.,0.,-1.));
#9753 = PCURVE('',#3926,#9754);
#9754 = DEFINITIONAL_REPRESENTATION('',(#9755),#9759);
#9755 = LINE('',#9756,#9757);
#9756 = CARTESIAN_POINT('',(0.163933884298,-0.));
#9757 = VECTOR('',#9758,1.);
#9758 = DIRECTION('',(0.,1.));
#9759 = ( GEOMETRIC_REPRESENTATION_CONTEXT(2) 
PARAMETRIC_REPRESENTATION_CONTEXT() REPRESENTATION_CONTEXT('2D SPACE',''
  ) );
#9760 = PCURVE('',#3900,#9761);
#9761 = DEFINITIONAL_REPRESENTATION('',(#9762),#9765);
#9762 = B_SPLINE_CURVE_WITH_KNOTS('',1,(#9763,#9764),.UNSPECIFIED.,.F.,
  .F.,(2,2),(-1.6,0.),.PIECEWISE_BEZIER_KNOTS.);
#9763 = CARTESIAN_POINT('',(6.745564897891,-1.6));
#9764 = CARTESIAN_POINT('',(6.745564897891,0.));
#9765 = ( GEOMETRIC_REPRESENTATION_CONTEXT(2) 
PARAMETRIC_REPRESENTATION_CONTEXT() REPRESENTATION_CONTEXT('2D SPACE',''
  ) );
#9766 = ORIENTED_EDGE('',*,*,#3911,.F.);
#9767 = ORIENTED_EDGE('',*,*,#9649,.F.);
#9768 = ADVANCED_FACE('',(#9769),#3822,.F.);
#9769 = FACE_BOUND('',#9770,.F.);
#9770 = EDGE_LOOP('',(#9771,#9794,#9795,#9796));
#9771 = ORIENTED_EDGE('',*,*,#9772,.F.);
#9772 = EDGE_CURVE('',#9676,#9773,#9775,.T.);
#9773 = VERTEX_POINT('',#9774);
#9774 = CARTESIAN_POINT('',(253.98810546875,147.63127929687,18.2));
#9775 = SURFACE_CURVE('',#9776,(#9780,#9787),.PCURVE_S1.);
#9776 = LINE('',#9777,#9778);
#9777 = CARTESIAN_POINT('',(253.98810546875,150.00543945312,18.2));
#9778 = VECTOR('',#9779,1.);
#9779 = DIRECTION('',(-1.87051075169E-16,-1.,0.));
#9780 = PCURVE('',#3822,#9781);
#9781 = DEFINITIONAL_REPRESENTATION('',(#9782),#9786);
#9782 = LINE('',#9783,#9784);
#9783 = CARTESIAN_POINT('',(-1.665334536938E-16,0.));
#9784 = VECTOR('',#9785,1.);
#9785 = DIRECTION('',(1.,0.));
#9786 = ( GEOMETRIC_REPRESENTATION_CONTEXT(2) 
PARAMETRIC_REPRESENTATION_CONTEXT() REPRESENTATION_CONTEXT('2D SPACE',''
  ) );
#9787 = PCURVE('',#9519,#9788);
#9788 = DEFINITIONAL_REPRESENTATION('',(#9789),#9793);
#9789 = LINE('',#9790,#9791);
#9790 = CARTESIAN_POINT('',(3.83234375,-0.18));
#9791 = VECTOR('',#9792,1.);
#9792 = DIRECTION('',(-1.,-3.499352975599E-17));
#9793 = ( GEOMETRIC_REPRESENTATION_CONTEXT(2) 
PARAMETRIC_REPRESENTATION_CONTEXT() REPRESENTATION_CONTEXT('2D SPACE',''
  ) );
#9794 = ORIENTED_EDGE('',*,*,#9700,.T.);
#9795 = ORIENTED_EDGE('',*,*,#3807,.F.);
#9796 = ORIENTED_EDGE('',*,*,#9797,.F.);
#9797 = EDGE_CURVE('',#9773,#3808,#9798,.T.);
#9798 = SURFACE_CURVE('',#9799,(#9803,#9810),.PCURVE_S1.);
#9799 = LINE('',#9800,#9801);
#9800 = CARTESIAN_POINT('',(253.98810546875,147.63127929687,18.2));
#9801 = VECTOR('',#9802,1.);
#9802 = DIRECTION('',(0.,-0.,1.));
#9803 = PCURVE('',#3822,#9804);
#9804 = DEFINITIONAL_REPRESENTATION('',(#9805),#9809);
#9805 = LINE('',#9806,#9807);
#9806 = CARTESIAN_POINT('',(2.37416015625,0.));
#9807 = VECTOR('',#9808,1.);
#9808 = DIRECTION('',(0.,-1.));
#9809 = ( GEOMETRIC_REPRESENTATION_CONTEXT(2) 
PARAMETRIC_REPRESENTATION_CONTEXT() REPRESENTATION_CONTEXT('2D SPACE',''
  ) );
#9810 = PCURVE('',#3848,#9811);
#9811 = DEFINITIONAL_REPRESENTATION('',(#9812),#9816);
#9812 = LINE('',#9813,#9814);
#9813 = CARTESIAN_POINT('',(0.,0.));
#9814 = VECTOR('',#9815,1.);
#9815 = DIRECTION('',(0.,-1.));
#9816 = ( GEOMETRIC_REPRESENTATION_CONTEXT(2) 
PARAMETRIC_REPRESENTATION_CONTEXT() REPRESENTATION_CONTEXT('2D SPACE',''
  ) );
#9817 = ADVANCED_FACE('',(#9818),#3900,.F.);
#9818 = FACE_BOUND('',#9819,.F.);
#9819 = EDGE_LOOP('',(#9820,#9843,#9864,#9865));
#9820 = ORIENTED_EDGE('',*,*,#9821,.F.);
#9821 = EDGE_CURVE('',#9822,#9725,#9824,.T.);
#9822 = VERTEX_POINT('',#9823);
#9823 = CARTESIAN_POINT('',(253.62810546875,147.63127929687,18.2));
#9824 = SURFACE_CURVE('',#9825,(#9829,#9836),.PCURVE_S1.);
#9825 = LINE('',#9826,#9827);
#9826 = CARTESIAN_POINT('',(253.62810546875,147.63127929687,18.2));
#9827 = VECTOR('',#9828,1.);
#9828 = DIRECTION('',(-0.91008292566,0.414426191767,0.));
#9829 = PCURVE('',#3900,#9830);
#9830 = DEFINITIONAL_REPRESENTATION('',(#9831),#9835);
#9831 = LINE('',#9832,#9833);
#9832 = CARTESIAN_POINT('',(0.,0.));
#9833 = VECTOR('',#9834,1.);
#9834 = DIRECTION('',(1.,0.));
#9835 = ( GEOMETRIC_REPRESENTATION_CONTEXT(2) 
PARAMETRIC_REPRESENTATION_CONTEXT() REPRESENTATION_CONTEXT('2D SPACE',''
  ) );
#9836 = PCURVE('',#9519,#9837);
#9837 = DEFINITIONAL_REPRESENTATION('',(#9838),#9842);
#9838 = LINE('',#9839,#9840);
#9839 = CARTESIAN_POINT('',(1.45818359375,0.18));
#9840 = VECTOR('',#9841,1.);
#9841 = DIRECTION('',(0.414426191767,0.91008292566));
#9842 = ( GEOMETRIC_REPRESENTATION_CONTEXT(2) 
PARAMETRIC_REPRESENTATION_CONTEXT() REPRESENTATION_CONTEXT('2D SPACE',''
  ) );
#9843 = ORIENTED_EDGE('',*,*,#9844,.T.);
#9844 = EDGE_CURVE('',#9822,#3860,#9845,.T.);
#9845 = SURFACE_CURVE('',#9846,(#9850,#9857),.PCURVE_S1.);
#9846 = LINE('',#9847,#9848);
#9847 = CARTESIAN_POINT('',(253.62810546875,147.63127929687,18.2));
#9848 = VECTOR('',#9849,1.);
#9849 = DIRECTION('',(0.,-0.,1.));
#9850 = PCURVE('',#3900,#9851);
#9851 = DEFINITIONAL_REPRESENTATION('',(#9852),#9856);
#9852 = LINE('',#9853,#9854);
#9853 = CARTESIAN_POINT('',(0.,0.));
#9854 = VECTOR('',#9855,1.);
#9855 = DIRECTION('',(0.,-1.));
#9856 = ( GEOMETRIC_REPRESENTATION_CONTEXT(2) 
PARAMETRIC_REPRESENTATION_CONTEXT() REPRESENTATION_CONTEXT('2D SPACE',''
  ) );
#9857 = PCURVE('',#3874,#9858);
#9858 = DEFINITIONAL_REPRESENTATION('',(#9859),#9863);
#9859 = LINE('',#9860,#9861);
#9860 = CARTESIAN_POINT('',(2.01416015625,0.));
#9861 = VECTOR('',#9862,1.);
#9862 = DIRECTION('',(0.,-1.));
#9863 = ( GEOMETRIC_REPRESENTATION_CONTEXT(2) 
PARAMETRIC_REPRESENTATION_CONTEXT() REPRESENTATION_CONTEXT('2D SPACE',''
  ) );
#9864 = ORIENTED_EDGE('',*,*,#3885,.F.);
#9865 = ORIENTED_EDGE('',*,*,#9747,.T.);
#9866 = ADVANCED_FACE('',(#9867),#3848,.F.);
#9867 = FACE_BOUND('',#9868,.F.);
#9868 = EDGE_LOOP('',(#9869,#9892,#9893,#9894));
#9869 = ORIENTED_EDGE('',*,*,#9870,.F.);
#9870 = EDGE_CURVE('',#9773,#9871,#9873,.T.);
#9871 = VERTEX_POINT('',#9872);
#9872 = CARTESIAN_POINT('',(253.62810546875,147.79521318117,18.2));
#9873 = SURFACE_CURVE('',#9874,(#9878,#9885),.PCURVE_S1.);
#9874 = LINE('',#9875,#9876);
#9875 = CARTESIAN_POINT('',(253.98810546875,147.63127929687,18.2));
#9876 = VECTOR('',#9877,1.);
#9877 = DIRECTION('',(-0.91008292566,0.414426191767,0.));
#9878 = PCURVE('',#3848,#9879);
#9879 = DEFINITIONAL_REPRESENTATION('',(#9880),#9884);
#9880 = LINE('',#9881,#9882);
#9881 = CARTESIAN_POINT('',(0.,0.));
#9882 = VECTOR('',#9883,1.);
#9883 = DIRECTION('',(1.,0.));
#9884 = ( GEOMETRIC_REPRESENTATION_CONTEXT(2) 
PARAMETRIC_REPRESENTATION_CONTEXT() REPRESENTATION_CONTEXT('2D SPACE',''
  ) );
#9885 = PCURVE('',#9519,#9886);
#9886 = DEFINITIONAL_REPRESENTATION('',(#9887),#9891);
#9887 = LINE('',#9888,#9889);
#9888 = CARTESIAN_POINT('',(1.45818359375,-0.18));
#9889 = VECTOR('',#9890,1.);
#9890 = DIRECTION('',(0.414426191767,0.91008292566));
#9891 = ( GEOMETRIC_REPRESENTATION_CONTEXT(2) 
PARAMETRIC_REPRESENTATION_CONTEXT() REPRESENTATION_CONTEXT('2D SPACE',''
  ) );
#9892 = ORIENTED_EDGE('',*,*,#9797,.T.);
#9893 = ORIENTED_EDGE('',*,*,#3833,.F.);
#9894 = ORIENTED_EDGE('',*,*,#9895,.F.);
#9895 = EDGE_CURVE('',#9871,#3834,#9896,.T.);
#9896 = SURFACE_CURVE('',#9897,(#9901,#9907),.PCURVE_S1.);
#9897 = LINE('',#9898,#9899);
#9898 = CARTESIAN_POINT('',(253.62810546875,147.79521318117,18.2));
#9899 = VECTOR('',#9900,1.);
#9900 = DIRECTION('',(0.,0.,1.));
#9901 = PCURVE('',#3848,#9902);
#9902 = DEFINITIONAL_REPRESENTATION('',(#9903),#9906);
#9903 = B_SPLINE_CURVE_WITH_KNOTS('',1,(#9904,#9905),.UNSPECIFIED.,.F.,
  .F.,(2,2),(0.,1.6),.PIECEWISE_BEZIER_KNOTS.);
#9904 = CARTESIAN_POINT('',(0.395568348609,0.));
#9905 = CARTESIAN_POINT('',(0.395568348609,-1.6));
#9906 = ( GEOMETRIC_REPRESENTATION_CONTEXT(2) 
PARAMETRIC_REPRESENTATION_CONTEXT() REPRESENTATION_CONTEXT('2D SPACE',''
  ) );
#9907 = PCURVE('',#3874,#9908);
#9908 = DEFINITIONAL_REPRESENTATION('',(#9909),#9912);
#9909 = B_SPLINE_CURVE_WITH_KNOTS('',1,(#9910,#9911),.UNSPECIFIED.,.F.,
  .F.,(2,2),(0.,1.6),.PIECEWISE_BEZIER_KNOTS.);
#9910 = CARTESIAN_POINT('',(1.850226271952,0.));
#9911 = CARTESIAN_POINT('',(1.850226271952,-1.6));
#9912 = ( GEOMETRIC_REPRESENTATION_CONTEXT(2) 
PARAMETRIC_REPRESENTATION_CONTEXT() REPRESENTATION_CONTEXT('2D SPACE',''
  ) );
#9913 = ADVANCED_FACE('',(#9914),#3874,.F.);
#9914 = FACE_BOUND('',#9915,.F.);
#9915 = EDGE_LOOP('',(#9916,#9937,#9938,#9939));
#9916 = ORIENTED_EDGE('',*,*,#9917,.F.);
#9917 = EDGE_CURVE('',#9871,#9822,#9918,.T.);
#9918 = SURFACE_CURVE('',#9919,(#9923,#9930),.PCURVE_S1.);
#9919 = LINE('',#9920,#9921);
#9920 = CARTESIAN_POINT('',(253.62810546875,149.64543945312,18.2));
#9921 = VECTOR('',#9922,1.);
#9922 = DIRECTION('',(-2.22044604925E-16,-1.,0.));
#9923 = PCURVE('',#3874,#9924);
#9924 = DEFINITIONAL_REPRESENTATION('',(#9925),#9929);
#9925 = LINE('',#9926,#9927);
#9926 = CARTESIAN_POINT('',(0.,0.));
#9927 = VECTOR('',#9928,1.);
#9928 = DIRECTION('',(1.,0.));
#9929 = ( GEOMETRIC_REPRESENTATION_CONTEXT(2) 
PARAMETRIC_REPRESENTATION_CONTEXT() REPRESENTATION_CONTEXT('2D SPACE',''
  ) );
#9930 = PCURVE('',#9519,#9931);
#9931 = DEFINITIONAL_REPRESENTATION('',(#9932),#9936);
#9932 = LINE('',#9933,#9934);
#9933 = CARTESIAN_POINT('',(3.47234375,0.18));
#9934 = VECTOR('',#9935,1.);
#9935 = DIRECTION('',(-1.,0.));
#9936 = ( GEOMETRIC_REPRESENTATION_CONTEXT(2) 
PARAMETRIC_REPRESENTATION_CONTEXT() REPRESENTATION_CONTEXT('2D SPACE',''
  ) );
#9937 = ORIENTED_EDGE('',*,*,#9895,.T.);
#9938 = ORIENTED_EDGE('',*,*,#3859,.F.);
#9939 = ORIENTED_EDGE('',*,*,#9844,.F.);
#9940 = ADVANCED_FACE('',(#9941),#3985,.F.);
#9941 = FACE_BOUND('',#9942,.F.);
#9942 = EDGE_LOOP('',(#9943,#9973,#10000,#10001));
#9943 = ORIENTED_EDGE('',*,*,#9944,.F.);
#9944 = EDGE_CURVE('',#9945,#9947,#9949,.T.);
#9945 = VERTEX_POINT('',#9946);
#9946 = CARTESIAN_POINT('',(251.56188276834,206.66973213379,18.2));
#9947 = VERTEX_POINT('',#9948);
#9948 = CARTESIAN_POINT('',(251.37224609375,206.66448242187,18.2));
#9949 = SURFACE_CURVE('',#9950,(#9954,#9961),.PCURVE_S1.);
#9950 = B_SPLINE_CURVE_WITH_KNOTS('',2,(#9951,#9952,#9953),
  .UNSPECIFIED.,.F.,.F.,(3,3),(0.,1.),.PIECEWISE_BEZIER_KNOTS.);
#9951 = CARTESIAN_POINT('',(253.17424804687,207.46208984375,18.2));
#9952 = CARTESIAN_POINT('',(252.56462890625,206.66448242187,18.2));
#9953 = CARTESIAN_POINT('',(251.37224609375,206.66448242187,18.2));
#9954 = PCURVE('',#3985,#9955);
#9955 = DEFINITIONAL_REPRESENTATION('',(#9956),#9960);
#9956 = LINE('',#9957,#9958);
#9957 = CARTESIAN_POINT('',(0.,0.));
#9958 = VECTOR('',#9959,1.);
#9959 = DIRECTION('',(1.,0.));
#9960 = ( GEOMETRIC_REPRESENTATION_CONTEXT(2) 
PARAMETRIC_REPRESENTATION_CONTEXT() REPRESENTATION_CONTEXT('2D SPACE',''
  ) );
#9961 = PCURVE('',#9962,#9967);
#9962 = PLANE('',#9963);
#9963 = AXIS2_PLACEMENT_3D('',#9964,#9965,#9966);
#9964 = CARTESIAN_POINT('',(253.80810546875,206.17309570312,18.2));
#9965 = DIRECTION('',(0.,0.,1.));
#9966 = DIRECTION('',(2.22044604925E-16,1.,0.));
#9967 = DEFINITIONAL_REPRESENTATION('',(#9968),#9972);
#9968 = B_SPLINE_CURVE_WITH_KNOTS('',2,(#9969,#9970,#9971),
  .UNSPECIFIED.,.F.,.F.,(3,3),(0.,1.),.PIECEWISE_BEZIER_KNOTS.);
#9969 = CARTESIAN_POINT('',(1.288994140625,0.633857421875));
#9970 = CARTESIAN_POINT('',(0.49138671875,1.2434765625));
#9971 = CARTESIAN_POINT('',(0.49138671875,2.435859375));
#9972 = ( GEOMETRIC_REPRESENTATION_CONTEXT(2) 
PARAMETRIC_REPRESENTATION_CONTEXT() REPRESENTATION_CONTEXT('2D SPACE',''
  ) );
#9973 = ORIENTED_EDGE('',*,*,#9974,.F.);
#9974 = EDGE_CURVE('',#3966,#9945,#9975,.T.);
#9975 = SURFACE_CURVE('',#9976,(#9982,#9991),.PCURVE_S1.);
#9976 = B_SPLINE_CURVE_WITH_KNOTS('',4,(#9977,#9978,#9979,#9980,#9981),
  .UNSPECIFIED.,.F.,.F.,(5,5),(0.,1.),.PIECEWISE_BEZIER_KNOTS.);
#9977 = CARTESIAN_POINT('',(251.56188276834,206.66973213379,19.8000006)
  );
#9978 = CARTESIAN_POINT('',(251.56188276834,206.66973213379,
    19.400000300005));
#9979 = CARTESIAN_POINT('',(251.56188276834,206.66973213379,
    19.000000000032));
#9980 = CARTESIAN_POINT('',(251.56188276834,206.66973213379,
    18.599999699995));
#9981 = CARTESIAN_POINT('',(251.56188276834,206.66973213379,18.1999994)
  );
#9982 = PCURVE('',#3985,#9983);
#9983 = DEFINITIONAL_REPRESENTATION('',(#9984),#9990);
#9984 = B_SPLINE_CURVE_WITH_KNOTS('',4,(#9985,#9986,#9987,#9988,#9989),
  .UNSPECIFIED.,.F.,.F.,(5,5),(0.,1.),.PIECEWISE_BEZIER_KNOTS.);
#9985 = CARTESIAN_POINT('',(0.918871556742,-1.600000599995));
#9986 = CARTESIAN_POINT('',(0.918871556742,-1.200000300001));
#9987 = CARTESIAN_POINT('',(0.918871556742,-0.799999999963));
#9988 = CARTESIAN_POINT('',(0.918871556742,-0.399999700054));
#9989 = CARTESIAN_POINT('',(0.918871556742,5.99940620738E-07));
#9990 = ( GEOMETRIC_REPRESENTATION_CONTEXT(2) 
PARAMETRIC_REPRESENTATION_CONTEXT() REPRESENTATION_CONTEXT('2D SPACE',''
  ) );
#9991 = PCURVE('',#5435,#9992);
#9992 = DEFINITIONAL_REPRESENTATION('',(#9993),#9999);
#9993 = B_SPLINE_CURVE_WITH_KNOTS('',4,(#9994,#9995,#9996,#9997,#9998),
  .UNSPECIFIED.,.F.,.F.,(5,5),(0.,1.),.PIECEWISE_BEZIER_KNOTS.);
#9994 = CARTESIAN_POINT('',(0.112301489915,-1.6000006));
#9995 = CARTESIAN_POINT('',(0.112301489915,-1.200000300005));
#9996 = CARTESIAN_POINT('',(0.112301489915,-0.800000000032));
#9997 = CARTESIAN_POINT('',(0.112301489915,-0.399999699995));
#9998 = CARTESIAN_POINT('',(0.112301489915,5.999999999062E-07));
#9999 = ( GEOMETRIC_REPRESENTATION_CONTEXT(2) 
PARAMETRIC_REPRESENTATION_CONTEXT() REPRESENTATION_CONTEXT('2D SPACE',''
  ) );
#10000 = ORIENTED_EDGE('',*,*,#3963,.F.);
#10001 = ORIENTED_EDGE('',*,*,#10002,.F.);
#10002 = EDGE_CURVE('',#9947,#3964,#10003,.T.);
#10003 = SURFACE_CURVE('',#10004,(#10008,#10015),.PCURVE_S1.);
#10004 = LINE('',#10005,#10006);
#10005 = CARTESIAN_POINT('',(251.37224609375,206.66448242187,18.2));
#10006 = VECTOR('',#10007,1.);
#10007 = DIRECTION('',(0.,-0.,1.));
#10008 = PCURVE('',#3985,#10009);
#10009 = DEFINITIONAL_REPRESENTATION('',(#10010),#10014);
#10010 = LINE('',#10011,#10012);
#10011 = CARTESIAN_POINT('',(1.,0.));
#10012 = VECTOR('',#10013,1.);
#10013 = DIRECTION('',(0.,-1.));
#10014 = ( GEOMETRIC_REPRESENTATION_CONTEXT(2) 
PARAMETRIC_REPRESENTATION_CONTEXT() REPRESENTATION_CONTEXT('2D SPACE',''
  ) );
#10015 = PCURVE('',#4035,#10016);
#10016 = DEFINITIONAL_REPRESENTATION('',(#10017),#10021);
#10017 = LINE('',#10018,#10019);
#10018 = CARTESIAN_POINT('',(0.,0.));
#10019 = VECTOR('',#10020,1.);
#10020 = DIRECTION('',(0.,-1.));
#10021 = ( GEOMETRIC_REPRESENTATION_CONTEXT(2) 
PARAMETRIC_REPRESENTATION_CONTEXT() REPRESENTATION_CONTEXT('2D SPACE',''
  ) );
#10022 = ADVANCED_FACE('',(#10023),#5435,.F.);
#10023 = FACE_BOUND('',#10024,.F.);
#10024 = EDGE_LOOP('',(#10025,#10048,#10069,#10070));
#10025 = ORIENTED_EDGE('',*,*,#10026,.F.);
#10026 = EDGE_CURVE('',#10027,#9945,#10029,.T.);
#10027 = VERTEX_POINT('',#10028);
#10028 = CARTESIAN_POINT('',(251.73224609375,206.66448242187,18.2));
#10029 = SURFACE_CURVE('',#10030,(#10034,#10041),.PCURVE_S1.);
#10030 = B_SPLINE_CURVE_WITH_KNOTS('',2,(#10031,#10032,#10033),
  .UNSPECIFIED.,.F.,.F.,(3,3),(0.,1.),.PIECEWISE_BEZIER_KNOTS.);
#10031 = CARTESIAN_POINT('',(251.73224609375,206.66448242187,18.2));
#10032 = CARTESIAN_POINT('',(250.95880859375,206.66448242187,18.2));
#10033 = CARTESIAN_POINT('',(250.45124023437,207.0807421875,18.2));
#10034 = PCURVE('',#5435,#10035);
#10035 = DEFINITIONAL_REPRESENTATION('',(#10036),#10040);
#10036 = LINE('',#10037,#10038);
#10037 = CARTESIAN_POINT('',(0.,0.));
#10038 = VECTOR('',#10039,1.);
#10039 = DIRECTION('',(1.,0.));
#10040 = ( GEOMETRIC_REPRESENTATION_CONTEXT(2) 
PARAMETRIC_REPRESENTATION_CONTEXT() REPRESENTATION_CONTEXT('2D SPACE',''
  ) );
#10041 = PCURVE('',#9962,#10042);
#10042 = DEFINITIONAL_REPRESENTATION('',(#10043),#10047);
#10043 = B_SPLINE_CURVE_WITH_KNOTS('',2,(#10044,#10045,#10046),
  .UNSPECIFIED.,.F.,.F.,(3,3),(0.,1.),.PIECEWISE_BEZIER_KNOTS.);
#10044 = CARTESIAN_POINT('',(0.49138671875,2.075859375));
#10045 = CARTESIAN_POINT('',(0.49138671875,2.849296875));
#10046 = CARTESIAN_POINT('',(0.907646484375,3.356865234375));
#10047 = ( GEOMETRIC_REPRESENTATION_CONTEXT(2) 
PARAMETRIC_REPRESENTATION_CONTEXT() REPRESENTATION_CONTEXT('2D SPACE',''
  ) );
#10048 = ORIENTED_EDGE('',*,*,#10049,.T.);
#10049 = EDGE_CURVE('',#10027,#5343,#10050,.T.);
#10050 = SURFACE_CURVE('',#10051,(#10055,#10062),.PCURVE_S1.);
#10051 = LINE('',#10052,#10053);
#10052 = CARTESIAN_POINT('',(251.73224609375,206.66448242187,18.2));
#10053 = VECTOR('',#10054,1.);
#10054 = DIRECTION('',(0.,-0.,1.));
#10055 = PCURVE('',#5435,#10056);
#10056 = DEFINITIONAL_REPRESENTATION('',(#10057),#10061);
#10057 = LINE('',#10058,#10059);
#10058 = CARTESIAN_POINT('',(0.,0.));
#10059 = VECTOR('',#10060,1.);
#10060 = DIRECTION('',(0.,-1.));
#10061 = ( GEOMETRIC_REPRESENTATION_CONTEXT(2) 
PARAMETRIC_REPRESENTATION_CONTEXT() REPRESENTATION_CONTEXT('2D SPACE',''
  ) );
#10062 = PCURVE('',#5388,#10063);
#10063 = DEFINITIONAL_REPRESENTATION('',(#10064),#10068);
#10064 = LINE('',#10065,#10066);
#10065 = CARTESIAN_POINT('',(1.,0.));
#10066 = VECTOR('',#10067,1.);
#10067 = DIRECTION('',(0.,-1.));
#10068 = ( GEOMETRIC_REPRESENTATION_CONTEXT(2) 
PARAMETRIC_REPRESENTATION_CONTEXT() REPRESENTATION_CONTEXT('2D SPACE',''
  ) );
#10069 = ORIENTED_EDGE('',*,*,#5417,.F.);
#10070 = ORIENTED_EDGE('',*,*,#9974,.T.);
#10071 = ADVANCED_FACE('',(#10072),#5388,.F.);
#10072 = FACE_BOUND('',#10073,.F.);
#10073 = EDGE_LOOP('',(#10074,#10097,#10118,#10119));
#10074 = ORIENTED_EDGE('',*,*,#10075,.F.);
#10075 = EDGE_CURVE('',#10076,#10027,#10078,.T.);
#10076 = VERTEX_POINT('',#10077);
#10077 = CARTESIAN_POINT('',(253.53424804687,207.46208984375,18.2));
#10078 = SURFACE_CURVE('',#10079,(#10083,#10090),.PCURVE_S1.);
#10079 = B_SPLINE_CURVE_WITH_KNOTS('',2,(#10080,#10081,#10082),
  .UNSPECIFIED.,.F.,.F.,(3,3),(0.,1.),.PIECEWISE_BEZIER_KNOTS.);
#10080 = CARTESIAN_POINT('',(253.53424804687,207.46208984375,18.2));
#10081 = CARTESIAN_POINT('',(252.92462890625,206.66448242187,18.2));
#10082 = CARTESIAN_POINT('',(251.73224609375,206.66448242187,18.2));
#10083 = PCURVE('',#5388,#10084);
#10084 = DEFINITIONAL_REPRESENTATION('',(#10085),#10089);
#10085 = LINE('',#10086,#10087);
#10086 = CARTESIAN_POINT('',(0.,0.));
#10087 = VECTOR('',#10088,1.);
#10088 = DIRECTION('',(1.,0.));
#10089 = ( GEOMETRIC_REPRESENTATION_CONTEXT(2) 
PARAMETRIC_REPRESENTATION_CONTEXT() REPRESENTATION_CONTEXT('2D SPACE',''
  ) );
#10090 = PCURVE('',#9962,#10091);
#10091 = DEFINITIONAL_REPRESENTATION('',(#10092),#10096);
#10092 = B_SPLINE_CURVE_WITH_KNOTS('',2,(#10093,#10094,#10095),
  .UNSPECIFIED.,.F.,.F.,(3,3),(0.,1.),.PIECEWISE_BEZIER_KNOTS.);
#10093 = CARTESIAN_POINT('',(1.288994140625,0.273857421875));
#10094 = CARTESIAN_POINT('',(0.49138671875,0.8834765625));
#10095 = CARTESIAN_POINT('',(0.49138671875,2.075859375));
#10096 = ( GEOMETRIC_REPRESENTATION_CONTEXT(2) 
PARAMETRIC_REPRESENTATION_CONTEXT() REPRESENTATION_CONTEXT('2D SPACE',''
  ) );
#10097 = ORIENTED_EDGE('',*,*,#10098,.T.);
#10098 = EDGE_CURVE('',#10076,#5271,#10099,.T.);
#10099 = SURFACE_CURVE('',#10100,(#10104,#10111),.PCURVE_S1.);
#10100 = LINE('',#10101,#10102);
#10101 = CARTESIAN_POINT('',(253.53424804687,207.46208984375,18.2));
#10102 = VECTOR('',#10103,1.);
#10103 = DIRECTION('',(0.,-0.,1.));
#10104 = PCURVE('',#5388,#10105);
#10105 = DEFINITIONAL_REPRESENTATION('',(#10106),#10110);
#10106 = LINE('',#10107,#10108);
#10107 = CARTESIAN_POINT('',(0.,0.));
#10108 = VECTOR('',#10109,1.);
#10109 = DIRECTION('',(0.,-1.));
#10110 = ( GEOMETRIC_REPRESENTATION_CONTEXT(2) 
PARAMETRIC_REPRESENTATION_CONTEXT() REPRESENTATION_CONTEXT('2D SPACE',''
  ) );
#10111 = PCURVE('',#5314,#10112);
#10112 = DEFINITIONAL_REPRESENTATION('',(#10113),#10117);
#10113 = LINE('',#10114,#10115);
#10114 = CARTESIAN_POINT('',(1.,0.));
#10115 = VECTOR('',#10116,1.);
#10116 = DIRECTION('',(0.,-1.));
#10117 = ( GEOMETRIC_REPRESENTATION_CONTEXT(2) 
PARAMETRIC_REPRESENTATION_CONTEXT() REPRESENTATION_CONTEXT('2D SPACE',''
  ) );
#10118 = ORIENTED_EDGE('',*,*,#5342,.F.);
#10119 = ORIENTED_EDGE('',*,*,#10049,.F.);
#10120 = ADVANCED_FACE('',(#10121),#5314,.F.);
#10121 = FACE_BOUND('',#10122,.F.);
#10122 = EDGE_LOOP('',(#10123,#10146,#10167,#10168));
#10123 = ORIENTED_EDGE('',*,*,#10124,.F.);
#10124 = EDGE_CURVE('',#10125,#10076,#10127,.T.);
#10125 = VERTEX_POINT('',#10126);
#10126 = CARTESIAN_POINT('',(254.1438671875,209.82268554687,18.2));
#10127 = SURFACE_CURVE('',#10128,(#10132,#10139),.PCURVE_S1.);
#10128 = B_SPLINE_CURVE_WITH_KNOTS('',2,(#10129,#10130,#10131),
  .UNSPECIFIED.,.F.,.F.,(3,3),(0.,1.),.PIECEWISE_BEZIER_KNOTS.);
#10129 = CARTESIAN_POINT('',(254.1438671875,209.82268554687,18.2));
#10130 = CARTESIAN_POINT('',(254.1438671875,208.25969726562,18.2));
#10131 = CARTESIAN_POINT('',(253.53424804687,207.46208984375,18.2));
#10132 = PCURVE('',#5314,#10133);
#10133 = DEFINITIONAL_REPRESENTATION('',(#10134),#10138);
#10134 = LINE('',#10135,#10136);
#10135 = CARTESIAN_POINT('',(0.,0.));
#10136 = VECTOR('',#10137,1.);
#10137 = DIRECTION('',(1.,0.));
#10138 = ( GEOMETRIC_REPRESENTATION_CONTEXT(2) 
PARAMETRIC_REPRESENTATION_CONTEXT() REPRESENTATION_CONTEXT('2D SPACE',''
  ) );
#10139 = PCURVE('',#9962,#10140);
#10140 = DEFINITIONAL_REPRESENTATION('',(#10141),#10145);
#10141 = B_SPLINE_CURVE_WITH_KNOTS('',2,(#10142,#10143,#10144),
  .UNSPECIFIED.,.F.,.F.,(3,3),(0.,1.),.PIECEWISE_BEZIER_KNOTS.);
#10142 = CARTESIAN_POINT('',(3.64958984375,-0.33576171875));
#10143 = CARTESIAN_POINT('',(2.0866015625,-0.33576171875));
#10144 = CARTESIAN_POINT('',(1.288994140625,0.273857421875));
#10145 = ( GEOMETRIC_REPRESENTATION_CONTEXT(2) 
PARAMETRIC_REPRESENTATION_CONTEXT() REPRESENTATION_CONTEXT('2D SPACE',''
  ) );
#10146 = ORIENTED_EDGE('',*,*,#10147,.T.);
#10147 = EDGE_CURVE('',#10125,#5235,#10148,.T.);
#10148 = SURFACE_CURVE('',#10149,(#10153,#10160),.PCURVE_S1.);
#10149 = LINE('',#10150,#10151);
#10150 = CARTESIAN_POINT('',(254.1438671875,209.82268554687,18.2));
#10151 = VECTOR('',#10152,1.);
#10152 = DIRECTION('',(0.,-0.,1.));
#10153 = PCURVE('',#5314,#10154);
#10154 = DEFINITIONAL_REPRESENTATION('',(#10155),#10159);
#10155 = LINE('',#10156,#10157);
#10156 = CARTESIAN_POINT('',(0.,0.));
#10157 = VECTOR('',#10158,1.);
#10158 = DIRECTION('',(0.,-1.));
#10159 = ( GEOMETRIC_REPRESENTATION_CONTEXT(2) 
PARAMETRIC_REPRESENTATION_CONTEXT() REPRESENTATION_CONTEXT('2D SPACE',''
  ) );
#10160 = PCURVE('',#5254,#10161);
#10161 = DEFINITIONAL_REPRESENTATION('',(#10162),#10166);
#10162 = LINE('',#10163,#10164);
#10163 = CARTESIAN_POINT('',(1.,0.));
#10164 = VECTOR('',#10165,1.);
#10165 = DIRECTION('',(0.,-1.));
#10166 = ( GEOMETRIC_REPRESENTATION_CONTEXT(2) 
PARAMETRIC_REPRESENTATION_CONTEXT() REPRESENTATION_CONTEXT('2D SPACE',''
  ) );
#10167 = ORIENTED_EDGE('',*,*,#5270,.F.);
#10168 = ORIENTED_EDGE('',*,*,#10098,.F.);
#10169 = ADVANCED_FACE('',(#10170),#5254,.F.);
#10170 = FACE_BOUND('',#10171,.F.);
#10171 = EDGE_LOOP('',(#10172,#10195,#10231,#10232));
#10172 = ORIENTED_EDGE('',*,*,#10173,.F.);
#10173 = EDGE_CURVE('',#10174,#10125,#10176,.T.);
#10174 = VERTEX_POINT('',#10175);
#10175 = CARTESIAN_POINT('',(254.14177941434,210.00237122465,18.2));
#10176 = SURFACE_CURVE('',#10177,(#10181,#10188),.PCURVE_S1.);
#10177 = B_SPLINE_CURVE_WITH_KNOTS('',2,(#10178,#10179,#10180),
  .UNSPECIFIED.,.F.,.F.,(3,3),(0.,1.),.PIECEWISE_BEZIER_KNOTS.);
#10178 = CARTESIAN_POINT('',(253.53424804687,212.1725390625,18.2));
#10179 = CARTESIAN_POINT('',(254.1438671875,211.38030273437,18.2));
#10180 = CARTESIAN_POINT('',(254.1438671875,209.82268554687,18.2));
#10181 = PCURVE('',#5254,#10182);
#10182 = DEFINITIONAL_REPRESENTATION('',(#10183),#10187);
#10183 = LINE('',#10184,#10185);
#10184 = CARTESIAN_POINT('',(0.,0.));
#10185 = VECTOR('',#10186,1.);
#10186 = DIRECTION('',(1.,0.));
#10187 = ( GEOMETRIC_REPRESENTATION_CONTEXT(2) 
PARAMETRIC_REPRESENTATION_CONTEXT() REPRESENTATION_CONTEXT('2D SPACE',''
  ) );
#10188 = PCURVE('',#9962,#10189);
#10189 = DEFINITIONAL_REPRESENTATION('',(#10190),#10194);
#10190 = B_SPLINE_CURVE_WITH_KNOTS('',2,(#10191,#10192,#10193),
  .UNSPECIFIED.,.F.,.F.,(3,3),(0.,1.),.PIECEWISE_BEZIER_KNOTS.);
#10191 = CARTESIAN_POINT('',(5.999443359375,0.273857421875));
#10192 = CARTESIAN_POINT('',(5.20720703125,-0.33576171875));
#10193 = CARTESIAN_POINT('',(3.64958984375,-0.33576171875));
#10194 = ( GEOMETRIC_REPRESENTATION_CONTEXT(2) 
PARAMETRIC_REPRESENTATION_CONTEXT() REPRESENTATION_CONTEXT('2D SPACE',''
  ) );
#10195 = ORIENTED_EDGE('',*,*,#10196,.F.);
#10196 = EDGE_CURVE('',#5199,#10174,#10197,.T.);
#10197 = SURFACE_CURVE('',#10198,(#10207,#10219),.PCURVE_S1.);
#10198 = B_SPLINE_CURVE_WITH_KNOTS('',4,(#10199,#10200,#10201,#10202,
    #10203,#10204,#10205,#10206),.UNSPECIFIED.,.F.,.F.,(5,3,5),(0.,
    0.835681080312,1.),.UNSPECIFIED.);
#10199 = CARTESIAN_POINT('',(254.14177941434,210.00237122465,19.8000006)
  );
#10200 = CARTESIAN_POINT('',(254.14177941434,210.00237122465,
    19.465727917175));
#10201 = CARTESIAN_POINT('',(254.14177941434,210.00237122465,
    19.131455234341));
#10202 = CARTESIAN_POINT('',(254.14177941434,210.00237122465,
    18.797182551522));
#10203 = CARTESIAN_POINT('',(254.14177941434,210.00237122465,
    18.397182251527));
#10204 = CARTESIAN_POINT('',(254.14177941434,210.00237122465,
    18.331454634378));
#10205 = CARTESIAN_POINT('',(254.14177941434,210.00237122465,
    18.26572701717));
#10206 = CARTESIAN_POINT('',(254.14177941434,210.00237122465,18.1999994)
  );
#10207 = PCURVE('',#5254,#10208);
#10208 = DEFINITIONAL_REPRESENTATION('',(#10209),#10218);
#10209 = B_SPLINE_CURVE_WITH_KNOTS('',4,(#10210,#10211,#10212,#10213,
    #10214,#10215,#10216,#10217),.UNSPECIFIED.,.F.,.F.,(5,3,5),(0.,
    0.835681080312,1.),.UNSPECIFIED.);
#10210 = CARTESIAN_POINT('',(0.941478916567,-1.600000599987));
#10211 = CARTESIAN_POINT('',(0.941478916567,-1.265727917162));
#10212 = CARTESIAN_POINT('',(0.941478916567,-0.931455234357));
#10213 = CARTESIAN_POINT('',(0.941478916567,-0.597182551522));
#10214 = CARTESIAN_POINT('',(0.941478916567,-0.197182251527));
#10215 = CARTESIAN_POINT('',(0.941478916567,-0.131454634314));
#10216 = CARTESIAN_POINT('',(0.941478916567,-6.572701722098E-02));
#10217 = CARTESIAN_POINT('',(0.941478916567,5.999489729458E-07));
#10218 = ( GEOMETRIC_REPRESENTATION_CONTEXT(2) 
PARAMETRIC_REPRESENTATION_CONTEXT() REPRESENTATION_CONTEXT('2D SPACE',''
  ) );
#10219 = PCURVE('',#5218,#10220);
#10220 = DEFINITIONAL_REPRESENTATION('',(#10221),#10230);
#10221 = B_SPLINE_CURVE_WITH_KNOTS('',4,(#10222,#10223,#10224,#10225,
    #10226,#10227,#10228,#10229),.UNSPECIFIED.,.F.,.F.,(5,3,5),(0.,
    0.835681080312,1.),.UNSPECIFIED.);
#10222 = CARTESIAN_POINT('',(5.852108343306E-02,-1.6000006));
#10223 = CARTESIAN_POINT('',(5.852108343306E-02,-1.265727917175));
#10224 = CARTESIAN_POINT('',(5.852108343305E-02,-0.931455234341));
#10225 = CARTESIAN_POINT('',(5.852108343306E-02,-0.597182551522));
#10226 = CARTESIAN_POINT('',(5.852108343306E-02,-0.197182251527));
#10227 = CARTESIAN_POINT('',(5.852108343305E-02,-0.131454634378));
#10228 = CARTESIAN_POINT('',(5.852108343306E-02,-6.572701716996E-02));
#10229 = CARTESIAN_POINT('',(5.852108343306E-02,5.999999999062E-07));
#10230 = ( GEOMETRIC_REPRESENTATION_CONTEXT(2) 
PARAMETRIC_REPRESENTATION_CONTEXT() REPRESENTATION_CONTEXT('2D SPACE',''
  ) );
#10231 = ORIENTED_EDGE('',*,*,#5234,.F.);
#10232 = ORIENTED_EDGE('',*,*,#10147,.F.);
#10233 = ADVANCED_FACE('',(#10234),#5218,.F.);
#10234 = FACE_BOUND('',#10235,.F.);
#10235 = EDGE_LOOP('',(#10236,#10259,#10280,#10281));
#10236 = ORIENTED_EDGE('',*,*,#10237,.F.);
#10237 = EDGE_CURVE('',#10238,#10174,#10240,.T.);
#10238 = VERTEX_POINT('',#10239);
#10239 = CARTESIAN_POINT('',(254.1438671875,210.18268554687,18.2));
#10240 = SURFACE_CURVE('',#10241,(#10245,#10252),.PCURVE_S1.);
#10241 = B_SPLINE_CURVE_WITH_KNOTS('',2,(#10242,#10243,#10244),
  .UNSPECIFIED.,.F.,.F.,(3,3),(0.,1.),.PIECEWISE_BEZIER_KNOTS.);
#10242 = CARTESIAN_POINT('',(254.1438671875,210.18268554687,18.2));
#10243 = CARTESIAN_POINT('',(254.1438671875,208.61969726562,18.2));
#10244 = CARTESIAN_POINT('',(253.53424804687,207.82208984375,18.2));
#10245 = PCURVE('',#5218,#10246);
#10246 = DEFINITIONAL_REPRESENTATION('',(#10247),#10251);
#10247 = LINE('',#10248,#10249);
#10248 = CARTESIAN_POINT('',(0.,0.));
#10249 = VECTOR('',#10250,1.);
#10250 = DIRECTION('',(1.,0.));
#10251 = ( GEOMETRIC_REPRESENTATION_CONTEXT(2) 
PARAMETRIC_REPRESENTATION_CONTEXT() REPRESENTATION_CONTEXT('2D SPACE',''
  ) );
#10252 = PCURVE('',#9962,#10253);
#10253 = DEFINITIONAL_REPRESENTATION('',(#10254),#10258);
#10254 = B_SPLINE_CURVE_WITH_KNOTS('',2,(#10255,#10256,#10257),
  .UNSPECIFIED.,.F.,.F.,(3,3),(0.,1.),.PIECEWISE_BEZIER_KNOTS.);
#10255 = CARTESIAN_POINT('',(4.00958984375,-0.33576171875));
#10256 = CARTESIAN_POINT('',(2.4466015625,-0.33576171875));
#10257 = CARTESIAN_POINT('',(1.648994140625,0.273857421875));
#10258 = ( GEOMETRIC_REPRESENTATION_CONTEXT(2) 
PARAMETRIC_REPRESENTATION_CONTEXT() REPRESENTATION_CONTEXT('2D SPACE',''
  ) );
#10259 = ORIENTED_EDGE('',*,*,#10260,.T.);
#10260 = EDGE_CURVE('',#10238,#5127,#10261,.T.);
#10261 = SURFACE_CURVE('',#10262,(#10266,#10273),.PCURVE_S1.);
#10262 = LINE('',#10263,#10264);
#10263 = CARTESIAN_POINT('',(254.1438671875,210.18268554687,18.2));
#10264 = VECTOR('',#10265,1.);
#10265 = DIRECTION('',(0.,-0.,1.));
#10266 = PCURVE('',#5218,#10267);
#10267 = DEFINITIONAL_REPRESENTATION('',(#10268),#10272);
#10268 = LINE('',#10269,#10270);
#10269 = CARTESIAN_POINT('',(0.,0.));
#10270 = VECTOR('',#10271,1.);
#10271 = DIRECTION('',(0.,-1.));
#10272 = ( GEOMETRIC_REPRESENTATION_CONTEXT(2) 
PARAMETRIC_REPRESENTATION_CONTEXT() REPRESENTATION_CONTEXT('2D SPACE',''
  ) );
#10273 = PCURVE('',#5170,#10274);
#10274 = DEFINITIONAL_REPRESENTATION('',(#10275),#10279);
#10275 = LINE('',#10276,#10277);
#10276 = CARTESIAN_POINT('',(1.,0.));
#10277 = VECTOR('',#10278,1.);
#10278 = DIRECTION('',(0.,-1.));
#10279 = ( GEOMETRIC_REPRESENTATION_CONTEXT(2) 
PARAMETRIC_REPRESENTATION_CONTEXT() REPRESENTATION_CONTEXT('2D SPACE',''
  ) );
#10280 = ORIENTED_EDGE('',*,*,#5198,.F.);
#10281 = ORIENTED_EDGE('',*,*,#10196,.T.);
#10282 = ADVANCED_FACE('',(#10283),#5170,.F.);
#10283 = FACE_BOUND('',#10284,.F.);
#10284 = EDGE_LOOP('',(#10285,#10308,#10329,#10330));
#10285 = ORIENTED_EDGE('',*,*,#10286,.F.);
#10286 = EDGE_CURVE('',#10287,#10238,#10289,.T.);
#10287 = VERTEX_POINT('',#10288);
#10288 = CARTESIAN_POINT('',(253.53424804687,212.5325390625,18.2));
#10289 = SURFACE_CURVE('',#10290,(#10294,#10301),.PCURVE_S1.);
#10290 = B_SPLINE_CURVE_WITH_KNOTS('',2,(#10291,#10292,#10293),
  .UNSPECIFIED.,.F.,.F.,(3,3),(0.,1.),.PIECEWISE_BEZIER_KNOTS.);
#10291 = CARTESIAN_POINT('',(253.53424804687,212.5325390625,18.2));
#10292 = CARTESIAN_POINT('',(254.1438671875,211.74030273437,18.2));
#10293 = CARTESIAN_POINT('',(254.1438671875,210.18268554687,18.2));
#10294 = PCURVE('',#5170,#10295);
#10295 = DEFINITIONAL_REPRESENTATION('',(#10296),#10300);
#10296 = LINE('',#10297,#10298);
#10297 = CARTESIAN_POINT('',(0.,0.));
#10298 = VECTOR('',#10299,1.);
#10299 = DIRECTION('',(1.,0.));
#10300 = ( GEOMETRIC_REPRESENTATION_CONTEXT(2) 
PARAMETRIC_REPRESENTATION_CONTEXT() REPRESENTATION_CONTEXT('2D SPACE',''
  ) );
#10301 = PCURVE('',#9962,#10302);
#10302 = DEFINITIONAL_REPRESENTATION('',(#10303),#10307);
#10303 = B_SPLINE_CURVE_WITH_KNOTS('',2,(#10304,#10305,#10306),
  .UNSPECIFIED.,.F.,.F.,(3,3),(0.,1.),.PIECEWISE_BEZIER_KNOTS.);
#10304 = CARTESIAN_POINT('',(6.359443359375,0.273857421875));
#10305 = CARTESIAN_POINT('',(5.56720703125,-0.33576171875));
#10306 = CARTESIAN_POINT('',(4.00958984375,-0.33576171875));
#10307 = ( GEOMETRIC_REPRESENTATION_CONTEXT(2) 
PARAMETRIC_REPRESENTATION_CONTEXT() REPRESENTATION_CONTEXT('2D SPACE',''
  ) );
#10308 = ORIENTED_EDGE('',*,*,#10309,.T.);
#10309 = EDGE_CURVE('',#10287,#5052,#10310,.T.);
#10310 = SURFACE_CURVE('',#10311,(#10315,#10322),.PCURVE_S1.);
#10311 = LINE('',#10312,#10313);
#10312 = CARTESIAN_POINT('',(253.53424804687,212.5325390625,18.2));
#10313 = VECTOR('',#10314,1.);
#10314 = DIRECTION('',(0.,-0.,1.));
#10315 = PCURVE('',#5170,#10316);
#10316 = DEFINITIONAL_REPRESENTATION('',(#10317),#10321);
#10317 = LINE('',#10318,#10319);
#10318 = CARTESIAN_POINT('',(0.,0.));
#10319 = VECTOR('',#10320,1.);
#10320 = DIRECTION('',(0.,-1.));
#10321 = ( GEOMETRIC_REPRESENTATION_CONTEXT(2) 
PARAMETRIC_REPRESENTATION_CONTEXT() REPRESENTATION_CONTEXT('2D SPACE',''
  ) );
#10322 = PCURVE('',#5097,#10323);
#10323 = DEFINITIONAL_REPRESENTATION('',(#10324),#10328);
#10324 = LINE('',#10325,#10326);
#10325 = CARTESIAN_POINT('',(1.,0.));
#10326 = VECTOR('',#10327,1.);
#10327 = DIRECTION('',(0.,-1.));
#10328 = ( GEOMETRIC_REPRESENTATION_CONTEXT(2) 
PARAMETRIC_REPRESENTATION_CONTEXT() REPRESENTATION_CONTEXT('2D SPACE',''
  ) );
#10329 = ORIENTED_EDGE('',*,*,#5126,.F.);
#10330 = ORIENTED_EDGE('',*,*,#10260,.F.);
#10331 = ADVANCED_FACE('',(#10332),#5097,.F.);
#10332 = FACE_BOUND('',#10333,.F.);
#10333 = EDGE_LOOP('',(#10334,#10357,#10378,#10379));
#10334 = ORIENTED_EDGE('',*,*,#10335,.F.);
#10335 = EDGE_CURVE('',#10336,#10287,#10338,.T.);
#10336 = VERTEX_POINT('',#10337);
#10337 = CARTESIAN_POINT('',(251.73224609375,213.32477539062,18.2));
#10338 = SURFACE_CURVE('',#10339,(#10343,#10350),.PCURVE_S1.);
#10339 = B_SPLINE_CURVE_WITH_KNOTS('',2,(#10340,#10341,#10342),
  .UNSPECIFIED.,.F.,.F.,(3,3),(0.,1.),.PIECEWISE_BEZIER_KNOTS.);
#10340 = CARTESIAN_POINT('',(251.73224609375,213.32477539062,18.2));
#10341 = CARTESIAN_POINT('',(252.92462890625,213.32477539062,18.2));
#10342 = CARTESIAN_POINT('',(253.53424804687,212.5325390625,18.2));
#10343 = PCURVE('',#5097,#10344);
#10344 = DEFINITIONAL_REPRESENTATION('',(#10345),#10349);
#10345 = LINE('',#10346,#10347);
#10346 = CARTESIAN_POINT('',(0.,0.));
#10347 = VECTOR('',#10348,1.);
#10348 = DIRECTION('',(1.,0.));
#10349 = ( GEOMETRIC_REPRESENTATION_CONTEXT(2) 
PARAMETRIC_REPRESENTATION_CONTEXT() REPRESENTATION_CONTEXT('2D SPACE',''
  ) );
#10350 = PCURVE('',#9962,#10351);
#10351 = DEFINITIONAL_REPRESENTATION('',(#10352),#10356);
#10352 = B_SPLINE_CURVE_WITH_KNOTS('',2,(#10353,#10354,#10355),
  .UNSPECIFIED.,.F.,.F.,(3,3),(0.,1.),.PIECEWISE_BEZIER_KNOTS.);
#10353 = CARTESIAN_POINT('',(7.1516796875,2.075859375));
#10354 = CARTESIAN_POINT('',(7.1516796875,0.8834765625));
#10355 = CARTESIAN_POINT('',(6.359443359375,0.273857421875));
#10356 = ( GEOMETRIC_REPRESENTATION_CONTEXT(2) 
PARAMETRIC_REPRESENTATION_CONTEXT() REPRESENTATION_CONTEXT('2D SPACE',''
  ) );
#10357 = ORIENTED_EDGE('',*,*,#10358,.T.);
#10358 = EDGE_CURVE('',#10336,#5016,#10359,.T.);
#10359 = SURFACE_CURVE('',#10360,(#10364,#10371),.PCURVE_S1.);
#10360 = LINE('',#10361,#10362);
#10361 = CARTESIAN_POINT('',(251.73224609375,213.32477539062,18.2));
#10362 = VECTOR('',#10363,1.);
#10363 = DIRECTION('',(0.,-0.,1.));
#10364 = PCURVE('',#5097,#10365);
#10365 = DEFINITIONAL_REPRESENTATION('',(#10366),#10370);
#10366 = LINE('',#10367,#10368);
#10367 = CARTESIAN_POINT('',(0.,0.));
#10368 = VECTOR('',#10369,1.);
#10369 = DIRECTION('',(0.,-1.));
#10370 = ( GEOMETRIC_REPRESENTATION_CONTEXT(2) 
PARAMETRIC_REPRESENTATION_CONTEXT() REPRESENTATION_CONTEXT('2D SPACE',''
  ) );
#10371 = PCURVE('',#5035,#10372);
#10372 = DEFINITIONAL_REPRESENTATION('',(#10373),#10377);
#10373 = LINE('',#10374,#10375);
#10374 = CARTESIAN_POINT('',(1.,0.));
#10375 = VECTOR('',#10376,1.);
#10376 = DIRECTION('',(0.,-1.));
#10377 = ( GEOMETRIC_REPRESENTATION_CONTEXT(2) 
PARAMETRIC_REPRESENTATION_CONTEXT() REPRESENTATION_CONTEXT('2D SPACE',''
  ) );
#10378 = ORIENTED_EDGE('',*,*,#5051,.F.);
#10379 = ORIENTED_EDGE('',*,*,#10309,.F.);
#10380 = ADVANCED_FACE('',(#10381),#5035,.F.);
#10381 = FACE_BOUND('',#10382,.F.);
#10382 = EDGE_LOOP('',(#10383,#10406,#10433,#10434));
#10383 = ORIENTED_EDGE('',*,*,#10384,.F.);
#10384 = EDGE_CURVE('',#10385,#10336,#10387,.T.);
#10385 = VERTEX_POINT('',#10386);
#10386 = CARTESIAN_POINT('',(251.56217988068,213.31954433997,18.2));
#10387 = SURFACE_CURVE('',#10388,(#10392,#10399),.PCURVE_S1.);
#10388 = B_SPLINE_CURVE_WITH_KNOTS('',2,(#10389,#10390,#10391),
  .UNSPECIFIED.,.F.,.F.,(3,3),(0.,1.),.PIECEWISE_BEZIER_KNOTS.);
#10389 = CARTESIAN_POINT('',(250.45124023437,212.908515625,18.2));
#10390 = CARTESIAN_POINT('',(250.95880859375,213.32477539062,18.2));
#10391 = CARTESIAN_POINT('',(251.73224609375,213.32477539062,18.2));
#10392 = PCURVE('',#5035,#10393);
#10393 = DEFINITIONAL_REPRESENTATION('',(#10394),#10398);
#10394 = LINE('',#10395,#10396);
#10395 = CARTESIAN_POINT('',(0.,0.));
#10396 = VECTOR('',#10397,1.);
#10397 = DIRECTION('',(1.,0.));
#10398 = ( GEOMETRIC_REPRESENTATION_CONTEXT(2) 
PARAMETRIC_REPRESENTATION_CONTEXT() REPRESENTATION_CONTEXT('2D SPACE',''
  ) );
#10399 = PCURVE('',#9962,#10400);
#10400 = DEFINITIONAL_REPRESENTATION('',(#10401),#10405);
#10401 = B_SPLINE_CURVE_WITH_KNOTS('',2,(#10402,#10403,#10404),
  .UNSPECIFIED.,.F.,.F.,(3,3),(0.,1.),.PIECEWISE_BEZIER_KNOTS.);
#10402 = CARTESIAN_POINT('',(6.735419921875,3.356865234375));
#10403 = CARTESIAN_POINT('',(7.1516796875,2.849296875));
#10404 = CARTESIAN_POINT('',(7.1516796875,2.075859375));
#10405 = ( GEOMETRIC_REPRESENTATION_CONTEXT(2) 
PARAMETRIC_REPRESENTATION_CONTEXT() REPRESENTATION_CONTEXT('2D SPACE',''
  ) );
#10406 = ORIENTED_EDGE('',*,*,#10407,.T.);
#10407 = EDGE_CURVE('',#10385,#4980,#10408,.T.);
#10408 = SURFACE_CURVE('',#10409,(#10415,#10424),.PCURVE_S1.);
#10409 = B_SPLINE_CURVE_WITH_KNOTS('',4,(#10410,#10411,#10412,#10413,
    #10414),.UNSPECIFIED.,.F.,.F.,(5,5),(0.,1.),
  .PIECEWISE_BEZIER_KNOTS.);
#10410 = CARTESIAN_POINT('',(251.56217988068,213.31954433997,18.1999994)
  );
#10411 = CARTESIAN_POINT('',(251.56217988068,213.31954433997,
    18.599999699995));
#10412 = CARTESIAN_POINT('',(251.56217988068,213.31954433997,
    19.000000000023));
#10413 = CARTESIAN_POINT('',(251.56217988068,213.31954433997,
    19.400000300005));
#10414 = CARTESIAN_POINT('',(251.56217988068,213.31954433997,19.8000006)
  );
#10415 = PCURVE('',#5035,#10416);
#10416 = DEFINITIONAL_REPRESENTATION('',(#10417),#10423);
#10417 = B_SPLINE_CURVE_WITH_KNOTS('',4,(#10418,#10419,#10420,#10421,
    #10422),.UNSPECIFIED.,.F.,.F.,(5,5),(0.,1.),
  .PIECEWISE_BEZIER_KNOTS.);
#10418 = CARTESIAN_POINT('',(0.887898288003,5.999999999062E-07));
#10419 = CARTESIAN_POINT('',(0.887898288003,-0.399999699995));
#10420 = CARTESIAN_POINT('',(0.887898288003,-0.800000000023));
#10421 = CARTESIAN_POINT('',(0.887898288003,-1.200000300005));
#10422 = CARTESIAN_POINT('',(0.887898288003,-1.6000006));
#10423 = ( GEOMETRIC_REPRESENTATION_CONTEXT(2) 
PARAMETRIC_REPRESENTATION_CONTEXT() REPRESENTATION_CONTEXT('2D SPACE',''
  ) );
#10424 = PCURVE('',#4999,#10425);
#10425 = DEFINITIONAL_REPRESENTATION('',(#10426),#10432);
#10426 = B_SPLINE_CURVE_WITH_KNOTS('',4,(#10427,#10428,#10429,#10430,
    #10431),.UNSPECIFIED.,.F.,.F.,(5,5),(0.,1.),
  .PIECEWISE_BEZIER_KNOTS.);
#10427 = CARTESIAN_POINT('',(8.125817912552E-02,5.999479624208E-07));
#10428 = CARTESIAN_POINT('',(8.125817912552E-02,-0.399999700047));
#10429 = CARTESIAN_POINT('',(8.125817912552E-02,-0.799999999973));
#10430 = CARTESIAN_POINT('',(8.125817912552E-02,-1.200000299993));
#10431 = CARTESIAN_POINT('',(8.125817912552E-02,-1.600000599988));
#10432 = ( GEOMETRIC_REPRESENTATION_CONTEXT(2) 
PARAMETRIC_REPRESENTATION_CONTEXT() REPRESENTATION_CONTEXT('2D SPACE',''
  ) );
#10433 = ORIENTED_EDGE('',*,*,#5015,.F.);
#10434 = ORIENTED_EDGE('',*,*,#10358,.F.);
#10435 = ADVANCED_FACE('',(#10436),#4999,.F.);
#10436 = FACE_BOUND('',#10437,.F.);
#10437 = EDGE_LOOP('',(#10438,#10461,#10482,#10483));
#10438 = ORIENTED_EDGE('',*,*,#10439,.F.);
#10439 = EDGE_CURVE('',#10440,#10385,#10442,.T.);
#10440 = VERTEX_POINT('',#10441);
#10441 = CARTESIAN_POINT('',(251.37224609375,213.32477539062,18.2));
#10442 = SURFACE_CURVE('',#10443,(#10447,#10454),.PCURVE_S1.);
#10443 = B_SPLINE_CURVE_WITH_KNOTS('',2,(#10444,#10445,#10446),
  .UNSPECIFIED.,.F.,.F.,(3,3),(0.,1.),.PIECEWISE_BEZIER_KNOTS.);
#10444 = CARTESIAN_POINT('',(251.37224609375,213.32477539062,18.2));
#10445 = CARTESIAN_POINT('',(252.56462890625,213.32477539062,18.2));
#10446 = CARTESIAN_POINT('',(253.17424804687,212.5325390625,18.2));
#10447 = PCURVE('',#4999,#10448);
#10448 = DEFINITIONAL_REPRESENTATION('',(#10449),#10453);
#10449 = LINE('',#10450,#10451);
#10450 = CARTESIAN_POINT('',(0.,0.));
#10451 = VECTOR('',#10452,1.);
#10452 = DIRECTION('',(1.,0.));
#10453 = ( GEOMETRIC_REPRESENTATION_CONTEXT(2) 
PARAMETRIC_REPRESENTATION_CONTEXT() REPRESENTATION_CONTEXT('2D SPACE',''
  ) );
#10454 = PCURVE('',#9962,#10455);
#10455 = DEFINITIONAL_REPRESENTATION('',(#10456),#10460);
#10456 = B_SPLINE_CURVE_WITH_KNOTS('',2,(#10457,#10458,#10459),
  .UNSPECIFIED.,.F.,.F.,(3,3),(0.,1.),.PIECEWISE_BEZIER_KNOTS.);
#10457 = CARTESIAN_POINT('',(7.1516796875,2.435859375));
#10458 = CARTESIAN_POINT('',(7.1516796875,1.2434765625));
#10459 = CARTESIAN_POINT('',(6.359443359375,0.633857421875));
#10460 = ( GEOMETRIC_REPRESENTATION_CONTEXT(2) 
PARAMETRIC_REPRESENTATION_CONTEXT() REPRESENTATION_CONTEXT('2D SPACE',''
  ) );
#10461 = ORIENTED_EDGE('',*,*,#10462,.T.);
#10462 = EDGE_CURVE('',#10440,#4923,#10463,.T.);
#10463 = SURFACE_CURVE('',#10464,(#10468,#10475),.PCURVE_S1.);
#10464 = LINE('',#10465,#10466);
#10465 = CARTESIAN_POINT('',(251.37224609375,213.32477539062,18.2));
#10466 = VECTOR('',#10467,1.);
#10467 = DIRECTION('',(0.,-0.,1.));
#10468 = PCURVE('',#4999,#10469);
#10469 = DEFINITIONAL_REPRESENTATION('',(#10470),#10474);
#10470 = LINE('',#10471,#10472);
#10471 = CARTESIAN_POINT('',(0.,0.));
#10472 = VECTOR('',#10473,1.);
#10473 = DIRECTION('',(0.,-1.));
#10474 = ( GEOMETRIC_REPRESENTATION_CONTEXT(2) 
PARAMETRIC_REPRESENTATION_CONTEXT() REPRESENTATION_CONTEXT('2D SPACE',''
  ) );
#10475 = PCURVE('',#4956,#10476);
#10476 = DEFINITIONAL_REPRESENTATION('',(#10477),#10481);
#10477 = LINE('',#10478,#10479);
#10478 = CARTESIAN_POINT('',(1.,0.));
#10479 = VECTOR('',#10480,1.);
#10480 = DIRECTION('',(0.,-1.));
#10481 = ( GEOMETRIC_REPRESENTATION_CONTEXT(2) 
PARAMETRIC_REPRESENTATION_CONTEXT() REPRESENTATION_CONTEXT('2D SPACE',''
  ) );
#10482 = ORIENTED_EDGE('',*,*,#4979,.F.);
#10483 = ORIENTED_EDGE('',*,*,#10407,.F.);
#10484 = ADVANCED_FACE('',(#10485),#4956,.F.);
#10485 = FACE_BOUND('',#10486,.F.);
#10486 = EDGE_LOOP('',(#10487,#10510,#10531,#10532));
#10487 = ORIENTED_EDGE('',*,*,#10488,.F.);
#10488 = EDGE_CURVE('',#10489,#10440,#10491,.T.);
#10489 = VERTEX_POINT('',#10490);
#10490 = CARTESIAN_POINT('',(250.09124023437,212.908515625,18.2));
#10491 = SURFACE_CURVE('',#10492,(#10496,#10503),.PCURVE_S1.);
#10492 = B_SPLINE_CURVE_WITH_KNOTS('',2,(#10493,#10494,#10495),
  .UNSPECIFIED.,.F.,.F.,(3,3),(0.,1.),.PIECEWISE_BEZIER_KNOTS.);
#10493 = CARTESIAN_POINT('',(250.09124023437,212.908515625,18.2));
#10494 = CARTESIAN_POINT('',(250.59880859375,213.32477539062,18.2));
#10495 = CARTESIAN_POINT('',(251.37224609375,213.32477539062,18.2));
#10496 = PCURVE('',#4956,#10497);
#10497 = DEFINITIONAL_REPRESENTATION('',(#10498),#10502);
#10498 = LINE('',#10499,#10500);
#10499 = CARTESIAN_POINT('',(0.,0.));
#10500 = VECTOR('',#10501,1.);
#10501 = DIRECTION('',(1.,0.));
#10502 = ( GEOMETRIC_REPRESENTATION_CONTEXT(2) 
PARAMETRIC_REPRESENTATION_CONTEXT() REPRESENTATION_CONTEXT('2D SPACE',''
  ) );
#10503 = PCURVE('',#9962,#10504);
#10504 = DEFINITIONAL_REPRESENTATION('',(#10505),#10509);
#10505 = B_SPLINE_CURVE_WITH_KNOTS('',2,(#10506,#10507,#10508),
  .UNSPECIFIED.,.F.,.F.,(3,3),(0.,1.),.PIECEWISE_BEZIER_KNOTS.);
#10506 = CARTESIAN_POINT('',(6.735419921875,3.716865234375));
#10507 = CARTESIAN_POINT('',(7.1516796875,3.209296875));
#10508 = CARTESIAN_POINT('',(7.1516796875,2.435859375));
#10509 = ( GEOMETRIC_REPRESENTATION_CONTEXT(2) 
PARAMETRIC_REPRESENTATION_CONTEXT() REPRESENTATION_CONTEXT('2D SPACE',''
  ) );
#10510 = ORIENTED_EDGE('',*,*,#10511,.T.);
#10511 = EDGE_CURVE('',#10489,#4872,#10512,.T.);
#10512 = SURFACE_CURVE('',#10513,(#10517,#10524),.PCURVE_S1.);
#10513 = LINE('',#10514,#10515);
#10514 = CARTESIAN_POINT('',(250.09124023437,212.908515625,18.2));
#10515 = VECTOR('',#10516,1.);
#10516 = DIRECTION('',(0.,-0.,1.));
#10517 = PCURVE('',#4956,#10518);
#10518 = DEFINITIONAL_REPRESENTATION('',(#10519),#10523);
#10519 = LINE('',#10520,#10521);
#10520 = CARTESIAN_POINT('',(0.,0.));
#10521 = VECTOR('',#10522,1.);
#10522 = DIRECTION('',(0.,-1.));
#10523 = ( GEOMETRIC_REPRESENTATION_CONTEXT(2) 
PARAMETRIC_REPRESENTATION_CONTEXT() REPRESENTATION_CONTEXT('2D SPACE',''
  ) );
#10524 = PCURVE('',#4901,#10525);
#10525 = DEFINITIONAL_REPRESENTATION('',(#10526),#10530);
#10526 = LINE('',#10527,#10528);
#10527 = CARTESIAN_POINT('',(1.,0.));
#10528 = VECTOR('',#10529,1.);
#10529 = DIRECTION('',(0.,-1.));
#10530 = ( GEOMETRIC_REPRESENTATION_CONTEXT(2) 
PARAMETRIC_REPRESENTATION_CONTEXT() REPRESENTATION_CONTEXT('2D SPACE',''
  ) );
#10531 = ORIENTED_EDGE('',*,*,#4922,.F.);
#10532 = ORIENTED_EDGE('',*,*,#10462,.F.);
#10533 = ADVANCED_FACE('',(#10534),#4901,.F.);
#10534 = FACE_BOUND('',#10535,.F.);
#10535 = EDGE_LOOP('',(#10536,#10559,#10586,#10587));
#10536 = ORIENTED_EDGE('',*,*,#10537,.F.);
#10537 = EDGE_CURVE('',#10538,#10489,#10540,.T.);
#10538 = VERTEX_POINT('',#10539);
#10539 = CARTESIAN_POINT('',(249.52972938364,212.15386639811,18.2));
#10540 = SURFACE_CURVE('',#10541,(#10545,#10552),.PCURVE_S1.);
#10541 = B_SPLINE_CURVE_WITH_KNOTS('',2,(#10542,#10543,#10544),
  .UNSPECIFIED.,.F.,.F.,(3,3),(0.,1.),.PIECEWISE_BEZIER_KNOTS.);
#10542 = CARTESIAN_POINT('',(249.3580859375,211.67584960937,18.2));
#10543 = CARTESIAN_POINT('',(249.583671875,212.49225585937,18.2));
#10544 = CARTESIAN_POINT('',(250.09124023437,212.908515625,18.2));
#10545 = PCURVE('',#4901,#10546);
#10546 = DEFINITIONAL_REPRESENTATION('',(#10547),#10551);
#10547 = LINE('',#10548,#10549);
#10548 = CARTESIAN_POINT('',(0.,0.));
#10549 = VECTOR('',#10550,1.);
#10550 = DIRECTION('',(1.,0.));
#10551 = ( GEOMETRIC_REPRESENTATION_CONTEXT(2) 
PARAMETRIC_REPRESENTATION_CONTEXT() REPRESENTATION_CONTEXT('2D SPACE',''
  ) );
#10552 = PCURVE('',#9962,#10553);
#10553 = DEFINITIONAL_REPRESENTATION('',(#10554),#10558);
#10554 = B_SPLINE_CURVE_WITH_KNOTS('',2,(#10555,#10556,#10557),
  .UNSPECIFIED.,.F.,.F.,(3,3),(0.,1.),.PIECEWISE_BEZIER_KNOTS.);
#10555 = CARTESIAN_POINT('',(5.50275390625,4.45001953125));
#10556 = CARTESIAN_POINT('',(6.31916015625,4.22443359375));
#10557 = CARTESIAN_POINT('',(6.735419921875,3.716865234375));
#10558 = ( GEOMETRIC_REPRESENTATION_CONTEXT(2) 
PARAMETRIC_REPRESENTATION_CONTEXT() REPRESENTATION_CONTEXT('2D SPACE',''
  ) );
#10559 = ORIENTED_EDGE('',*,*,#10560,.F.);
#10560 = EDGE_CURVE('',#4830,#10538,#10561,.T.);
#10561 = SURFACE_CURVE('',#10562,(#10568,#10577),.PCURVE_S1.);
#10562 = B_SPLINE_CURVE_WITH_KNOTS('',4,(#10563,#10564,#10565,#10566,
    #10567),.UNSPECIFIED.,.F.,.F.,(5,5),(0.,1.),
  .PIECEWISE_BEZIER_KNOTS.);
#10563 = CARTESIAN_POINT('',(249.52972938364,212.15386639811,19.8000006)
  );
#10564 = CARTESIAN_POINT('',(249.52972938364,212.15386639811,
    19.400000300005));
#10565 = CARTESIAN_POINT('',(249.52972938364,212.15386639811,
    18.999999999999));
#10566 = CARTESIAN_POINT('',(249.52972938364,212.15386639811,
    18.599999699995));
#10567 = CARTESIAN_POINT('',(249.52972938364,212.15386639811,18.1999994)
  );
#10568 = PCURVE('',#4901,#10569);
#10569 = DEFINITIONAL_REPRESENTATION('',(#10570),#10576);
#10570 = B_SPLINE_CURVE_WITH_KNOTS('',4,(#10571,#10572,#10573,#10574,
    #10575),.UNSPECIFIED.,.F.,.F.,(5,5),(0.,1.),
  .PIECEWISE_BEZIER_KNOTS.);
#10571 = CARTESIAN_POINT('',(0.317453643498,-1.600000599967));
#10572 = CARTESIAN_POINT('',(0.317453643498,-1.200000299972));
#10573 = CARTESIAN_POINT('',(0.317453643498,-0.800000000001));
#10574 = CARTESIAN_POINT('',(0.317453643498,-0.399999700026));
#10575 = CARTESIAN_POINT('',(0.317453643498,5.999688772462E-07));
#10576 = ( GEOMETRIC_REPRESENTATION_CONTEXT(2) 
PARAMETRIC_REPRESENTATION_CONTEXT() REPRESENTATION_CONTEXT('2D SPACE',''
  ) );
#10577 = PCURVE('',#4853,#10578);
#10578 = DEFINITIONAL_REPRESENTATION('',(#10579),#10585);
#10579 = B_SPLINE_CURVE_WITH_KNOTS('',4,(#10580,#10581,#10582,#10583,
    #10584),.UNSPECIFIED.,.F.,.F.,(5,5),(0.,1.),
  .PIECEWISE_BEZIER_KNOTS.);
#10580 = CARTESIAN_POINT('',(0.641353932038,-1.6000006));
#10581 = CARTESIAN_POINT('',(0.641353932038,-1.200000300005));
#10582 = CARTESIAN_POINT('',(0.641353932038,-0.799999999999));
#10583 = CARTESIAN_POINT('',(0.641353932038,-0.399999699995));
#10584 = CARTESIAN_POINT('',(0.641353932038,5.999999999062E-07));
#10585 = ( GEOMETRIC_REPRESENTATION_CONTEXT(2) 
PARAMETRIC_REPRESENTATION_CONTEXT() REPRESENTATION_CONTEXT('2D SPACE',''
  ) );
#10586 = ORIENTED_EDGE('',*,*,#4871,.F.);
#10587 = ORIENTED_EDGE('',*,*,#10511,.F.);
#10588 = ADVANCED_FACE('',(#10589),#4853,.F.);
#10589 = FACE_BOUND('',#10590,.F.);
#10590 = EDGE_LOOP('',(#10591,#10614,#10635,#10636));
#10591 = ORIENTED_EDGE('',*,*,#10592,.F.);
#10592 = EDGE_CURVE('',#10593,#10538,#10595,.T.);
#10593 = VERTEX_POINT('',#10594);
#10594 = CARTESIAN_POINT('',(249.041328125,212.779609375,18.2));
#10595 = SURFACE_CURVE('',#10596,(#10600,#10607),.PCURVE_S1.);
#10596 = B_SPLINE_CURVE_WITH_KNOTS('',2,(#10597,#10598,#10599),
  .UNSPECIFIED.,.F.,.F.,(3,3),(0.,1.),.PIECEWISE_BEZIER_KNOTS.);
#10597 = CARTESIAN_POINT('',(249.041328125,212.779609375,18.2));
#10598 = CARTESIAN_POINT('',(249.49787109375,212.40631835937,18.2));
#10599 = CARTESIAN_POINT('',(249.7180859375,211.67584960937,18.2));
#10600 = PCURVE('',#4853,#10601);
#10601 = DEFINITIONAL_REPRESENTATION('',(#10602),#10606);
#10602 = LINE('',#10603,#10604);
#10603 = CARTESIAN_POINT('',(0.,0.));
#10604 = VECTOR('',#10605,1.);
#10605 = DIRECTION('',(1.,0.));
#10606 = ( GEOMETRIC_REPRESENTATION_CONTEXT(2) 
PARAMETRIC_REPRESENTATION_CONTEXT() REPRESENTATION_CONTEXT('2D SPACE',''
  ) );
#10607 = PCURVE('',#9962,#10608);
#10608 = DEFINITIONAL_REPRESENTATION('',(#10609),#10613);
#10609 = B_SPLINE_CURVE_WITH_KNOTS('',2,(#10610,#10611,#10612),
  .UNSPECIFIED.,.F.,.F.,(3,3),(0.,1.),.PIECEWISE_BEZIER_KNOTS.);
#10610 = CARTESIAN_POINT('',(6.606513671875,4.76677734375));
#10611 = CARTESIAN_POINT('',(6.23322265625,4.310234375));
#10612 = CARTESIAN_POINT('',(5.50275390625,4.09001953125));
#10613 = ( GEOMETRIC_REPRESENTATION_CONTEXT(2) 
PARAMETRIC_REPRESENTATION_CONTEXT() REPRESENTATION_CONTEXT('2D SPACE',''
  ) );
#10614 = ORIENTED_EDGE('',*,*,#10615,.T.);
#10615 = EDGE_CURVE('',#10593,#4773,#10616,.T.);
#10616 = SURFACE_CURVE('',#10617,(#10621,#10628),.PCURVE_S1.);
#10617 = LINE('',#10618,#10619);
#10618 = CARTESIAN_POINT('',(249.041328125,212.779609375,18.2));
#10619 = VECTOR('',#10620,1.);
#10620 = DIRECTION('',(0.,-0.,1.));
#10621 = PCURVE('',#4853,#10622);
#10622 = DEFINITIONAL_REPRESENTATION('',(#10623),#10627);
#10623 = LINE('',#10624,#10625);
#10624 = CARTESIAN_POINT('',(0.,0.));
#10625 = VECTOR('',#10626,1.);
#10626 = DIRECTION('',(0.,-1.));
#10627 = ( GEOMETRIC_REPRESENTATION_CONTEXT(2) 
PARAMETRIC_REPRESENTATION_CONTEXT() REPRESENTATION_CONTEXT('2D SPACE',''
  ) );
#10628 = PCURVE('',#4806,#10629);
#10629 = DEFINITIONAL_REPRESENTATION('',(#10630),#10634);
#10630 = LINE('',#10631,#10632);
#10631 = CARTESIAN_POINT('',(1.,0.));
#10632 = VECTOR('',#10633,1.);
#10633 = DIRECTION('',(0.,-1.));
#10634 = ( GEOMETRIC_REPRESENTATION_CONTEXT(2) 
PARAMETRIC_REPRESENTATION_CONTEXT() REPRESENTATION_CONTEXT('2D SPACE',''
  ) );
#10635 = ORIENTED_EDGE('',*,*,#4829,.F.);
#10636 = ORIENTED_EDGE('',*,*,#10560,.T.);
#10637 = ADVANCED_FACE('',(#10638),#4806,.F.);
#10638 = FACE_BOUND('',#10639,.F.);
#10639 = EDGE_LOOP('',(#10640,#10663,#10684,#10685));
#10640 = ORIENTED_EDGE('',*,*,#10641,.F.);
#10641 = EDGE_CURVE('',#10642,#10593,#10644,.T.);
#10642 = VERTEX_POINT('',#10643);
#10643 = CARTESIAN_POINT('',(247.90265625,213.15290039062,18.2));
#10644 = SURFACE_CURVE('',#10645,(#10649,#10656),.PCURVE_S1.);
#10645 = B_SPLINE_CURVE_WITH_KNOTS('',2,(#10646,#10647,#10648),
  .UNSPECIFIED.,.F.,.F.,(3,3),(0.,1.),.PIECEWISE_BEZIER_KNOTS.);
#10646 = CARTESIAN_POINT('',(247.90265625,213.15290039062,18.2));
#10647 = CARTESIAN_POINT('',(248.58478515625,213.15290039062,18.2));
#10648 = CARTESIAN_POINT('',(249.041328125,212.779609375,18.2));
#10649 = PCURVE('',#4806,#10650);
#10650 = DEFINITIONAL_REPRESENTATION('',(#10651),#10655);
#10651 = LINE('',#10652,#10653);
#10652 = CARTESIAN_POINT('',(0.,0.));
#10653 = VECTOR('',#10654,1.);
#10654 = DIRECTION('',(1.,0.));
#10655 = ( GEOMETRIC_REPRESENTATION_CONTEXT(2) 
PARAMETRIC_REPRESENTATION_CONTEXT() REPRESENTATION_CONTEXT('2D SPACE',''
  ) );
#10656 = PCURVE('',#9962,#10657);
#10657 = DEFINITIONAL_REPRESENTATION('',(#10658),#10662);
#10658 = B_SPLINE_CURVE_WITH_KNOTS('',2,(#10659,#10660,#10661),
  .UNSPECIFIED.,.F.,.F.,(3,3),(0.,1.),.PIECEWISE_BEZIER_KNOTS.);
#10659 = CARTESIAN_POINT('',(6.9798046875,5.90544921875));
#10660 = CARTESIAN_POINT('',(6.9798046875,5.2233203125));
#10661 = CARTESIAN_POINT('',(6.606513671875,4.76677734375));
#10662 = ( GEOMETRIC_REPRESENTATION_CONTEXT(2) 
PARAMETRIC_REPRESENTATION_CONTEXT() REPRESENTATION_CONTEXT('2D SPACE',''
  ) );
#10663 = ORIENTED_EDGE('',*,*,#10664,.T.);
#10664 = EDGE_CURVE('',#10642,#4737,#10665,.T.);
#10665 = SURFACE_CURVE('',#10666,(#10670,#10677),.PCURVE_S1.);
#10666 = LINE('',#10667,#10668);
#10667 = CARTESIAN_POINT('',(247.90265625,213.15290039062,18.2));
#10668 = VECTOR('',#10669,1.);
#10669 = DIRECTION('',(0.,-0.,1.));
#10670 = PCURVE('',#4806,#10671);
#10671 = DEFINITIONAL_REPRESENTATION('',(#10672),#10676);
#10672 = LINE('',#10673,#10674);
#10673 = CARTESIAN_POINT('',(0.,0.));
#10674 = VECTOR('',#10675,1.);
#10675 = DIRECTION('',(0.,-1.));
#10676 = ( GEOMETRIC_REPRESENTATION_CONTEXT(2) 
PARAMETRIC_REPRESENTATION_CONTEXT() REPRESENTATION_CONTEXT('2D SPACE',''
  ) );
#10677 = PCURVE('',#4756,#10678);
#10678 = DEFINITIONAL_REPRESENTATION('',(#10679),#10683);
#10679 = LINE('',#10680,#10681);
#10680 = CARTESIAN_POINT('',(1.,0.));
#10681 = VECTOR('',#10682,1.);
#10682 = DIRECTION('',(0.,-1.));
#10683 = ( GEOMETRIC_REPRESENTATION_CONTEXT(2) 
PARAMETRIC_REPRESENTATION_CONTEXT() REPRESENTATION_CONTEXT('2D SPACE',''
  ) );
#10684 = ORIENTED_EDGE('',*,*,#4772,.F.);
#10685 = ORIENTED_EDGE('',*,*,#10615,.F.);
#10686 = ADVANCED_FACE('',(#10687),#4756,.F.);
#10687 = FACE_BOUND('',#10688,.F.);
#10688 = EDGE_LOOP('',(#10689,#10712,#10739,#10740));
#10689 = ORIENTED_EDGE('',*,*,#10690,.F.);
#10690 = EDGE_CURVE('',#10691,#10642,#10693,.T.);
#10691 = VERTEX_POINT('',#10692);
#10692 = CARTESIAN_POINT('',(247.71828105386,213.1464358817,18.2));
#10693 = SURFACE_CURVE('',#10694,(#10698,#10705),.PCURVE_S1.);
#10694 = B_SPLINE_CURVE_WITH_KNOTS('',2,(#10695,#10696,#10697),
  .UNSPECIFIED.,.F.,.F.,(3,3),(0.,1.),.PIECEWISE_BEZIER_KNOTS.);
#10695 = CARTESIAN_POINT('',(246.35309570312,212.39557617187,18.2));
#10696 = CARTESIAN_POINT('',(246.8821484375,213.15290039062,18.2));
#10697 = CARTESIAN_POINT('',(247.90265625,213.15290039062,18.2));
#10698 = PCURVE('',#4756,#10699);
#10699 = DEFINITIONAL_REPRESENTATION('',(#10700),#10704);
#10700 = LINE('',#10701,#10702);
#10701 = CARTESIAN_POINT('',(0.,0.));
#10702 = VECTOR('',#10703,1.);
#10703 = DIRECTION('',(1.,0.));
#10704 = ( GEOMETRIC_REPRESENTATION_CONTEXT(2) 
PARAMETRIC_REPRESENTATION_CONTEXT() REPRESENTATION_CONTEXT('2D SPACE',''
  ) );
#10705 = PCURVE('',#9962,#10706);
#10706 = DEFINITIONAL_REPRESENTATION('',(#10707),#10711);
#10707 = B_SPLINE_CURVE_WITH_KNOTS('',2,(#10708,#10709,#10710),
  .UNSPECIFIED.,.F.,.F.,(3,3),(0.,1.),.PIECEWISE_BEZIER_KNOTS.);
#10708 = CARTESIAN_POINT('',(6.22248046875,7.455009765625));
#10709 = CARTESIAN_POINT('',(6.9798046875,6.92595703125));
#10710 = CARTESIAN_POINT('',(6.9798046875,5.90544921875));
#10711 = ( GEOMETRIC_REPRESENTATION_CONTEXT(2) 
PARAMETRIC_REPRESENTATION_CONTEXT() REPRESENTATION_CONTEXT('2D SPACE',''
  ) );
#10712 = ORIENTED_EDGE('',*,*,#10713,.T.);
#10713 = EDGE_CURVE('',#10691,#4701,#10714,.T.);
#10714 = SURFACE_CURVE('',#10715,(#10721,#10730),.PCURVE_S1.);
#10715 = B_SPLINE_CURVE_WITH_KNOTS('',4,(#10716,#10717,#10718,#10719,
    #10720),.UNSPECIFIED.,.F.,.F.,(5,5),(0.,1.),
  .PIECEWISE_BEZIER_KNOTS.);
#10716 = CARTESIAN_POINT('',(247.71828105386,213.1464358817,18.1999994)
  );
#10717 = CARTESIAN_POINT('',(247.71828105386,213.1464358817,
    18.599999699995));
#10718 = CARTESIAN_POINT('',(247.71828105386,213.1464358817,
    18.999999999978));
#10719 = CARTESIAN_POINT('',(247.71828105386,213.1464358817,
    19.400000300005));
#10720 = CARTESIAN_POINT('',(247.71828105386,213.1464358817,19.8000006)
  );
#10721 = PCURVE('',#4756,#10722);
#10722 = DEFINITIONAL_REPRESENTATION('',(#10723),#10729);
#10723 = B_SPLINE_CURVE_WITH_KNOTS('',4,(#10724,#10725,#10726,#10727,
    #10728),.UNSPECIFIED.,.F.,.F.,(5,5),(0.,1.),
  .PIECEWISE_BEZIER_KNOTS.);
#10724 = CARTESIAN_POINT('',(0.9076096001,5.999999999062E-07));
#10725 = CARTESIAN_POINT('',(0.9076096001,-0.399999699995));
#10726 = CARTESIAN_POINT('',(0.9076096001,-0.799999999978));
#10727 = CARTESIAN_POINT('',(0.9076096001,-1.200000300005));
#10728 = CARTESIAN_POINT('',(0.9076096001,-1.6000006));
#10729 = ( GEOMETRIC_REPRESENTATION_CONTEXT(2) 
PARAMETRIC_REPRESENTATION_CONTEXT() REPRESENTATION_CONTEXT('2D SPACE',''
  ) );
#10730 = PCURVE('',#4720,#10731);
#10731 = DEFINITIONAL_REPRESENTATION('',(#10732),#10738);
#10732 = B_SPLINE_CURVE_WITH_KNOTS('',4,(#10733,#10734,#10735,#10736,
    #10737),.UNSPECIFIED.,.F.,.F.,(5,5),(0.,1.),
  .PIECEWISE_BEZIER_KNOTS.);
#10733 = CARTESIAN_POINT('',(0.13159639764,5.999866099504E-07));
#10734 = CARTESIAN_POINT('',(0.13159639764,-0.399999700008));
#10735 = CARTESIAN_POINT('',(0.13159639764,-0.800000000025));
#10736 = CARTESIAN_POINT('',(0.13159639764,-1.200000299955));
#10737 = CARTESIAN_POINT('',(0.13159639764,-1.600000599949));
#10738 = ( GEOMETRIC_REPRESENTATION_CONTEXT(2) 
PARAMETRIC_REPRESENTATION_CONTEXT() REPRESENTATION_CONTEXT('2D SPACE',''
  ) );
#10739 = ORIENTED_EDGE('',*,*,#4736,.F.);
#10740 = ORIENTED_EDGE('',*,*,#10664,.F.);
#10741 = ADVANCED_FACE('',(#10742),#4720,.F.);
#10742 = FACE_BOUND('',#10743,.F.);
#10743 = EDGE_LOOP('',(#10744,#10767,#10788,#10789));
#10744 = ORIENTED_EDGE('',*,*,#10745,.F.);
#10745 = EDGE_CURVE('',#10746,#10691,#10748,.T.);
#10746 = VERTEX_POINT('',#10747);
#10747 = CARTESIAN_POINT('',(247.54265625,213.15290039062,18.2));
#10748 = SURFACE_CURVE('',#10749,(#10753,#10760),.PCURVE_S1.);
#10749 = B_SPLINE_CURVE_WITH_KNOTS('',2,(#10750,#10751,#10752),
  .UNSPECIFIED.,.F.,.F.,(3,3),(0.,1.),.PIECEWISE_BEZIER_KNOTS.);
#10750 = CARTESIAN_POINT('',(247.54265625,213.15290039062,18.2));
#10751 = CARTESIAN_POINT('',(248.22478515625,213.15290039062,18.2));
#10752 = CARTESIAN_POINT('',(248.681328125,212.779609375,18.2));
#10753 = PCURVE('',#4720,#10754);
#10754 = DEFINITIONAL_REPRESENTATION('',(#10755),#10759);
#10755 = LINE('',#10756,#10757);
#10756 = CARTESIAN_POINT('',(0.,0.));
#10757 = VECTOR('',#10758,1.);
#10758 = DIRECTION('',(1.,0.));
#10759 = ( GEOMETRIC_REPRESENTATION_CONTEXT(2) 
PARAMETRIC_REPRESENTATION_CONTEXT() REPRESENTATION_CONTEXT('2D SPACE',''
  ) );
#10760 = PCURVE('',#9962,#10761);
#10761 = DEFINITIONAL_REPRESENTATION('',(#10762),#10766);
#10762 = B_SPLINE_CURVE_WITH_KNOTS('',2,(#10763,#10764,#10765),
  .UNSPECIFIED.,.F.,.F.,(3,3),(0.,1.),.PIECEWISE_BEZIER_KNOTS.);
#10763 = CARTESIAN_POINT('',(6.9798046875,6.26544921875));
#10764 = CARTESIAN_POINT('',(6.9798046875,5.5833203125));
#10765 = CARTESIAN_POINT('',(6.606513671875,5.12677734375));
#10766 = ( GEOMETRIC_REPRESENTATION_CONTEXT(2) 
PARAMETRIC_REPRESENTATION_CONTEXT() REPRESENTATION_CONTEXT('2D SPACE',''
  ) );
#10767 = ORIENTED_EDGE('',*,*,#10768,.T.);
#10768 = EDGE_CURVE('',#10746,#4614,#10769,.T.);
#10769 = SURFACE_CURVE('',#10770,(#10774,#10781),.PCURVE_S1.);
#10770 = LINE('',#10771,#10772);
#10771 = CARTESIAN_POINT('',(247.54265625,213.15290039062,18.2));
#10772 = VECTOR('',#10773,1.);
#10773 = DIRECTION('',(0.,-0.,1.));
#10774 = PCURVE('',#4720,#10775);
#10775 = DEFINITIONAL_REPRESENTATION('',(#10776),#10780);
#10776 = LINE('',#10777,#10778);
#10777 = CARTESIAN_POINT('',(0.,0.));
#10778 = VECTOR('',#10779,1.);
#10779 = DIRECTION('',(0.,-1.));
#10780 = ( GEOMETRIC_REPRESENTATION_CONTEXT(2) 
PARAMETRIC_REPRESENTATION_CONTEXT() REPRESENTATION_CONTEXT('2D SPACE',''
  ) );
#10781 = PCURVE('',#4667,#10782);
#10782 = DEFINITIONAL_REPRESENTATION('',(#10783),#10787);
#10783 = LINE('',#10784,#10785);
#10784 = CARTESIAN_POINT('',(1.,0.));
#10785 = VECTOR('',#10786,1.);
#10786 = DIRECTION('',(0.,-1.));
#10787 = ( GEOMETRIC_REPRESENTATION_CONTEXT(2) 
PARAMETRIC_REPRESENTATION_CONTEXT() REPRESENTATION_CONTEXT('2D SPACE',''
  ) );
#10788 = ORIENTED_EDGE('',*,*,#4700,.F.);
#10789 = ORIENTED_EDGE('',*,*,#10713,.F.);
#10790 = ADVANCED_FACE('',(#10791),#4667,.F.);
#10791 = FACE_BOUND('',#10792,.F.);
#10792 = EDGE_LOOP('',(#10793,#10816,#10837,#10838));
#10793 = ORIENTED_EDGE('',*,*,#10794,.F.);
#10794 = EDGE_CURVE('',#10795,#10746,#10797,.T.);
#10795 = VERTEX_POINT('',#10796);
#10796 = CARTESIAN_POINT('',(245.99309570312,212.39557617187,18.2));
#10797 = SURFACE_CURVE('',#10798,(#10802,#10809),.PCURVE_S1.);
#10798 = B_SPLINE_CURVE_WITH_KNOTS('',2,(#10799,#10800,#10801),
  .UNSPECIFIED.,.F.,.F.,(3,3),(0.,1.),.PIECEWISE_BEZIER_KNOTS.);
#10799 = CARTESIAN_POINT('',(245.99309570312,212.39557617187,18.2));
#10800 = CARTESIAN_POINT('',(246.5221484375,213.15290039062,18.2));
#10801 = CARTESIAN_POINT('',(247.54265625,213.15290039062,18.2));
#10802 = PCURVE('',#4667,#10803);
#10803 = DEFINITIONAL_REPRESENTATION('',(#10804),#10808);
#10804 = LINE('',#10805,#10806);
#10805 = CARTESIAN_POINT('',(0.,0.));
#10806 = VECTOR('',#10807,1.);
#10807 = DIRECTION('',(1.,0.));
#10808 = ( GEOMETRIC_REPRESENTATION_CONTEXT(2) 
PARAMETRIC_REPRESENTATION_CONTEXT() REPRESENTATION_CONTEXT('2D SPACE',''
  ) );
#10809 = PCURVE('',#9962,#10810);
#10810 = DEFINITIONAL_REPRESENTATION('',(#10811),#10815);
#10811 = B_SPLINE_CURVE_WITH_KNOTS('',2,(#10812,#10813,#10814),
  .UNSPECIFIED.,.F.,.F.,(3,3),(0.,1.),.PIECEWISE_BEZIER_KNOTS.);
#10812 = CARTESIAN_POINT('',(6.22248046875,7.815009765625));
#10813 = CARTESIAN_POINT('',(6.9798046875,7.28595703125));
#10814 = CARTESIAN_POINT('',(6.9798046875,6.26544921875));
#10815 = ( GEOMETRIC_REPRESENTATION_CONTEXT(2) 
PARAMETRIC_REPRESENTATION_CONTEXT() REPRESENTATION_CONTEXT('2D SPACE',''
  ) );
#10816 = ORIENTED_EDGE('',*,*,#10817,.T.);
#10817 = EDGE_CURVE('',#10795,#4527,#10818,.T.);
#10818 = SURFACE_CURVE('',#10819,(#10823,#10830),.PCURVE_S1.);
#10819 = LINE('',#10820,#10821);
#10820 = CARTESIAN_POINT('',(245.99309570312,212.39557617187,18.2));
#10821 = VECTOR('',#10822,1.);
#10822 = DIRECTION('',(0.,-0.,1.));
#10823 = PCURVE('',#4667,#10824);
#10824 = DEFINITIONAL_REPRESENTATION('',(#10825),#10829);
#10825 = LINE('',#10826,#10827);
#10826 = CARTESIAN_POINT('',(0.,0.));
#10827 = VECTOR('',#10828,1.);
#10828 = DIRECTION('',(0.,-1.));
#10829 = ( GEOMETRIC_REPRESENTATION_CONTEXT(2) 
PARAMETRIC_REPRESENTATION_CONTEXT() REPRESENTATION_CONTEXT('2D SPACE',''
  ) );
#10830 = PCURVE('',#4580,#10831);
#10831 = DEFINITIONAL_REPRESENTATION('',(#10832),#10836);
#10832 = LINE('',#10833,#10834);
#10833 = CARTESIAN_POINT('',(1.,0.));
#10834 = VECTOR('',#10835,1.);
#10835 = DIRECTION('',(0.,-1.));
#10836 = ( GEOMETRIC_REPRESENTATION_CONTEXT(2) 
PARAMETRIC_REPRESENTATION_CONTEXT() REPRESENTATION_CONTEXT('2D SPACE',''
  ) );
#10837 = ORIENTED_EDGE('',*,*,#4613,.F.);
#10838 = ORIENTED_EDGE('',*,*,#10768,.F.);
#10839 = ADVANCED_FACE('',(#10840),#4580,.F.);
#10840 = FACE_BOUND('',#10841,.F.);
#10841 = EDGE_LOOP('',(#10842,#10865,#10886,#10887));
#10842 = ORIENTED_EDGE('',*,*,#10843,.F.);
#10843 = EDGE_CURVE('',#10844,#10795,#10846,.T.);
#10844 = VERTEX_POINT('',#10845);
#10845 = CARTESIAN_POINT('',(245.46404296875,210.18268554687,18.2));
#10846 = SURFACE_CURVE('',#10847,(#10851,#10858),.PCURVE_S1.);
#10847 = B_SPLINE_CURVE_WITH_KNOTS('',2,(#10848,#10849,#10850),
  .UNSPECIFIED.,.F.,.F.,(3,3),(0.,1.),.PIECEWISE_BEZIER_KNOTS.);
#10848 = CARTESIAN_POINT('',(245.46404296875,210.18268554687,18.2));
#10849 = CARTESIAN_POINT('',(245.46404296875,211.63825195312,18.2));
#10850 = CARTESIAN_POINT('',(245.99309570312,212.39557617187,18.2));
#10851 = PCURVE('',#4580,#10852);
#10852 = DEFINITIONAL_REPRESENTATION('',(#10853),#10857);
#10853 = LINE('',#10854,#10855);
#10854 = CARTESIAN_POINT('',(0.,0.));
#10855 = VECTOR('',#10856,1.);
#10856 = DIRECTION('',(1.,0.));
#10857 = ( GEOMETRIC_REPRESENTATION_CONTEXT(2) 
PARAMETRIC_REPRESENTATION_CONTEXT() REPRESENTATION_CONTEXT('2D SPACE',''
  ) );
#10858 = PCURVE('',#9962,#10859);
#10859 = DEFINITIONAL_REPRESENTATION('',(#10860),#10864);
#10860 = B_SPLINE_CURVE_WITH_KNOTS('',2,(#10861,#10862,#10863),
  .UNSPECIFIED.,.F.,.F.,(3,3),(0.,1.),.PIECEWISE_BEZIER_KNOTS.);
#10861 = CARTESIAN_POINT('',(4.00958984375,8.3440625));
#10862 = CARTESIAN_POINT('',(5.46515625,8.3440625));
#10863 = CARTESIAN_POINT('',(6.22248046875,7.815009765625));
#10864 = ( GEOMETRIC_REPRESENTATION_CONTEXT(2) 
PARAMETRIC_REPRESENTATION_CONTEXT() REPRESENTATION_CONTEXT('2D SPACE',''
  ) );
#10865 = ORIENTED_EDGE('',*,*,#10866,.T.);
#10866 = EDGE_CURVE('',#10844,#4491,#10867,.T.);
#10867 = SURFACE_CURVE('',#10868,(#10872,#10879),.PCURVE_S1.);
#10868 = LINE('',#10869,#10870);
#10869 = CARTESIAN_POINT('',(245.46404296875,210.18268554687,18.2));
#10870 = VECTOR('',#10871,1.);
#10871 = DIRECTION('',(0.,-0.,1.));
#10872 = PCURVE('',#4580,#10873);
#10873 = DEFINITIONAL_REPRESENTATION('',(#10874),#10878);
#10874 = LINE('',#10875,#10876);
#10875 = CARTESIAN_POINT('',(0.,0.));
#10876 = VECTOR('',#10877,1.);
#10877 = DIRECTION('',(0.,-1.));
#10878 = ( GEOMETRIC_REPRESENTATION_CONTEXT(2) 
PARAMETRIC_REPRESENTATION_CONTEXT() REPRESENTATION_CONTEXT('2D SPACE',''
  ) );
#10879 = PCURVE('',#4510,#10880);
#10880 = DEFINITIONAL_REPRESENTATION('',(#10881),#10885);
#10881 = LINE('',#10882,#10883);
#10882 = CARTESIAN_POINT('',(1.,0.));
#10883 = VECTOR('',#10884,1.);
#10884 = DIRECTION('',(0.,-1.));
#10885 = ( GEOMETRIC_REPRESENTATION_CONTEXT(2) 
PARAMETRIC_REPRESENTATION_CONTEXT() REPRESENTATION_CONTEXT('2D SPACE',''
  ) );
#10886 = ORIENTED_EDGE('',*,*,#4526,.F.);
#10887 = ORIENTED_EDGE('',*,*,#10817,.F.);
#10888 = ADVANCED_FACE('',(#10889),#4510,.F.);
#10889 = FACE_BOUND('',#10890,.F.);
#10890 = EDGE_LOOP('',(#10891,#10914,#10950,#10951));
#10891 = ORIENTED_EDGE('',*,*,#10892,.F.);
#10892 = EDGE_CURVE('',#10893,#10844,#10895,.T.);
#10893 = VERTEX_POINT('',#10894);
#10894 = CARTESIAN_POINT('',(245.46611790797,210.00225903676,18.2));
#10895 = SURFACE_CURVE('',#10896,(#10900,#10907),.PCURVE_S1.);
#10896 = B_SPLINE_CURVE_WITH_KNOTS('',2,(#10897,#10898,#10899),
  .UNSPECIFIED.,.F.,.F.,(3,3),(0.,1.),.PIECEWISE_BEZIER_KNOTS.);
#10897 = CARTESIAN_POINT('',(245.99578125,207.95905273437,18.2));
#10898 = CARTESIAN_POINT('',(245.46404296875,208.71637695312,18.2));
#10899 = CARTESIAN_POINT('',(245.46404296875,210.18268554687,18.2));
#10900 = PCURVE('',#4510,#10901);
#10901 = DEFINITIONAL_REPRESENTATION('',(#10902),#10906);
#10902 = LINE('',#10903,#10904);
#10903 = CARTESIAN_POINT('',(0.,0.));
#10904 = VECTOR('',#10905,1.);
#10905 = DIRECTION('',(1.,0.));
#10906 = ( GEOMETRIC_REPRESENTATION_CONTEXT(2) 
PARAMETRIC_REPRESENTATION_CONTEXT() REPRESENTATION_CONTEXT('2D SPACE',''
  ) );
#10907 = PCURVE('',#9962,#10908);
#10908 = DEFINITIONAL_REPRESENTATION('',(#10909),#10913);
#10909 = B_SPLINE_CURVE_WITH_KNOTS('',2,(#10910,#10911,#10912),
  .UNSPECIFIED.,.F.,.F.,(3,3),(0.,1.),.PIECEWISE_BEZIER_KNOTS.);
#10910 = CARTESIAN_POINT('',(1.78595703125,7.81232421875));
#10911 = CARTESIAN_POINT('',(2.54328125,8.3440625));
#10912 = CARTESIAN_POINT('',(4.00958984375,8.3440625));
#10913 = ( GEOMETRIC_REPRESENTATION_CONTEXT(2) 
PARAMETRIC_REPRESENTATION_CONTEXT() REPRESENTATION_CONTEXT('2D SPACE',''
  ) );
#10914 = ORIENTED_EDGE('',*,*,#10915,.T.);
#10915 = EDGE_CURVE('',#10893,#4455,#10916,.T.);
#10916 = SURFACE_CURVE('',#10917,(#10926,#10938),.PCURVE_S1.);
#10917 = B_SPLINE_CURVE_WITH_KNOTS('',4,(#10918,#10919,#10920,#10921,
    #10922,#10923,#10924,#10925),.UNSPECIFIED.,.F.,.F.,(5,3,5),(0.,
    0.836986851969,1.),.UNSPECIFIED.);
#10918 = CARTESIAN_POINT('',(245.46611790797,210.00225903676,18.1999994)
  );
#10919 = CARTESIAN_POINT('',(245.46611790797,210.00225903676,
    18.534794391879));
#10920 = CARTESIAN_POINT('',(245.46611790797,210.00225903676,
    18.869589383781));
#10921 = CARTESIAN_POINT('',(245.46611790797,210.00225903676,
    19.204384375647));
#10922 = CARTESIAN_POINT('',(245.46611790797,210.00225903676,
    19.604384675642));
#10923 = CARTESIAN_POINT('',(245.46611790797,210.00225903676,
    19.669589983743));
#10924 = CARTESIAN_POINT('',(245.46611790797,210.00225903676,
    19.734795291884));
#10925 = CARTESIAN_POINT('',(245.46611790797,210.00225903676,19.8000006)
  );
#10926 = PCURVE('',#4510,#10927);
#10927 = DEFINITIONAL_REPRESENTATION('',(#10928),#10937);
#10928 = B_SPLINE_CURVE_WITH_KNOTS('',4,(#10929,#10930,#10931,#10932,
    #10933,#10934,#10935,#10936),.UNSPECIFIED.,.F.,.F.,(5,3,5),(0.,
    0.836986851969,1.),.UNSPECIFIED.);
#10929 = CARTESIAN_POINT('',(0.93753255743,5.999999999062E-07));
#10930 = CARTESIAN_POINT('',(0.93753255743,-0.334794391879));
#10931 = CARTESIAN_POINT('',(0.93753255743,-0.669589383781));
#10932 = CARTESIAN_POINT('',(0.93753255743,-1.004384375647));
#10933 = CARTESIAN_POINT('',(0.93753255743,-1.404384675642));
#10934 = CARTESIAN_POINT('',(0.93753255743,-1.469589983743));
#10935 = CARTESIAN_POINT('',(0.93753255743,-1.534795291884));
#10936 = CARTESIAN_POINT('',(0.93753255743,-1.6000006));
#10937 = ( GEOMETRIC_REPRESENTATION_CONTEXT(2) 
PARAMETRIC_REPRESENTATION_CONTEXT() REPRESENTATION_CONTEXT('2D SPACE',''
  ) );
#10938 = PCURVE('',#4474,#10939);
#10939 = DEFINITIONAL_REPRESENTATION('',(#10940),#10949);
#10940 = B_SPLINE_CURVE_WITH_KNOTS('',4,(#10941,#10942,#10943,#10944,
    #10945,#10946,#10947,#10948),.UNSPECIFIED.,.F.,.F.,(5,3,5),(0.,
    0.836986851969,1.),.UNSPECIFIED.);
#10941 = CARTESIAN_POINT('',(6.26257886859E-02,5.999701035986E-07));
#10942 = CARTESIAN_POINT('',(6.26257886859E-02,-0.334794391909));
#10943 = CARTESIAN_POINT('',(6.26257886859E-02,-0.669589383743));
#10944 = CARTESIAN_POINT('',(6.26257886859E-02,-1.004384375647));
#10945 = CARTESIAN_POINT('',(6.26257886859E-02,-1.404384675642));
#10946 = CARTESIAN_POINT('',(6.26257886859E-02,-1.469589983786));
#10947 = CARTESIAN_POINT('',(6.26257886859E-02,-1.53479529185));
#10948 = CARTESIAN_POINT('',(6.26257886859E-02,-1.600000599966));
#10949 = ( GEOMETRIC_REPRESENTATION_CONTEXT(2) 
PARAMETRIC_REPRESENTATION_CONTEXT() REPRESENTATION_CONTEXT('2D SPACE',''
  ) );
#10950 = ORIENTED_EDGE('',*,*,#4490,.F.);
#10951 = ORIENTED_EDGE('',*,*,#10866,.F.);
#10952 = ADVANCED_FACE('',(#10953),#4474,.F.);
#10953 = FACE_BOUND('',#10954,.F.);
#10954 = EDGE_LOOP('',(#10955,#10978,#10999,#11000));
#10955 = ORIENTED_EDGE('',*,*,#10956,.F.);
#10956 = EDGE_CURVE('',#10957,#10893,#10959,.T.);
#10957 = VERTEX_POINT('',#10958);
#10958 = CARTESIAN_POINT('',(245.46404296875,209.82268554687,18.2));
#10959 = SURFACE_CURVE('',#10960,(#10964,#10971),.PCURVE_S1.);
#10960 = B_SPLINE_CURVE_WITH_KNOTS('',2,(#10961,#10962,#10963),
  .UNSPECIFIED.,.F.,.F.,(3,3),(0.,1.),.PIECEWISE_BEZIER_KNOTS.);
#10961 = CARTESIAN_POINT('',(245.46404296875,209.82268554687,18.2));
#10962 = CARTESIAN_POINT('',(245.46404296875,211.27825195312,18.2));
#10963 = CARTESIAN_POINT('',(245.99309570312,212.03557617187,18.2));
#10964 = PCURVE('',#4474,#10965);
#10965 = DEFINITIONAL_REPRESENTATION('',(#10966),#10970);
#10966 = LINE('',#10967,#10968);
#10967 = CARTESIAN_POINT('',(0.,0.));
#10968 = VECTOR('',#10969,1.);
#10969 = DIRECTION('',(1.,0.));
#10970 = ( GEOMETRIC_REPRESENTATION_CONTEXT(2) 
PARAMETRIC_REPRESENTATION_CONTEXT() REPRESENTATION_CONTEXT('2D SPACE',''
  ) );
#10971 = PCURVE('',#9962,#10972);
#10972 = DEFINITIONAL_REPRESENTATION('',(#10973),#10977);
#10973 = B_SPLINE_CURVE_WITH_KNOTS('',2,(#10974,#10975,#10976),
  .UNSPECIFIED.,.F.,.F.,(3,3),(0.,1.),.PIECEWISE_BEZIER_KNOTS.);
#10974 = CARTESIAN_POINT('',(3.64958984375,8.3440625));
#10975 = CARTESIAN_POINT('',(5.10515625,8.3440625));
#10976 = CARTESIAN_POINT('',(5.86248046875,7.815009765625));
#10977 = ( GEOMETRIC_REPRESENTATION_CONTEXT(2) 
PARAMETRIC_REPRESENTATION_CONTEXT() REPRESENTATION_CONTEXT('2D SPACE',''
  ) );
#10978 = ORIENTED_EDGE('',*,*,#10979,.T.);
#10979 = EDGE_CURVE('',#10957,#4368,#10980,.T.);
#10980 = SURFACE_CURVE('',#10981,(#10985,#10992),.PCURVE_S1.);
#10981 = LINE('',#10982,#10983);
#10982 = CARTESIAN_POINT('',(245.46404296875,209.82268554687,18.2));
#10983 = VECTOR('',#10984,1.);
#10984 = DIRECTION('',(0.,-0.,1.));
#10985 = PCURVE('',#4474,#10986);
#10986 = DEFINITIONAL_REPRESENTATION('',(#10987),#10991);
#10987 = LINE('',#10988,#10989);
#10988 = CARTESIAN_POINT('',(0.,0.));
#10989 = VECTOR('',#10990,1.);
#10990 = DIRECTION('',(0.,-1.));
#10991 = ( GEOMETRIC_REPRESENTATION_CONTEXT(2) 
PARAMETRIC_REPRESENTATION_CONTEXT() REPRESENTATION_CONTEXT('2D SPACE',''
  ) );
#10992 = PCURVE('',#4421,#10993);
#10993 = DEFINITIONAL_REPRESENTATION('',(#10994),#10998);
#10994 = LINE('',#10995,#10996);
#10995 = CARTESIAN_POINT('',(1.,0.));
#10996 = VECTOR('',#10997,1.);
#10997 = DIRECTION('',(0.,-1.));
#10998 = ( GEOMETRIC_REPRESENTATION_CONTEXT(2) 
PARAMETRIC_REPRESENTATION_CONTEXT() REPRESENTATION_CONTEXT('2D SPACE',''
  ) );
#10999 = ORIENTED_EDGE('',*,*,#4454,.F.);
#11000 = ORIENTED_EDGE('',*,*,#10915,.F.);
#11001 = ADVANCED_FACE('',(#11002),#4421,.F.);
#11002 = FACE_BOUND('',#11003,.F.);
#11003 = EDGE_LOOP('',(#11004,#11027,#11048,#11049));
#11004 = ORIENTED_EDGE('',*,*,#11005,.F.);
#11005 = EDGE_CURVE('',#11006,#10957,#11008,.T.);
#11006 = VERTEX_POINT('',#11007);
#11007 = CARTESIAN_POINT('',(245.99578125,207.59905273437,18.2));
#11008 = SURFACE_CURVE('',#11009,(#11013,#11020),.PCURVE_S1.);
#11009 = B_SPLINE_CURVE_WITH_KNOTS('',2,(#11010,#11011,#11012),
  .UNSPECIFIED.,.F.,.F.,(3,3),(0.,1.),.PIECEWISE_BEZIER_KNOTS.);
#11010 = CARTESIAN_POINT('',(245.99578125,207.59905273437,18.2));
#11011 = CARTESIAN_POINT('',(245.46404296875,208.35637695312,18.2));
#11012 = CARTESIAN_POINT('',(245.46404296875,209.82268554687,18.2));
#11013 = PCURVE('',#4421,#11014);
#11014 = DEFINITIONAL_REPRESENTATION('',(#11015),#11019);
#11015 = LINE('',#11016,#11017);
#11016 = CARTESIAN_POINT('',(0.,0.));
#11017 = VECTOR('',#11018,1.);
#11018 = DIRECTION('',(1.,0.));
#11019 = ( GEOMETRIC_REPRESENTATION_CONTEXT(2) 
PARAMETRIC_REPRESENTATION_CONTEXT() REPRESENTATION_CONTEXT('2D SPACE',''
  ) );
#11020 = PCURVE('',#9962,#11021);
#11021 = DEFINITIONAL_REPRESENTATION('',(#11022),#11026);
#11022 = B_SPLINE_CURVE_WITH_KNOTS('',2,(#11023,#11024,#11025),
  .UNSPECIFIED.,.F.,.F.,(3,3),(0.,1.),.PIECEWISE_BEZIER_KNOTS.);
#11023 = CARTESIAN_POINT('',(1.42595703125,7.81232421875));
#11024 = CARTESIAN_POINT('',(2.18328125,8.3440625));
#11025 = CARTESIAN_POINT('',(3.64958984375,8.3440625));
#11026 = ( GEOMETRIC_REPRESENTATION_CONTEXT(2) 
PARAMETRIC_REPRESENTATION_CONTEXT() REPRESENTATION_CONTEXT('2D SPACE',''
  ) );
#11027 = ORIENTED_EDGE('',*,*,#11028,.T.);
#11028 = EDGE_CURVE('',#11006,#4281,#11029,.T.);
#11029 = SURFACE_CURVE('',#11030,(#11034,#11041),.PCURVE_S1.);
#11030 = LINE('',#11031,#11032);
#11031 = CARTESIAN_POINT('',(245.99578125,207.59905273437,18.2));
#11032 = VECTOR('',#11033,1.);
#11033 = DIRECTION('',(0.,-0.,1.));
#11034 = PCURVE('',#4421,#11035);
#11035 = DEFINITIONAL_REPRESENTATION('',(#11036),#11040);
#11036 = LINE('',#11037,#11038);
#11037 = CARTESIAN_POINT('',(0.,0.));
#11038 = VECTOR('',#11039,1.);
#11039 = DIRECTION('',(0.,-1.));
#11040 = ( GEOMETRIC_REPRESENTATION_CONTEXT(2) 
PARAMETRIC_REPRESENTATION_CONTEXT() REPRESENTATION_CONTEXT('2D SPACE',''
  ) );
#11041 = PCURVE('',#4334,#11042);
#11042 = DEFINITIONAL_REPRESENTATION('',(#11043),#11047);
#11043 = LINE('',#11044,#11045);
#11044 = CARTESIAN_POINT('',(1.,0.));
#11045 = VECTOR('',#11046,1.);
#11046 = DIRECTION('',(0.,-1.));
#11047 = ( GEOMETRIC_REPRESENTATION_CONTEXT(2) 
PARAMETRIC_REPRESENTATION_CONTEXT() REPRESENTATION_CONTEXT('2D SPACE',''
  ) );
#11048 = ORIENTED_EDGE('',*,*,#4367,.F.);
#11049 = ORIENTED_EDGE('',*,*,#10979,.F.);
#11050 = ADVANCED_FACE('',(#11051),#4334,.F.);
#11051 = FACE_BOUND('',#11052,.F.);
#11052 = EDGE_LOOP('',(#11053,#11076,#11097,#11098));
#11053 = ORIENTED_EDGE('',*,*,#11054,.F.);
#11054 = EDGE_CURVE('',#11055,#11006,#11057,.T.);
#11055 = VERTEX_POINT('',#11056);
#11056 = CARTESIAN_POINT('',(247.54265625,206.84172851562,18.2));
#11057 = SURFACE_CURVE('',#11058,(#11062,#11069),.PCURVE_S1.);
#11058 = B_SPLINE_CURVE_WITH_KNOTS('',2,(#11059,#11060,#11061),
  .UNSPECIFIED.,.F.,.F.,(3,3),(0.,1.),.PIECEWISE_BEZIER_KNOTS.);
#11059 = CARTESIAN_POINT('',(247.54265625,206.84172851562,18.2));
#11060 = CARTESIAN_POINT('',(246.52751953125,206.84172851562,18.2));
#11061 = CARTESIAN_POINT('',(245.99578125,207.59905273437,18.2));
#11062 = PCURVE('',#4334,#11063);
#11063 = DEFINITIONAL_REPRESENTATION('',(#11064),#11068);
#11064 = LINE('',#11065,#11066);
#11065 = CARTESIAN_POINT('',(0.,0.));
#11066 = VECTOR('',#11067,1.);
#11067 = DIRECTION('',(1.,0.));
#11068 = ( GEOMETRIC_REPRESENTATION_CONTEXT(2) 
PARAMETRIC_REPRESENTATION_CONTEXT() REPRESENTATION_CONTEXT('2D SPACE',''
  ) );
#11069 = PCURVE('',#9962,#11070);
#11070 = DEFINITIONAL_REPRESENTATION('',(#11071),#11075);
#11071 = B_SPLINE_CURVE_WITH_KNOTS('',2,(#11072,#11073,#11074),
  .UNSPECIFIED.,.F.,.F.,(3,3),(0.,1.),.PIECEWISE_BEZIER_KNOTS.);
#11072 = CARTESIAN_POINT('',(0.6686328125,6.26544921875));
#11073 = CARTESIAN_POINT('',(0.6686328125,7.2805859375));
#11074 = CARTESIAN_POINT('',(1.42595703125,7.81232421875));
#11075 = ( GEOMETRIC_REPRESENTATION_CONTEXT(2) 
PARAMETRIC_REPRESENTATION_CONTEXT() REPRESENTATION_CONTEXT('2D SPACE',''
  ) );
#11076 = ORIENTED_EDGE('',*,*,#11077,.T.);
#11077 = EDGE_CURVE('',#11055,#4245,#11078,.T.);
#11078 = SURFACE_CURVE('',#11079,(#11083,#11090),.PCURVE_S1.);
#11079 = LINE('',#11080,#11081);
#11080 = CARTESIAN_POINT('',(247.54265625,206.84172851562,18.2));
#11081 = VECTOR('',#11082,1.);
#11082 = DIRECTION('',(0.,-0.,1.));
#11083 = PCURVE('',#4334,#11084);
#11084 = DEFINITIONAL_REPRESENTATION('',(#11085),#11089);
#11085 = LINE('',#11086,#11087);
#11086 = CARTESIAN_POINT('',(0.,0.));
#11087 = VECTOR('',#11088,1.);
#11088 = DIRECTION('',(0.,-1.));
#11089 = ( GEOMETRIC_REPRESENTATION_CONTEXT(2) 
PARAMETRIC_REPRESENTATION_CONTEXT() REPRESENTATION_CONTEXT('2D SPACE',''
  ) );
#11090 = PCURVE('',#4264,#11091);
#11091 = DEFINITIONAL_REPRESENTATION('',(#11092),#11096);
#11092 = LINE('',#11093,#11094);
#11093 = CARTESIAN_POINT('',(1.,0.));
#11094 = VECTOR('',#11095,1.);
#11095 = DIRECTION('',(0.,-1.));
#11096 = ( GEOMETRIC_REPRESENTATION_CONTEXT(2) 
PARAMETRIC_REPRESENTATION_CONTEXT() REPRESENTATION_CONTEXT('2D SPACE',''
  ) );
#11097 = ORIENTED_EDGE('',*,*,#4280,.F.);
#11098 = ORIENTED_EDGE('',*,*,#11028,.F.);
#11099 = ADVANCED_FACE('',(#11100),#4264,.F.);
#11100 = FACE_BOUND('',#11101,.F.);
#11101 = EDGE_LOOP('',(#11102,#11125,#11161,#11162));
#11102 = ORIENTED_EDGE('',*,*,#11103,.F.);
#11103 = EDGE_CURVE('',#11104,#11055,#11106,.T.);
#11104 = VERTEX_POINT('',#11105);
#11105 = CARTESIAN_POINT('',(247.71905038311,206.84820415966,18.2));
#11106 = SURFACE_CURVE('',#11107,(#11111,#11118),.PCURVE_S1.);
#11107 = B_SPLINE_CURVE_WITH_KNOTS('',2,(#11108,#11109,#11110),
  .UNSPECIFIED.,.F.,.F.,(3,3),(0.,1.),.PIECEWISE_BEZIER_KNOTS.);
#11108 = CARTESIAN_POINT('',(248.681328125,207.21233398437,18.2));
#11109 = CARTESIAN_POINT('',(248.22478515625,206.84172851562,18.2));
#11110 = CARTESIAN_POINT('',(247.54265625,206.84172851562,18.2));
#11111 = PCURVE('',#4264,#11112);
#11112 = DEFINITIONAL_REPRESENTATION('',(#11113),#11117);
#11113 = LINE('',#11114,#11115);
#11114 = CARTESIAN_POINT('',(0.,0.));
#11115 = VECTOR('',#11116,1.);
#11116 = DIRECTION('',(1.,0.));
#11117 = ( GEOMETRIC_REPRESENTATION_CONTEXT(2) 
PARAMETRIC_REPRESENTATION_CONTEXT() REPRESENTATION_CONTEXT('2D SPACE',''
  ) );
#11118 = PCURVE('',#9962,#11119);
#11119 = DEFINITIONAL_REPRESENTATION('',(#11120),#11124);
#11120 = B_SPLINE_CURVE_WITH_KNOTS('',2,(#11121,#11122,#11123),
  .UNSPECIFIED.,.F.,.F.,(3,3),(0.,1.),.PIECEWISE_BEZIER_KNOTS.);
#11121 = CARTESIAN_POINT('',(1.03923828125,5.12677734375));
#11122 = CARTESIAN_POINT('',(0.6686328125,5.5833203125));
#11123 = CARTESIAN_POINT('',(0.6686328125,6.26544921875));
#11124 = ( GEOMETRIC_REPRESENTATION_CONTEXT(2) 
PARAMETRIC_REPRESENTATION_CONTEXT() REPRESENTATION_CONTEXT('2D SPACE',''
  ) );
#11125 = ORIENTED_EDGE('',*,*,#11126,.F.);
#11126 = EDGE_CURVE('',#4209,#11104,#11127,.T.);
#11127 = SURFACE_CURVE('',#11128,(#11137,#11149),.PCURVE_S1.);
#11128 = B_SPLINE_CURVE_WITH_KNOTS('',4,(#11129,#11130,#11131,#11132,
    #11133,#11134,#11135,#11136),.UNSPECIFIED.,.F.,.F.,(5,3,5),(0.,
    0.836535674616,1.),.UNSPECIFIED.);
#11129 = CARTESIAN_POINT('',(247.71905038311,206.84820415966,19.8000006)
  );
#11130 = CARTESIAN_POINT('',(247.71905038311,206.84820415966,
    19.465386079198));
#11131 = CARTESIAN_POINT('',(247.71905038311,206.84820415966,
    19.130771558379));
#11132 = CARTESIAN_POINT('',(247.71905038311,206.84820415966,
    18.796157037585));
#11133 = CARTESIAN_POINT('',(247.71905038311,206.84820415966,
    18.396156737591));
#11134 = CARTESIAN_POINT('',(247.71905038311,206.84820415966,
    18.330770958416));
#11135 = CARTESIAN_POINT('',(247.71905038311,206.84820415966,
    18.265385179192));
#11136 = CARTESIAN_POINT('',(247.71905038311,206.84820415966,18.1999994)
  );
#11137 = PCURVE('',#4264,#11138);
#11138 = DEFINITIONAL_REPRESENTATION('',(#11139),#11148);
#11139 = B_SPLINE_CURVE_WITH_KNOTS('',4,(#11140,#11141,#11142,#11143,
    #11144,#11145,#11146,#11147),.UNSPECIFIED.,.F.,.F.,(5,3,5),(0.,
    0.836535674616,1.),.UNSPECIFIED.);
#11140 = CARTESIAN_POINT('',(0.867813966071,-1.600000599978));
#11141 = CARTESIAN_POINT('',(0.867813966071,-1.265386079176));
#11142 = CARTESIAN_POINT('',(0.867813966071,-0.930771558406));
#11143 = CARTESIAN_POINT('',(0.867813966071,-0.596157037585));
#11144 = CARTESIAN_POINT('',(0.867813966071,-0.196156737591));
#11145 = CARTESIAN_POINT('',(0.867813966071,-0.130770958363));
#11146 = CARTESIAN_POINT('',(0.867813966071,-6.538517923452E-02));
#11147 = CARTESIAN_POINT('',(0.867813966071,5.999577079585E-07));
#11148 = ( GEOMETRIC_REPRESENTATION_CONTEXT(2) 
PARAMETRIC_REPRESENTATION_CONTEXT() REPRESENTATION_CONTEXT('2D SPACE',''
  ) );
#11149 = PCURVE('',#4228,#11150);
#11150 = DEFINITIONAL_REPRESENTATION('',(#11151),#11160);
#11151 = B_SPLINE_CURVE_WITH_KNOTS('',4,(#11152,#11153,#11154,#11155,
    #11156,#11157,#11158,#11159),.UNSPECIFIED.,.F.,.F.,(5,3,5),(0.,
    0.836535674616,1.),.UNSPECIFIED.);
#11152 = CARTESIAN_POINT('',(9.246993692178E-02,-1.6000006));
#11153 = CARTESIAN_POINT('',(9.246993692178E-02,-1.265386079198));
#11154 = CARTESIAN_POINT('',(9.246993692178E-02,-0.930771558379));
#11155 = CARTESIAN_POINT('',(9.246993692178E-02,-0.596157037585));
#11156 = CARTESIAN_POINT('',(9.246993692178E-02,-0.196156737591));
#11157 = CARTESIAN_POINT('',(9.246993692178E-02,-0.130770958416));
#11158 = CARTESIAN_POINT('',(9.246993692178E-02,-6.538517919223E-02));
#11159 = CARTESIAN_POINT('',(9.246993692178E-02,5.999999999062E-07));
#11160 = ( GEOMETRIC_REPRESENTATION_CONTEXT(2) 
PARAMETRIC_REPRESENTATION_CONTEXT() REPRESENTATION_CONTEXT('2D SPACE',''
  ) );
#11161 = ORIENTED_EDGE('',*,*,#4244,.F.);
#11162 = ORIENTED_EDGE('',*,*,#11077,.F.);
#11163 = ADVANCED_FACE('',(#11164),#4228,.F.);
#11164 = FACE_BOUND('',#11165,.F.);
#11165 = EDGE_LOOP('',(#11166,#11189,#11210,#11211));
#11166 = ORIENTED_EDGE('',*,*,#11167,.F.);
#11167 = EDGE_CURVE('',#11168,#11104,#11170,.T.);
#11168 = VERTEX_POINT('',#11169);
#11169 = CARTESIAN_POINT('',(247.90265625,206.84172851562,18.2));
#11170 = SURFACE_CURVE('',#11171,(#11175,#11182),.PCURVE_S1.);
#11171 = B_SPLINE_CURVE_WITH_KNOTS('',2,(#11172,#11173,#11174),
  .UNSPECIFIED.,.F.,.F.,(3,3),(0.,1.),.PIECEWISE_BEZIER_KNOTS.);
#11172 = CARTESIAN_POINT('',(247.90265625,206.84172851562,18.2));
#11173 = CARTESIAN_POINT('',(246.88751953125,206.84172851562,18.2));
#11174 = CARTESIAN_POINT('',(246.35578125,207.59905273437,18.2));
#11175 = PCURVE('',#4228,#11176);
#11176 = DEFINITIONAL_REPRESENTATION('',(#11177),#11181);
#11177 = LINE('',#11178,#11179);
#11178 = CARTESIAN_POINT('',(0.,0.));
#11179 = VECTOR('',#11180,1.);
#11180 = DIRECTION('',(1.,0.));
#11181 = ( GEOMETRIC_REPRESENTATION_CONTEXT(2) 
PARAMETRIC_REPRESENTATION_CONTEXT() REPRESENTATION_CONTEXT('2D SPACE',''
  ) );
#11182 = PCURVE('',#9962,#11183);
#11183 = DEFINITIONAL_REPRESENTATION('',(#11184),#11188);
#11184 = B_SPLINE_CURVE_WITH_KNOTS('',2,(#11185,#11186,#11187),
  .UNSPECIFIED.,.F.,.F.,(3,3),(0.,1.),.PIECEWISE_BEZIER_KNOTS.);
#11185 = CARTESIAN_POINT('',(0.6686328125,5.90544921875));
#11186 = CARTESIAN_POINT('',(0.6686328125,6.9205859375));
#11187 = CARTESIAN_POINT('',(1.42595703125,7.45232421875));
#11188 = ( GEOMETRIC_REPRESENTATION_CONTEXT(2) 
PARAMETRIC_REPRESENTATION_CONTEXT() REPRESENTATION_CONTEXT('2D SPACE',''
  ) );
#11189 = ORIENTED_EDGE('',*,*,#11190,.T.);
#11190 = EDGE_CURVE('',#11168,#4152,#11191,.T.);
#11191 = SURFACE_CURVE('',#11192,(#11196,#11203),.PCURVE_S1.);
#11192 = LINE('',#11193,#11194);
#11193 = CARTESIAN_POINT('',(247.90265625,206.84172851562,18.2));
#11194 = VECTOR('',#11195,1.);
#11195 = DIRECTION('',(0.,-0.,1.));
#11196 = PCURVE('',#4228,#11197);
#11197 = DEFINITIONAL_REPRESENTATION('',(#11198),#11202);
#11198 = LINE('',#11199,#11200);
#11199 = CARTESIAN_POINT('',(0.,0.));
#11200 = VECTOR('',#11201,1.);
#11201 = DIRECTION('',(0.,-1.));
#11202 = ( GEOMETRIC_REPRESENTATION_CONTEXT(2) 
PARAMETRIC_REPRESENTATION_CONTEXT() REPRESENTATION_CONTEXT('2D SPACE',''
  ) );
#11203 = PCURVE('',#4185,#11204);
#11204 = DEFINITIONAL_REPRESENTATION('',(#11205),#11209);
#11205 = LINE('',#11206,#11207);
#11206 = CARTESIAN_POINT('',(1.,0.));
#11207 = VECTOR('',#11208,1.);
#11208 = DIRECTION('',(0.,-1.));
#11209 = ( GEOMETRIC_REPRESENTATION_CONTEXT(2) 
PARAMETRIC_REPRESENTATION_CONTEXT() REPRESENTATION_CONTEXT('2D SPACE',''
  ) );
#11210 = ORIENTED_EDGE('',*,*,#4208,.F.);
#11211 = ORIENTED_EDGE('',*,*,#11126,.T.);
#11212 = ADVANCED_FACE('',(#11213),#4185,.F.);
#11213 = FACE_BOUND('',#11214,.F.);
#11214 = EDGE_LOOP('',(#11215,#11238,#11259,#11260));
#11215 = ORIENTED_EDGE('',*,*,#11216,.F.);
#11216 = EDGE_CURVE('',#11217,#11168,#11219,.T.);
#11217 = VERTEX_POINT('',#11218);
#11218 = CARTESIAN_POINT('',(249.041328125,207.21233398437,18.2));
#11219 = SURFACE_CURVE('',#11220,(#11224,#11231),.PCURVE_S1.);
#11220 = B_SPLINE_CURVE_WITH_KNOTS('',2,(#11221,#11222,#11223),
  .UNSPECIFIED.,.F.,.F.,(3,3),(0.,1.),.PIECEWISE_BEZIER_KNOTS.);
#11221 = CARTESIAN_POINT('',(249.041328125,207.21233398437,18.2));
#11222 = CARTESIAN_POINT('',(248.58478515625,206.84172851562,18.2));
#11223 = CARTESIAN_POINT('',(247.90265625,206.84172851562,18.2));
#11224 = PCURVE('',#4185,#11225);
#11225 = DEFINITIONAL_REPRESENTATION('',(#11226),#11230);
#11226 = LINE('',#11227,#11228);
#11227 = CARTESIAN_POINT('',(0.,0.));
#11228 = VECTOR('',#11229,1.);
#11229 = DIRECTION('',(1.,0.));
#11230 = ( GEOMETRIC_REPRESENTATION_CONTEXT(2) 
PARAMETRIC_REPRESENTATION_CONTEXT() REPRESENTATION_CONTEXT('2D SPACE',''
  ) );
#11231 = PCURVE('',#9962,#11232);
#11232 = DEFINITIONAL_REPRESENTATION('',(#11233),#11237);
#11233 = B_SPLINE_CURVE_WITH_KNOTS('',2,(#11234,#11235,#11236),
  .UNSPECIFIED.,.F.,.F.,(3,3),(0.,1.),.PIECEWISE_BEZIER_KNOTS.);
#11234 = CARTESIAN_POINT('',(1.03923828125,4.76677734375));
#11235 = CARTESIAN_POINT('',(0.6686328125,5.2233203125));
#11236 = CARTESIAN_POINT('',(0.6686328125,5.90544921875));
#11237 = ( GEOMETRIC_REPRESENTATION_CONTEXT(2) 
PARAMETRIC_REPRESENTATION_CONTEXT() REPRESENTATION_CONTEXT('2D SPACE',''
  ) );
#11238 = ORIENTED_EDGE('',*,*,#11239,.T.);
#11239 = EDGE_CURVE('',#11217,#4110,#11240,.T.);
#11240 = SURFACE_CURVE('',#11241,(#11245,#11252),.PCURVE_S1.);
#11241 = LINE('',#11242,#11243);
#11242 = CARTESIAN_POINT('',(249.041328125,207.21233398437,18.2));
#11243 = VECTOR('',#11244,1.);
#11244 = DIRECTION('',(0.,-0.,1.));
#11245 = PCURVE('',#4185,#11246);
#11246 = DEFINITIONAL_REPRESENTATION('',(#11247),#11251);
#11247 = LINE('',#11248,#11249);
#11248 = CARTESIAN_POINT('',(0.,0.));
#11249 = VECTOR('',#11250,1.);
#11250 = DIRECTION('',(0.,-1.));
#11251 = ( GEOMETRIC_REPRESENTATION_CONTEXT(2) 
PARAMETRIC_REPRESENTATION_CONTEXT() REPRESENTATION_CONTEXT('2D SPACE',''
  ) );
#11252 = PCURVE('',#4133,#11253);
#11253 = DEFINITIONAL_REPRESENTATION('',(#11254),#11258);
#11254 = LINE('',#11255,#11256);
#11255 = CARTESIAN_POINT('',(1.,0.));
#11256 = VECTOR('',#11257,1.);
#11257 = DIRECTION('',(0.,-1.));
#11258 = ( GEOMETRIC_REPRESENTATION_CONTEXT(2) 
PARAMETRIC_REPRESENTATION_CONTEXT() REPRESENTATION_CONTEXT('2D SPACE',''
  ) );
#11259 = ORIENTED_EDGE('',*,*,#4151,.F.);
#11260 = ORIENTED_EDGE('',*,*,#11190,.F.);
#11261 = ADVANCED_FACE('',(#11262),#4133,.F.);
#11262 = FACE_BOUND('',#11263,.F.);
#11263 = EDGE_LOOP('',(#11264,#11287,#11314,#11315));
#11264 = ORIENTED_EDGE('',*,*,#11265,.F.);
#11265 = EDGE_CURVE('',#11266,#11217,#11268,.T.);
#11266 = VERTEX_POINT('',#11267);
#11267 = CARTESIAN_POINT('',(249.52964634297,207.83557310776,18.2));
#11268 = SURFACE_CURVE('',#11269,(#11273,#11280),.PCURVE_S1.);
#11269 = B_SPLINE_CURVE_WITH_KNOTS('',2,(#11270,#11271,#11272),
  .UNSPECIFIED.,.F.,.F.,(3,3),(0.,1.),.PIECEWISE_BEZIER_KNOTS.);
#11270 = CARTESIAN_POINT('',(249.7180859375,208.31340820312,18.2));
#11271 = CARTESIAN_POINT('',(249.49787109375,207.58293945312,18.2));
#11272 = CARTESIAN_POINT('',(249.041328125,207.21233398437,18.2));
#11273 = PCURVE('',#4133,#11274);
#11274 = DEFINITIONAL_REPRESENTATION('',(#11275),#11279);
#11275 = LINE('',#11276,#11277);
#11276 = CARTESIAN_POINT('',(0.,0.));
#11277 = VECTOR('',#11278,1.);
#11278 = DIRECTION('',(1.,0.));
#11279 = ( GEOMETRIC_REPRESENTATION_CONTEXT(2) 
PARAMETRIC_REPRESENTATION_CONTEXT() REPRESENTATION_CONTEXT('2D SPACE',''
  ) );
#11280 = PCURVE('',#9962,#11281);
#11281 = DEFINITIONAL_REPRESENTATION('',(#11282),#11286);
#11282 = B_SPLINE_CURVE_WITH_KNOTS('',2,(#11283,#11284,#11285),
  .UNSPECIFIED.,.F.,.F.,(3,3),(0.,1.),.PIECEWISE_BEZIER_KNOTS.);
#11283 = CARTESIAN_POINT('',(2.1403125,4.09001953125));
#11284 = CARTESIAN_POINT('',(1.40984375,4.310234375));
#11285 = CARTESIAN_POINT('',(1.03923828125,4.76677734375));
#11286 = ( GEOMETRIC_REPRESENTATION_CONTEXT(2) 
PARAMETRIC_REPRESENTATION_CONTEXT() REPRESENTATION_CONTEXT('2D SPACE',''
  ) );
#11287 = ORIENTED_EDGE('',*,*,#11288,.T.);
#11288 = EDGE_CURVE('',#11266,#4059,#11289,.T.);
#11289 = SURFACE_CURVE('',#11290,(#11296,#11305),.PCURVE_S1.);
#11290 = B_SPLINE_CURVE_WITH_KNOTS('',4,(#11291,#11292,#11293,#11294,
    #11295),.UNSPECIFIED.,.F.,.F.,(5,5),(0.,1.),
  .PIECEWISE_BEZIER_KNOTS.);
#11291 = CARTESIAN_POINT('',(249.52964634297,207.83557310776,18.1999994)
  );
#11292 = CARTESIAN_POINT('',(249.52964634297,207.83557310776,
    18.599999699995));
#11293 = CARTESIAN_POINT('',(249.52964634297,207.83557310776,
    19.00000000002));
#11294 = CARTESIAN_POINT('',(249.52964634297,207.83557310776,
    19.400000300005));
#11295 = CARTESIAN_POINT('',(249.52964634297,207.83557310776,19.8000006)
  );
#11296 = PCURVE('',#4133,#11297);
#11297 = DEFINITIONAL_REPRESENTATION('',(#11298),#11304);
#11298 = B_SPLINE_CURVE_WITH_KNOTS('',4,(#11299,#11300,#11301,#11302,
    #11303),.UNSPECIFIED.,.F.,.F.,(5,5),(0.,1.),
  .PIECEWISE_BEZIER_KNOTS.);
#11299 = CARTESIAN_POINT('',(0.358782205076,5.999999999062E-07));
#11300 = CARTESIAN_POINT('',(0.358782205076,-0.399999699995));
#11301 = CARTESIAN_POINT('',(0.358782205076,-0.80000000002));
#11302 = CARTESIAN_POINT('',(0.358782205076,-1.200000300005));
#11303 = CARTESIAN_POINT('',(0.358782205076,-1.6000006));
#11304 = ( GEOMETRIC_REPRESENTATION_CONTEXT(2) 
PARAMETRIC_REPRESENTATION_CONTEXT() REPRESENTATION_CONTEXT('2D SPACE',''
  ) );
#11305 = PCURVE('',#4088,#11306);
#11306 = DEFINITIONAL_REPRESENTATION('',(#11307),#11313);
#11307 = B_SPLINE_CURVE_WITH_KNOTS('',4,(#11308,#11309,#11310,#11311,
    #11312),.UNSPECIFIED.,.F.,.F.,(5,5),(0.,1.),
  .PIECEWISE_BEZIER_KNOTS.);
#11308 = CARTESIAN_POINT('',(0.682678132068,5.999507681764E-07));
#11309 = CARTESIAN_POINT('',(0.682678132068,-0.399999700044));
#11310 = CARTESIAN_POINT('',(0.682678132068,-0.799999999977));
#11311 = CARTESIAN_POINT('',(0.682678132068,-1.200000299991));
#11312 = CARTESIAN_POINT('',(0.682678132068,-1.600000599985));
#11313 = ( GEOMETRIC_REPRESENTATION_CONTEXT(2) 
PARAMETRIC_REPRESENTATION_CONTEXT() REPRESENTATION_CONTEXT('2D SPACE',''
  ) );
#11314 = ORIENTED_EDGE('',*,*,#4109,.F.);
#11315 = ORIENTED_EDGE('',*,*,#11239,.F.);
#11316 = ADVANCED_FACE('',(#11317),#4088,.F.);
#11317 = FACE_BOUND('',#11318,.F.);
#11318 = EDGE_LOOP('',(#11319,#11342,#11363,#11364));
#11319 = ORIENTED_EDGE('',*,*,#11320,.F.);
#11320 = EDGE_CURVE('',#11321,#11266,#11323,.T.);
#11321 = VERTEX_POINT('',#11322);
#11322 = CARTESIAN_POINT('',(250.09124023437,207.0807421875,18.2));
#11323 = SURFACE_CURVE('',#11324,(#11328,#11335),.PCURVE_S1.);
#11324 = B_SPLINE_CURVE_WITH_KNOTS('',2,(#11325,#11326,#11327),
  .UNSPECIFIED.,.F.,.F.,(3,3),(0.,1.),.PIECEWISE_BEZIER_KNOTS.);
#11325 = CARTESIAN_POINT('',(250.09124023437,207.0807421875,18.2));
#11326 = CARTESIAN_POINT('',(249.583671875,207.49700195312,18.2));
#11327 = CARTESIAN_POINT('',(249.3580859375,208.31340820312,18.2));
#11328 = PCURVE('',#4088,#11329);
#11329 = DEFINITIONAL_REPRESENTATION('',(#11330),#11334);
#11330 = LINE('',#11331,#11332);
#11331 = CARTESIAN_POINT('',(0.,0.));
#11332 = VECTOR('',#11333,1.);
#11333 = DIRECTION('',(1.,0.));
#11334 = ( GEOMETRIC_REPRESENTATION_CONTEXT(2) 
PARAMETRIC_REPRESENTATION_CONTEXT() REPRESENTATION_CONTEXT('2D SPACE',''
  ) );
#11335 = PCURVE('',#9962,#11336);
#11336 = DEFINITIONAL_REPRESENTATION('',(#11337),#11341);
#11337 = B_SPLINE_CURVE_WITH_KNOTS('',2,(#11338,#11339,#11340),
  .UNSPECIFIED.,.F.,.F.,(3,3),(0.,1.),.PIECEWISE_BEZIER_KNOTS.);
#11338 = CARTESIAN_POINT('',(0.907646484375,3.716865234375));
#11339 = CARTESIAN_POINT('',(1.32390625,4.22443359375));
#11340 = CARTESIAN_POINT('',(2.1403125,4.45001953125));
#11341 = ( GEOMETRIC_REPRESENTATION_CONTEXT(2) 
PARAMETRIC_REPRESENTATION_CONTEXT() REPRESENTATION_CONTEXT('2D SPACE',''
  ) );
#11342 = ORIENTED_EDGE('',*,*,#11343,.T.);
#11343 = EDGE_CURVE('',#11321,#4002,#11344,.T.);
#11344 = SURFACE_CURVE('',#11345,(#11349,#11356),.PCURVE_S1.);
#11345 = LINE('',#11346,#11347);
#11346 = CARTESIAN_POINT('',(250.09124023437,207.0807421875,18.2));
#11347 = VECTOR('',#11348,1.);
#11348 = DIRECTION('',(0.,-0.,1.));
#11349 = PCURVE('',#4088,#11350);
#11350 = DEFINITIONAL_REPRESENTATION('',(#11351),#11355);
#11351 = LINE('',#11352,#11353);
#11352 = CARTESIAN_POINT('',(0.,0.));
#11353 = VECTOR('',#11354,1.);
#11354 = DIRECTION('',(0.,-1.));
#11355 = ( GEOMETRIC_REPRESENTATION_CONTEXT(2) 
PARAMETRIC_REPRESENTATION_CONTEXT() REPRESENTATION_CONTEXT('2D SPACE',''
  ) );
#11356 = PCURVE('',#4035,#11357);
#11357 = DEFINITIONAL_REPRESENTATION('',(#11358),#11362);
#11358 = LINE('',#11359,#11360);
#11359 = CARTESIAN_POINT('',(1.,0.));
#11360 = VECTOR('',#11361,1.);
#11361 = DIRECTION('',(0.,-1.));
#11362 = ( GEOMETRIC_REPRESENTATION_CONTEXT(2) 
PARAMETRIC_REPRESENTATION_CONTEXT() REPRESENTATION_CONTEXT('2D SPACE',''
  ) );
#11363 = ORIENTED_EDGE('',*,*,#4058,.F.);
#11364 = ORIENTED_EDGE('',*,*,#11288,.F.);
#11365 = ADVANCED_FACE('',(#11366),#4035,.F.);
#11366 = FACE_BOUND('',#11367,.F.);
#11367 = EDGE_LOOP('',(#11368,#11389,#11390,#11391));
#11368 = ORIENTED_EDGE('',*,*,#11369,.F.);
#11369 = EDGE_CURVE('',#9947,#11321,#11370,.T.);
#11370 = SURFACE_CURVE('',#11371,(#11375,#11382),.PCURVE_S1.);
#11371 = B_SPLINE_CURVE_WITH_KNOTS('',2,(#11372,#11373,#11374),
  .UNSPECIFIED.,.F.,.F.,(3,3),(0.,1.),.PIECEWISE_BEZIER_KNOTS.);
#11372 = CARTESIAN_POINT('',(251.37224609375,206.66448242187,18.2));
#11373 = CARTESIAN_POINT('',(250.59880859375,206.66448242187,18.2));
#11374 = CARTESIAN_POINT('',(250.09124023437,207.0807421875,18.2));
#11375 = PCURVE('',#4035,#11376);
#11376 = DEFINITIONAL_REPRESENTATION('',(#11377),#11381);
#11377 = LINE('',#11378,#11379);
#11378 = CARTESIAN_POINT('',(0.,0.));
#11379 = VECTOR('',#11380,1.);
#11380 = DIRECTION('',(1.,0.));
#11381 = ( GEOMETRIC_REPRESENTATION_CONTEXT(2) 
PARAMETRIC_REPRESENTATION_CONTEXT() REPRESENTATION_CONTEXT('2D SPACE',''
  ) );
#11382 = PCURVE('',#9962,#11383);
#11383 = DEFINITIONAL_REPRESENTATION('',(#11384),#11388);
#11384 = B_SPLINE_CURVE_WITH_KNOTS('',2,(#11385,#11386,#11387),
  .UNSPECIFIED.,.F.,.F.,(3,3),(0.,1.),.PIECEWISE_BEZIER_KNOTS.);
#11385 = CARTESIAN_POINT('',(0.49138671875,2.435859375));
#11386 = CARTESIAN_POINT('',(0.49138671875,3.209296875));
#11387 = CARTESIAN_POINT('',(0.907646484375,3.716865234375));
#11388 = ( GEOMETRIC_REPRESENTATION_CONTEXT(2) 
PARAMETRIC_REPRESENTATION_CONTEXT() REPRESENTATION_CONTEXT('2D SPACE',''
  ) );
#11389 = ORIENTED_EDGE('',*,*,#10002,.T.);
#11390 = ORIENTED_EDGE('',*,*,#4001,.F.);
#11391 = ORIENTED_EDGE('',*,*,#11343,.F.);
#11392 = ADVANCED_FACE('',(#11393),#5472,.F.);
#11393 = FACE_BOUND('',#11394,.T.);
#11394 = EDGE_LOOP('',(#11395,#11396,#11397,#11418));
#11395 = ORIENTED_EDGE('',*,*,#5456,.F.);
#11396 = ORIENTED_EDGE('',*,*,#5678,.T.);
#11397 = ORIENTED_EDGE('',*,*,#11398,.T.);
#11398 = EDGE_CURVE('',#5652,#5806,#11399,.T.);
#11399 = SURFACE_CURVE('',#11400,(#11404,#11411),.PCURVE_S1.);
#11400 = LINE('',#11401,#11402);
#11401 = CARTESIAN_POINT('',(242.21666666666,243.28333333333,
    -4.316666666667));
#11402 = VECTOR('',#11403,1.);
#11403 = DIRECTION('',(0.57735026919,-0.57735026919,-0.57735026919));
#11404 = PCURVE('',#5472,#11405);
#11405 = DEFINITIONAL_REPRESENTATION('',(#11406),#11410);
#11406 = LINE('',#11407,#11408);
#11407 = CARTESIAN_POINT('',(-17.21666666666,-4.926177242266));
#11408 = VECTOR('',#11409,1.);
#11409 = DIRECTION('',(-0.57735026919,0.816496580928));
#11410 = ( GEOMETRIC_REPRESENTATION_CONTEXT(2) 
PARAMETRIC_REPRESENTATION_CONTEXT() REPRESENTATION_CONTEXT('2D SPACE',''
  ) );
#11411 = PCURVE('',#5821,#11412);
#11412 = DEFINITIONAL_REPRESENTATION('',(#11413),#11417);
#11413 = LINE('',#11414,#11415);
#11414 = CARTESIAN_POINT('',(3.283333333333,-4.926177242266));
#11415 = VECTOR('',#11416,1.);
#11416 = DIRECTION('',(-0.57735026919,0.816496580928));
#11417 = ( GEOMETRIC_REPRESENTATION_CONTEXT(2) 
PARAMETRIC_REPRESENTATION_CONTEXT() REPRESENTATION_CONTEXT('2D SPACE',''
  ) );
#11418 = ORIENTED_EDGE('',*,*,#5833,.F.);
#11419 = ADVANCED_FACE('',(#11420),#5667,.F.);
#11420 = FACE_BOUND('',#11421,.F.);
#11421 = EDGE_LOOP('',(#11422,#11452,#11473,#11474));
#11422 = ORIENTED_EDGE('',*,*,#11423,.T.);
#11423 = EDGE_CURVE('',#11424,#11426,#11428,.T.);
#11424 = VERTEX_POINT('',#11425);
#11425 = CARTESIAN_POINT('',(245.5,247.05,-7.6));
#11426 = VERTEX_POINT('',#11427);
#11427 = CARTESIAN_POINT('',(245.5,247.05,15.5));
#11428 = SURFACE_CURVE('',#11429,(#11433,#11440),.PCURVE_S1.);
#11429 = LINE('',#11430,#11431);
#11430 = CARTESIAN_POINT('',(245.5,247.05,-8.));
#11431 = VECTOR('',#11432,1.);
#11432 = DIRECTION('',(0.,0.,1.));
#11433 = PCURVE('',#5667,#11434);
#11434 = DEFINITIONAL_REPRESENTATION('',(#11435),#11439);
#11435 = LINE('',#11436,#11437);
#11436 = CARTESIAN_POINT('',(0.,-7.1));
#11437 = VECTOR('',#11438,1.);
#11438 = DIRECTION('',(1.,0.));
#11439 = ( GEOMETRIC_REPRESENTATION_CONTEXT(2) 
PARAMETRIC_REPRESENTATION_CONTEXT() REPRESENTATION_CONTEXT('2D SPACE',''
  ) );
#11440 = PCURVE('',#11441,#11446);
#11441 = PLANE('',#11442);
#11442 = AXIS2_PLACEMENT_3D('',#11443,#11444,#11445);
#11443 = CARTESIAN_POINT('',(245.5,247.05,-8.));
#11444 = DIRECTION('',(-0.,1.,0.));
#11445 = DIRECTION('',(0.,0.,1.));
#11446 = DEFINITIONAL_REPRESENTATION('',(#11447),#11451);
#11447 = LINE('',#11448,#11449);
#11448 = CARTESIAN_POINT('',(0.,0.));
#11449 = VECTOR('',#11450,1.);
#11450 = DIRECTION('',(1.,0.));
#11451 = ( GEOMETRIC_REPRESENTATION_CONTEXT(2) 
PARAMETRIC_REPRESENTATION_CONTEXT() REPRESENTATION_CONTEXT('2D SPACE',''
  ) );
#11452 = ORIENTED_EDGE('',*,*,#11453,.F.);
#11453 = EDGE_CURVE('',#5625,#11426,#11454,.T.);
#11454 = SURFACE_CURVE('',#11455,(#11459,#11466),.PCURVE_S1.);
#11455 = LINE('',#11456,#11457);
#11456 = CARTESIAN_POINT('',(245.5,239.95,15.5));
#11457 = VECTOR('',#11458,1.);
#11458 = DIRECTION('',(-0.,1.,0.));
#11459 = PCURVE('',#5667,#11460);
#11460 = DEFINITIONAL_REPRESENTATION('',(#11461),#11465);
#11461 = LINE('',#11462,#11463);
#11462 = CARTESIAN_POINT('',(23.5,0.));
#11463 = VECTOR('',#11464,1.);
#11464 = DIRECTION('',(0.,-1.));
#11465 = ( GEOMETRIC_REPRESENTATION_CONTEXT(2) 
PARAMETRIC_REPRESENTATION_CONTEXT() REPRESENTATION_CONTEXT('2D SPACE',''
  ) );
#11466 = PCURVE('',#5640,#11467);
#11467 = DEFINITIONAL_REPRESENTATION('',(#11468),#11472);
#11468 = LINE('',#11469,#11470);
#11469 = CARTESIAN_POINT('',(0.,-0.353553390593));
#11470 = VECTOR('',#11471,1.);
#11471 = DIRECTION('',(1.,0.));
#11472 = ( GEOMETRIC_REPRESENTATION_CONTEXT(2) 
PARAMETRIC_REPRESENTATION_CONTEXT() REPRESENTATION_CONTEXT('2D SPACE',''
  ) );
#11473 = ORIENTED_EDGE('',*,*,#5651,.T.);
#11474 = ORIENTED_EDGE('',*,*,#11475,.T.);
#11475 = EDGE_CURVE('',#5652,#11424,#11476,.T.);
#11476 = SURFACE_CURVE('',#11477,(#11481,#11488),.PCURVE_S1.);
#11477 = LINE('',#11478,#11479);
#11478 = CARTESIAN_POINT('',(245.5,240.,-7.6));
#11479 = VECTOR('',#11480,1.);
#11480 = DIRECTION('',(-0.,1.,0.));
#11481 = PCURVE('',#5667,#11482);
#11482 = DEFINITIONAL_REPRESENTATION('',(#11483),#11487);
#11483 = LINE('',#11484,#11485);
#11484 = CARTESIAN_POINT('',(0.4,-5.000000000001E-02));
#11485 = VECTOR('',#11486,1.);
#11486 = DIRECTION('',(0.,-1.));
#11487 = ( GEOMETRIC_REPRESENTATION_CONTEXT(2) 
PARAMETRIC_REPRESENTATION_CONTEXT() REPRESENTATION_CONTEXT('2D SPACE',''
  ) );
#11488 = PCURVE('',#5821,#11489);
#11489 = DEFINITIONAL_REPRESENTATION('',(#11490),#11494);
#11490 = LINE('',#11491,#11492);
#11491 = CARTESIAN_POINT('',(0.,-0.282842712475));
#11492 = VECTOR('',#11493,1.);
#11493 = DIRECTION('',(1.,0.));
#11494 = ( GEOMETRIC_REPRESENTATION_CONTEXT(2) 
PARAMETRIC_REPRESENTATION_CONTEXT() REPRESENTATION_CONTEXT('2D SPACE',''
  ) );
#11495 = ADVANCED_FACE('',(#11496),#5640,.F.);
#11496 = FACE_BOUND('',#11497,.F.);
#11497 = EDGE_LOOP('',(#11498,#11521,#11522,#11523,#11551));
#11498 = ORIENTED_EDGE('',*,*,#11499,.F.);
#11499 = EDGE_CURVE('',#5598,#11500,#11502,.T.);
#11500 = VERTEX_POINT('',#11501);
#11501 = CARTESIAN_POINT('',(246.,240.45,16.));
#11502 = SURFACE_CURVE('',#11503,(#11507,#11514),.PCURVE_S1.);
#11503 = LINE('',#11504,#11505);
#11504 = CARTESIAN_POINT('',(245.66666666666,240.11666666666,
    15.666666666667));
#11505 = VECTOR('',#11506,1.);
#11506 = DIRECTION('',(0.57735026919,0.57735026919,0.57735026919));
#11507 = PCURVE('',#5640,#11508);
#11508 = DEFINITIONAL_REPRESENTATION('',(#11509),#11513);
#11509 = LINE('',#11510,#11511);
#11510 = CARTESIAN_POINT('',(0.166666666667,-0.117851130198));
#11511 = VECTOR('',#11512,1.);
#11512 = DIRECTION('',(0.57735026919,0.816496580928));
#11513 = ( GEOMETRIC_REPRESENTATION_CONTEXT(2) 
PARAMETRIC_REPRESENTATION_CONTEXT() REPRESENTATION_CONTEXT('2D SPACE',''
  ) );
#11514 = PCURVE('',#5613,#11515);
#11515 = DEFINITIONAL_REPRESENTATION('',(#11516),#11520);
#11516 = LINE('',#11517,#11518);
#11517 = CARTESIAN_POINT('',(-0.166666666667,-0.117851130198));
#11518 = VECTOR('',#11519,1.);
#11519 = DIRECTION('',(-0.57735026919,0.816496580928));
#11520 = ( GEOMETRIC_REPRESENTATION_CONTEXT(2) 
PARAMETRIC_REPRESENTATION_CONTEXT() REPRESENTATION_CONTEXT('2D SPACE',''
  ) );
#11521 = ORIENTED_EDGE('',*,*,#5624,.T.);
#11522 = ORIENTED_EDGE('',*,*,#11453,.T.);
#11523 = ORIENTED_EDGE('',*,*,#11524,.T.);
#11524 = EDGE_CURVE('',#11426,#11525,#11527,.T.);
#11525 = VERTEX_POINT('',#11526);
#11526 = CARTESIAN_POINT('',(246.,246.55,16.));
#11527 = SURFACE_CURVE('',#11528,(#11532,#11539),.PCURVE_S1.);
#11528 = LINE('',#11529,#11530);
#11529 = CARTESIAN_POINT('',(246.85,245.7,16.85));
#11530 = VECTOR('',#11531,1.);
#11531 = DIRECTION('',(0.57735026919,-0.57735026919,0.57735026919));
#11532 = PCURVE('',#5640,#11533);
#11533 = DEFINITIONAL_REPRESENTATION('',(#11534),#11538);
#11534 = LINE('',#11535,#11536);
#11535 = CARTESIAN_POINT('',(5.75,1.55563491861));
#11536 = VECTOR('',#11537,1.);
#11537 = DIRECTION('',(-0.57735026919,0.816496580928));
#11538 = ( GEOMETRIC_REPRESENTATION_CONTEXT(2) 
PARAMETRIC_REPRESENTATION_CONTEXT() REPRESENTATION_CONTEXT('2D SPACE',''
  ) );
#11539 = PCURVE('',#11540,#11545);
#11540 = PLANE('',#11541);
#11541 = AXIS2_PLACEMENT_3D('',#11542,#11543,#11544);
#11542 = CARTESIAN_POINT('',(245.5,246.8,15.75));
#11543 = DIRECTION('',(0.,0.707106781187,0.707106781187));
#11544 = DIRECTION('',(-1.,-0.,0.));
#11545 = DEFINITIONAL_REPRESENTATION('',(#11546),#11550);
#11546 = LINE('',#11547,#11548);
#11547 = CARTESIAN_POINT('',(-1.35,1.55563491861));
#11548 = VECTOR('',#11549,1.);
#11549 = DIRECTION('',(-0.57735026919,0.816496580928));
#11550 = ( GEOMETRIC_REPRESENTATION_CONTEXT(2) 
PARAMETRIC_REPRESENTATION_CONTEXT() REPRESENTATION_CONTEXT('2D SPACE',''
  ) );
#11551 = ORIENTED_EDGE('',*,*,#11552,.F.);
#11552 = EDGE_CURVE('',#11500,#11525,#11553,.T.);
#11553 = SURFACE_CURVE('',#11554,(#11558,#11565),.PCURVE_S1.);
#11554 = LINE('',#11555,#11556);
#11555 = CARTESIAN_POINT('',(246.,239.95,16.));
#11556 = VECTOR('',#11557,1.);
#11557 = DIRECTION('',(-0.,1.,0.));
#11558 = PCURVE('',#5640,#11559);
#11559 = DEFINITIONAL_REPRESENTATION('',(#11560),#11564);
#11560 = LINE('',#11561,#11562);
#11561 = CARTESIAN_POINT('',(0.,0.353553390593));
#11562 = VECTOR('',#11563,1.);
#11563 = DIRECTION('',(1.,0.));
#11564 = ( GEOMETRIC_REPRESENTATION_CONTEXT(2) 
PARAMETRIC_REPRESENTATION_CONTEXT() REPRESENTATION_CONTEXT('2D SPACE',''
  ) );
#11565 = PCURVE('',#11566,#11571);
#11566 = PLANE('',#11567);
#11567 = AXIS2_PLACEMENT_3D('',#11568,#11569,#11570);
#11568 = CARTESIAN_POINT('',(245.5,239.95,16.));
#11569 = DIRECTION('',(0.,0.,1.));
#11570 = DIRECTION('',(1.,0.,-0.));
#11571 = DEFINITIONAL_REPRESENTATION('',(#11572),#11576);
#11572 = LINE('',#11573,#11574);
#11573 = CARTESIAN_POINT('',(0.5,0.));
#11574 = VECTOR('',#11575,1.);
#11575 = DIRECTION('',(0.,1.));
#11576 = ( GEOMETRIC_REPRESENTATION_CONTEXT(2) 
PARAMETRIC_REPRESENTATION_CONTEXT() REPRESENTATION_CONTEXT('2D SPACE',''
  ) );
#11577 = ADVANCED_FACE('',(#11578),#5613,.F.);
#11578 = FACE_BOUND('',#11579,.T.);
#11579 = EDGE_LOOP('',(#11580,#11581,#11582,#11605));
#11580 = ORIENTED_EDGE('',*,*,#11499,.F.);
#11581 = ORIENTED_EDGE('',*,*,#5597,.T.);
#11582 = ORIENTED_EDGE('',*,*,#11583,.T.);
#11583 = EDGE_CURVE('',#5571,#11584,#11586,.T.);
#11584 = VERTEX_POINT('',#11585);
#11585 = CARTESIAN_POINT('',(254.,240.45,16.));
#11586 = SURFACE_CURVE('',#11587,(#11591,#11598),.PCURVE_S1.);
#11587 = LINE('',#11588,#11589);
#11588 = CARTESIAN_POINT('',(252.83333333333,241.61666666666,
    17.166666666667));
#11589 = VECTOR('',#11590,1.);
#11590 = DIRECTION('',(-0.57735026919,0.57735026919,0.57735026919));
#11591 = PCURVE('',#5613,#11592);
#11592 = DEFINITIONAL_REPRESENTATION('',(#11593),#11597);
#11593 = LINE('',#11594,#11595);
#11594 = CARTESIAN_POINT('',(-7.333333333333,2.003469213362));
#11595 = VECTOR('',#11596,1.);
#11596 = DIRECTION('',(0.57735026919,0.816496580928));
#11597 = ( GEOMETRIC_REPRESENTATION_CONTEXT(2) 
PARAMETRIC_REPRESENTATION_CONTEXT() REPRESENTATION_CONTEXT('2D SPACE',''
  ) );
#11598 = PCURVE('',#5586,#11599);
#11599 = DEFINITIONAL_REPRESENTATION('',(#11600),#11604);
#11600 = LINE('',#11601,#11602);
#11601 = CARTESIAN_POINT('',(1.666666666667,2.003469213362));
#11602 = VECTOR('',#11603,1.);
#11603 = DIRECTION('',(0.57735026919,0.816496580928));
#11604 = ( GEOMETRIC_REPRESENTATION_CONTEXT(2) 
PARAMETRIC_REPRESENTATION_CONTEXT() REPRESENTATION_CONTEXT('2D SPACE',''
  ) );
#11605 = ORIENTED_EDGE('',*,*,#11606,.F.);
#11606 = EDGE_CURVE('',#11500,#11584,#11607,.T.);
#11607 = SURFACE_CURVE('',#11608,(#11612,#11619),.PCURVE_S1.);
#11608 = LINE('',#11609,#11610);
#11609 = CARTESIAN_POINT('',(245.5,240.45,16.));
#11610 = VECTOR('',#11611,1.);
#11611 = DIRECTION('',(1.,0.,-0.));
#11612 = PCURVE('',#5613,#11613);
#11613 = DEFINITIONAL_REPRESENTATION('',(#11614),#11618);
#11614 = LINE('',#11615,#11616);
#11615 = CARTESIAN_POINT('',(-0.,0.353553390593));
#11616 = VECTOR('',#11617,1.);
#11617 = DIRECTION('',(-1.,0.));
#11618 = ( GEOMETRIC_REPRESENTATION_CONTEXT(2) 
PARAMETRIC_REPRESENTATION_CONTEXT() REPRESENTATION_CONTEXT('2D SPACE',''
  ) );
#11619 = PCURVE('',#11566,#11620);
#11620 = DEFINITIONAL_REPRESENTATION('',(#11621),#11625);
#11621 = LINE('',#11622,#11623);
#11622 = CARTESIAN_POINT('',(0.,0.5));
#11623 = VECTOR('',#11624,1.);
#11624 = DIRECTION('',(1.,0.));
#11625 = ( GEOMETRIC_REPRESENTATION_CONTEXT(2) 
PARAMETRIC_REPRESENTATION_CONTEXT() REPRESENTATION_CONTEXT('2D SPACE',''
  ) );
#11626 = ADVANCED_FACE('',(#11627),#5586,.T.);
#11627 = FACE_BOUND('',#11628,.T.);
#11628 = EDGE_LOOP('',(#11629,#11630,#11631,#11654,#11677));
#11629 = ORIENTED_EDGE('',*,*,#11583,.F.);
#11630 = ORIENTED_EDGE('',*,*,#5570,.T.);
#11631 = ORIENTED_EDGE('',*,*,#11632,.T.);
#11632 = EDGE_CURVE('',#5544,#11633,#11635,.T.);
#11633 = VERTEX_POINT('',#11634);
#11634 = CARTESIAN_POINT('',(254.5,247.05,15.5));
#11635 = SURFACE_CURVE('',#11636,(#11640,#11647),.PCURVE_S1.);
#11636 = LINE('',#11637,#11638);
#11637 = CARTESIAN_POINT('',(254.5,239.95,15.5));
#11638 = VECTOR('',#11639,1.);
#11639 = DIRECTION('',(-0.,1.,0.));
#11640 = PCURVE('',#5586,#11641);
#11641 = DEFINITIONAL_REPRESENTATION('',(#11642),#11646);
#11642 = LINE('',#11643,#11644);
#11643 = CARTESIAN_POINT('',(0.,-0.353553390593));
#11644 = VECTOR('',#11645,1.);
#11645 = DIRECTION('',(1.,0.));
#11646 = ( GEOMETRIC_REPRESENTATION_CONTEXT(2) 
PARAMETRIC_REPRESENTATION_CONTEXT() REPRESENTATION_CONTEXT('2D SPACE',''
  ) );
#11647 = PCURVE('',#5559,#11648);
#11648 = DEFINITIONAL_REPRESENTATION('',(#11649),#11653);
#11649 = LINE('',#11650,#11651);
#11650 = CARTESIAN_POINT('',(23.5,0.));
#11651 = VECTOR('',#11652,1.);
#11652 = DIRECTION('',(0.,-1.));
#11653 = ( GEOMETRIC_REPRESENTATION_CONTEXT(2) 
PARAMETRIC_REPRESENTATION_CONTEXT() REPRESENTATION_CONTEXT('2D SPACE',''
  ) );
#11654 = ORIENTED_EDGE('',*,*,#11655,.T.);
#11655 = EDGE_CURVE('',#11633,#11656,#11658,.T.);
#11656 = VERTEX_POINT('',#11657);
#11657 = CARTESIAN_POINT('',(254.,246.55,16.));
#11658 = SURFACE_CURVE('',#11659,(#11663,#11670),.PCURVE_S1.);
#11659 = LINE('',#11660,#11661);
#11660 = CARTESIAN_POINT('',(251.65,244.2,18.35));
#11661 = VECTOR('',#11662,1.);
#11662 = DIRECTION('',(-0.57735026919,-0.57735026919,0.57735026919));
#11663 = PCURVE('',#5586,#11664);
#11664 = DEFINITIONAL_REPRESENTATION('',(#11665),#11669);
#11665 = LINE('',#11666,#11667);
#11666 = CARTESIAN_POINT('',(4.25,3.67695526217));
#11667 = VECTOR('',#11668,1.);
#11668 = DIRECTION('',(-0.57735026919,0.816496580928));
#11669 = ( GEOMETRIC_REPRESENTATION_CONTEXT(2) 
PARAMETRIC_REPRESENTATION_CONTEXT() REPRESENTATION_CONTEXT('2D SPACE',''
  ) );
#11670 = PCURVE('',#11540,#11671);
#11671 = DEFINITIONAL_REPRESENTATION('',(#11672),#11676);
#11672 = LINE('',#11673,#11674);
#11673 = CARTESIAN_POINT('',(-6.15,3.67695526217));
#11674 = VECTOR('',#11675,1.);
#11675 = DIRECTION('',(0.57735026919,0.816496580928));
#11676 = ( GEOMETRIC_REPRESENTATION_CONTEXT(2) 
PARAMETRIC_REPRESENTATION_CONTEXT() REPRESENTATION_CONTEXT('2D SPACE',''
  ) );
#11677 = ORIENTED_EDGE('',*,*,#11678,.F.);
#11678 = EDGE_CURVE('',#11584,#11656,#11679,.T.);
#11679 = SURFACE_CURVE('',#11680,(#11684,#11691),.PCURVE_S1.);
#11680 = LINE('',#11681,#11682);
#11681 = CARTESIAN_POINT('',(254.,239.95,16.));
#11682 = VECTOR('',#11683,1.);
#11683 = DIRECTION('',(-0.,1.,0.));
#11684 = PCURVE('',#5586,#11685);
#11685 = DEFINITIONAL_REPRESENTATION('',(#11686),#11690);
#11686 = LINE('',#11687,#11688);
#11687 = CARTESIAN_POINT('',(0.,0.353553390593));
#11688 = VECTOR('',#11689,1.);
#11689 = DIRECTION('',(1.,0.));
#11690 = ( GEOMETRIC_REPRESENTATION_CONTEXT(2) 
PARAMETRIC_REPRESENTATION_CONTEXT() REPRESENTATION_CONTEXT('2D SPACE',''
  ) );
#11691 = PCURVE('',#11566,#11692);
#11692 = DEFINITIONAL_REPRESENTATION('',(#11693),#11697);
#11693 = LINE('',#11694,#11695);
#11694 = CARTESIAN_POINT('',(8.5,0.));
#11695 = VECTOR('',#11696,1.);
#11696 = DIRECTION('',(0.,1.));
#11697 = ( GEOMETRIC_REPRESENTATION_CONTEXT(2) 
PARAMETRIC_REPRESENTATION_CONTEXT() REPRESENTATION_CONTEXT('2D SPACE',''
  ) );
#11698 = ADVANCED_FACE('',(#11699),#5559,.T.);
#11699 = FACE_BOUND('',#11700,.T.);
#11700 = EDGE_LOOP('',(#11701,#11724,#11725,#11726));
#11701 = ORIENTED_EDGE('',*,*,#11702,.T.);
#11702 = EDGE_CURVE('',#11703,#11633,#11705,.T.);
#11703 = VERTEX_POINT('',#11704);
#11704 = CARTESIAN_POINT('',(254.5,247.05,-7.6));
#11705 = SURFACE_CURVE('',#11706,(#11710,#11717),.PCURVE_S1.);
#11706 = LINE('',#11707,#11708);
#11707 = CARTESIAN_POINT('',(254.5,247.05,-8.));
#11708 = VECTOR('',#11709,1.);
#11709 = DIRECTION('',(0.,0.,1.));
#11710 = PCURVE('',#5559,#11711);
#11711 = DEFINITIONAL_REPRESENTATION('',(#11712),#11716);
#11712 = LINE('',#11713,#11714);
#11713 = CARTESIAN_POINT('',(0.,-7.1));
#11714 = VECTOR('',#11715,1.);
#11715 = DIRECTION('',(1.,0.));
#11716 = ( GEOMETRIC_REPRESENTATION_CONTEXT(2) 
PARAMETRIC_REPRESENTATION_CONTEXT() REPRESENTATION_CONTEXT('2D SPACE',''
  ) );
#11717 = PCURVE('',#11441,#11718);
#11718 = DEFINITIONAL_REPRESENTATION('',(#11719),#11723);
#11719 = LINE('',#11720,#11721);
#11720 = CARTESIAN_POINT('',(0.,9.));
#11721 = VECTOR('',#11722,1.);
#11722 = DIRECTION('',(1.,0.));
#11723 = ( GEOMETRIC_REPRESENTATION_CONTEXT(2) 
PARAMETRIC_REPRESENTATION_CONTEXT() REPRESENTATION_CONTEXT('2D SPACE',''
  ) );
#11724 = ORIENTED_EDGE('',*,*,#11632,.F.);
#11725 = ORIENTED_EDGE('',*,*,#5543,.T.);
#11726 = ORIENTED_EDGE('',*,*,#11727,.T.);
#11727 = EDGE_CURVE('',#5516,#11703,#11728,.T.);
#11728 = SURFACE_CURVE('',#11729,(#11733,#11740),.PCURVE_S1.);
#11729 = LINE('',#11730,#11731);
#11730 = CARTESIAN_POINT('',(254.5,240.,-7.6));
#11731 = VECTOR('',#11732,1.);
#11732 = DIRECTION('',(-0.,1.,0.));
#11733 = PCURVE('',#5559,#11734);
#11734 = DEFINITIONAL_REPRESENTATION('',(#11735),#11739);
#11735 = LINE('',#11736,#11737);
#11736 = CARTESIAN_POINT('',(0.4,-5.000000000001E-02));
#11737 = VECTOR('',#11738,1.);
#11738 = DIRECTION('',(0.,-1.));
#11739 = ( GEOMETRIC_REPRESENTATION_CONTEXT(2) 
PARAMETRIC_REPRESENTATION_CONTEXT() REPRESENTATION_CONTEXT('2D SPACE',''
  ) );
#11740 = PCURVE('',#5765,#11741);
#11741 = DEFINITIONAL_REPRESENTATION('',(#11742),#11746);
#11742 = LINE('',#11743,#11744);
#11743 = CARTESIAN_POINT('',(0.,-0.282842712475));
#11744 = VECTOR('',#11745,1.);
#11745 = DIRECTION('',(1.,0.));
#11746 = ( GEOMETRIC_REPRESENTATION_CONTEXT(2) 
PARAMETRIC_REPRESENTATION_CONTEXT() REPRESENTATION_CONTEXT('2D SPACE',''
  ) );
#11747 = ADVANCED_FACE('',(#11748),#5531,.F.);
#11748 = FACE_BOUND('',#11749,.T.);
#11749 = EDGE_LOOP('',(#11750,#11771,#11772,#11773));
#11750 = ORIENTED_EDGE('',*,*,#11751,.F.);
#11751 = EDGE_CURVE('',#5516,#5727,#11752,.T.);
#11752 = SURFACE_CURVE('',#11753,(#11757,#11764),.PCURVE_S1.);
#11753 = LINE('',#11754,#11755);
#11754 = CARTESIAN_POINT('',(254.36666666666,239.86666666666,
    -7.733333333333));
#11755 = VECTOR('',#11756,1.);
#11756 = DIRECTION('',(-0.57735026919,-0.57735026919,-0.57735026919));
#11757 = PCURVE('',#5531,#11758);
#11758 = DEFINITIONAL_REPRESENTATION('',(#11759),#11763);
#11759 = LINE('',#11760,#11761);
#11760 = CARTESIAN_POINT('',(0.133333333333,-9.428090415821E-02));
#11761 = VECTOR('',#11762,1.);
#11762 = DIRECTION('',(0.57735026919,0.816496580928));
#11763 = ( GEOMETRIC_REPRESENTATION_CONTEXT(2) 
PARAMETRIC_REPRESENTATION_CONTEXT() REPRESENTATION_CONTEXT('2D SPACE',''
  ) );
#11764 = PCURVE('',#5765,#11765);
#11765 = DEFINITIONAL_REPRESENTATION('',(#11766),#11770);
#11766 = LINE('',#11767,#11768);
#11767 = CARTESIAN_POINT('',(-0.133333333333,-9.428090415821E-02));
#11768 = VECTOR('',#11769,1.);
#11769 = DIRECTION('',(-0.57735026919,0.816496580928));
#11770 = ( GEOMETRIC_REPRESENTATION_CONTEXT(2) 
PARAMETRIC_REPRESENTATION_CONTEXT() REPRESENTATION_CONTEXT('2D SPACE',''
  ) );
#11771 = ORIENTED_EDGE('',*,*,#5515,.T.);
#11772 = ORIENTED_EDGE('',*,*,#6028,.T.);
#11773 = ORIENTED_EDGE('',*,*,#5726,.F.);
#11774 = ADVANCED_FACE('',(#11775),#5821,.T.);
#11775 = FACE_BOUND('',#11776,.T.);
#11776 = EDGE_LOOP('',(#11777,#11778,#11779,#11800));
#11777 = ORIENTED_EDGE('',*,*,#11398,.F.);
#11778 = ORIENTED_EDGE('',*,*,#11475,.T.);
#11779 = ORIENTED_EDGE('',*,*,#11780,.T.);
#11780 = EDGE_CURVE('',#11424,#5778,#11781,.T.);
#11781 = SURFACE_CURVE('',#11782,(#11786,#11793),.PCURVE_S1.);
#11782 = LINE('',#11783,#11784);
#11783 = CARTESIAN_POINT('',(246.80833333333,245.74166666666,
    -8.908333333333));
#11784 = VECTOR('',#11785,1.);
#11785 = DIRECTION('',(0.57735026919,-0.57735026919,-0.57735026919));
#11786 = PCURVE('',#5821,#11787);
#11787 = DEFINITIONAL_REPRESENTATION('',(#11788),#11792);
#11788 = LINE('',#11789,#11790);
#11789 = CARTESIAN_POINT('',(5.741666666667,1.56742003163));
#11790 = VECTOR('',#11791,1.);
#11791 = DIRECTION('',(-0.57735026919,0.816496580928));
#11792 = ( GEOMETRIC_REPRESENTATION_CONTEXT(2) 
PARAMETRIC_REPRESENTATION_CONTEXT() REPRESENTATION_CONTEXT('2D SPACE',''
  ) );
#11793 = PCURVE('',#5793,#11794);
#11794 = DEFINITIONAL_REPRESENTATION('',(#11795),#11799);
#11795 = LINE('',#11796,#11797);
#11796 = CARTESIAN_POINT('',(-1.308333333333,1.56742003163));
#11797 = VECTOR('',#11798,1.);
#11798 = DIRECTION('',(-0.57735026919,0.816496580928));
#11799 = ( GEOMETRIC_REPRESENTATION_CONTEXT(2) 
PARAMETRIC_REPRESENTATION_CONTEXT() REPRESENTATION_CONTEXT('2D SPACE',''
  ) );
#11800 = ORIENTED_EDGE('',*,*,#5805,.F.);
#11801 = ADVANCED_FACE('',(#11802),#5765,.F.);
#11802 = FACE_BOUND('',#11803,.F.);
#11803 = EDGE_LOOP('',(#11804,#11805,#11806,#11827));
#11804 = ORIENTED_EDGE('',*,*,#11751,.F.);
#11805 = ORIENTED_EDGE('',*,*,#11727,.T.);
#11806 = ORIENTED_EDGE('',*,*,#11807,.T.);
#11807 = EDGE_CURVE('',#11703,#5750,#11808,.T.);
#11808 = SURFACE_CURVE('',#11809,(#11813,#11820),.PCURVE_S1.);
#11809 = LINE('',#11810,#11811);
#11810 = CARTESIAN_POINT('',(251.69166666666,244.24166666666,
    -10.40833333333));
#11811 = VECTOR('',#11812,1.);
#11812 = DIRECTION('',(-0.57735026919,-0.57735026919,-0.57735026919));
#11813 = PCURVE('',#5765,#11814);
#11814 = DEFINITIONAL_REPRESENTATION('',(#11815),#11819);
#11815 = LINE('',#11816,#11817);
#11816 = CARTESIAN_POINT('',(4.241666666667,3.68874037519));
#11817 = VECTOR('',#11818,1.);
#11818 = DIRECTION('',(-0.57735026919,0.816496580928));
#11819 = ( GEOMETRIC_REPRESENTATION_CONTEXT(2) 
PARAMETRIC_REPRESENTATION_CONTEXT() REPRESENTATION_CONTEXT('2D SPACE',''
  ) );
#11820 = PCURVE('',#5793,#11821);
#11821 = DEFINITIONAL_REPRESENTATION('',(#11822),#11826);
#11822 = LINE('',#11823,#11824);
#11823 = CARTESIAN_POINT('',(-6.191666666667,3.68874037519));
#11824 = VECTOR('',#11825,1.);
#11825 = DIRECTION('',(0.57735026919,0.816496580928));
#11826 = ( GEOMETRIC_REPRESENTATION_CONTEXT(2) 
PARAMETRIC_REPRESENTATION_CONTEXT() REPRESENTATION_CONTEXT('2D SPACE',''
  ) );
#11827 = ORIENTED_EDGE('',*,*,#5749,.F.);
#11828 = ADVANCED_FACE('',(#11829),#5793,.F.);
#11829 = FACE_BOUND('',#11830,.T.);
#11830 = EDGE_LOOP('',(#11831,#11832,#11853,#11854));
#11831 = ORIENTED_EDGE('',*,*,#11780,.F.);
#11832 = ORIENTED_EDGE('',*,*,#11833,.T.);
#11833 = EDGE_CURVE('',#11424,#11703,#11834,.T.);
#11834 = SURFACE_CURVE('',#11835,(#11839,#11846),.PCURVE_S1.);
#11835 = LINE('',#11836,#11837);
#11836 = CARTESIAN_POINT('',(245.5,247.05,-7.6));
#11837 = VECTOR('',#11838,1.);
#11838 = DIRECTION('',(1.,0.,-0.));
#11839 = PCURVE('',#5793,#11840);
#11840 = DEFINITIONAL_REPRESENTATION('',(#11841),#11845);
#11841 = LINE('',#11842,#11843);
#11842 = CARTESIAN_POINT('',(-0.,-0.282842712475));
#11843 = VECTOR('',#11844,1.);
#11844 = DIRECTION('',(-1.,0.));
#11845 = ( GEOMETRIC_REPRESENTATION_CONTEXT(2) 
PARAMETRIC_REPRESENTATION_CONTEXT() REPRESENTATION_CONTEXT('2D SPACE',''
  ) );
#11846 = PCURVE('',#11441,#11847);
#11847 = DEFINITIONAL_REPRESENTATION('',(#11848),#11852);
#11848 = LINE('',#11849,#11850);
#11849 = CARTESIAN_POINT('',(0.4,0.));
#11850 = VECTOR('',#11851,1.);
#11851 = DIRECTION('',(0.,1.));
#11852 = ( GEOMETRIC_REPRESENTATION_CONTEXT(2) 
PARAMETRIC_REPRESENTATION_CONTEXT() REPRESENTATION_CONTEXT('2D SPACE',''
  ) );
#11853 = ORIENTED_EDGE('',*,*,#11807,.T.);
#11854 = ORIENTED_EDGE('',*,*,#5777,.F.);
#11855 = ADVANCED_FACE('',(#11856),#5874,.F.);
#11856 = FACE_BOUND('',#11857,.F.);
#11857 = EDGE_LOOP('',(#11858,#11881,#11903,#11904));
#11858 = ORIENTED_EDGE('',*,*,#11859,.T.);
#11859 = EDGE_CURVE('',#5858,#11860,#11862,.T.);
#11860 = VERTEX_POINT('',#11861);
#11861 = CARTESIAN_POINT('',(233.4,60.,-4.7));
#11862 = SEAM_CURVE('',#11863,(#11867,#11874),.PCURVE_S1.);
#11863 = LINE('',#11864,#11865);
#11864 = CARTESIAN_POINT('',(233.4,60.,-8.1));
#11865 = VECTOR('',#11866,1.);
#11866 = DIRECTION('',(0.,0.,1.));
#11867 = PCURVE('',#5874,#11868);
#11868 = DEFINITIONAL_REPRESENTATION('',(#11869),#11873);
#11869 = LINE('',#11870,#11871);
#11870 = CARTESIAN_POINT('',(6.28318530718,-0.));
#11871 = VECTOR('',#11872,1.);
#11872 = DIRECTION('',(0.,1.));
#11873 = ( GEOMETRIC_REPRESENTATION_CONTEXT(2) 
PARAMETRIC_REPRESENTATION_CONTEXT() REPRESENTATION_CONTEXT('2D SPACE',''
  ) );
#11874 = PCURVE('',#5874,#11875);
#11875 = DEFINITIONAL_REPRESENTATION('',(#11876),#11880);
#11876 = LINE('',#11877,#11878);
#11877 = CARTESIAN_POINT('',(0.,-0.));
#11878 = VECTOR('',#11879,1.);
#11879 = DIRECTION('',(0.,1.));
#11880 = ( GEOMETRIC_REPRESENTATION_CONTEXT(2) 
PARAMETRIC_REPRESENTATION_CONTEXT() REPRESENTATION_CONTEXT('2D SPACE',''
  ) );
#11881 = ORIENTED_EDGE('',*,*,#11882,.F.);
#11882 = EDGE_CURVE('',#11860,#11860,#11883,.T.);
#11883 = SURFACE_CURVE('',#11884,(#11889,#11896),.PCURVE_S1.);
#11884 = CIRCLE('',#11885,3.4);
#11885 = AXIS2_PLACEMENT_3D('',#11886,#11887,#11888);
#11886 = CARTESIAN_POINT('',(230.,60.,-4.7));
#11887 = DIRECTION('',(0.,0.,1.));
#11888 = DIRECTION('',(1.,0.,-0.));
#11889 = PCURVE('',#5874,#11890);
#11890 = DEFINITIONAL_REPRESENTATION('',(#11891),#11895);
#11891 = LINE('',#11892,#11893);
#11892 = CARTESIAN_POINT('',(0.,3.4));
#11893 = VECTOR('',#11894,1.);
#11894 = DIRECTION('',(1.,0.));
#11895 = ( GEOMETRIC_REPRESENTATION_CONTEXT(2) 
PARAMETRIC_REPRESENTATION_CONTEXT() REPRESENTATION_CONTEXT('2D SPACE',''
  ) );
#11896 = PCURVE('',#6277,#11897);
#11897 = DEFINITIONAL_REPRESENTATION('',(#11898),#11902);
#11898 = CIRCLE('',#11899,3.4);
#11899 = AXIS2_PLACEMENT_2D('',#11900,#11901);
#11900 = CARTESIAN_POINT('',(0.,0.));
#11901 = DIRECTION('',(1.,0.));
#11902 = ( GEOMETRIC_REPRESENTATION_CONTEXT(2) 
PARAMETRIC_REPRESENTATION_CONTEXT() REPRESENTATION_CONTEXT('2D SPACE',''
  ) );
#11903 = ORIENTED_EDGE('',*,*,#11859,.F.);
#11904 = ORIENTED_EDGE('',*,*,#5857,.T.);
#11905 = ADVANCED_FACE('',(#11906),#5905,.T.);
#11906 = FACE_BOUND('',#11907,.T.);
#11907 = EDGE_LOOP('',(#11908,#11931,#11932,#11955));
#11908 = ORIENTED_EDGE('',*,*,#11909,.F.);
#11909 = EDGE_CURVE('',#5889,#11910,#11912,.T.);
#11910 = VERTEX_POINT('',#11911);
#11911 = CARTESIAN_POINT('',(256.,105.,-7.15));
#11912 = SURFACE_CURVE('',#11913,(#11917,#11924),.PCURVE_S1.);
#11913 = LINE('',#11914,#11915);
#11914 = CARTESIAN_POINT('',(256.,105.,-8.05));
#11915 = VECTOR('',#11916,1.);
#11916 = DIRECTION('',(0.,0.,1.));
#11917 = PCURVE('',#5905,#11918);
#11918 = DEFINITIONAL_REPRESENTATION('',(#11919),#11923);
#11919 = LINE('',#11920,#11921);
#11920 = CARTESIAN_POINT('',(0.,12.));
#11921 = VECTOR('',#11922,1.);
#11922 = DIRECTION('',(1.,0.));
#11923 = ( GEOMETRIC_REPRESENTATION_CONTEXT(2) 
PARAMETRIC_REPRESENTATION_CONTEXT() REPRESENTATION_CONTEXT('2D SPACE',''
  ) );
#11924 = PCURVE('',#5981,#11925);
#11925 = DEFINITIONAL_REPRESENTATION('',(#11926),#11930);
#11926 = LINE('',#11927,#11928);
#11927 = CARTESIAN_POINT('',(0.,0.));
#11928 = VECTOR('',#11929,1.);
#11929 = DIRECTION('',(1.,0.));
#11930 = ( GEOMETRIC_REPRESENTATION_CONTEXT(2) 
PARAMETRIC_REPRESENTATION_CONTEXT() REPRESENTATION_CONTEXT('2D SPACE',''
  ) );
#11931 = ORIENTED_EDGE('',*,*,#5888,.T.);
#11932 = ORIENTED_EDGE('',*,*,#11933,.T.);
#11933 = EDGE_CURVE('',#5891,#11934,#11936,.T.);
#11934 = VERTEX_POINT('',#11935);
#11935 = CARTESIAN_POINT('',(244.,105.,-7.15));
#11936 = SURFACE_CURVE('',#11937,(#11941,#11948),.PCURVE_S1.);
#11937 = LINE('',#11938,#11939);
#11938 = CARTESIAN_POINT('',(244.,105.,-8.05));
#11939 = VECTOR('',#11940,1.);
#11940 = DIRECTION('',(0.,0.,1.));
#11941 = PCURVE('',#5905,#11942);
#11942 = DEFINITIONAL_REPRESENTATION('',(#11943),#11947);
#11943 = LINE('',#11944,#11945);
#11944 = CARTESIAN_POINT('',(0.,0.));
#11945 = VECTOR('',#11946,1.);
#11946 = DIRECTION('',(1.,0.));
#11947 = ( GEOMETRIC_REPRESENTATION_CONTEXT(2) 
PARAMETRIC_REPRESENTATION_CONTEXT() REPRESENTATION_CONTEXT('2D SPACE',''
  ) );
#11948 = PCURVE('',#5931,#11949);
#11949 = DEFINITIONAL_REPRESENTATION('',(#11950),#11954);
#11950 = LINE('',#11951,#11952);
#11951 = CARTESIAN_POINT('',(0.,0.));
#11952 = VECTOR('',#11953,1.);
#11953 = DIRECTION('',(1.,0.));
#11954 = ( GEOMETRIC_REPRESENTATION_CONTEXT(2) 
PARAMETRIC_REPRESENTATION_CONTEXT() REPRESENTATION_CONTEXT('2D SPACE',''
  ) );
#11955 = ORIENTED_EDGE('',*,*,#11956,.T.);
#11956 = EDGE_CURVE('',#11934,#11910,#11957,.T.);
#11957 = SURFACE_CURVE('',#11958,(#11962,#11969),.PCURVE_S1.);
#11958 = LINE('',#11959,#11960);
#11959 = CARTESIAN_POINT('',(244.,105.,-7.15));
#11960 = VECTOR('',#11961,1.);
#11961 = DIRECTION('',(1.,0.,-0.));
#11962 = PCURVE('',#5905,#11963);
#11963 = DEFINITIONAL_REPRESENTATION('',(#11964),#11968);
#11964 = LINE('',#11965,#11966);
#11965 = CARTESIAN_POINT('',(0.9,0.));
#11966 = VECTOR('',#11967,1.);
#11967 = DIRECTION('',(0.,1.));
#11968 = ( GEOMETRIC_REPRESENTATION_CONTEXT(2) 
PARAMETRIC_REPRESENTATION_CONTEXT() REPRESENTATION_CONTEXT('2D SPACE',''
  ) );
#11969 = PCURVE('',#11970,#11975);
#11970 = PLANE('',#11971);
#11971 = AXIS2_PLACEMENT_3D('',#11972,#11973,#11974);
#11972 = CARTESIAN_POINT('',(244.,105.,-7.15));
#11973 = DIRECTION('',(0.,0.,1.));
#11974 = DIRECTION('',(1.,0.,-0.));
#11975 = DEFINITIONAL_REPRESENTATION('',(#11976),#11980);
#11976 = LINE('',#11977,#11978);
#11977 = CARTESIAN_POINT('',(0.,0.));
#11978 = VECTOR('',#11979,1.);
#11979 = DIRECTION('',(1.,0.));
#11980 = ( GEOMETRIC_REPRESENTATION_CONTEXT(2) 
PARAMETRIC_REPRESENTATION_CONTEXT() REPRESENTATION_CONTEXT('2D SPACE',''
  ) );
#11981 = ADVANCED_FACE('',(#11982),#5981,.F.);
#11982 = FACE_BOUND('',#11983,.F.);
#11983 = EDGE_LOOP('',(#11984,#11985,#11986,#12009));
#11984 = ORIENTED_EDGE('',*,*,#11909,.F.);
#11985 = ORIENTED_EDGE('',*,*,#5968,.T.);
#11986 = ORIENTED_EDGE('',*,*,#11987,.T.);
#11987 = EDGE_CURVE('',#5943,#11988,#11990,.T.);
#11988 = VERTEX_POINT('',#11989);
#11989 = CARTESIAN_POINT('',(256.,135.,-7.15));
#11990 = SURFACE_CURVE('',#11991,(#11995,#12002),.PCURVE_S1.);
#11991 = LINE('',#11992,#11993);
#11992 = CARTESIAN_POINT('',(256.,135.,-8.05));
#11993 = VECTOR('',#11994,1.);
#11994 = DIRECTION('',(0.,0.,1.));
#11995 = PCURVE('',#5981,#11996);
#11996 = DEFINITIONAL_REPRESENTATION('',(#11997),#12001);
#11997 = LINE('',#11998,#11999);
#11998 = CARTESIAN_POINT('',(0.,-30.));
#11999 = VECTOR('',#12000,1.);
#12000 = DIRECTION('',(1.,0.));
#12001 = ( GEOMETRIC_REPRESENTATION_CONTEXT(2) 
PARAMETRIC_REPRESENTATION_CONTEXT() REPRESENTATION_CONTEXT('2D SPACE',''
  ) );
#12002 = PCURVE('',#5957,#12003);
#12003 = DEFINITIONAL_REPRESENTATION('',(#12004),#12008);
#12004 = LINE('',#12005,#12006);
#12005 = CARTESIAN_POINT('',(0.,12.));
#12006 = VECTOR('',#12007,1.);
#12007 = DIRECTION('',(1.,0.));
#12008 = ( GEOMETRIC_REPRESENTATION_CONTEXT(2) 
PARAMETRIC_REPRESENTATION_CONTEXT() REPRESENTATION_CONTEXT('2D SPACE',''
  ) );
#12009 = ORIENTED_EDGE('',*,*,#12010,.F.);
#12010 = EDGE_CURVE('',#11910,#11988,#12011,.T.);
#12011 = SURFACE_CURVE('',#12012,(#12016,#12023),.PCURVE_S1.);
#12012 = LINE('',#12013,#12014);
#12013 = CARTESIAN_POINT('',(256.,105.,-7.15));
#12014 = VECTOR('',#12015,1.);
#12015 = DIRECTION('',(-0.,1.,0.));
#12016 = PCURVE('',#5981,#12017);
#12017 = DEFINITIONAL_REPRESENTATION('',(#12018),#12022);
#12018 = LINE('',#12019,#12020);
#12019 = CARTESIAN_POINT('',(0.9,0.));
#12020 = VECTOR('',#12021,1.);
#12021 = DIRECTION('',(0.,-1.));
#12022 = ( GEOMETRIC_REPRESENTATION_CONTEXT(2) 
PARAMETRIC_REPRESENTATION_CONTEXT() REPRESENTATION_CONTEXT('2D SPACE',''
  ) );
#12023 = PCURVE('',#11970,#12024);
#12024 = DEFINITIONAL_REPRESENTATION('',(#12025),#12029);
#12025 = LINE('',#12026,#12027);
#12026 = CARTESIAN_POINT('',(12.,0.));
#12027 = VECTOR('',#12028,1.);
#12028 = DIRECTION('',(0.,1.));
#12029 = ( GEOMETRIC_REPRESENTATION_CONTEXT(2) 
PARAMETRIC_REPRESENTATION_CONTEXT() REPRESENTATION_CONTEXT('2D SPACE',''
  ) );
#12030 = ADVANCED_FACE('',(#12031),#5957,.F.);
#12031 = FACE_BOUND('',#12032,.F.);
#12032 = EDGE_LOOP('',(#12033,#12034,#12035,#12058));
#12033 = ORIENTED_EDGE('',*,*,#11987,.F.);
#12034 = ORIENTED_EDGE('',*,*,#5942,.T.);
#12035 = ORIENTED_EDGE('',*,*,#12036,.T.);
#12036 = EDGE_CURVE('',#5917,#12037,#12039,.T.);
#12037 = VERTEX_POINT('',#12038);
#12038 = CARTESIAN_POINT('',(244.,135.,-7.15));
#12039 = SURFACE_CURVE('',#12040,(#12044,#12051),.PCURVE_S1.);
#12040 = LINE('',#12041,#12042);
#12041 = CARTESIAN_POINT('',(244.,135.,-8.05));
#12042 = VECTOR('',#12043,1.);
#12043 = DIRECTION('',(0.,0.,1.));
#12044 = PCURVE('',#5957,#12045);
#12045 = DEFINITIONAL_REPRESENTATION('',(#12046),#12050);
#12046 = LINE('',#12047,#12048);
#12047 = CARTESIAN_POINT('',(0.,0.));
#12048 = VECTOR('',#12049,1.);
#12049 = DIRECTION('',(1.,0.));
#12050 = ( GEOMETRIC_REPRESENTATION_CONTEXT(2) 
PARAMETRIC_REPRESENTATION_CONTEXT() REPRESENTATION_CONTEXT('2D SPACE',''
  ) );
#12051 = PCURVE('',#5931,#12052);
#12052 = DEFINITIONAL_REPRESENTATION('',(#12053),#12057);
#12053 = LINE('',#12054,#12055);
#12054 = CARTESIAN_POINT('',(0.,-30.));
#12055 = VECTOR('',#12056,1.);
#12056 = DIRECTION('',(1.,0.));
#12057 = ( GEOMETRIC_REPRESENTATION_CONTEXT(2) 
PARAMETRIC_REPRESENTATION_CONTEXT() REPRESENTATION_CONTEXT('2D SPACE',''
  ) );
#12058 = ORIENTED_EDGE('',*,*,#12059,.T.);
#12059 = EDGE_CURVE('',#12037,#11988,#12060,.T.);
#12060 = SURFACE_CURVE('',#12061,(#12065,#12072),.PCURVE_S1.);
#12061 = LINE('',#12062,#12063);
#12062 = CARTESIAN_POINT('',(244.,135.,-7.15));
#12063 = VECTOR('',#12064,1.);
#12064 = DIRECTION('',(1.,0.,-0.));
#12065 = PCURVE('',#5957,#12066);
#12066 = DEFINITIONAL_REPRESENTATION('',(#12067),#12071);
#12067 = LINE('',#12068,#12069);
#12068 = CARTESIAN_POINT('',(0.9,0.));
#12069 = VECTOR('',#12070,1.);
#12070 = DIRECTION('',(0.,1.));
#12071 = ( GEOMETRIC_REPRESENTATION_CONTEXT(2) 
PARAMETRIC_REPRESENTATION_CONTEXT() REPRESENTATION_CONTEXT('2D SPACE',''
  ) );
#12072 = PCURVE('',#11970,#12073);
#12073 = DEFINITIONAL_REPRESENTATION('',(#12074),#12078);
#12074 = LINE('',#12075,#12076);
#12075 = CARTESIAN_POINT('',(0.,30.));
#12076 = VECTOR('',#12077,1.);
#12077 = DIRECTION('',(1.,0.));
#12078 = ( GEOMETRIC_REPRESENTATION_CONTEXT(2) 
PARAMETRIC_REPRESENTATION_CONTEXT() REPRESENTATION_CONTEXT('2D SPACE',''
  ) );
#12079 = ADVANCED_FACE('',(#12080),#5931,.T.);
#12080 = FACE_BOUND('',#12081,.T.);
#12081 = EDGE_LOOP('',(#12082,#12083,#12084,#12085));
#12082 = ORIENTED_EDGE('',*,*,#11933,.F.);
#12083 = ORIENTED_EDGE('',*,*,#5916,.T.);
#12084 = ORIENTED_EDGE('',*,*,#12036,.T.);
#12085 = ORIENTED_EDGE('',*,*,#12086,.F.);
#12086 = EDGE_CURVE('',#11934,#12037,#12087,.T.);
#12087 = SURFACE_CURVE('',#12088,(#12092,#12099),.PCURVE_S1.);
#12088 = LINE('',#12089,#12090);
#12089 = CARTESIAN_POINT('',(244.,105.,-7.15));
#12090 = VECTOR('',#12091,1.);
#12091 = DIRECTION('',(-0.,1.,0.));
#12092 = PCURVE('',#5931,#12093);
#12093 = DEFINITIONAL_REPRESENTATION('',(#12094),#12098);
#12094 = LINE('',#12095,#12096);
#12095 = CARTESIAN_POINT('',(0.9,0.));
#12096 = VECTOR('',#12097,1.);
#12097 = DIRECTION('',(0.,-1.));
#12098 = ( GEOMETRIC_REPRESENTATION_CONTEXT(2) 
PARAMETRIC_REPRESENTATION_CONTEXT() REPRESENTATION_CONTEXT('2D SPACE',''
  ) );
#12099 = PCURVE('',#11970,#12100);
#12100 = DEFINITIONAL_REPRESENTATION('',(#12101),#12105);
#12101 = LINE('',#12102,#12103);
#12102 = CARTESIAN_POINT('',(0.,0.));
#12103 = VECTOR('',#12104,1.);
#12104 = DIRECTION('',(0.,1.));
#12105 = ( GEOMETRIC_REPRESENTATION_CONTEXT(2) 
PARAMETRIC_REPRESENTATION_CONTEXT() REPRESENTATION_CONTEXT('2D SPACE',''
  ) );
#12106 = ADVANCED_FACE('',(#12107),#6011,.F.);
#12107 = FACE_BOUND('',#12108,.F.);
#12108 = EDGE_LOOP('',(#12109,#12132,#12154,#12155));
#12109 = ORIENTED_EDGE('',*,*,#12110,.T.);
#12110 = EDGE_CURVE('',#5995,#12111,#12113,.T.);
#12111 = VERTEX_POINT('',#12112);
#12112 = CARTESIAN_POINT('',(233.4,180.,-4.7));
#12113 = SEAM_CURVE('',#12114,(#12118,#12125),.PCURVE_S1.);
#12114 = LINE('',#12115,#12116);
#12115 = CARTESIAN_POINT('',(233.4,180.,-8.1));
#12116 = VECTOR('',#12117,1.);
#12117 = DIRECTION('',(0.,0.,1.));
#12118 = PCURVE('',#6011,#12119);
#12119 = DEFINITIONAL_REPRESENTATION('',(#12120),#12124);
#12120 = LINE('',#12121,#12122);
#12121 = CARTESIAN_POINT('',(6.28318530718,-0.));
#12122 = VECTOR('',#12123,1.);
#12123 = DIRECTION('',(0.,1.));
#12124 = ( GEOMETRIC_REPRESENTATION_CONTEXT(2) 
PARAMETRIC_REPRESENTATION_CONTEXT() REPRESENTATION_CONTEXT('2D SPACE',''
  ) );
#12125 = PCURVE('',#6011,#12126);
#12126 = DEFINITIONAL_REPRESENTATION('',(#12127),#12131);
#12127 = LINE('',#12128,#12129);
#12128 = CARTESIAN_POINT('',(0.,-0.));
#12129 = VECTOR('',#12130,1.);
#12130 = DIRECTION('',(0.,1.));
#12131 = ( GEOMETRIC_REPRESENTATION_CONTEXT(2) 
PARAMETRIC_REPRESENTATION_CONTEXT() REPRESENTATION_CONTEXT('2D SPACE',''
  ) );
#12132 = ORIENTED_EDGE('',*,*,#12133,.F.);
#12133 = EDGE_CURVE('',#12111,#12111,#12134,.T.);
#12134 = SURFACE_CURVE('',#12135,(#12140,#12147),.PCURVE_S1.);
#12135 = CIRCLE('',#12136,3.4);
#12136 = AXIS2_PLACEMENT_3D('',#12137,#12138,#12139);
#12137 = CARTESIAN_POINT('',(230.,180.,-4.7));
#12138 = DIRECTION('',(0.,0.,1.));
#12139 = DIRECTION('',(1.,0.,-0.));
#12140 = PCURVE('',#6011,#12141);
#12141 = DEFINITIONAL_REPRESENTATION('',(#12142),#12146);
#12142 = LINE('',#12143,#12144);
#12143 = CARTESIAN_POINT('',(0.,3.4));
#12144 = VECTOR('',#12145,1.);
#12145 = DIRECTION('',(1.,0.));
#12146 = ( GEOMETRIC_REPRESENTATION_CONTEXT(2) 
PARAMETRIC_REPRESENTATION_CONTEXT() REPRESENTATION_CONTEXT('2D SPACE',''
  ) );
#12147 = PCURVE('',#6332,#12148);
#12148 = DEFINITIONAL_REPRESENTATION('',(#12149),#12153);
#12149 = CIRCLE('',#12150,3.4);
#12150 = AXIS2_PLACEMENT_2D('',#12151,#12152);
#12151 = CARTESIAN_POINT('',(0.,0.));
#12152 = DIRECTION('',(1.,0.));
#12153 = ( GEOMETRIC_REPRESENTATION_CONTEXT(2) 
PARAMETRIC_REPRESENTATION_CONTEXT() REPRESENTATION_CONTEXT('2D SPACE',''
  ) );
#12154 = ORIENTED_EDGE('',*,*,#12110,.F.);
#12155 = ORIENTED_EDGE('',*,*,#5994,.T.);
#12156 = ADVANCED_FACE('',(#12157),#6070,.F.);
#12157 = FACE_BOUND('',#12158,.T.);
#12158 = EDGE_LOOP('',(#12159,#12160,#12183,#12204));
#12159 = ORIENTED_EDGE('',*,*,#6163,.F.);
#12160 = ORIENTED_EDGE('',*,*,#12161,.T.);
#12161 = EDGE_CURVE('',#6136,#12162,#12164,.T.);
#12162 = VERTEX_POINT('',#12163);
#12163 = CARTESIAN_POINT('',(236.,235.5,2.));
#12164 = SURFACE_CURVE('',#12165,(#12169,#12176),.PCURVE_S1.);
#12165 = LINE('',#12166,#12167);
#12166 = CARTESIAN_POINT('',(236.,235.5,0.));
#12167 = VECTOR('',#12168,1.);
#12168 = DIRECTION('',(0.,0.,1.));
#12169 = PCURVE('',#6070,#12170);
#12170 = DEFINITIONAL_REPRESENTATION('',(#12171),#12175);
#12171 = LINE('',#12172,#12173);
#12172 = CARTESIAN_POINT('',(-0.,-0.353553390593));
#12173 = VECTOR('',#12174,1.);
#12174 = DIRECTION('',(-1.,0.));
#12175 = ( GEOMETRIC_REPRESENTATION_CONTEXT(2) 
PARAMETRIC_REPRESENTATION_CONTEXT() REPRESENTATION_CONTEXT('2D SPACE',''
  ) );
#12176 = PCURVE('',#6151,#12177);
#12177 = DEFINITIONAL_REPRESENTATION('',(#12178),#12182);
#12178 = LINE('',#12179,#12180);
#12179 = CARTESIAN_POINT('',(0.,-231.5));
#12180 = VECTOR('',#12181,1.);
#12181 = DIRECTION('',(1.,0.));
#12182 = ( GEOMETRIC_REPRESENTATION_CONTEXT(2) 
PARAMETRIC_REPRESENTATION_CONTEXT() REPRESENTATION_CONTEXT('2D SPACE',''
  ) );
#12183 = ORIENTED_EDGE('',*,*,#12184,.T.);
#12184 = EDGE_CURVE('',#12162,#6055,#12185,.T.);
#12185 = SURFACE_CURVE('',#12186,(#12190,#12197),.PCURVE_S1.);
#12186 = LINE('',#12187,#12188);
#12187 = CARTESIAN_POINT('',(197.25,196.75,-36.75));
#12188 = VECTOR('',#12189,1.);
#12189 = DIRECTION('',(0.57735026919,0.57735026919,0.57735026919));
#12190 = PCURVE('',#6070,#12191);
#12191 = DEFINITIONAL_REPRESENTATION('',(#12192),#12196);
#12192 = LINE('',#12193,#12194);
#12193 = CARTESIAN_POINT('',(36.75,-55.15432893255));
#12194 = VECTOR('',#12195,1.);
#12195 = DIRECTION('',(-0.57735026919,0.816496580928));
#12196 = ( GEOMETRIC_REPRESENTATION_CONTEXT(2) 
PARAMETRIC_REPRESENTATION_CONTEXT() REPRESENTATION_CONTEXT('2D SPACE',''
  ) );
#12197 = PCURVE('',#6362,#12198);
#12198 = DEFINITIONAL_REPRESENTATION('',(#12199),#12203);
#12199 = LINE('',#12200,#12201);
#12200 = CARTESIAN_POINT('',(192.75,-55.15432893255));
#12201 = VECTOR('',#12202,1.);
#12202 = DIRECTION('',(0.57735026919,0.816496580928));
#12203 = ( GEOMETRIC_REPRESENTATION_CONTEXT(2) 
PARAMETRIC_REPRESENTATION_CONTEXT() REPRESENTATION_CONTEXT('2D SPACE',''
  ) );
#12204 = ORIENTED_EDGE('',*,*,#6054,.F.);
#12205 = ADVANCED_FACE('',(#12206),#6123,.T.);
#12206 = FACE_BOUND('',#12207,.F.);
#12207 = EDGE_LOOP('',(#12208,#12209,#12232,#12253));
#12208 = ORIENTED_EDGE('',*,*,#6107,.F.);
#12209 = ORIENTED_EDGE('',*,*,#12210,.T.);
#12210 = EDGE_CURVE('',#6108,#12211,#12213,.T.);
#12211 = VERTEX_POINT('',#12212);
#12212 = CARTESIAN_POINT('',(236.,4.5,2.));
#12213 = SURFACE_CURVE('',#12214,(#12218,#12225),.PCURVE_S1.);
#12214 = LINE('',#12215,#12216);
#12215 = CARTESIAN_POINT('',(236.,4.5,0.));
#12216 = VECTOR('',#12217,1.);
#12217 = DIRECTION('',(0.,0.,1.));
#12218 = PCURVE('',#6123,#12219);
#12219 = DEFINITIONAL_REPRESENTATION('',(#12220),#12224);
#12220 = LINE('',#12221,#12222);
#12221 = CARTESIAN_POINT('',(-0.,-0.353553390593));
#12222 = VECTOR('',#12223,1.);
#12223 = DIRECTION('',(-1.,0.));
#12224 = ( GEOMETRIC_REPRESENTATION_CONTEXT(2) 
PARAMETRIC_REPRESENTATION_CONTEXT() REPRESENTATION_CONTEXT('2D SPACE',''
  ) );
#12225 = PCURVE('',#6151,#12226);
#12226 = DEFINITIONAL_REPRESENTATION('',(#12227),#12231);
#12227 = LINE('',#12228,#12229);
#12228 = CARTESIAN_POINT('',(0.,-0.5));
#12229 = VECTOR('',#12230,1.);
#12230 = DIRECTION('',(1.,0.));
#12231 = ( GEOMETRIC_REPRESENTATION_CONTEXT(2) 
PARAMETRIC_REPRESENTATION_CONTEXT() REPRESENTATION_CONTEXT('2D SPACE',''
  ) );
#12232 = ORIENTED_EDGE('',*,*,#12233,.T.);
#12233 = EDGE_CURVE('',#12211,#6190,#12234,.T.);
#12234 = SURFACE_CURVE('',#12235,(#12239,#12246),.PCURVE_S1.);
#12235 = LINE('',#12236,#12237);
#12236 = CARTESIAN_POINT('',(235.91666666666,4.583333333333,
    1.916666666667));
#12237 = VECTOR('',#12238,1.);
#12238 = DIRECTION('',(0.57735026919,-0.57735026919,0.57735026919));
#12239 = PCURVE('',#6123,#12240);
#12240 = DEFINITIONAL_REPRESENTATION('',(#12241),#12245);
#12241 = LINE('',#12242,#12243);
#12242 = CARTESIAN_POINT('',(-1.916666666667,-0.471404520791));
#12243 = VECTOR('',#12244,1.);
#12244 = DIRECTION('',(-0.57735026919,0.816496580928));
#12245 = ( GEOMETRIC_REPRESENTATION_CONTEXT(2) 
PARAMETRIC_REPRESENTATION_CONTEXT() REPRESENTATION_CONTEXT('2D SPACE',''
  ) );
#12246 = PCURVE('',#6362,#12247);
#12247 = DEFINITIONAL_REPRESENTATION('',(#12248),#12252);
#12248 = LINE('',#12249,#12250);
#12249 = CARTESIAN_POINT('',(0.583333333333,-0.471404520791));
#12250 = VECTOR('',#12251,1.);
#12251 = DIRECTION('',(-0.57735026919,0.816496580928));
#12252 = ( GEOMETRIC_REPRESENTATION_CONTEXT(2) 
PARAMETRIC_REPRESENTATION_CONTEXT() REPRESENTATION_CONTEXT('2D SPACE',''
  ) );
#12253 = ORIENTED_EDGE('',*,*,#6189,.F.);
#12254 = ADVANCED_FACE('',(#12255),#6151,.F.);
#12255 = FACE_BOUND('',#12256,.F.);
#12256 = EDGE_LOOP('',(#12257,#12258,#12259,#12260));
#12257 = ORIENTED_EDGE('',*,*,#12210,.F.);
#12258 = ORIENTED_EDGE('',*,*,#6135,.T.);
#12259 = ORIENTED_EDGE('',*,*,#12161,.T.);
#12260 = ORIENTED_EDGE('',*,*,#12261,.F.);
#12261 = EDGE_CURVE('',#12211,#12162,#12262,.T.);
#12262 = SURFACE_CURVE('',#12263,(#12267,#12274),.PCURVE_S1.);
#12263 = LINE('',#12264,#12265);
#12264 = CARTESIAN_POINT('',(236.,4.,2.));
#12265 = VECTOR('',#12266,1.);
#12266 = DIRECTION('',(-0.,1.,0.));
#12267 = PCURVE('',#6151,#12268);
#12268 = DEFINITIONAL_REPRESENTATION('',(#12269),#12273);
#12269 = LINE('',#12270,#12271);
#12270 = CARTESIAN_POINT('',(2.,0.));
#12271 = VECTOR('',#12272,1.);
#12272 = DIRECTION('',(0.,-1.));
#12273 = ( GEOMETRIC_REPRESENTATION_CONTEXT(2) 
PARAMETRIC_REPRESENTATION_CONTEXT() REPRESENTATION_CONTEXT('2D SPACE',''
  ) );
#12274 = PCURVE('',#6362,#12275);
#12275 = DEFINITIONAL_REPRESENTATION('',(#12276),#12280);
#12276 = LINE('',#12277,#12278);
#12277 = CARTESIAN_POINT('',(0.,-0.353553390593));
#12278 = VECTOR('',#12279,1.);
#12279 = DIRECTION('',(1.,0.));
#12280 = ( GEOMETRIC_REPRESENTATION_CONTEXT(2) 
PARAMETRIC_REPRESENTATION_CONTEXT() REPRESENTATION_CONTEXT('2D SPACE',''
  ) );
#12281 = ADVANCED_FACE('',(#12282,#12285),#6277,.F.);
#12282 = FACE_BOUND('',#12283,.F.);
#12283 = EDGE_LOOP('',(#12284));
#12284 = ORIENTED_EDGE('',*,*,#11882,.T.);
#12285 = FACE_BOUND('',#12286,.F.);
#12286 = EDGE_LOOP('',(#12287));
#12287 = ORIENTED_EDGE('',*,*,#6262,.F.);
#12288 = ADVANCED_FACE('',(#12289,#12292),#6332,.F.);
#12289 = FACE_BOUND('',#12290,.F.);
#12290 = EDGE_LOOP('',(#12291));
#12291 = ORIENTED_EDGE('',*,*,#12133,.T.);
#12292 = FACE_BOUND('',#12293,.F.);
#12293 = EDGE_LOOP('',(#12294));
#12294 = ORIENTED_EDGE('',*,*,#6317,.F.);
#12295 = ADVANCED_FACE('',(#12296),#6362,.F.);
#12296 = FACE_BOUND('',#12297,.F.);
#12297 = EDGE_LOOP('',(#12298,#12299,#12300,#12301));
#12298 = ORIENTED_EDGE('',*,*,#12233,.F.);
#12299 = ORIENTED_EDGE('',*,*,#12261,.T.);
#12300 = ORIENTED_EDGE('',*,*,#12184,.T.);
#12301 = ORIENTED_EDGE('',*,*,#6348,.F.);
#12302 = ADVANCED_FACE('',(#12303),#6397,.T.);
#12303 = FACE_BOUND('',#12304,.T.);
#12304 = EDGE_LOOP('',(#12305,#12306,#12307,#12308,#12309,#12310,#12311,
    #12312,#12313,#12314,#12315,#12316,#12317,#12318,#12319,#12320,
    #12321,#12322,#12323,#12324,#12325,#12326,#12327,#12328,#12329,
    #12330,#12331,#12332,#12333,#12334,#12335,#12336));
#12305 = ORIENTED_EDGE('',*,*,#6504,.F.);
#12306 = ORIENTED_EDGE('',*,*,#6602,.F.);
#12307 = ORIENTED_EDGE('',*,*,#6712,.F.);
#12308 = ORIENTED_EDGE('',*,*,#6810,.F.);
#12309 = ORIENTED_EDGE('',*,*,#6908,.F.);
#12310 = ORIENTED_EDGE('',*,*,#7018,.F.);
#12311 = ORIENTED_EDGE('',*,*,#7116,.F.);
#12312 = ORIENTED_EDGE('',*,*,#7220,.F.);
#12313 = ORIENTED_EDGE('',*,*,#7318,.F.);
#12314 = ORIENTED_EDGE('',*,*,#7431,.F.);
#12315 = ORIENTED_EDGE('',*,*,#7529,.F.);
#12316 = ORIENTED_EDGE('',*,*,#7627,.F.);
#12317 = ORIENTED_EDGE('',*,*,#7731,.F.);
#12318 = ORIENTED_EDGE('',*,*,#7835,.F.);
#12319 = ORIENTED_EDGE('',*,*,#7933,.F.);
#12320 = ORIENTED_EDGE('',*,*,#7982,.F.);
#12321 = ORIENTED_EDGE('',*,*,#7884,.F.);
#12322 = ORIENTED_EDGE('',*,*,#7780,.F.);
#12323 = ORIENTED_EDGE('',*,*,#7682,.F.);
#12324 = ORIENTED_EDGE('',*,*,#7578,.F.);
#12325 = ORIENTED_EDGE('',*,*,#7480,.F.);
#12326 = ORIENTED_EDGE('',*,*,#7373,.F.);
#12327 = ORIENTED_EDGE('',*,*,#7269,.F.);
#12328 = ORIENTED_EDGE('',*,*,#7171,.F.);
#12329 = ORIENTED_EDGE('',*,*,#7067,.F.);
#12330 = ORIENTED_EDGE('',*,*,#6963,.F.);
#12331 = ORIENTED_EDGE('',*,*,#6859,.F.);
#12332 = ORIENTED_EDGE('',*,*,#6761,.F.);
#12333 = ORIENTED_EDGE('',*,*,#6657,.F.);
#12334 = ORIENTED_EDGE('',*,*,#6553,.F.);
#12335 = ORIENTED_EDGE('',*,*,#6455,.F.);
#12336 = ORIENTED_EDGE('',*,*,#6379,.F.);
#12337 = ADVANCED_FACE('',(#12338,#12369),#8027,.T.);
#12338 = FACE_BOUND('',#12339,.T.);
#12339 = EDGE_LOOP('',(#12340,#12341,#12342,#12343,#12344,#12345,#12346,
    #12347,#12348,#12349,#12350,#12351,#12352,#12353,#12354,#12355,
    #12356,#12357,#12358,#12359,#12360,#12361,#12362,#12363,#12364,
    #12365,#12366,#12367,#12368));
#12340 = ORIENTED_EDGE('',*,*,#8140,.F.);
#12341 = ORIENTED_EDGE('',*,*,#8238,.F.);
#12342 = ORIENTED_EDGE('',*,*,#8342,.F.);
#12343 = ORIENTED_EDGE('',*,*,#8440,.F.);
#12344 = ORIENTED_EDGE('',*,*,#8550,.F.);
#12345 = ORIENTED_EDGE('',*,*,#8648,.F.);
#12346 = ORIENTED_EDGE('',*,*,#8746,.F.);
#12347 = ORIENTED_EDGE('',*,*,#8859,.F.);
#12348 = ORIENTED_EDGE('',*,*,#8963,.F.);
#12349 = ORIENTED_EDGE('',*,*,#9061,.F.);
#12350 = ORIENTED_EDGE('',*,*,#9159,.F.);
#12351 = ORIENTED_EDGE('',*,*,#9263,.F.);
#12352 = ORIENTED_EDGE('',*,*,#9376,.F.);
#12353 = ORIENTED_EDGE('',*,*,#9474,.F.);
#12354 = ORIENTED_EDGE('',*,*,#9425,.F.);
#12355 = ORIENTED_EDGE('',*,*,#9327,.F.);
#12356 = ORIENTED_EDGE('',*,*,#9208,.F.);
#12357 = ORIENTED_EDGE('',*,*,#9110,.F.);
#12358 = ORIENTED_EDGE('',*,*,#9012,.F.);
#12359 = ORIENTED_EDGE('',*,*,#8914,.F.);
#12360 = ORIENTED_EDGE('',*,*,#8795,.F.);
#12361 = ORIENTED_EDGE('',*,*,#8697,.F.);
#12362 = ORIENTED_EDGE('',*,*,#8599,.F.);
#12363 = ORIENTED_EDGE('',*,*,#8495,.F.);
#12364 = ORIENTED_EDGE('',*,*,#8391,.F.);
#12365 = ORIENTED_EDGE('',*,*,#8287,.F.);
#12366 = ORIENTED_EDGE('',*,*,#8189,.F.);
#12367 = ORIENTED_EDGE('',*,*,#8091,.F.);
#12368 = ORIENTED_EDGE('',*,*,#8009,.F.);
#12369 = FACE_BOUND('',#12370,.T.);
#12370 = EDGE_LOOP('',(#12371,#12403,#12433,#12463,#12493,#12523,#12553,
    #12583));
#12371 = ORIENTED_EDGE('',*,*,#12372,.F.);
#12372 = EDGE_CURVE('',#12373,#12375,#12377,.T.);
#12373 = VERTEX_POINT('',#12374);
#12374 = CARTESIAN_POINT('',(250.38141601562,90.79216796875,18.2));
#12375 = VERTEX_POINT('',#12376);
#12376 = CARTESIAN_POINT('',(250.04008619995,90.153923080486,18.2));
#12377 = SURFACE_CURVE('',#12378,(#12382,#12389),.PCURVE_S1.);
#12378 = B_SPLINE_CURVE_WITH_KNOTS('',2,(#12379,#12380,#12381),
  .UNSPECIFIED.,.F.,.F.,(3,3),(0.,1.),.PIECEWISE_BEZIER_KNOTS.);
#12379 = CARTESIAN_POINT('',(250.38141601562,90.79216796875,18.2));
#12380 = CARTESIAN_POINT('',(250.029609375,90.520927734375,18.2));
#12381 = CARTESIAN_POINT('',(250.029609375,89.973076171875,18.2));
#12382 = PCURVE('',#8027,#12383);
#12383 = DEFINITIONAL_REPRESENTATION('',(#12384),#12388);
#12384 = B_SPLINE_CURVE_WITH_KNOTS('',2,(#12385,#12386,#12387),
  .UNSPECIFIED.,.F.,.F.,(3,3),(0.,1.),.PIECEWISE_BEZIER_KNOTS.);
#12385 = CARTESIAN_POINT('',(4.619072265625,3.426689453125));
#12386 = CARTESIAN_POINT('',(4.34783203125,3.77849609375));
#12387 = CARTESIAN_POINT('',(3.79998046875,3.77849609375));
#12388 = ( GEOMETRIC_REPRESENTATION_CONTEXT(2) 
PARAMETRIC_REPRESENTATION_CONTEXT() REPRESENTATION_CONTEXT('2D SPACE',''
  ) );
#12389 = PCURVE('',#12390,#12397);
#12390 = SURFACE_OF_LINEAR_EXTRUSION('',#12391,#12395);
#12391 = B_SPLINE_CURVE_WITH_KNOTS('',2,(#12392,#12393,#12394),
  .UNSPECIFIED.,.F.,.F.,(3,3),(0.,1.),.PIECEWISE_BEZIER_KNOTS.);
#12392 = CARTESIAN_POINT('',(250.38141601562,90.79216796875,18.2));
#12393 = CARTESIAN_POINT('',(250.029609375,90.520927734375,18.2));
#12394 = CARTESIAN_POINT('',(250.029609375,89.973076171875,18.2));
#12395 = VECTOR('',#12396,1.);
#12396 = DIRECTION('',(-0.,0.,-1.));
#12397 = DEFINITIONAL_REPRESENTATION('',(#12398),#12402);
#12398 = LINE('',#12399,#12400);
#12399 = CARTESIAN_POINT('',(0.,0.));
#12400 = VECTOR('',#12401,1.);
#12401 = DIRECTION('',(1.,0.));
#12402 = ( GEOMETRIC_REPRESENTATION_CONTEXT(2) 
PARAMETRIC_REPRESENTATION_CONTEXT() REPRESENTATION_CONTEXT('2D SPACE',''
  ) );
#12403 = ORIENTED_EDGE('',*,*,#12404,.F.);
#12404 = EDGE_CURVE('',#12405,#12373,#12407,.T.);
#12405 = VERTEX_POINT('',#12406);
#12406 = CARTESIAN_POINT('',(251.2568359375,91.058661606051,18.2));
#12407 = SURFACE_CURVE('',#12408,(#12412,#12419),.PCURVE_S1.);
#12408 = B_SPLINE_CURVE_WITH_KNOTS('',2,(#12409,#12410,#12411),
  .UNSPECIFIED.,.F.,.F.,(3,3),(0.,1.),.PIECEWISE_BEZIER_KNOTS.);
#12409 = CARTESIAN_POINT('',(251.4368359375,91.063408203125,18.2));
#12410 = CARTESIAN_POINT('',(250.73322265625,91.063408203125,18.2));
#12411 = CARTESIAN_POINT('',(250.38141601562,90.79216796875,18.2));
#12412 = PCURVE('',#8027,#12413);
#12413 = DEFINITIONAL_REPRESENTATION('',(#12414),#12418);
#12414 = B_SPLINE_CURVE_WITH_KNOTS('',2,(#12415,#12416,#12417),
  .UNSPECIFIED.,.F.,.F.,(3,3),(0.,1.),.PIECEWISE_BEZIER_KNOTS.);
#12415 = CARTESIAN_POINT('',(4.8903125,2.37126953125));
#12416 = CARTESIAN_POINT('',(4.8903125,3.0748828125));
#12417 = CARTESIAN_POINT('',(4.619072265625,3.426689453125));
#12418 = ( GEOMETRIC_REPRESENTATION_CONTEXT(2) 
PARAMETRIC_REPRESENTATION_CONTEXT() REPRESENTATION_CONTEXT('2D SPACE',''
  ) );
#12419 = PCURVE('',#12420,#12427);
#12420 = SURFACE_OF_LINEAR_EXTRUSION('',#12421,#12425);
#12421 = B_SPLINE_CURVE_WITH_KNOTS('',2,(#12422,#12423,#12424),
  .UNSPECIFIED.,.F.,.F.,(3,3),(0.,1.),.PIECEWISE_BEZIER_KNOTS.);
#12422 = CARTESIAN_POINT('',(251.4368359375,91.063408203125,18.2));
#12423 = CARTESIAN_POINT('',(250.73322265625,91.063408203125,18.2));
#12424 = CARTESIAN_POINT('',(250.38141601562,90.79216796875,18.2));
#12425 = VECTOR('',#12426,1.);
#12426 = DIRECTION('',(-0.,0.,-1.));
#12427 = DEFINITIONAL_REPRESENTATION('',(#12428),#12432);
#12428 = LINE('',#12429,#12430);
#12429 = CARTESIAN_POINT('',(0.,0.));
#12430 = VECTOR('',#12431,1.);
#12431 = DIRECTION('',(1.,0.));
#12432 = ( GEOMETRIC_REPRESENTATION_CONTEXT(2) 
PARAMETRIC_REPRESENTATION_CONTEXT() REPRESENTATION_CONTEXT('2D SPACE',''
  ) );
#12433 = ORIENTED_EDGE('',*,*,#12434,.F.);
#12434 = EDGE_CURVE('',#12435,#12405,#12437,.T.);
#12435 = VERTEX_POINT('',#12436);
#12436 = CARTESIAN_POINT('',(252.13225585937,90.79216796875,18.2));
#12437 = SURFACE_CURVE('',#12438,(#12442,#12449),.PCURVE_S1.);
#12438 = B_SPLINE_CURVE_WITH_KNOTS('',2,(#12439,#12440,#12441),
  .UNSPECIFIED.,.F.,.F.,(3,3),(0.,1.),.PIECEWISE_BEZIER_KNOTS.);
#12439 = CARTESIAN_POINT('',(252.13225585937,90.79216796875,18.2));
#12440 = CARTESIAN_POINT('',(251.78044921875,91.063408203125,18.2));
#12441 = CARTESIAN_POINT('',(251.0768359375,91.063408203125,18.2));
#12442 = PCURVE('',#8027,#12443);
#12443 = DEFINITIONAL_REPRESENTATION('',(#12444),#12448);
#12444 = B_SPLINE_CURVE_WITH_KNOTS('',2,(#12445,#12446,#12447),
  .UNSPECIFIED.,.F.,.F.,(3,3),(0.,1.),.PIECEWISE_BEZIER_KNOTS.);
#12445 = CARTESIAN_POINT('',(4.619072265625,1.675849609375));
#12446 = CARTESIAN_POINT('',(4.8903125,2.02765625));
#12447 = CARTESIAN_POINT('',(4.8903125,2.73126953125));
#12448 = ( GEOMETRIC_REPRESENTATION_CONTEXT(2) 
PARAMETRIC_REPRESENTATION_CONTEXT() REPRESENTATION_CONTEXT('2D SPACE',''
  ) );
#12449 = PCURVE('',#12450,#12457);
#12450 = SURFACE_OF_LINEAR_EXTRUSION('',#12451,#12455);
#12451 = B_SPLINE_CURVE_WITH_KNOTS('',2,(#12452,#12453,#12454),
  .UNSPECIFIED.,.F.,.F.,(3,3),(0.,1.),.PIECEWISE_BEZIER_KNOTS.);
#12452 = CARTESIAN_POINT('',(252.13225585937,90.79216796875,18.2));
#12453 = CARTESIAN_POINT('',(251.78044921875,91.063408203125,18.2));
#12454 = CARTESIAN_POINT('',(251.0768359375,91.063408203125,18.2));
#12455 = VECTOR('',#12456,1.);
#12456 = DIRECTION('',(-0.,0.,-1.));
#12457 = DEFINITIONAL_REPRESENTATION('',(#12458),#12462);
#12458 = LINE('',#12459,#12460);
#12459 = CARTESIAN_POINT('',(0.,0.));
#12460 = VECTOR('',#12461,1.);
#12461 = DIRECTION('',(1.,0.));
#12462 = ( GEOMETRIC_REPRESENTATION_CONTEXT(2) 
PARAMETRIC_REPRESENTATION_CONTEXT() REPRESENTATION_CONTEXT('2D SPACE',''
  ) );
#12463 = ORIENTED_EDGE('',*,*,#12464,.F.);
#12464 = EDGE_CURVE('',#12465,#12435,#12467,.T.);
#12465 = VERTEX_POINT('',#12466);
#12466 = CARTESIAN_POINT('',(252.47358567504,90.153923080486,18.2));
#12467 = SURFACE_CURVE('',#12468,(#12472,#12479),.PCURVE_S1.);
#12468 = B_SPLINE_CURVE_WITH_KNOTS('',2,(#12469,#12470,#12471),
  .UNSPECIFIED.,.F.,.F.,(3,3),(0.,1.),.PIECEWISE_BEZIER_KNOTS.);
#12469 = CARTESIAN_POINT('',(252.4840625,89.973076171875,18.2));
#12470 = CARTESIAN_POINT('',(252.4840625,90.520927734375,18.2));
#12471 = CARTESIAN_POINT('',(252.13225585937,90.79216796875,18.2));
#12472 = PCURVE('',#8027,#12473);
#12473 = DEFINITIONAL_REPRESENTATION('',(#12474),#12478);
#12474 = B_SPLINE_CURVE_WITH_KNOTS('',2,(#12475,#12476,#12477),
  .UNSPECIFIED.,.F.,.F.,(3,3),(0.,1.),.PIECEWISE_BEZIER_KNOTS.);
#12475 = CARTESIAN_POINT('',(3.79998046875,1.32404296875));
#12476 = CARTESIAN_POINT('',(4.34783203125,1.32404296875));
#12477 = CARTESIAN_POINT('',(4.619072265625,1.675849609375));
#12478 = ( GEOMETRIC_REPRESENTATION_CONTEXT(2) 
PARAMETRIC_REPRESENTATION_CONTEXT() REPRESENTATION_CONTEXT('2D SPACE',''
  ) );
#12479 = PCURVE('',#12480,#12487);
#12480 = SURFACE_OF_LINEAR_EXTRUSION('',#12481,#12485);
#12481 = B_SPLINE_CURVE_WITH_KNOTS('',2,(#12482,#12483,#12484),
  .UNSPECIFIED.,.F.,.F.,(3,3),(0.,1.),.PIECEWISE_BEZIER_KNOTS.);
#12482 = CARTESIAN_POINT('',(252.4840625,89.973076171875,18.2));
#12483 = CARTESIAN_POINT('',(252.4840625,90.520927734375,18.2));
#12484 = CARTESIAN_POINT('',(252.13225585937,90.79216796875,18.2));
#12485 = VECTOR('',#12486,1.);
#12486 = DIRECTION('',(-0.,0.,-1.));
#12487 = DEFINITIONAL_REPRESENTATION('',(#12488),#12492);
#12488 = LINE('',#12489,#12490);
#12489 = CARTESIAN_POINT('',(0.,0.));
#12490 = VECTOR('',#12491,1.);
#12491 = DIRECTION('',(1.,0.));
#12492 = ( GEOMETRIC_REPRESENTATION_CONTEXT(2) 
PARAMETRIC_REPRESENTATION_CONTEXT() REPRESENTATION_CONTEXT('2D SPACE',''
  ) );
#12493 = ORIENTED_EDGE('',*,*,#12494,.F.);
#12494 = EDGE_CURVE('',#12495,#12465,#12497,.T.);
#12495 = VERTEX_POINT('',#12496);
#12496 = CARTESIAN_POINT('',(252.13225585937,89.51935546875,18.2));
#12497 = SURFACE_CURVE('',#12498,(#12502,#12509),.PCURVE_S1.);
#12498 = B_SPLINE_CURVE_WITH_KNOTS('',2,(#12499,#12500,#12501),
  .UNSPECIFIED.,.F.,.F.,(3,3),(0.,1.),.PIECEWISE_BEZIER_KNOTS.);
#12499 = CARTESIAN_POINT('',(252.13225585937,89.51935546875,18.2));
#12500 = CARTESIAN_POINT('',(252.4840625,89.790595703125,18.2));
#12501 = CARTESIAN_POINT('',(252.4840625,90.333076171875,18.2));
#12502 = PCURVE('',#8027,#12503);
#12503 = DEFINITIONAL_REPRESENTATION('',(#12504),#12508);
#12504 = B_SPLINE_CURVE_WITH_KNOTS('',2,(#12505,#12506,#12507),
  .UNSPECIFIED.,.F.,.F.,(3,3),(0.,1.),.PIECEWISE_BEZIER_KNOTS.);
#12505 = CARTESIAN_POINT('',(3.346259765625,1.675849609375));
#12506 = CARTESIAN_POINT('',(3.6175,1.32404296875));
#12507 = CARTESIAN_POINT('',(4.15998046875,1.32404296875));
#12508 = ( GEOMETRIC_REPRESENTATION_CONTEXT(2) 
PARAMETRIC_REPRESENTATION_CONTEXT() REPRESENTATION_CONTEXT('2D SPACE',''
  ) );
#12509 = PCURVE('',#12510,#12517);
#12510 = SURFACE_OF_LINEAR_EXTRUSION('',#12511,#12515);
#12511 = B_SPLINE_CURVE_WITH_KNOTS('',2,(#12512,#12513,#12514),
  .UNSPECIFIED.,.F.,.F.,(3,3),(0.,1.),.PIECEWISE_BEZIER_KNOTS.);
#12512 = CARTESIAN_POINT('',(252.13225585937,89.51935546875,18.2));
#12513 = CARTESIAN_POINT('',(252.4840625,89.790595703125,18.2));
#12514 = CARTESIAN_POINT('',(252.4840625,90.333076171875,18.2));
#12515 = VECTOR('',#12516,1.);
#12516 = DIRECTION('',(-0.,0.,-1.));
#12517 = DEFINITIONAL_REPRESENTATION('',(#12518),#12522);
#12518 = LINE('',#12519,#12520);
#12519 = CARTESIAN_POINT('',(0.,0.));
#12520 = VECTOR('',#12521,1.);
#12521 = DIRECTION('',(1.,0.));
#12522 = ( GEOMETRIC_REPRESENTATION_CONTEXT(2) 
PARAMETRIC_REPRESENTATION_CONTEXT() REPRESENTATION_CONTEXT('2D SPACE',''
  ) );
#12523 = ORIENTED_EDGE('',*,*,#12524,.F.);
#12524 = EDGE_CURVE('',#12525,#12495,#12527,.T.);
#12525 = VERTEX_POINT('',#12526);
#12526 = CARTESIAN_POINT('',(251.2568359375,89.252861831449,18.2));
#12527 = SURFACE_CURVE('',#12528,(#12532,#12539),.PCURVE_S1.);
#12528 = B_SPLINE_CURVE_WITH_KNOTS('',2,(#12529,#12530,#12531),
  .UNSPECIFIED.,.F.,.F.,(3,3),(0.,1.),.PIECEWISE_BEZIER_KNOTS.);
#12529 = CARTESIAN_POINT('',(251.0768359375,89.248115234375,18.2));
#12530 = CARTESIAN_POINT('',(251.78044921875,89.248115234375,18.2));
#12531 = CARTESIAN_POINT('',(252.13225585937,89.51935546875,18.2));
#12532 = PCURVE('',#8027,#12533);
#12533 = DEFINITIONAL_REPRESENTATION('',(#12534),#12538);
#12534 = B_SPLINE_CURVE_WITH_KNOTS('',2,(#12535,#12536,#12537),
  .UNSPECIFIED.,.F.,.F.,(3,3),(0.,1.),.PIECEWISE_BEZIER_KNOTS.);
#12535 = CARTESIAN_POINT('',(3.07501953125,2.73126953125));
#12536 = CARTESIAN_POINT('',(3.07501953125,2.02765625));
#12537 = CARTESIAN_POINT('',(3.346259765625,1.675849609375));
#12538 = ( GEOMETRIC_REPRESENTATION_CONTEXT(2) 
PARAMETRIC_REPRESENTATION_CONTEXT() REPRESENTATION_CONTEXT('2D SPACE',''
  ) );
#12539 = PCURVE('',#12540,#12547);
#12540 = SURFACE_OF_LINEAR_EXTRUSION('',#12541,#12545);
#12541 = B_SPLINE_CURVE_WITH_KNOTS('',2,(#12542,#12543,#12544),
  .UNSPECIFIED.,.F.,.F.,(3,3),(0.,1.),.PIECEWISE_BEZIER_KNOTS.);
#12542 = CARTESIAN_POINT('',(251.0768359375,89.248115234375,18.2));
#12543 = CARTESIAN_POINT('',(251.78044921875,89.248115234375,18.2));
#12544 = CARTESIAN_POINT('',(252.13225585937,89.51935546875,18.2));
#12545 = VECTOR('',#12546,1.);
#12546 = DIRECTION('',(-0.,0.,-1.));
#12547 = DEFINITIONAL_REPRESENTATION('',(#12548),#12552);
#12548 = LINE('',#12549,#12550);
#12549 = CARTESIAN_POINT('',(0.,0.));
#12550 = VECTOR('',#12551,1.);
#12551 = DIRECTION('',(1.,0.));
#12552 = ( GEOMETRIC_REPRESENTATION_CONTEXT(2) 
PARAMETRIC_REPRESENTATION_CONTEXT() REPRESENTATION_CONTEXT('2D SPACE',''
  ) );
#12553 = ORIENTED_EDGE('',*,*,#12554,.F.);
#12554 = EDGE_CURVE('',#12555,#12525,#12557,.T.);
#12555 = VERTEX_POINT('',#12556);
#12556 = CARTESIAN_POINT('',(250.38141601562,89.51935546875,18.2));
#12557 = SURFACE_CURVE('',#12558,(#12562,#12569),.PCURVE_S1.);
#12558 = B_SPLINE_CURVE_WITH_KNOTS('',2,(#12559,#12560,#12561),
  .UNSPECIFIED.,.F.,.F.,(3,3),(0.,1.),.PIECEWISE_BEZIER_KNOTS.);
#12559 = CARTESIAN_POINT('',(250.38141601562,89.51935546875,18.2));
#12560 = CARTESIAN_POINT('',(250.73322265625,89.248115234375,18.2));
#12561 = CARTESIAN_POINT('',(251.4368359375,89.248115234375,18.2));
#12562 = PCURVE('',#8027,#12563);
#12563 = DEFINITIONAL_REPRESENTATION('',(#12564),#12568);
#12564 = B_SPLINE_CURVE_WITH_KNOTS('',2,(#12565,#12566,#12567),
  .UNSPECIFIED.,.F.,.F.,(3,3),(0.,1.),.PIECEWISE_BEZIER_KNOTS.);
#12565 = CARTESIAN_POINT('',(3.346259765625,3.426689453125));
#12566 = CARTESIAN_POINT('',(3.07501953125,3.0748828125));
#12567 = CARTESIAN_POINT('',(3.07501953125,2.37126953125));
#12568 = ( GEOMETRIC_REPRESENTATION_CONTEXT(2) 
PARAMETRIC_REPRESENTATION_CONTEXT() REPRESENTATION_CONTEXT('2D SPACE',''
  ) );
#12569 = PCURVE('',#12570,#12577);
#12570 = SURFACE_OF_LINEAR_EXTRUSION('',#12571,#12575);
#12571 = B_SPLINE_CURVE_WITH_KNOTS('',2,(#12572,#12573,#12574),
  .UNSPECIFIED.,.F.,.F.,(3,3),(0.,1.),.PIECEWISE_BEZIER_KNOTS.);
#12572 = CARTESIAN_POINT('',(250.38141601562,89.51935546875,18.2));
#12573 = CARTESIAN_POINT('',(250.73322265625,89.248115234375,18.2));
#12574 = CARTESIAN_POINT('',(251.4368359375,89.248115234375,18.2));
#12575 = VECTOR('',#12576,1.);
#12576 = DIRECTION('',(-0.,0.,-1.));
#12577 = DEFINITIONAL_REPRESENTATION('',(#12578),#12582);
#12578 = LINE('',#12579,#12580);
#12579 = CARTESIAN_POINT('',(0.,0.));
#12580 = VECTOR('',#12581,1.);
#12581 = DIRECTION('',(1.,0.));
#12582 = ( GEOMETRIC_REPRESENTATION_CONTEXT(2) 
PARAMETRIC_REPRESENTATION_CONTEXT() REPRESENTATION_CONTEXT('2D SPACE',''
  ) );
#12583 = ORIENTED_EDGE('',*,*,#12584,.F.);
#12584 = EDGE_CURVE('',#12375,#12555,#12585,.T.);
#12585 = SURFACE_CURVE('',#12586,(#12590,#12597),.PCURVE_S1.);
#12586 = B_SPLINE_CURVE_WITH_KNOTS('',2,(#12587,#12588,#12589),
  .UNSPECIFIED.,.F.,.F.,(3,3),(0.,1.),.PIECEWISE_BEZIER_KNOTS.);
#12587 = CARTESIAN_POINT('',(250.029609375,90.333076171875,18.2));
#12588 = CARTESIAN_POINT('',(250.029609375,89.790595703125,18.2));
#12589 = CARTESIAN_POINT('',(250.38141601562,89.51935546875,18.2));
#12590 = PCURVE('',#8027,#12591);
#12591 = DEFINITIONAL_REPRESENTATION('',(#12592),#12596);
#12592 = B_SPLINE_CURVE_WITH_KNOTS('',2,(#12593,#12594,#12595),
  .UNSPECIFIED.,.F.,.F.,(3,3),(0.,1.),.PIECEWISE_BEZIER_KNOTS.);
#12593 = CARTESIAN_POINT('',(4.15998046875,3.77849609375));
#12594 = CARTESIAN_POINT('',(3.6175,3.77849609375));
#12595 = CARTESIAN_POINT('',(3.346259765625,3.426689453125));
#12596 = ( GEOMETRIC_REPRESENTATION_CONTEXT(2) 
PARAMETRIC_REPRESENTATION_CONTEXT() REPRESENTATION_CONTEXT('2D SPACE',''
  ) );
#12597 = PCURVE('',#12598,#12605);
#12598 = SURFACE_OF_LINEAR_EXTRUSION('',#12599,#12603);
#12599 = B_SPLINE_CURVE_WITH_KNOTS('',2,(#12600,#12601,#12602),
  .UNSPECIFIED.,.F.,.F.,(3,3),(0.,1.),.PIECEWISE_BEZIER_KNOTS.);
#12600 = CARTESIAN_POINT('',(250.029609375,90.333076171875,18.2));
#12601 = CARTESIAN_POINT('',(250.029609375,89.790595703125,18.2));
#12602 = CARTESIAN_POINT('',(250.38141601562,89.51935546875,18.2));
#12603 = VECTOR('',#12604,1.);
#12604 = DIRECTION('',(-0.,0.,-1.));
#12605 = DEFINITIONAL_REPRESENTATION('',(#12606),#12610);
#12606 = LINE('',#12607,#12608);
#12607 = CARTESIAN_POINT('',(0.,0.));
#12608 = VECTOR('',#12609,1.);
#12609 = DIRECTION('',(1.,0.));
#12610 = ( GEOMETRIC_REPRESENTATION_CONTEXT(2) 
PARAMETRIC_REPRESENTATION_CONTEXT() REPRESENTATION_CONTEXT('2D SPACE',''
  ) );
#12611 = ADVANCED_FACE('',(#12612),#9519,.T.);
#12612 = FACE_BOUND('',#12613,.T.);
#12613 = EDGE_LOOP('',(#12614,#12615,#12616,#12617,#12618,#12619,#12620,
    #12621,#12622));
#12614 = ORIENTED_EDGE('',*,*,#9626,.F.);
#12615 = ORIENTED_EDGE('',*,*,#9724,.F.);
#12616 = ORIENTED_EDGE('',*,*,#9821,.F.);
#12617 = ORIENTED_EDGE('',*,*,#9917,.F.);
#12618 = ORIENTED_EDGE('',*,*,#9870,.F.);
#12619 = ORIENTED_EDGE('',*,*,#9772,.F.);
#12620 = ORIENTED_EDGE('',*,*,#9675,.F.);
#12621 = ORIENTED_EDGE('',*,*,#9577,.F.);
#12622 = ORIENTED_EDGE('',*,*,#9501,.F.);
#12623 = ADVANCED_FACE('',(#12624,#12654,#12896),#9962,.T.);
#12624 = FACE_BOUND('',#12625,.T.);
#12625 = EDGE_LOOP('',(#12626,#12627,#12628,#12629,#12630,#12631,#12632,
    #12633,#12634,#12635,#12636,#12637,#12638,#12639,#12640,#12641,
    #12642,#12643,#12644,#12645,#12646,#12647,#12648,#12649,#12650,
    #12651,#12652,#12653));
#12626 = ORIENTED_EDGE('',*,*,#11369,.F.);
#12627 = ORIENTED_EDGE('',*,*,#9944,.F.);
#12628 = ORIENTED_EDGE('',*,*,#10026,.F.);
#12629 = ORIENTED_EDGE('',*,*,#10075,.F.);
#12630 = ORIENTED_EDGE('',*,*,#10124,.F.);
#12631 = ORIENTED_EDGE('',*,*,#10173,.F.);
#12632 = ORIENTED_EDGE('',*,*,#10237,.F.);
#12633 = ORIENTED_EDGE('',*,*,#10286,.F.);
#12634 = ORIENTED_EDGE('',*,*,#10335,.F.);
#12635 = ORIENTED_EDGE('',*,*,#10384,.F.);
#12636 = ORIENTED_EDGE('',*,*,#10439,.F.);
#12637 = ORIENTED_EDGE('',*,*,#10488,.F.);
#12638 = ORIENTED_EDGE('',*,*,#10537,.F.);
#12639 = ORIENTED_EDGE('',*,*,#10592,.F.);
#12640 = ORIENTED_EDGE('',*,*,#10641,.F.);
#12641 = ORIENTED_EDGE('',*,*,#10690,.F.);
#12642 = ORIENTED_EDGE('',*,*,#10745,.F.);
#12643 = ORIENTED_EDGE('',*,*,#10794,.F.);
#12644 = ORIENTED_EDGE('',*,*,#10843,.F.);
#12645 = ORIENTED_EDGE('',*,*,#10892,.F.);
#12646 = ORIENTED_EDGE('',*,*,#10956,.F.);
#12647 = ORIENTED_EDGE('',*,*,#11005,.F.);
#12648 = ORIENTED_EDGE('',*,*,#11054,.F.);
#12649 = ORIENTED_EDGE('',*,*,#11103,.F.);
#12650 = ORIENTED_EDGE('',*,*,#11167,.F.);
#12651 = ORIENTED_EDGE('',*,*,#11216,.F.);
#12652 = ORIENTED_EDGE('',*,*,#11265,.F.);
#12653 = ORIENTED_EDGE('',*,*,#11320,.F.);
#12654 = FACE_BOUND('',#12655,.T.);
#12655 = EDGE_LOOP('',(#12656,#12688,#12718,#12748,#12778,#12808,#12838,
    #12868));
#12656 = ORIENTED_EDGE('',*,*,#12657,.F.);
#12657 = EDGE_CURVE('',#12658,#12660,#12662,.T.);
#12658 = VERTEX_POINT('',#12659);
#12659 = CARTESIAN_POINT('',(251.44479063081,208.98735294678,18.2));
#12660 = VERTEX_POINT('',#12661);
#12661 = CARTESIAN_POINT('',(252.16985351562,209.29108398437,18.2));
#12662 = SURFACE_CURVE('',#12663,(#12667,#12674),.PCURVE_S1.);
#12663 = B_SPLINE_CURVE_WITH_KNOTS('',2,(#12664,#12665,#12666),
  .UNSPECIFIED.,.F.,.F.,(3,3),(0.,1.),.PIECEWISE_BEZIER_KNOTS.);
#12664 = CARTESIAN_POINT('',(251.26482421875,208.97956054687,18.2));
#12665 = CARTESIAN_POINT('',(251.85564453125,208.97956054687,18.2));
#12666 = CARTESIAN_POINT('',(252.16985351562,209.29108398437,18.2));
#12667 = PCURVE('',#9962,#12668);
#12668 = DEFINITIONAL_REPRESENTATION('',(#12669),#12673);
#12669 = B_SPLINE_CURVE_WITH_KNOTS('',2,(#12670,#12671,#12672),
  .UNSPECIFIED.,.F.,.F.,(3,3),(0.,1.),.PIECEWISE_BEZIER_KNOTS.);
#12670 = CARTESIAN_POINT('',(2.80646484375,2.54328125));
#12671 = CARTESIAN_POINT('',(2.80646484375,1.9524609375));
#12672 = CARTESIAN_POINT('',(3.11798828125,1.638251953125));
#12673 = ( GEOMETRIC_REPRESENTATION_CONTEXT(2) 
PARAMETRIC_REPRESENTATION_CONTEXT() REPRESENTATION_CONTEXT('2D SPACE',''
  ) );
#12674 = PCURVE('',#12675,#12682);
#12675 = SURFACE_OF_LINEAR_EXTRUSION('',#12676,#12680);
#12676 = B_SPLINE_CURVE_WITH_KNOTS('',2,(#12677,#12678,#12679),
  .UNSPECIFIED.,.F.,.F.,(3,3),(0.,1.),.PIECEWISE_BEZIER_KNOTS.);
#12677 = CARTESIAN_POINT('',(251.26482421875,208.97956054687,18.2));
#12678 = CARTESIAN_POINT('',(251.85564453125,208.97956054687,18.2));
#12679 = CARTESIAN_POINT('',(252.16985351562,209.29108398437,18.2));
#12680 = VECTOR('',#12681,1.);
#12681 = DIRECTION('',(-0.,0.,-1.));
#12682 = DEFINITIONAL_REPRESENTATION('',(#12683),#12687);
#12683 = LINE('',#12684,#12685);
#12684 = CARTESIAN_POINT('',(0.,0.));
#12685 = VECTOR('',#12686,1.);
#12686 = DIRECTION('',(1.,0.));
#12687 = ( GEOMETRIC_REPRESENTATION_CONTEXT(2) 
PARAMETRIC_REPRESENTATION_CONTEXT() REPRESENTATION_CONTEXT('2D SPACE',''
  ) );
#12688 = ORIENTED_EDGE('',*,*,#12689,.F.);
#12689 = EDGE_CURVE('',#12690,#12658,#12692,.T.);
#12690 = VERTEX_POINT('',#12691);
#12691 = CARTESIAN_POINT('',(250.717109375,209.29108398437,18.2));
#12692 = SURFACE_CURVE('',#12693,(#12697,#12704),.PCURVE_S1.);
#12693 = B_SPLINE_CURVE_WITH_KNOTS('',2,(#12694,#12695,#12696),
  .UNSPECIFIED.,.F.,.F.,(3,3),(0.,1.),.PIECEWISE_BEZIER_KNOTS.);
#12694 = CARTESIAN_POINT('',(250.717109375,209.29108398437,18.2));
#12695 = CARTESIAN_POINT('',(251.03400390625,208.97956054687,18.2));
#12696 = CARTESIAN_POINT('',(251.62482421875,208.97956054687,18.2));
#12697 = PCURVE('',#9962,#12698);
#12698 = DEFINITIONAL_REPRESENTATION('',(#12699),#12703);
#12699 = B_SPLINE_CURVE_WITH_KNOTS('',2,(#12700,#12701,#12702),
  .UNSPECIFIED.,.F.,.F.,(3,3),(0.,1.),.PIECEWISE_BEZIER_KNOTS.);
#12700 = CARTESIAN_POINT('',(3.11798828125,3.09099609375));
#12701 = CARTESIAN_POINT('',(2.80646484375,2.7741015625));
#12702 = CARTESIAN_POINT('',(2.80646484375,2.18328125));
#12703 = ( GEOMETRIC_REPRESENTATION_CONTEXT(2) 
PARAMETRIC_REPRESENTATION_CONTEXT() REPRESENTATION_CONTEXT('2D SPACE',''
  ) );
#12704 = PCURVE('',#12705,#12712);
#12705 = SURFACE_OF_LINEAR_EXTRUSION('',#12706,#12710);
#12706 = B_SPLINE_CURVE_WITH_KNOTS('',2,(#12707,#12708,#12709),
  .UNSPECIFIED.,.F.,.F.,(3,3),(0.,1.),.PIECEWISE_BEZIER_KNOTS.);
#12707 = CARTESIAN_POINT('',(250.717109375,209.29108398437,18.2));
#12708 = CARTESIAN_POINT('',(251.03400390625,208.97956054687,18.2));
#12709 = CARTESIAN_POINT('',(251.62482421875,208.97956054687,18.2));
#12710 = VECTOR('',#12711,1.);
#12711 = DIRECTION('',(-0.,0.,-1.));
#12712 = DEFINITIONAL_REPRESENTATION('',(#12713),#12717);
#12713 = LINE('',#12714,#12715);
#12714 = CARTESIAN_POINT('',(0.,0.));
#12715 = VECTOR('',#12716,1.);
#12716 = DIRECTION('',(1.,0.));
#12717 = ( GEOMETRIC_REPRESENTATION_CONTEXT(2) 
PARAMETRIC_REPRESENTATION_CONTEXT() REPRESENTATION_CONTEXT('2D SPACE',''
  ) );
#12718 = ORIENTED_EDGE('',*,*,#12719,.F.);
#12719 = EDGE_CURVE('',#12720,#12690,#12722,.T.);
#12720 = VERTEX_POINT('',#12721);
#12721 = CARTESIAN_POINT('',(250.40849364333,210.00218355042,18.2));
#12722 = SURFACE_CURVE('',#12723,(#12727,#12734),.PCURVE_S1.);
#12723 = B_SPLINE_CURVE_WITH_KNOTS('',2,(#12724,#12725,#12726),
  .UNSPECIFIED.,.F.,.F.,(3,3),(0.,1.),.PIECEWISE_BEZIER_KNOTS.);
#12724 = CARTESIAN_POINT('',(250.40021484375,210.18268554687,18.2));
#12725 = CARTESIAN_POINT('',(250.40021484375,209.60260742187,18.2));
#12726 = CARTESIAN_POINT('',(250.717109375,209.29108398437,18.2));
#12727 = PCURVE('',#9962,#12728);
#12728 = DEFINITIONAL_REPRESENTATION('',(#12729),#12733);
#12729 = B_SPLINE_CURVE_WITH_KNOTS('',2,(#12730,#12731,#12732),
  .UNSPECIFIED.,.F.,.F.,(3,3),(0.,1.),.PIECEWISE_BEZIER_KNOTS.);
#12730 = CARTESIAN_POINT('',(4.00958984375,3.407890625));
#12731 = CARTESIAN_POINT('',(3.42951171875,3.407890625));
#12732 = CARTESIAN_POINT('',(3.11798828125,3.09099609375));
#12733 = ( GEOMETRIC_REPRESENTATION_CONTEXT(2) 
PARAMETRIC_REPRESENTATION_CONTEXT() REPRESENTATION_CONTEXT('2D SPACE',''
  ) );
#12734 = PCURVE('',#12735,#12742);
#12735 = SURFACE_OF_LINEAR_EXTRUSION('',#12736,#12740);
#12736 = B_SPLINE_CURVE_WITH_KNOTS('',2,(#12737,#12738,#12739),
  .UNSPECIFIED.,.F.,.F.,(3,3),(0.,1.),.PIECEWISE_BEZIER_KNOTS.);
#12737 = CARTESIAN_POINT('',(250.40021484375,210.18268554687,18.2));
#12738 = CARTESIAN_POINT('',(250.40021484375,209.60260742187,18.2));
#12739 = CARTESIAN_POINT('',(250.717109375,209.29108398437,18.2));
#12740 = VECTOR('',#12741,1.);
#12741 = DIRECTION('',(-0.,0.,-1.));
#12742 = DEFINITIONAL_REPRESENTATION('',(#12743),#12747);
#12743 = LINE('',#12744,#12745);
#12744 = CARTESIAN_POINT('',(0.,0.));
#12745 = VECTOR('',#12746,1.);
#12746 = DIRECTION('',(1.,0.));
#12747 = ( GEOMETRIC_REPRESENTATION_CONTEXT(2) 
PARAMETRIC_REPRESENTATION_CONTEXT() REPRESENTATION_CONTEXT('2D SPACE',''
  ) );
#12748 = ORIENTED_EDGE('',*,*,#12749,.F.);
#12749 = EDGE_CURVE('',#12750,#12720,#12752,.T.);
#12750 = VERTEX_POINT('',#12751);
#12751 = CARTESIAN_POINT('',(250.71442382812,210.70354492187,18.2));
#12752 = SURFACE_CURVE('',#12753,(#12757,#12764),.PCURVE_S1.);
#12753 = B_SPLINE_CURVE_WITH_KNOTS('',2,(#12754,#12755,#12756),
  .UNSPECIFIED.,.F.,.F.,(3,3),(0.,1.),.PIECEWISE_BEZIER_KNOTS.);
#12754 = CARTESIAN_POINT('',(250.71442382812,210.70354492187,18.2));
#12755 = CARTESIAN_POINT('',(250.40021484375,210.39739257812,18.2));
#12756 = CARTESIAN_POINT('',(250.40021484375,209.82268554687,18.2));
#12757 = PCURVE('',#9962,#12758);
#12758 = DEFINITIONAL_REPRESENTATION('',(#12759),#12763);
#12759 = B_SPLINE_CURVE_WITH_KNOTS('',2,(#12760,#12761,#12762),
  .UNSPECIFIED.,.F.,.F.,(3,3),(0.,1.),.PIECEWISE_BEZIER_KNOTS.);
#12760 = CARTESIAN_POINT('',(4.53044921875,3.093681640625));
#12761 = CARTESIAN_POINT('',(4.224296875,3.407890625));
#12762 = CARTESIAN_POINT('',(3.64958984375,3.407890625));
#12763 = ( GEOMETRIC_REPRESENTATION_CONTEXT(2) 
PARAMETRIC_REPRESENTATION_CONTEXT() REPRESENTATION_CONTEXT('2D SPACE',''
  ) );
#12764 = PCURVE('',#12765,#12772);
#12765 = SURFACE_OF_LINEAR_EXTRUSION('',#12766,#12770);
#12766 = B_SPLINE_CURVE_WITH_KNOTS('',2,(#12767,#12768,#12769),
  .UNSPECIFIED.,.F.,.F.,(3,3),(0.,1.),.PIECEWISE_BEZIER_KNOTS.);
#12767 = CARTESIAN_POINT('',(250.71442382812,210.70354492187,18.2));
#12768 = CARTESIAN_POINT('',(250.40021484375,210.39739257812,18.2));
#12769 = CARTESIAN_POINT('',(250.40021484375,209.82268554687,18.2));
#12770 = VECTOR('',#12771,1.);
#12771 = DIRECTION('',(-0.,0.,-1.));
#12772 = DEFINITIONAL_REPRESENTATION('',(#12773),#12777);
#12773 = LINE('',#12774,#12775);
#12774 = CARTESIAN_POINT('',(0.,0.));
#12775 = VECTOR('',#12776,1.);
#12776 = DIRECTION('',(1.,0.));
#12777 = ( GEOMETRIC_REPRESENTATION_CONTEXT(2) 
PARAMETRIC_REPRESENTATION_CONTEXT() REPRESENTATION_CONTEXT('2D SPACE',''
  ) );
#12778 = ORIENTED_EDGE('',*,*,#12779,.F.);
#12779 = EDGE_CURVE('',#12780,#12750,#12782,.T.);
#12780 = VERTEX_POINT('',#12781);
#12781 = CARTESIAN_POINT('',(251.44404499703,211.00210505861,18.2));
#12782 = SURFACE_CURVE('',#12783,(#12787,#12794),.PCURVE_S1.);
#12783 = B_SPLINE_CURVE_WITH_KNOTS('',2,(#12784,#12785,#12786),
  .UNSPECIFIED.,.F.,.F.,(3,3),(0.,1.),.PIECEWISE_BEZIER_KNOTS.);
#12784 = CARTESIAN_POINT('',(251.62482421875,211.00969726562,18.2));
#12785 = CARTESIAN_POINT('',(251.0286328125,211.00969726562,18.2));
#12786 = CARTESIAN_POINT('',(250.71442382812,210.70354492187,18.2));
#12787 = PCURVE('',#9962,#12788);
#12788 = DEFINITIONAL_REPRESENTATION('',(#12789),#12793);
#12789 = B_SPLINE_CURVE_WITH_KNOTS('',2,(#12790,#12791,#12792),
  .UNSPECIFIED.,.F.,.F.,(3,3),(0.,1.),.PIECEWISE_BEZIER_KNOTS.);
#12790 = CARTESIAN_POINT('',(4.8366015625,2.18328125));
#12791 = CARTESIAN_POINT('',(4.8366015625,2.77947265625));
#12792 = CARTESIAN_POINT('',(4.53044921875,3.093681640625));
#12793 = ( GEOMETRIC_REPRESENTATION_CONTEXT(2) 
PARAMETRIC_REPRESENTATION_CONTEXT() REPRESENTATION_CONTEXT('2D SPACE',''
  ) );
#12794 = PCURVE('',#12795,#12802);
#12795 = SURFACE_OF_LINEAR_EXTRUSION('',#12796,#12800);
#12796 = B_SPLINE_CURVE_WITH_KNOTS('',2,(#12797,#12798,#12799),
  .UNSPECIFIED.,.F.,.F.,(3,3),(0.,1.),.PIECEWISE_BEZIER_KNOTS.);
#12797 = CARTESIAN_POINT('',(251.62482421875,211.00969726562,18.2));
#12798 = CARTESIAN_POINT('',(251.0286328125,211.00969726562,18.2));
#12799 = CARTESIAN_POINT('',(250.71442382812,210.70354492187,18.2));
#12800 = VECTOR('',#12801,1.);
#12801 = DIRECTION('',(-0.,0.,-1.));
#12802 = DEFINITIONAL_REPRESENTATION('',(#12803),#12807);
#12803 = LINE('',#12804,#12805);
#12804 = CARTESIAN_POINT('',(0.,0.));
#12805 = VECTOR('',#12806,1.);
#12806 = DIRECTION('',(1.,0.));
#12807 = ( GEOMETRIC_REPRESENTATION_CONTEXT(2) 
PARAMETRIC_REPRESENTATION_CONTEXT() REPRESENTATION_CONTEXT('2D SPACE',''
  ) );
#12808 = ORIENTED_EDGE('',*,*,#12809,.F.);
#12809 = EDGE_CURVE('',#12810,#12780,#12812,.T.);
#12810 = VERTEX_POINT('',#12811);
#12811 = CARTESIAN_POINT('',(252.16985351562,210.70354492187,18.2));
#12812 = SURFACE_CURVE('',#12813,(#12817,#12824),.PCURVE_S1.);
#12813 = B_SPLINE_CURVE_WITH_KNOTS('',2,(#12814,#12815,#12816),
  .UNSPECIFIED.,.F.,.F.,(3,3),(0.,1.),.PIECEWISE_BEZIER_KNOTS.);
#12814 = CARTESIAN_POINT('',(252.16985351562,210.70354492187,18.2));
#12815 = CARTESIAN_POINT('',(251.85564453125,211.00969726562,18.2));
#12816 = CARTESIAN_POINT('',(251.26482421875,211.00969726562,18.2));
#12817 = PCURVE('',#9962,#12818);
#12818 = DEFINITIONAL_REPRESENTATION('',(#12819),#12823);
#12819 = B_SPLINE_CURVE_WITH_KNOTS('',2,(#12820,#12821,#12822),
  .UNSPECIFIED.,.F.,.F.,(3,3),(0.,1.),.PIECEWISE_BEZIER_KNOTS.);
#12820 = CARTESIAN_POINT('',(4.53044921875,1.638251953125));
#12821 = CARTESIAN_POINT('',(4.8366015625,1.9524609375));
#12822 = CARTESIAN_POINT('',(4.8366015625,2.54328125));
#12823 = ( GEOMETRIC_REPRESENTATION_CONTEXT(2) 
PARAMETRIC_REPRESENTATION_CONTEXT() REPRESENTATION_CONTEXT('2D SPACE',''
  ) );
#12824 = PCURVE('',#12825,#12832);
#12825 = SURFACE_OF_LINEAR_EXTRUSION('',#12826,#12830);
#12826 = B_SPLINE_CURVE_WITH_KNOTS('',2,(#12827,#12828,#12829),
  .UNSPECIFIED.,.F.,.F.,(3,3),(0.,1.),.PIECEWISE_BEZIER_KNOTS.);
#12827 = CARTESIAN_POINT('',(252.16985351562,210.70354492187,18.2));
#12828 = CARTESIAN_POINT('',(251.85564453125,211.00969726562,18.2));
#12829 = CARTESIAN_POINT('',(251.26482421875,211.00969726562,18.2));
#12830 = VECTOR('',#12831,1.);
#12831 = DIRECTION('',(-0.,0.,-1.));
#12832 = DEFINITIONAL_REPRESENTATION('',(#12833),#12837);
#12833 = LINE('',#12834,#12835);
#12834 = CARTESIAN_POINT('',(0.,0.));
#12835 = VECTOR('',#12836,1.);
#12836 = DIRECTION('',(1.,0.));
#12837 = ( GEOMETRIC_REPRESENTATION_CONTEXT(2) 
PARAMETRIC_REPRESENTATION_CONTEXT() REPRESENTATION_CONTEXT('2D SPACE',''
  ) );
#12838 = ORIENTED_EDGE('',*,*,#12839,.F.);
#12839 = EDGE_CURVE('',#12840,#12810,#12842,.T.);
#12840 = VERTEX_POINT('',#12841);
#12841 = CARTESIAN_POINT('',(252.47581899689,210.00181556673,18.2));
#12842 = SURFACE_CURVE('',#12843,(#12847,#12854),.PCURVE_S1.);
#12843 = B_SPLINE_CURVE_WITH_KNOTS('',2,(#12844,#12845,#12846),
  .UNSPECIFIED.,.F.,.F.,(3,3),(0.,1.),.PIECEWISE_BEZIER_KNOTS.);
#12844 = CARTESIAN_POINT('',(252.4840625,209.82268554687,18.2));
#12845 = CARTESIAN_POINT('',(252.4840625,210.39739257812,18.2));
#12846 = CARTESIAN_POINT('',(252.16985351562,210.70354492187,18.2));
#12847 = PCURVE('',#9962,#12848);
#12848 = DEFINITIONAL_REPRESENTATION('',(#12849),#12853);
#12849 = B_SPLINE_CURVE_WITH_KNOTS('',2,(#12850,#12851,#12852),
  .UNSPECIFIED.,.F.,.F.,(3,3),(0.,1.),.PIECEWISE_BEZIER_KNOTS.);
#12850 = CARTESIAN_POINT('',(3.64958984375,1.32404296875));
#12851 = CARTESIAN_POINT('',(4.224296875,1.32404296875));
#12852 = CARTESIAN_POINT('',(4.53044921875,1.638251953125));
#12853 = ( GEOMETRIC_REPRESENTATION_CONTEXT(2) 
PARAMETRIC_REPRESENTATION_CONTEXT() REPRESENTATION_CONTEXT('2D SPACE',''
  ) );
#12854 = PCURVE('',#12855,#12862);
#12855 = SURFACE_OF_LINEAR_EXTRUSION('',#12856,#12860);
#12856 = B_SPLINE_CURVE_WITH_KNOTS('',2,(#12857,#12858,#12859),
  .UNSPECIFIED.,.F.,.F.,(3,3),(0.,1.),.PIECEWISE_BEZIER_KNOTS.);
#12857 = CARTESIAN_POINT('',(252.4840625,209.82268554687,18.2));
#12858 = CARTESIAN_POINT('',(252.4840625,210.39739257812,18.2));
#12859 = CARTESIAN_POINT('',(252.16985351562,210.70354492187,18.2));
#12860 = VECTOR('',#12861,1.);
#12861 = DIRECTION('',(-0.,0.,-1.));
#12862 = DEFINITIONAL_REPRESENTATION('',(#12863),#12867);
#12863 = LINE('',#12864,#12865);
#12864 = CARTESIAN_POINT('',(0.,0.));
#12865 = VECTOR('',#12866,1.);
#12866 = DIRECTION('',(1.,0.));
#12867 = ( GEOMETRIC_REPRESENTATION_CONTEXT(2) 
PARAMETRIC_REPRESENTATION_CONTEXT() REPRESENTATION_CONTEXT('2D SPACE',''
  ) );
#12868 = ORIENTED_EDGE('',*,*,#12869,.F.);
#12869 = EDGE_CURVE('',#12660,#12840,#12870,.T.);
#12870 = SURFACE_CURVE('',#12871,(#12875,#12882),.PCURVE_S1.);
#12871 = B_SPLINE_CURVE_WITH_KNOTS('',2,(#12872,#12873,#12874),
  .UNSPECIFIED.,.F.,.F.,(3,3),(0.,1.),.PIECEWISE_BEZIER_KNOTS.);
#12872 = CARTESIAN_POINT('',(252.16985351562,209.29108398437,18.2));
#12873 = CARTESIAN_POINT('',(252.4840625,209.60260742187,18.2));
#12874 = CARTESIAN_POINT('',(252.4840625,210.18268554687,18.2));
#12875 = PCURVE('',#9962,#12876);
#12876 = DEFINITIONAL_REPRESENTATION('',(#12877),#12881);
#12877 = B_SPLINE_CURVE_WITH_KNOTS('',2,(#12878,#12879,#12880),
  .UNSPECIFIED.,.F.,.F.,(3,3),(0.,1.),.PIECEWISE_BEZIER_KNOTS.);
#12878 = CARTESIAN_POINT('',(3.11798828125,1.638251953125));
#12879 = CARTESIAN_POINT('',(3.42951171875,1.32404296875));
#12880 = CARTESIAN_POINT('',(4.00958984375,1.32404296875));
#12881 = ( GEOMETRIC_REPRESENTATION_CONTEXT(2) 
PARAMETRIC_REPRESENTATION_CONTEXT() REPRESENTATION_CONTEXT('2D SPACE',''
  ) );
#12882 = PCURVE('',#12883,#12890);
#12883 = SURFACE_OF_LINEAR_EXTRUSION('',#12884,#12888);
#12884 = B_SPLINE_CURVE_WITH_KNOTS('',2,(#12885,#12886,#12887),
  .UNSPECIFIED.,.F.,.F.,(3,3),(0.,1.),.PIECEWISE_BEZIER_KNOTS.);
#12885 = CARTESIAN_POINT('',(252.16985351562,209.29108398437,18.2));
#12886 = CARTESIAN_POINT('',(252.4840625,209.60260742187,18.2));
#12887 = CARTESIAN_POINT('',(252.4840625,210.18268554687,18.2));
#12888 = VECTOR('',#12889,1.);
#12889 = DIRECTION('',(-0.,0.,-1.));
#12890 = DEFINITIONAL_REPRESENTATION('',(#12891),#12895);
#12891 = LINE('',#12892,#12893);
#12892 = CARTESIAN_POINT('',(0.,0.));
#12893 = VECTOR('',#12894,1.);
#12894 = DIRECTION('',(1.,0.));
#12895 = ( GEOMETRIC_REPRESENTATION_CONTEXT(2) 
PARAMETRIC_REPRESENTATION_CONTEXT() REPRESENTATION_CONTEXT('2D SPACE',''
  ) );
#12896 = FACE_BOUND('',#12897,.T.);
#12897 = EDGE_LOOP('',(#12898,#12930,#12960,#12990,#13020,#13050,#13080,
    #13110));
#12898 = ORIENTED_EDGE('',*,*,#12899,.F.);
#12899 = EDGE_CURVE('',#12900,#12902,#12904,.T.);
#12900 = VERTEX_POINT('',#12901);
#12901 = CARTESIAN_POINT('',(248.73621282836,210.00076557507,18.2));
#12902 = VERTEX_POINT('',#12903);
#12903 = CARTESIAN_POINT('',(248.48796875,210.56926757812,18.2));
#12904 = SURFACE_CURVE('',#12905,(#12909,#12916),.PCURVE_S1.);
#12905 = B_SPLINE_CURVE_WITH_KNOTS('',2,(#12906,#12907,#12908),
  .UNSPECIFIED.,.F.,.F.,(3,3),(0.,1.),.PIECEWISE_BEZIER_KNOTS.);
#12906 = CARTESIAN_POINT('',(248.74578125,209.82268554687,18.2));
#12907 = CARTESIAN_POINT('',(248.74578125,210.30608398437,18.2));
#12908 = CARTESIAN_POINT('',(248.48796875,210.56926757812,18.2));
#12909 = PCURVE('',#9962,#12910);
#12910 = DEFINITIONAL_REPRESENTATION('',(#12911),#12915);
#12911 = B_SPLINE_CURVE_WITH_KNOTS('',2,(#12912,#12913,#12914),
  .UNSPECIFIED.,.F.,.F.,(3,3),(0.,1.),.PIECEWISE_BEZIER_KNOTS.);
#12912 = CARTESIAN_POINT('',(3.64958984375,5.06232421875));
#12913 = CARTESIAN_POINT('',(4.13298828125,5.06232421875));
#12914 = CARTESIAN_POINT('',(4.396171875,5.32013671875));
#12915 = ( GEOMETRIC_REPRESENTATION_CONTEXT(2) 
PARAMETRIC_REPRESENTATION_CONTEXT() REPRESENTATION_CONTEXT('2D SPACE',''
  ) );
#12916 = PCURVE('',#12917,#12924);
#12917 = SURFACE_OF_LINEAR_EXTRUSION('',#12918,#12922);
#12918 = B_SPLINE_CURVE_WITH_KNOTS('',2,(#12919,#12920,#12921),
  .UNSPECIFIED.,.F.,.F.,(3,3),(0.,1.),.PIECEWISE_BEZIER_KNOTS.);
#12919 = CARTESIAN_POINT('',(248.74578125,209.82268554687,18.2));
#12920 = CARTESIAN_POINT('',(248.74578125,210.30608398437,18.2));
#12921 = CARTESIAN_POINT('',(248.48796875,210.56926757812,18.2));
#12922 = VECTOR('',#12923,1.);
#12923 = DIRECTION('',(-0.,0.,-1.));
#12924 = DEFINITIONAL_REPRESENTATION('',(#12925),#12929);
#12925 = LINE('',#12926,#12927);
#12926 = CARTESIAN_POINT('',(0.,0.));
#12927 = VECTOR('',#12928,1.);
#12928 = DIRECTION('',(1.,0.));
#12929 = ( GEOMETRIC_REPRESENTATION_CONTEXT(2) 
PARAMETRIC_REPRESENTATION_CONTEXT() REPRESENTATION_CONTEXT('2D SPACE',''
  ) );
#12930 = ORIENTED_EDGE('',*,*,#12931,.F.);
#12931 = EDGE_CURVE('',#12932,#12900,#12934,.T.);
#12932 = VERTEX_POINT('',#12933);
#12933 = CARTESIAN_POINT('',(248.48796875,209.42267578125,18.2));
#12934 = SURFACE_CURVE('',#12935,(#12939,#12946),.PCURVE_S1.);
#12935 = B_SPLINE_CURVE_WITH_KNOTS('',2,(#12936,#12937,#12938),
  .UNSPECIFIED.,.F.,.F.,(3,3),(0.,1.),.PIECEWISE_BEZIER_KNOTS.);
#12936 = CARTESIAN_POINT('',(248.48796875,209.42267578125,18.2));
#12937 = CARTESIAN_POINT('',(248.74578125,209.68854492187,18.2));
#12938 = CARTESIAN_POINT('',(248.74578125,210.18268554687,18.2));
#12939 = PCURVE('',#9962,#12940);
#12940 = DEFINITIONAL_REPRESENTATION('',(#12941),#12945);
#12941 = B_SPLINE_CURVE_WITH_KNOTS('',2,(#12942,#12943,#12944),
  .UNSPECIFIED.,.F.,.F.,(3,3),(0.,1.),.PIECEWISE_BEZIER_KNOTS.);
#12942 = CARTESIAN_POINT('',(3.249580078125,5.32013671875));
#12943 = CARTESIAN_POINT('',(3.51544921875,5.06232421875));
#12944 = CARTESIAN_POINT('',(4.00958984375,5.06232421875));
#12945 = ( GEOMETRIC_REPRESENTATION_CONTEXT(2) 
PARAMETRIC_REPRESENTATION_CONTEXT() REPRESENTATION_CONTEXT('2D SPACE',''
  ) );
#12946 = PCURVE('',#12947,#12954);
#12947 = SURFACE_OF_LINEAR_EXTRUSION('',#12948,#12952);
#12948 = B_SPLINE_CURVE_WITH_KNOTS('',2,(#12949,#12950,#12951),
  .UNSPECIFIED.,.F.,.F.,(3,3),(0.,1.),.PIECEWISE_BEZIER_KNOTS.);
#12949 = CARTESIAN_POINT('',(248.48796875,209.42267578125,18.2));
#12950 = CARTESIAN_POINT('',(248.74578125,209.68854492187,18.2));
#12951 = CARTESIAN_POINT('',(248.74578125,210.18268554687,18.2));
#12952 = VECTOR('',#12953,1.);
#12953 = DIRECTION('',(-0.,0.,-1.));
#12954 = DEFINITIONAL_REPRESENTATION('',(#12955),#12959);
#12955 = LINE('',#12956,#12957);
#12956 = CARTESIAN_POINT('',(0.,0.));
#12957 = VECTOR('',#12958,1.);
#12958 = DIRECTION('',(1.,0.));
#12959 = ( GEOMETRIC_REPRESENTATION_CONTEXT(2) 
PARAMETRIC_REPRESENTATION_CONTEXT() REPRESENTATION_CONTEXT('2D SPACE',''
  ) );
#12960 = ORIENTED_EDGE('',*,*,#12961,.F.);
#12961 = EDGE_CURVE('',#12962,#12932,#12964,.T.);
#12962 = VERTEX_POINT('',#12963);
#12963 = CARTESIAN_POINT('',(247.93308855667,209.16726544899,18.2));
#12964 = SURFACE_CURVE('',#12965,(#12969,#12976),.PCURVE_S1.);
#12965 = B_SPLINE_CURVE_WITH_KNOTS('',2,(#12966,#12967,#12968),
  .UNSPECIFIED.,.F.,.F.,(3,3),(0.,1.),.PIECEWISE_BEZIER_KNOTS.);
#12966 = CARTESIAN_POINT('',(247.75212890625,209.15680664062,18.2));
#12967 = CARTESIAN_POINT('',(248.23015625,209.15680664062,18.2));
#12968 = CARTESIAN_POINT('',(248.48796875,209.42267578125,18.2));
#12969 = PCURVE('',#9962,#12970);
#12970 = DEFINITIONAL_REPRESENTATION('',(#12971),#12975);
#12971 = B_SPLINE_CURVE_WITH_KNOTS('',2,(#12972,#12973,#12974),
  .UNSPECIFIED.,.F.,.F.,(3,3),(0.,1.),.PIECEWISE_BEZIER_KNOTS.);
#12972 = CARTESIAN_POINT('',(2.9837109375,6.0559765625));
#12973 = CARTESIAN_POINT('',(2.9837109375,5.57794921875));
#12974 = CARTESIAN_POINT('',(3.249580078125,5.32013671875));
#12975 = ( GEOMETRIC_REPRESENTATION_CONTEXT(2) 
PARAMETRIC_REPRESENTATION_CONTEXT() REPRESENTATION_CONTEXT('2D SPACE',''
  ) );
#12976 = PCURVE('',#12977,#12984);
#12977 = SURFACE_OF_LINEAR_EXTRUSION('',#12978,#12982);
#12978 = B_SPLINE_CURVE_WITH_KNOTS('',2,(#12979,#12980,#12981),
  .UNSPECIFIED.,.F.,.F.,(3,3),(0.,1.),.PIECEWISE_BEZIER_KNOTS.);
#12979 = CARTESIAN_POINT('',(247.75212890625,209.15680664062,18.2));
#12980 = CARTESIAN_POINT('',(248.23015625,209.15680664062,18.2));
#12981 = CARTESIAN_POINT('',(248.48796875,209.42267578125,18.2));
#12982 = VECTOR('',#12983,1.);
#12983 = DIRECTION('',(-0.,0.,-1.));
#12984 = DEFINITIONAL_REPRESENTATION('',(#12985),#12989);
#12985 = LINE('',#12986,#12987);
#12986 = CARTESIAN_POINT('',(0.,0.));
#12987 = VECTOR('',#12988,1.);
#12988 = DIRECTION('',(1.,0.));
#12989 = ( GEOMETRIC_REPRESENTATION_CONTEXT(2) 
PARAMETRIC_REPRESENTATION_CONTEXT() REPRESENTATION_CONTEXT('2D SPACE',''
  ) );
#12990 = ORIENTED_EDGE('',*,*,#12991,.F.);
#12991 = EDGE_CURVE('',#12992,#12962,#12994,.T.);
#12992 = VERTEX_POINT('',#12993);
#12993 = CARTESIAN_POINT('',(247.38166015625,209.42267578125,18.2));
#12994 = SURFACE_CURVE('',#12995,(#12999,#13006),.PCURVE_S1.);
#12995 = B_SPLINE_CURVE_WITH_KNOTS('',2,(#12996,#12997,#12998),
  .UNSPECIFIED.,.F.,.F.,(3,3),(0.,1.),.PIECEWISE_BEZIER_KNOTS.);
#12996 = CARTESIAN_POINT('',(247.38166015625,209.42267578125,18.2));
#12997 = CARTESIAN_POINT('',(247.63947265625,209.15680664062,18.2));
#12998 = CARTESIAN_POINT('',(248.11212890625,209.15680664062,18.2));
#12999 = PCURVE('',#9962,#13000);
#13000 = DEFINITIONAL_REPRESENTATION('',(#13001),#13005);
#13001 = B_SPLINE_CURVE_WITH_KNOTS('',2,(#13002,#13003,#13004),
  .UNSPECIFIED.,.F.,.F.,(3,3),(0.,1.),.PIECEWISE_BEZIER_KNOTS.);
#13002 = CARTESIAN_POINT('',(3.249580078125,6.4264453125));
#13003 = CARTESIAN_POINT('',(2.9837109375,6.1686328125));
#13004 = CARTESIAN_POINT('',(2.9837109375,5.6959765625));
#13005 = ( GEOMETRIC_REPRESENTATION_CONTEXT(2) 
PARAMETRIC_REPRESENTATION_CONTEXT() REPRESENTATION_CONTEXT('2D SPACE',''
  ) );
#13006 = PCURVE('',#13007,#13014);
#13007 = SURFACE_OF_LINEAR_EXTRUSION('',#13008,#13012);
#13008 = B_SPLINE_CURVE_WITH_KNOTS('',2,(#13009,#13010,#13011),
  .UNSPECIFIED.,.F.,.F.,(3,3),(0.,1.),.PIECEWISE_BEZIER_KNOTS.);
#13009 = CARTESIAN_POINT('',(247.38166015625,209.42267578125,18.2));
#13010 = CARTESIAN_POINT('',(247.63947265625,209.15680664062,18.2));
#13011 = CARTESIAN_POINT('',(248.11212890625,209.15680664062,18.2));
#13012 = VECTOR('',#13013,1.);
#13013 = DIRECTION('',(-0.,0.,-1.));
#13014 = DEFINITIONAL_REPRESENTATION('',(#13015),#13019);
#13015 = LINE('',#13016,#13017);
#13016 = CARTESIAN_POINT('',(0.,0.));
#13017 = VECTOR('',#13018,1.);
#13018 = DIRECTION('',(1.,0.));
#13019 = ( GEOMETRIC_REPRESENTATION_CONTEXT(2) 
PARAMETRIC_REPRESENTATION_CONTEXT() REPRESENTATION_CONTEXT('2D SPACE',''
  ) );
#13020 = ORIENTED_EDGE('',*,*,#13021,.F.);
#13021 = EDGE_CURVE('',#13022,#12992,#13024,.T.);
#13022 = VERTEX_POINT('',#13023);
#13023 = CARTESIAN_POINT('',(247.13336656694,210.00121495933,18.2));
#13024 = SURFACE_CURVE('',#13025,(#13029,#13036),.PCURVE_S1.);
#13025 = B_SPLINE_CURVE_WITH_KNOTS('',2,(#13026,#13027,#13028),
  .UNSPECIFIED.,.F.,.F.,(3,3),(0.,1.),.PIECEWISE_BEZIER_KNOTS.);
#13026 = CARTESIAN_POINT('',(247.12384765625,210.18268554687,18.2));
#13027 = CARTESIAN_POINT('',(247.12384765625,209.68854492187,18.2));
#13028 = CARTESIAN_POINT('',(247.38166015625,209.42267578125,18.2));
#13029 = PCURVE('',#9962,#13030);
#13030 = DEFINITIONAL_REPRESENTATION('',(#13031),#13035);
#13031 = B_SPLINE_CURVE_WITH_KNOTS('',2,(#13032,#13033,#13034),
  .UNSPECIFIED.,.F.,.F.,(3,3),(0.,1.),.PIECEWISE_BEZIER_KNOTS.);
#13032 = CARTESIAN_POINT('',(4.00958984375,6.6842578125));
#13033 = CARTESIAN_POINT('',(3.51544921875,6.6842578125));
#13034 = CARTESIAN_POINT('',(3.249580078125,6.4264453125));
#13035 = ( GEOMETRIC_REPRESENTATION_CONTEXT(2) 
PARAMETRIC_REPRESENTATION_CONTEXT() REPRESENTATION_CONTEXT('2D SPACE',''
  ) );
#13036 = PCURVE('',#13037,#13044);
#13037 = SURFACE_OF_LINEAR_EXTRUSION('',#13038,#13042);
#13038 = B_SPLINE_CURVE_WITH_KNOTS('',2,(#13039,#13040,#13041),
  .UNSPECIFIED.,.F.,.F.,(3,3),(0.,1.),.PIECEWISE_BEZIER_KNOTS.);
#13039 = CARTESIAN_POINT('',(247.12384765625,210.18268554687,18.2));
#13040 = CARTESIAN_POINT('',(247.12384765625,209.68854492187,18.2));
#13041 = CARTESIAN_POINT('',(247.38166015625,209.42267578125,18.2));
#13042 = VECTOR('',#13043,1.);
#13043 = DIRECTION('',(-0.,0.,-1.));
#13044 = DEFINITIONAL_REPRESENTATION('',(#13045),#13049);
#13045 = LINE('',#13046,#13047);
#13046 = CARTESIAN_POINT('',(0.,0.));
#13047 = VECTOR('',#13048,1.);
#13048 = DIRECTION('',(1.,0.));
#13049 = ( GEOMETRIC_REPRESENTATION_CONTEXT(2) 
PARAMETRIC_REPRESENTATION_CONTEXT() REPRESENTATION_CONTEXT('2D SPACE',''
  ) );
#13050 = ORIENTED_EDGE('',*,*,#13051,.F.);
#13051 = EDGE_CURVE('',#13052,#13022,#13054,.T.);
#13052 = VERTEX_POINT('',#13053);
#13053 = CARTESIAN_POINT('',(247.37897460937,210.56926757812,18.2));
#13054 = SURFACE_CURVE('',#13055,(#13059,#13066),.PCURVE_S1.);
#13055 = B_SPLINE_CURVE_WITH_KNOTS('',2,(#13056,#13057,#13058),
  .UNSPECIFIED.,.F.,.F.,(3,3),(0.,1.),.PIECEWISE_BEZIER_KNOTS.);
#13056 = CARTESIAN_POINT('',(247.37897460937,210.56926757812,18.2));
#13057 = CARTESIAN_POINT('',(247.12384765625,210.30608398437,18.2));
#13058 = CARTESIAN_POINT('',(247.12384765625,209.82268554687,18.2));
#13059 = PCURVE('',#9962,#13060);
#13060 = DEFINITIONAL_REPRESENTATION('',(#13061),#13065);
#13061 = B_SPLINE_CURVE_WITH_KNOTS('',2,(#13062,#13063,#13064),
  .UNSPECIFIED.,.F.,.F.,(3,3),(0.,1.),.PIECEWISE_BEZIER_KNOTS.);
#13062 = CARTESIAN_POINT('',(4.396171875,6.429130859375));
#13063 = CARTESIAN_POINT('',(4.13298828125,6.6842578125));
#13064 = CARTESIAN_POINT('',(3.64958984375,6.6842578125));
#13065 = ( GEOMETRIC_REPRESENTATION_CONTEXT(2) 
PARAMETRIC_REPRESENTATION_CONTEXT() REPRESENTATION_CONTEXT('2D SPACE',''
  ) );
#13066 = PCURVE('',#13067,#13074);
#13067 = SURFACE_OF_LINEAR_EXTRUSION('',#13068,#13072);
#13068 = B_SPLINE_CURVE_WITH_KNOTS('',2,(#13069,#13070,#13071),
  .UNSPECIFIED.,.F.,.F.,(3,3),(0.,1.),.PIECEWISE_BEZIER_KNOTS.);
#13069 = CARTESIAN_POINT('',(247.37897460937,210.56926757812,18.2));
#13070 = CARTESIAN_POINT('',(247.12384765625,210.30608398437,18.2));
#13071 = CARTESIAN_POINT('',(247.12384765625,209.82268554687,18.2));
#13072 = VECTOR('',#13073,1.);
#13073 = DIRECTION('',(-0.,0.,-1.));
#13074 = DEFINITIONAL_REPRESENTATION('',(#13075),#13079);
#13075 = LINE('',#13076,#13077);
#13076 = CARTESIAN_POINT('',(0.,0.));
#13077 = VECTOR('',#13078,1.);
#13078 = DIRECTION('',(1.,0.));
#13079 = ( GEOMETRIC_REPRESENTATION_CONTEXT(2) 
PARAMETRIC_REPRESENTATION_CONTEXT() REPRESENTATION_CONTEXT('2D SPACE',''
  ) );
#13080 = ORIENTED_EDGE('',*,*,#13081,.F.);
#13081 = EDGE_CURVE('',#13082,#13052,#13084,.T.);
#13082 = VERTEX_POINT('',#13083);
#13083 = CARTESIAN_POINT('',(247.93218117376,210.82220673987,18.2));
#13084 = SURFACE_CURVE('',#13085,(#13089,#13096),.PCURVE_S1.);
#13085 = B_SPLINE_CURVE_WITH_KNOTS('',2,(#13086,#13087,#13088),
  .UNSPECIFIED.,.F.,.F.,(3,3),(0.,1.),.PIECEWISE_BEZIER_KNOTS.);
#13086 = CARTESIAN_POINT('',(248.11212890625,210.83245117187,18.2));
#13087 = CARTESIAN_POINT('',(247.6341015625,210.83245117187,18.2));
#13088 = CARTESIAN_POINT('',(247.37897460937,210.56926757812,18.2));
#13089 = PCURVE('',#9962,#13090);
#13090 = DEFINITIONAL_REPRESENTATION('',(#13091),#13095);
#13091 = B_SPLINE_CURVE_WITH_KNOTS('',2,(#13092,#13093,#13094),
  .UNSPECIFIED.,.F.,.F.,(3,3),(0.,1.),.PIECEWISE_BEZIER_KNOTS.);
#13092 = CARTESIAN_POINT('',(4.65935546875,5.6959765625));
#13093 = CARTESIAN_POINT('',(4.65935546875,6.17400390625));
#13094 = CARTESIAN_POINT('',(4.396171875,6.429130859375));
#13095 = ( GEOMETRIC_REPRESENTATION_CONTEXT(2) 
PARAMETRIC_REPRESENTATION_CONTEXT() REPRESENTATION_CONTEXT('2D SPACE',''
  ) );
#13096 = PCURVE('',#13097,#13104);
#13097 = SURFACE_OF_LINEAR_EXTRUSION('',#13098,#13102);
#13098 = B_SPLINE_CURVE_WITH_KNOTS('',2,(#13099,#13100,#13101),
  .UNSPECIFIED.,.F.,.F.,(3,3),(0.,1.),.PIECEWISE_BEZIER_KNOTS.);
#13099 = CARTESIAN_POINT('',(248.11212890625,210.83245117187,18.2));
#13100 = CARTESIAN_POINT('',(247.6341015625,210.83245117187,18.2));
#13101 = CARTESIAN_POINT('',(247.37897460937,210.56926757812,18.2));
#13102 = VECTOR('',#13103,1.);
#13103 = DIRECTION('',(-0.,0.,-1.));
#13104 = DEFINITIONAL_REPRESENTATION('',(#13105),#13109);
#13105 = LINE('',#13106,#13107);
#13106 = CARTESIAN_POINT('',(0.,0.));
#13107 = VECTOR('',#13108,1.);
#13108 = DIRECTION('',(1.,0.));
#13109 = ( GEOMETRIC_REPRESENTATION_CONTEXT(2) 
PARAMETRIC_REPRESENTATION_CONTEXT() REPRESENTATION_CONTEXT('2D SPACE',''
  ) );
#13110 = ORIENTED_EDGE('',*,*,#13111,.F.);
#13111 = EDGE_CURVE('',#12902,#13082,#13112,.T.);
#13112 = SURFACE_CURVE('',#13113,(#13117,#13124),.PCURVE_S1.);
#13113 = B_SPLINE_CURVE_WITH_KNOTS('',2,(#13114,#13115,#13116),
  .UNSPECIFIED.,.F.,.F.,(3,3),(0.,1.),.PIECEWISE_BEZIER_KNOTS.);
#13114 = CARTESIAN_POINT('',(248.48796875,210.56926757812,18.2));
#13115 = CARTESIAN_POINT('',(248.23015625,210.83245117187,18.2));
#13116 = CARTESIAN_POINT('',(247.75212890625,210.83245117187,18.2));
#13117 = PCURVE('',#9962,#13118);
#13118 = DEFINITIONAL_REPRESENTATION('',(#13119),#13123);
#13119 = B_SPLINE_CURVE_WITH_KNOTS('',2,(#13120,#13121,#13122),
  .UNSPECIFIED.,.F.,.F.,(3,3),(0.,1.),.PIECEWISE_BEZIER_KNOTS.);
#13120 = CARTESIAN_POINT('',(4.396171875,5.32013671875));
#13121 = CARTESIAN_POINT('',(4.65935546875,5.57794921875));
#13122 = CARTESIAN_POINT('',(4.65935546875,6.0559765625));
#13123 = ( GEOMETRIC_REPRESENTATION_CONTEXT(2) 
PARAMETRIC_REPRESENTATION_CONTEXT() REPRESENTATION_CONTEXT('2D SPACE',''
  ) );
#13124 = PCURVE('',#13125,#13132);
#13125 = SURFACE_OF_LINEAR_EXTRUSION('',#13126,#13130);
#13126 = B_SPLINE_CURVE_WITH_KNOTS('',2,(#13127,#13128,#13129),
  .UNSPECIFIED.,.F.,.F.,(3,3),(0.,1.),.PIECEWISE_BEZIER_KNOTS.);
#13127 = CARTESIAN_POINT('',(248.48796875,210.56926757812,18.2));
#13128 = CARTESIAN_POINT('',(248.23015625,210.83245117187,18.2));
#13129 = CARTESIAN_POINT('',(247.75212890625,210.83245117187,18.2));
#13130 = VECTOR('',#13131,1.);
#13131 = DIRECTION('',(-0.,0.,-1.));
#13132 = DEFINITIONAL_REPRESENTATION('',(#13133),#13137);
#13133 = LINE('',#13134,#13135);
#13134 = CARTESIAN_POINT('',(0.,0.));
#13135 = VECTOR('',#13136,1.);
#13136 = DIRECTION('',(1.,0.));
#13137 = ( GEOMETRIC_REPRESENTATION_CONTEXT(2) 
PARAMETRIC_REPRESENTATION_CONTEXT() REPRESENTATION_CONTEXT('2D SPACE',''
  ) );
#13138 = ADVANCED_FACE('',(#13139),#11441,.T.);
#13139 = FACE_BOUND('',#13140,.T.);
#13140 = EDGE_LOOP('',(#13141,#13142,#13143,#13144));
#13141 = ORIENTED_EDGE('',*,*,#11702,.F.);
#13142 = ORIENTED_EDGE('',*,*,#11833,.F.);
#13143 = ORIENTED_EDGE('',*,*,#11423,.T.);
#13144 = ORIENTED_EDGE('',*,*,#13145,.T.);
#13145 = EDGE_CURVE('',#11426,#11633,#13146,.T.);
#13146 = SURFACE_CURVE('',#13147,(#13151,#13158),.PCURVE_S1.);
#13147 = LINE('',#13148,#13149);
#13148 = CARTESIAN_POINT('',(245.5,247.05,15.5));
#13149 = VECTOR('',#13150,1.);
#13150 = DIRECTION('',(1.,0.,-0.));
#13151 = PCURVE('',#11441,#13152);
#13152 = DEFINITIONAL_REPRESENTATION('',(#13153),#13157);
#13153 = LINE('',#13154,#13155);
#13154 = CARTESIAN_POINT('',(23.5,0.));
#13155 = VECTOR('',#13156,1.);
#13156 = DIRECTION('',(0.,1.));
#13157 = ( GEOMETRIC_REPRESENTATION_CONTEXT(2) 
PARAMETRIC_REPRESENTATION_CONTEXT() REPRESENTATION_CONTEXT('2D SPACE',''
  ) );
#13158 = PCURVE('',#11540,#13159);
#13159 = DEFINITIONAL_REPRESENTATION('',(#13160),#13164);
#13160 = LINE('',#13161,#13162);
#13161 = CARTESIAN_POINT('',(-0.,-0.353553390593));
#13162 = VECTOR('',#13163,1.);
#13163 = DIRECTION('',(-1.,0.));
#13164 = ( GEOMETRIC_REPRESENTATION_CONTEXT(2) 
PARAMETRIC_REPRESENTATION_CONTEXT() REPRESENTATION_CONTEXT('2D SPACE',''
  ) );
#13165 = ADVANCED_FACE('',(#13166),#11566,.T.);
#13166 = FACE_BOUND('',#13167,.T.);
#13167 = EDGE_LOOP('',(#13168,#13169,#13170,#13171));
#13168 = ORIENTED_EDGE('',*,*,#11552,.F.);
#13169 = ORIENTED_EDGE('',*,*,#11606,.T.);
#13170 = ORIENTED_EDGE('',*,*,#11678,.T.);
#13171 = ORIENTED_EDGE('',*,*,#13172,.F.);
#13172 = EDGE_CURVE('',#11525,#11656,#13173,.T.);
#13173 = SURFACE_CURVE('',#13174,(#13178,#13185),.PCURVE_S1.);
#13174 = LINE('',#13175,#13176);
#13175 = CARTESIAN_POINT('',(245.5,246.55,16.));
#13176 = VECTOR('',#13177,1.);
#13177 = DIRECTION('',(1.,0.,-0.));
#13178 = PCURVE('',#11566,#13179);
#13179 = DEFINITIONAL_REPRESENTATION('',(#13180),#13184);
#13180 = LINE('',#13181,#13182);
#13181 = CARTESIAN_POINT('',(0.,6.6));
#13182 = VECTOR('',#13183,1.);
#13183 = DIRECTION('',(1.,0.));
#13184 = ( GEOMETRIC_REPRESENTATION_CONTEXT(2) 
PARAMETRIC_REPRESENTATION_CONTEXT() REPRESENTATION_CONTEXT('2D SPACE',''
  ) );
#13185 = PCURVE('',#11540,#13186);
#13186 = DEFINITIONAL_REPRESENTATION('',(#13187),#13191);
#13187 = LINE('',#13188,#13189);
#13188 = CARTESIAN_POINT('',(-0.,0.353553390593));
#13189 = VECTOR('',#13190,1.);
#13190 = DIRECTION('',(-1.,0.));
#13191 = ( GEOMETRIC_REPRESENTATION_CONTEXT(2) 
PARAMETRIC_REPRESENTATION_CONTEXT() REPRESENTATION_CONTEXT('2D SPACE',''
  ) );
#13192 = ADVANCED_FACE('',(#13193),#11540,.T.);
#13193 = FACE_BOUND('',#13194,.F.);
#13194 = EDGE_LOOP('',(#13195,#13196,#13197,#13198));
#13195 = ORIENTED_EDGE('',*,*,#11524,.F.);
#13196 = ORIENTED_EDGE('',*,*,#13145,.T.);
#13197 = ORIENTED_EDGE('',*,*,#11655,.T.);
#13198 = ORIENTED_EDGE('',*,*,#13172,.F.);
#13199 = ADVANCED_FACE('',(#13200),#11970,.F.);
#13200 = FACE_BOUND('',#13201,.F.);
#13201 = EDGE_LOOP('',(#13202,#13203,#13204,#13205));
#13202 = ORIENTED_EDGE('',*,*,#12086,.F.);
#13203 = ORIENTED_EDGE('',*,*,#11956,.T.);
#13204 = ORIENTED_EDGE('',*,*,#12010,.T.);
#13205 = ORIENTED_EDGE('',*,*,#12059,.F.);
#13206 = ADVANCED_FACE('',(#13207),#12390,.F.);
#13207 = FACE_BOUND('',#13208,.F.);
#13208 = EDGE_LOOP('',(#13209,#13210,#13233,#13288));
#13209 = ORIENTED_EDGE('',*,*,#12372,.F.);
#13210 = ORIENTED_EDGE('',*,*,#13211,.T.);
#13211 = EDGE_CURVE('',#12373,#13212,#13214,.T.);
#13212 = VERTEX_POINT('',#13213);
#13213 = CARTESIAN_POINT('',(250.38141601562,90.79216796875,19.6));
#13214 = SURFACE_CURVE('',#13215,(#13219,#13226),.PCURVE_S1.);
#13215 = LINE('',#13216,#13217);
#13216 = CARTESIAN_POINT('',(250.38141601562,90.79216796875,18.2));
#13217 = VECTOR('',#13218,1.);
#13218 = DIRECTION('',(0.,-0.,1.));
#13219 = PCURVE('',#12390,#13220);
#13220 = DEFINITIONAL_REPRESENTATION('',(#13221),#13225);
#13221 = LINE('',#13222,#13223);
#13222 = CARTESIAN_POINT('',(0.,0.));
#13223 = VECTOR('',#13224,1.);
#13224 = DIRECTION('',(0.,-1.));
#13225 = ( GEOMETRIC_REPRESENTATION_CONTEXT(2) 
PARAMETRIC_REPRESENTATION_CONTEXT() REPRESENTATION_CONTEXT('2D SPACE',''
  ) );
#13226 = PCURVE('',#12420,#13227);
#13227 = DEFINITIONAL_REPRESENTATION('',(#13228),#13232);
#13228 = LINE('',#13229,#13230);
#13229 = CARTESIAN_POINT('',(1.,0.));
#13230 = VECTOR('',#13231,1.);
#13231 = DIRECTION('',(0.,-1.));
#13232 = ( GEOMETRIC_REPRESENTATION_CONTEXT(2) 
PARAMETRIC_REPRESENTATION_CONTEXT() REPRESENTATION_CONTEXT('2D SPACE',''
  ) );
#13233 = ORIENTED_EDGE('',*,*,#13234,.F.);
#13234 = EDGE_CURVE('',#13235,#13212,#13237,.T.);
#13235 = VERTEX_POINT('',#13236);
#13236 = CARTESIAN_POINT('',(250.04008619995,90.153923080486,19.6));
#13237 = SURFACE_CURVE('',#13238,(#13251,#13267),.PCURVE_S1.);
#13238 = B_SPLINE_CURVE_WITH_KNOTS('',6,(#13239,#13240,#13241,#13242,
    #13243,#13244,#13245,#13246,#13247,#13248,#13249,#13250),
  .UNSPECIFIED.,.F.,.F.,(7,5,7),(0.,0.710274981461,1.),.UNSPECIFIED.);
#13239 = CARTESIAN_POINT('',(250.0400861271,90.153922480345,19.6));
#13240 = CARTESIAN_POINT('',(250.05135544149,90.246755808569,19.6));
#13241 = CARTESIAN_POINT('',(250.07019648425,90.336329928249,19.6));
#13242 = CARTESIAN_POINT('',(250.09728879396,90.421726699617,19.6));
#13243 = CARTESIAN_POINT('',(250.13314362888,90.501987301224,19.6));
#13244 = CARTESIAN_POINT('',(250.1779084253,90.576231236369,19.6));
#13245 = CARTESIAN_POINT('',(250.2527559593,90.671407096667,19.6));
#13246 = CARTESIAN_POINT('',(250.27584208619,90.697881291988,19.6));
#13247 = CARTESIAN_POINT('',(250.30029842393,90.723215557414,19.6));
#13248 = CARTESIAN_POINT('',(250.32608264312,90.74738325073,19.6));
#13249 = CARTESIAN_POINT('',(250.35314224617,90.770369108336,19.6));
#13250 = CARTESIAN_POINT('',(250.38141601562,90.79216796875,19.6));
#13251 = PCURVE('',#12390,#13252);
#13252 = DEFINITIONAL_REPRESENTATION('',(#13253),#13266);
#13253 = B_SPLINE_CURVE_WITH_KNOTS('',6,(#13254,#13255,#13256,#13257,
    #13258,#13259,#13260,#13261,#13262,#13263,#13264,#13265),
  .UNSPECIFIED.,.F.,.F.,(7,5,7),(0.,0.710274981461,1.),.UNSPECIFIED.);
#13254 = CARTESIAN_POINT('',(0.82743158209,-1.4));
#13255 = CARTESIAN_POINT('',(0.734620005786,-1.4));
#13256 = CARTESIAN_POINT('',(0.639349610954,-1.4));
#13257 = CARTESIAN_POINT('',(0.541970717025,-1.4));
#13258 = CARTESIAN_POINT('',(0.442991527116,-1.4));
#13259 = CARTESIAN_POINT('',(0.343109833823,-1.4));
#13260 = CARTESIAN_POINT('',(0.202537588855,-1.4));
#13261 = CARTESIAN_POINT('',(0.161809510363,-1.4));
#13262 = CARTESIAN_POINT('',(0.121138553681,-1.4));
#13263 = CARTESIAN_POINT('',(8.057940889838E-02,-1.4));
#13264 = CARTESIAN_POINT('',(4.018367788276E-02,-1.4));
#13265 = CARTESIAN_POINT('',(0.,-1.4));
#13266 = ( GEOMETRIC_REPRESENTATION_CONTEXT(2) 
PARAMETRIC_REPRESENTATION_CONTEXT() REPRESENTATION_CONTEXT('2D SPACE',''
  ) );
#13267 = PCURVE('',#13268,#13273);
#13268 = PLANE('',#13269);
#13269 = AXIS2_PLACEMENT_3D('',#13270,#13271,#13272);
#13270 = CARTESIAN_POINT('',(240.,0.,19.6));
#13271 = DIRECTION('',(0.,0.,1.));
#13272 = DIRECTION('',(1.,0.,-0.));
#13273 = DEFINITIONAL_REPRESENTATION('',(#13274),#13287);
#13274 = B_SPLINE_CURVE_WITH_KNOTS('',6,(#13275,#13276,#13277,#13278,
    #13279,#13280,#13281,#13282,#13283,#13284,#13285,#13286),
  .UNSPECIFIED.,.F.,.F.,(7,5,7),(0.,0.710274981461,1.),.UNSPECIFIED.);
#13275 = CARTESIAN_POINT('',(10.040086127104,90.153922480345));
#13276 = CARTESIAN_POINT('',(10.05135544149,90.246755808569));
#13277 = CARTESIAN_POINT('',(10.070196484258,90.336329928249));
#13278 = CARTESIAN_POINT('',(10.097288793962,90.421726699617));
#13279 = CARTESIAN_POINT('',(10.133143628887,90.501987301224));
#13280 = CARTESIAN_POINT('',(10.177908425303,90.576231236369));
#13281 = CARTESIAN_POINT('',(10.252755959303,90.671407096667));
#13282 = CARTESIAN_POINT('',(10.275842086198,90.697881291988));
#13283 = CARTESIAN_POINT('',(10.300298423933,90.723215557414));
#13284 = CARTESIAN_POINT('',(10.326082643122,90.74738325073));
#13285 = CARTESIAN_POINT('',(10.353142246177,90.770369108336));
#13286 = CARTESIAN_POINT('',(10.381416015625,90.79216796875));
#13287 = ( GEOMETRIC_REPRESENTATION_CONTEXT(2) 
PARAMETRIC_REPRESENTATION_CONTEXT() REPRESENTATION_CONTEXT('2D SPACE',''
  ) );
#13288 = ORIENTED_EDGE('',*,*,#13289,.F.);
#13289 = EDGE_CURVE('',#12375,#13235,#13290,.T.);
#13290 = SURFACE_CURVE('',#13291,(#13297,#13306),.PCURVE_S1.);
#13291 = B_SPLINE_CURVE_WITH_KNOTS('',4,(#13292,#13293,#13294,#13295,
    #13296),.UNSPECIFIED.,.F.,.F.,(5,5),(0.,1.),
  .PIECEWISE_BEZIER_KNOTS.);
#13292 = CARTESIAN_POINT('',(250.04008619995,90.153923080486,18.1999994)
  );
#13293 = CARTESIAN_POINT('',(250.04008619995,90.153923080486,
    18.599999699995));
#13294 = CARTESIAN_POINT('',(250.04008619995,90.153923080486,
    18.999999999973));
#13295 = CARTESIAN_POINT('',(250.04008619995,90.153923080486,
    19.400000300005));
#13296 = CARTESIAN_POINT('',(250.04008619995,90.153923080486,19.8000006)
  );
#13297 = PCURVE('',#12390,#13298);
#13298 = DEFINITIONAL_REPRESENTATION('',(#13299),#13305);
#13299 = B_SPLINE_CURVE_WITH_KNOTS('',4,(#13300,#13301,#13302,#13303,
    #13304),.UNSPECIFIED.,.F.,.F.,(5,5),(0.,1.),
  .PIECEWISE_BEZIER_KNOTS.);
#13300 = CARTESIAN_POINT('',(0.82743098209,5.999913654797E-07));
#13301 = CARTESIAN_POINT('',(0.82743098209,-0.399999700003));
#13302 = CARTESIAN_POINT('',(0.82743098209,-0.800000000031));
#13303 = CARTESIAN_POINT('',(0.82743098209,-1.20000029995));
#13304 = CARTESIAN_POINT('',(0.82743098209,-1.600000599945));
#13305 = ( GEOMETRIC_REPRESENTATION_CONTEXT(2) 
PARAMETRIC_REPRESENTATION_CONTEXT() REPRESENTATION_CONTEXT('2D SPACE',''
  ) );
#13306 = PCURVE('',#12598,#13307);
#13307 = DEFINITIONAL_REPRESENTATION('',(#13308),#13314);
#13308 = B_SPLINE_CURVE_WITH_KNOTS('',4,(#13309,#13310,#13311,#13312,
    #13313),.UNSPECIFIED.,.F.,.F.,(5,5),(0.,1.),
  .PIECEWISE_BEZIER_KNOTS.);
#13309 = CARTESIAN_POINT('',(0.17256901791,5.999999999062E-07));
#13310 = CARTESIAN_POINT('',(0.17256901791,-0.399999699995));
#13311 = CARTESIAN_POINT('',(0.17256901791,-0.799999999973));
#13312 = CARTESIAN_POINT('',(0.17256901791,-1.200000300005));
#13313 = CARTESIAN_POINT('',(0.17256901791,-1.6000006));
#13314 = ( GEOMETRIC_REPRESENTATION_CONTEXT(2) 
PARAMETRIC_REPRESENTATION_CONTEXT() REPRESENTATION_CONTEXT('2D SPACE',''
  ) );
#13315 = ADVANCED_FACE('',(#13316),#12420,.F.);
#13316 = FACE_BOUND('',#13317,.F.);
#13317 = EDGE_LOOP('',(#13318,#13319,#13351,#13399));
#13318 = ORIENTED_EDGE('',*,*,#12404,.F.);
#13319 = ORIENTED_EDGE('',*,*,#13320,.T.);
#13320 = EDGE_CURVE('',#12405,#13321,#13323,.T.);
#13321 = VERTEX_POINT('',#13322);
#13322 = CARTESIAN_POINT('',(251.2568359375,91.058661606051,19.6));
#13323 = SURFACE_CURVE('',#13324,(#13331,#13341),.PCURVE_S1.);
#13324 = B_SPLINE_CURVE_WITH_KNOTS('',5,(#13325,#13326,#13327,#13328,
    #13329,#13330),.UNSPECIFIED.,.F.,.F.,(6,6),(0.,1.),
  .PIECEWISE_BEZIER_KNOTS.);
#13325 = CARTESIAN_POINT('',(251.2568359375,91.058661606051,18.1999994)
  );
#13326 = CARTESIAN_POINT('',(251.2568359375,91.058661606051,
    18.50490033384));
#13327 = CARTESIAN_POINT('',(251.2568359375,91.058661606051,
    18.836191252591));
#13328 = CARTESIAN_POINT('',(251.2568359375,91.058661606051,
    19.163260291054));
#13329 = CARTESIAN_POINT('',(251.2568359375,91.058661606051,
    19.479058449999));
#13330 = CARTESIAN_POINT('',(251.2568359375,91.058661606051,19.8000006)
  );
#13331 = PCURVE('',#12420,#13332);
#13332 = DEFINITIONAL_REPRESENTATION('',(#13333),#13340);
#13333 = B_SPLINE_CURVE_WITH_KNOTS('',5,(#13334,#13335,#13336,#13337,
    #13338,#13339),.UNSPECIFIED.,.F.,.F.,(6,6),(0.,1.),
  .PIECEWISE_BEZIER_KNOTS.);
#13334 = CARTESIAN_POINT('',(0.13228607415,5.999999999062E-07));
#13335 = CARTESIAN_POINT('',(0.13228607415,-0.30490033384));
#13336 = CARTESIAN_POINT('',(0.13228607415,-0.636191252591));
#13337 = CARTESIAN_POINT('',(0.13228607415,-0.963260291054));
#13338 = CARTESIAN_POINT('',(0.13228607415,-1.279058449999));
#13339 = CARTESIAN_POINT('',(0.13228607415,-1.6000006));
#13340 = ( GEOMETRIC_REPRESENTATION_CONTEXT(2) 
PARAMETRIC_REPRESENTATION_CONTEXT() REPRESENTATION_CONTEXT('2D SPACE',''
  ) );
#13341 = PCURVE('',#12450,#13342);
#13342 = DEFINITIONAL_REPRESENTATION('',(#13343),#13350);
#13343 = B_SPLINE_CURVE_WITH_KNOTS('',5,(#13344,#13345,#13346,#13347,
    #13348,#13349),.UNSPECIFIED.,.F.,.F.,(6,6),(0.,1.),
  .PIECEWISE_BEZIER_KNOTS.);
#13344 = CARTESIAN_POINT('',(0.86771392585,5.999998187178E-07));
#13345 = CARTESIAN_POINT('',(0.86771392585,-0.30490033384));
#13346 = CARTESIAN_POINT('',(0.86771392585,-0.636191252498));
#13347 = CARTESIAN_POINT('',(0.86771392585,-0.963260291217));
#13348 = CARTESIAN_POINT('',(0.86771392585,-1.279058449935));
#13349 = CARTESIAN_POINT('',(0.86771392585,-1.600000599936));
#13350 = ( GEOMETRIC_REPRESENTATION_CONTEXT(2) 
PARAMETRIC_REPRESENTATION_CONTEXT() REPRESENTATION_CONTEXT('2D SPACE',''
  ) );
#13351 = ORIENTED_EDGE('',*,*,#13352,.F.);
#13352 = EDGE_CURVE('',#13212,#13321,#13353,.T.);
#13353 = SURFACE_CURVE('',#13354,(#13367,#13383),.PCURVE_S1.);
#13354 = B_SPLINE_CURVE_WITH_KNOTS('',6,(#13355,#13356,#13357,#13358,
    #13359,#13360,#13361,#13362,#13363,#13364,#13365,#13366),
  .UNSPECIFIED.,.F.,.F.,(7,5,7),(0.,0.47472330487,1.),.UNSPECIFIED.);
#13355 = CARTESIAN_POINT('',(250.38141601562,90.79216796875,19.6));
#13356 = CARTESIAN_POINT('',(250.43440690769,90.833023542022,19.6));
#13357 = CARTESIAN_POINT('',(250.49165030093,90.869773095515,19.6));
#13358 = CARTESIAN_POINT('',(250.55274586214,90.902388499252,19.6));
#13359 = CARTESIAN_POINT('',(250.61723541493,90.930994706871,19.6));
#13360 = CARTESIAN_POINT('',(250.68467239417,90.955789535904,19.6));
#13361 = CARTESIAN_POINT('',(250.83209419855,91.000475711749,19.6));
#13362 = CARTESIAN_POINT('',(250.9126495208,91.019563340338,19.6));
#13363 = CARTESIAN_POINT('',(250.99580934675,91.034586704734,19.6));
#13364 = CARTESIAN_POINT('',(251.08111990258,91.045896305837,19.6));
#13365 = CARTESIAN_POINT('',(251.16821757969,91.053822385256,19.6));
#13366 = CARTESIAN_POINT('',(251.25683672598,91.058661649108,19.6));
#13367 = PCURVE('',#12420,#13368);
#13368 = DEFINITIONAL_REPRESENTATION('',(#13369),#13382);
#13369 = B_SPLINE_CURVE_WITH_KNOTS('',6,(#13370,#13371,#13372,#13373,
    #13374,#13375,#13376,#13377,#13378,#13379,#13380,#13381),
  .UNSPECIFIED.,.F.,.F.,(7,5,7),(0.,0.47472330487,1.),.UNSPECIFIED.);
#13370 = CARTESIAN_POINT('',(1.,-1.4));
#13371 = CARTESIAN_POINT('',(0.924687476093,-1.4));
#13372 = CARTESIAN_POINT('',(0.850137536167,-1.4));
#13373 = CARTESIAN_POINT('',(0.776660591242,-1.4));
#13374 = CARTESIAN_POINT('',(0.704467060744,-1.4));
#13375 = CARTESIAN_POINT('',(0.63369195485,-1.4));
#13376 = CARTESIAN_POINT('',(0.487744523756,-1.4));
#13377 = CARTESIAN_POINT('',(0.412907574046,-1.4));
#13378 = CARTESIAN_POINT('',(0.339965818579,-1.4));
#13379 = CARTESIAN_POINT('',(0.268918663092,-1.4));
#13380 = CARTESIAN_POINT('',(0.19972011316,-1.4));
#13381 = CARTESIAN_POINT('',(0.13228547415,-1.4));
#13382 = ( GEOMETRIC_REPRESENTATION_CONTEXT(2) 
PARAMETRIC_REPRESENTATION_CONTEXT() REPRESENTATION_CONTEXT('2D SPACE',''
  ) );
#13383 = PCURVE('',#13268,#13384);
#13384 = DEFINITIONAL_REPRESENTATION('',(#13385),#13398);
#13385 = B_SPLINE_CURVE_WITH_KNOTS('',6,(#13386,#13387,#13388,#13389,
    #13390,#13391,#13392,#13393,#13394,#13395,#13396,#13397),
  .UNSPECIFIED.,.F.,.F.,(7,5,7),(0.,0.47472330487,1.),.UNSPECIFIED.);
#13386 = CARTESIAN_POINT('',(10.381416015625,90.79216796875));
#13387 = CARTESIAN_POINT('',(10.43440690769,90.833023542022));
#13388 = CARTESIAN_POINT('',(10.491650300935,90.869773095515));
#13389 = CARTESIAN_POINT('',(10.552745862143,90.902388499252));
#13390 = CARTESIAN_POINT('',(10.61723541493,90.930994706871));
#13391 = CARTESIAN_POINT('',(10.684672394172,90.955789535904));
#13392 = CARTESIAN_POINT('',(10.832094198554,91.000475711749));
#13393 = CARTESIAN_POINT('',(10.912649520802,91.019563340338));
#13394 = CARTESIAN_POINT('',(10.995809346751,91.034586704734));
#13395 = CARTESIAN_POINT('',(11.081119902582,91.045896305837));
#13396 = CARTESIAN_POINT('',(11.168217579699,91.053822385256));
#13397 = CARTESIAN_POINT('',(11.256836725989,91.058661649108));
#13398 = ( GEOMETRIC_REPRESENTATION_CONTEXT(2) 
PARAMETRIC_REPRESENTATION_CONTEXT() REPRESENTATION_CONTEXT('2D SPACE',''
  ) );
#13399 = ORIENTED_EDGE('',*,*,#13211,.F.);
#13400 = ADVANCED_FACE('',(#13401),#12450,.F.);
#13401 = FACE_BOUND('',#13402,.F.);
#13402 = EDGE_LOOP('',(#13403,#13404,#13427,#13475));
#13403 = ORIENTED_EDGE('',*,*,#12434,.F.);
#13404 = ORIENTED_EDGE('',*,*,#13405,.T.);
#13405 = EDGE_CURVE('',#12435,#13406,#13408,.T.);
#13406 = VERTEX_POINT('',#13407);
#13407 = CARTESIAN_POINT('',(252.13225585937,90.79216796875,19.6));
#13408 = SURFACE_CURVE('',#13409,(#13413,#13420),.PCURVE_S1.);
#13409 = LINE('',#13410,#13411);
#13410 = CARTESIAN_POINT('',(252.13225585937,90.79216796875,18.2));
#13411 = VECTOR('',#13412,1.);
#13412 = DIRECTION('',(0.,-0.,1.));
#13413 = PCURVE('',#12450,#13414);
#13414 = DEFINITIONAL_REPRESENTATION('',(#13415),#13419);
#13415 = LINE('',#13416,#13417);
#13416 = CARTESIAN_POINT('',(0.,0.));
#13417 = VECTOR('',#13418,1.);
#13418 = DIRECTION('',(0.,-1.));
#13419 = ( GEOMETRIC_REPRESENTATION_CONTEXT(2) 
PARAMETRIC_REPRESENTATION_CONTEXT() REPRESENTATION_CONTEXT('2D SPACE',''
  ) );
#13420 = PCURVE('',#12480,#13421);
#13421 = DEFINITIONAL_REPRESENTATION('',(#13422),#13426);
#13422 = LINE('',#13423,#13424);
#13423 = CARTESIAN_POINT('',(1.,0.));
#13424 = VECTOR('',#13425,1.);
#13425 = DIRECTION('',(0.,-1.));
#13426 = ( GEOMETRIC_REPRESENTATION_CONTEXT(2) 
PARAMETRIC_REPRESENTATION_CONTEXT() REPRESENTATION_CONTEXT('2D SPACE',''
  ) );
#13427 = ORIENTED_EDGE('',*,*,#13428,.F.);
#13428 = EDGE_CURVE('',#13321,#13406,#13429,.T.);
#13429 = SURFACE_CURVE('',#13430,(#13443,#13459),.PCURVE_S1.);
#13430 = B_SPLINE_CURVE_WITH_KNOTS('',6,(#13431,#13432,#13433,#13434,
    #13435,#13436,#13437,#13438,#13439,#13440,#13441,#13442),
  .UNSPECIFIED.,.F.,.F.,(7,5,7),(0.,0.527258059364,1.),.UNSPECIFIED.);
#13431 = CARTESIAN_POINT('',(251.25683514901,91.058661649108,19.6));
#13432 = CARTESIAN_POINT('',(251.34578859678,91.053804129911,19.6));
#13433 = CARTESIAN_POINT('',(251.43320901417,91.045836466363,19.6));
#13434 = CARTESIAN_POINT('',(251.51882784143,91.034458579254,19.6));
#13435 = CARTESIAN_POINT('',(251.60227697373,91.019336342855,19.6));
#13436 = CARTESIAN_POINT('',(251.68309669853,91.00011510367,19.6));
#13437 = CARTESIAN_POINT('',(251.8304061909,90.955271466424,19.6));
#13438 = CARTESIAN_POINT('',(251.89751266348,90.930516749079,19.6));
#13439 = CARTESIAN_POINT('',(251.96169075715,90.901979927537,19.6));
#13440 = CARTESIAN_POINT('',(252.02249933454,90.869466263267,19.6));
#13441 = CARTESIAN_POINT('',(252.07948614534,90.832853015442,19.6));
#13442 = CARTESIAN_POINT('',(252.13225585937,90.79216796875,19.6));
#13443 = PCURVE('',#12450,#13444);
#13444 = DEFINITIONAL_REPRESENTATION('',(#13445),#13458);
#13445 = B_SPLINE_CURVE_WITH_KNOTS('',6,(#13446,#13447,#13448,#13449,
    #13450,#13451,#13452,#13453,#13454,#13455,#13456,#13457),
  .UNSPECIFIED.,.F.,.F.,(7,5,7),(0.,0.527258059364,1.),.UNSPECIFIED.);
#13446 = CARTESIAN_POINT('',(0.86771452585,-1.4));
#13447 = CARTESIAN_POINT('',(0.800025500503,-1.4));
#13448 = CARTESIAN_POINT('',(0.730559277879,-1.4));
#13449 = CARTESIAN_POINT('',(0.659230120604,-1.4));
#13450 = CARTESIAN_POINT('',(0.585991649397,-1.4));
#13451 = CARTESIAN_POINT('',(0.510843662733,-1.4));
#13452 = CARTESIAN_POINT('',(0.364830911594,-1.4));
#13453 = CARTESIAN_POINT('',(0.294327640186,-1.4));
#13454 = CARTESIAN_POINT('',(0.222419390628,-1.4));
#13455 = CARTESIAN_POINT('',(0.149240153932,-1.4));
#13456 = CARTESIAN_POINT('',(7.499817788083E-02,-1.4));
#13457 = CARTESIAN_POINT('',(0.,-1.4));
#13458 = ( GEOMETRIC_REPRESENTATION_CONTEXT(2) 
PARAMETRIC_REPRESENTATION_CONTEXT() REPRESENTATION_CONTEXT('2D SPACE',''
  ) );
#13459 = PCURVE('',#13268,#13460);
#13460 = DEFINITIONAL_REPRESENTATION('',(#13461),#13474);
#13461 = B_SPLINE_CURVE_WITH_KNOTS('',6,(#13462,#13463,#13464,#13465,
    #13466,#13467,#13468,#13469,#13470,#13471,#13472,#13473),
  .UNSPECIFIED.,.F.,.F.,(7,5,7),(0.,0.527258059364,1.),.UNSPECIFIED.);
#13462 = CARTESIAN_POINT('',(11.256835149011,91.058661649108));
#13463 = CARTESIAN_POINT('',(11.345788596787,91.053804129911));
#13464 = CARTESIAN_POINT('',(11.433209014174,91.045836466363));
#13465 = CARTESIAN_POINT('',(11.518827841435,91.034458579254));
#13466 = CARTESIAN_POINT('',(11.60227697373,91.019336342855));
#13467 = CARTESIAN_POINT('',(11.683096698531,91.00011510367));
#13468 = CARTESIAN_POINT('',(11.830406190901,90.955271466424));
#13469 = CARTESIAN_POINT('',(11.897512663484,90.930516749079));
#13470 = CARTESIAN_POINT('',(11.961690757157,90.901979927537));
#13471 = CARTESIAN_POINT('',(12.022499334548,90.869466263267));
#13472 = CARTESIAN_POINT('',(12.079486145348,90.832853015442));
#13473 = CARTESIAN_POINT('',(12.132255859375,90.79216796875));
#13474 = ( GEOMETRIC_REPRESENTATION_CONTEXT(2) 
PARAMETRIC_REPRESENTATION_CONTEXT() REPRESENTATION_CONTEXT('2D SPACE',''
  ) );
#13475 = ORIENTED_EDGE('',*,*,#13320,.F.);
#13476 = ADVANCED_FACE('',(#13477),#12480,.F.);
#13477 = FACE_BOUND('',#13478,.F.);
#13478 = EDGE_LOOP('',(#13479,#13480,#13509,#13557));
#13479 = ORIENTED_EDGE('',*,*,#12464,.F.);
#13480 = ORIENTED_EDGE('',*,*,#13481,.F.);
#13481 = EDGE_CURVE('',#13482,#12465,#13484,.T.);
#13482 = VERTEX_POINT('',#13483);
#13483 = CARTESIAN_POINT('',(252.47358567504,90.153923080486,19.6));
#13484 = SURFACE_CURVE('',#13485,(#13491,#13500),.PCURVE_S1.);
#13485 = B_SPLINE_CURVE_WITH_KNOTS('',4,(#13486,#13487,#13488,#13489,
    #13490),.UNSPECIFIED.,.F.,.F.,(5,5),(0.,1.),
  .PIECEWISE_BEZIER_KNOTS.);
#13486 = CARTESIAN_POINT('',(252.47358567504,90.153923080486,19.8000006)
  );
#13487 = CARTESIAN_POINT('',(252.47358567504,90.153923080486,
    19.400000300005));
#13488 = CARTESIAN_POINT('',(252.47358567504,90.153923080486,
    18.999999999973));
#13489 = CARTESIAN_POINT('',(252.47358567504,90.153923080486,
    18.599999699995));
#13490 = CARTESIAN_POINT('',(252.47358567504,90.153923080486,18.1999994)
  );
#13491 = PCURVE('',#12480,#13492);
#13492 = DEFINITIONAL_REPRESENTATION('',(#13493),#13499);
#13493 = B_SPLINE_CURVE_WITH_KNOTS('',4,(#13494,#13495,#13496,#13497,
    #13498),.UNSPECIFIED.,.F.,.F.,(5,5),(0.,1.),
  .PIECEWISE_BEZIER_KNOTS.);
#13494 = CARTESIAN_POINT('',(0.17256901791,-1.600000599945));
#13495 = CARTESIAN_POINT('',(0.17256901791,-1.20000029995));
#13496 = CARTESIAN_POINT('',(0.17256901791,-0.800000000031));
#13497 = CARTESIAN_POINT('',(0.17256901791,-0.399999700003));
#13498 = CARTESIAN_POINT('',(0.17256901791,5.999913654797E-07));
#13499 = ( GEOMETRIC_REPRESENTATION_CONTEXT(2) 
PARAMETRIC_REPRESENTATION_CONTEXT() REPRESENTATION_CONTEXT('2D SPACE',''
  ) );
#13500 = PCURVE('',#12510,#13501);
#13501 = DEFINITIONAL_REPRESENTATION('',(#13502),#13508);
#13502 = B_SPLINE_CURVE_WITH_KNOTS('',4,(#13503,#13504,#13505,#13506,
    #13507),.UNSPECIFIED.,.F.,.F.,(5,5),(0.,1.),
  .PIECEWISE_BEZIER_KNOTS.);
#13503 = CARTESIAN_POINT('',(0.82743098209,-1.6000006));
#13504 = CARTESIAN_POINT('',(0.82743098209,-1.200000300005));
#13505 = CARTESIAN_POINT('',(0.82743098209,-0.799999999973));
#13506 = CARTESIAN_POINT('',(0.82743098209,-0.399999699995));
#13507 = CARTESIAN_POINT('',(0.82743098209,5.999999999062E-07));
#13508 = ( GEOMETRIC_REPRESENTATION_CONTEXT(2) 
PARAMETRIC_REPRESENTATION_CONTEXT() REPRESENTATION_CONTEXT('2D SPACE',''
  ) );
#13509 = ORIENTED_EDGE('',*,*,#13510,.F.);
#13510 = EDGE_CURVE('',#13406,#13482,#13511,.T.);
#13511 = SURFACE_CURVE('',#13512,(#13525,#13541),.PCURVE_S1.);
#13512 = B_SPLINE_CURVE_WITH_KNOTS('',6,(#13513,#13514,#13515,#13516,
    #13517,#13518,#13519,#13520,#13521,#13522,#13523,#13524),
  .UNSPECIFIED.,.F.,.F.,(7,5,7),(0.,0.289725018539,1.),.UNSPECIFIED.);
#13513 = CARTESIAN_POINT('',(252.13225585937,90.79216796875,19.6));
#13514 = CARTESIAN_POINT('',(252.16052962882,90.770369108336,19.6));
#13515 = CARTESIAN_POINT('',(252.18758923187,90.74738325073,19.6));
#13516 = CARTESIAN_POINT('',(252.21337345106,90.723215557414,19.6));
#13517 = CARTESIAN_POINT('',(252.2378297888,90.697881291988,19.6));
#13518 = CARTESIAN_POINT('',(252.26091591569,90.671407096667,19.6));
#13519 = CARTESIAN_POINT('',(252.33576344969,90.576231236369,19.6));
#13520 = CARTESIAN_POINT('',(252.38052824611,90.501987301224,19.6));
#13521 = CARTESIAN_POINT('',(252.41638308103,90.421726699617,19.6));
#13522 = CARTESIAN_POINT('',(252.44347539074,90.336329928249,19.6));
#13523 = CARTESIAN_POINT('',(252.46231643351,90.246755808569,19.6));
#13524 = CARTESIAN_POINT('',(252.47358574789,90.153922480345,19.6));
#13525 = PCURVE('',#12480,#13526);
#13526 = DEFINITIONAL_REPRESENTATION('',(#13527),#13540);
#13527 = B_SPLINE_CURVE_WITH_KNOTS('',6,(#13528,#13529,#13530,#13531,
    #13532,#13533,#13534,#13535,#13536,#13537,#13538,#13539),
  .UNSPECIFIED.,.F.,.F.,(7,5,7),(0.,0.289725018539,1.),.UNSPECIFIED.);
#13528 = CARTESIAN_POINT('',(1.,-1.4));
#13529 = CARTESIAN_POINT('',(0.959816322117,-1.4));
#13530 = CARTESIAN_POINT('',(0.919420591102,-1.4));
#13531 = CARTESIAN_POINT('',(0.878861446319,-1.4));
#13532 = CARTESIAN_POINT('',(0.838190489637,-1.4));
#13533 = CARTESIAN_POINT('',(0.797462411145,-1.4));
#13534 = CARTESIAN_POINT('',(0.656890166177,-1.4));
#13535 = CARTESIAN_POINT('',(0.557008472884,-1.4));
#13536 = CARTESIAN_POINT('',(0.458029282975,-1.4));
#13537 = CARTESIAN_POINT('',(0.360650389046,-1.4));
#13538 = CARTESIAN_POINT('',(0.265379994214,-1.4));
#13539 = CARTESIAN_POINT('',(0.17256841791,-1.4));
#13540 = ( GEOMETRIC_REPRESENTATION_CONTEXT(2) 
PARAMETRIC_REPRESENTATION_CONTEXT() REPRESENTATION_CONTEXT('2D SPACE',''
  ) );
#13541 = PCURVE('',#13268,#13542);
#13542 = DEFINITIONAL_REPRESENTATION('',(#13543),#13556);
#13543 = B_SPLINE_CURVE_WITH_KNOTS('',6,(#13544,#13545,#13546,#13547,
    #13548,#13549,#13550,#13551,#13552,#13553,#13554,#13555),
  .UNSPECIFIED.,.F.,.F.,(7,5,7),(0.,0.289725018539,1.),.UNSPECIFIED.);
#13544 = CARTESIAN_POINT('',(12.132255859375,90.79216796875));
#13545 = CARTESIAN_POINT('',(12.160529628823,90.770369108336));
#13546 = CARTESIAN_POINT('',(12.187589231878,90.74738325073));
#13547 = CARTESIAN_POINT('',(12.213373451067,90.723215557414));
#13548 = CARTESIAN_POINT('',(12.237829788802,90.697881291988));
#13549 = CARTESIAN_POINT('',(12.260915915697,90.671407096667));
#13550 = CARTESIAN_POINT('',(12.335763449697,90.576231236369));
#13551 = CARTESIAN_POINT('',(12.380528246113,90.501987301224));
#13552 = CARTESIAN_POINT('',(12.416383081038,90.421726699617));
#13553 = CARTESIAN_POINT('',(12.443475390742,90.336329928249));
#13554 = CARTESIAN_POINT('',(12.46231643351,90.246755808569));
#13555 = CARTESIAN_POINT('',(12.473585747896,90.153922480345));
#13556 = ( GEOMETRIC_REPRESENTATION_CONTEXT(2) 
PARAMETRIC_REPRESENTATION_CONTEXT() REPRESENTATION_CONTEXT('2D SPACE',''
  ) );
#13557 = ORIENTED_EDGE('',*,*,#13405,.F.);
#13558 = ADVANCED_FACE('',(#13559),#12510,.F.);
#13559 = FACE_BOUND('',#13560,.F.);
#13560 = EDGE_LOOP('',(#13561,#13562,#13585,#13633));
#13561 = ORIENTED_EDGE('',*,*,#12494,.F.);
#13562 = ORIENTED_EDGE('',*,*,#13563,.T.);
#13563 = EDGE_CURVE('',#12495,#13564,#13566,.T.);
#13564 = VERTEX_POINT('',#13565);
#13565 = CARTESIAN_POINT('',(252.13225585937,89.51935546875,19.6));
#13566 = SURFACE_CURVE('',#13567,(#13571,#13578),.PCURVE_S1.);
#13567 = LINE('',#13568,#13569);
#13568 = CARTESIAN_POINT('',(252.13225585937,89.51935546875,18.2));
#13569 = VECTOR('',#13570,1.);
#13570 = DIRECTION('',(0.,-0.,1.));
#13571 = PCURVE('',#12510,#13572);
#13572 = DEFINITIONAL_REPRESENTATION('',(#13573),#13577);
#13573 = LINE('',#13574,#13575);
#13574 = CARTESIAN_POINT('',(0.,0.));
#13575 = VECTOR('',#13576,1.);
#13576 = DIRECTION('',(0.,-1.));
#13577 = ( GEOMETRIC_REPRESENTATION_CONTEXT(2) 
PARAMETRIC_REPRESENTATION_CONTEXT() REPRESENTATION_CONTEXT('2D SPACE',''
  ) );
#13578 = PCURVE('',#12540,#13579);
#13579 = DEFINITIONAL_REPRESENTATION('',(#13580),#13584);
#13580 = LINE('',#13581,#13582);
#13581 = CARTESIAN_POINT('',(1.,0.));
#13582 = VECTOR('',#13583,1.);
#13583 = DIRECTION('',(0.,-1.));
#13584 = ( GEOMETRIC_REPRESENTATION_CONTEXT(2) 
PARAMETRIC_REPRESENTATION_CONTEXT() REPRESENTATION_CONTEXT('2D SPACE',''
  ) );
#13585 = ORIENTED_EDGE('',*,*,#13586,.F.);
#13586 = EDGE_CURVE('',#13482,#13564,#13587,.T.);
#13587 = SURFACE_CURVE('',#13588,(#13601,#13617),.PCURVE_S1.);
#13588 = B_SPLINE_CURVE_WITH_KNOTS('',6,(#13589,#13590,#13591,#13592,
    #13593,#13594,#13595,#13596,#13597,#13598,#13599,#13600),
  .UNSPECIFIED.,.F.,.F.,(7,5,7),(0.,0.696067975698,1.),.UNSPECIFIED.);
#13589 = CARTESIAN_POINT('',(252.47358574789,90.153923675293,19.6));
#13590 = CARTESIAN_POINT('',(252.46251552081,90.063540745205,19.6));
#13591 = CARTESIAN_POINT('',(252.44414618127,89.976277604887,19.6));
#13592 = CARTESIAN_POINT('',(252.41785220392,89.892985309304,19.6));
#13593 = CARTESIAN_POINT('',(252.38316979344,89.814544995445,19.6));
#13594 = CARTESIAN_POINT('',(252.339971436,89.741763305852,19.6));
#13595 = CARTESIAN_POINT('',(252.26634412138,89.646168091404,19.6));
#13596 = CARTESIAN_POINT('',(252.24242750587,89.618298473969,19.6));
#13597 = CARTESIAN_POINT('',(252.21700633646,89.591658773748,19.6));
#13598 = CARTESIAN_POINT('',(252.19012883052,89.566279131031,19.6));
#13599 = CARTESIAN_POINT('',(252.1618552113,89.542176343137,19.6));
#13600 = CARTESIAN_POINT('',(252.13225585937,89.51935546875,19.6));
#13601 = PCURVE('',#12510,#13602);
#13602 = DEFINITIONAL_REPRESENTATION('',(#13603),#13616);
#13603 = B_SPLINE_CURVE_WITH_KNOTS('',6,(#13604,#13605,#13606,#13607,
    #13608,#13609,#13610,#13611,#13612,#13613,#13614,#13615),
  .UNSPECIFIED.,.F.,.F.,(7,5,7),(0.,0.696067975698,1.),.UNSPECIFIED.);
#13604 = CARTESIAN_POINT('',(0.82743158209,-1.4));
#13605 = CARTESIAN_POINT('',(0.736259644701,-1.4));
#13606 = CARTESIAN_POINT('',(0.642776315142,-1.4));
#13607 = CARTESIAN_POINT('',(0.547321494769,-1.4));
#13608 = CARTESIAN_POINT('',(0.450377739508,-1.4));
#13609 = CARTESIAN_POINT('',(0.352597911914,-1.4));
#13610 = CARTESIAN_POINT('',(0.212167683771,-1.4));
#13611 = CARTESIAN_POINT('',(0.169484907072,-1.4));
#13612 = CARTESIAN_POINT('',(0.126866572914,-1.4));
#13613 = CARTESIAN_POINT('',(8.437472547732E-02,-1.4));
#13614 = CARTESIAN_POINT('',(4.206764243484E-02,-1.4));
#13615 = CARTESIAN_POINT('',(0.,-1.4));
#13616 = ( GEOMETRIC_REPRESENTATION_CONTEXT(2) 
PARAMETRIC_REPRESENTATION_CONTEXT() REPRESENTATION_CONTEXT('2D SPACE',''
  ) );
#13617 = PCURVE('',#13268,#13618);
#13618 = DEFINITIONAL_REPRESENTATION('',(#13619),#13632);
#13619 = B_SPLINE_CURVE_WITH_KNOTS('',6,(#13620,#13621,#13622,#13623,
    #13624,#13625,#13626,#13627,#13628,#13629,#13630,#13631),
  .UNSPECIFIED.,.F.,.F.,(7,5,7),(0.,0.696067975698,1.),.UNSPECIFIED.);
#13620 = CARTESIAN_POINT('',(12.473585747896,90.153923675293));
#13621 = CARTESIAN_POINT('',(12.462515520813,90.063540745205));
#13622 = CARTESIAN_POINT('',(12.444146181274,89.976277604887));
#13623 = CARTESIAN_POINT('',(12.417852203926,89.892985309304));
#13624 = CARTESIAN_POINT('',(12.38316979344,89.814544995445));
#13625 = CARTESIAN_POINT('',(12.339971436008,89.741763305852));
#13626 = CARTESIAN_POINT('',(12.266344121388,89.646168091404));
#13627 = CARTESIAN_POINT('',(12.242427505879,89.618298473969));
#13628 = CARTESIAN_POINT('',(12.217006336469,89.591658773748));
#13629 = CARTESIAN_POINT('',(12.19012883052,89.566279131031));
#13630 = CARTESIAN_POINT('',(12.161855211303,89.542176343137));
#13631 = CARTESIAN_POINT('',(12.132255859375,89.51935546875));
#13632 = ( GEOMETRIC_REPRESENTATION_CONTEXT(2) 
PARAMETRIC_REPRESENTATION_CONTEXT() REPRESENTATION_CONTEXT('2D SPACE',''
  ) );
#13633 = ORIENTED_EDGE('',*,*,#13481,.T.);
#13634 = ADVANCED_FACE('',(#13635),#12540,.F.);
#13635 = FACE_BOUND('',#13636,.F.);
#13636 = EDGE_LOOP('',(#13637,#13638,#13670,#13718));
#13637 = ORIENTED_EDGE('',*,*,#12524,.F.);
#13638 = ORIENTED_EDGE('',*,*,#13639,.F.);
#13639 = EDGE_CURVE('',#13640,#12525,#13642,.T.);
#13640 = VERTEX_POINT('',#13641);
#13641 = CARTESIAN_POINT('',(251.2568359375,89.252861831449,19.6));
#13642 = SURFACE_CURVE('',#13643,(#13650,#13660),.PCURVE_S1.);
#13643 = B_SPLINE_CURVE_WITH_KNOTS('',5,(#13644,#13645,#13646,#13647,
    #13648,#13649),.UNSPECIFIED.,.F.,.F.,(6,6),(0.,1.),
  .PIECEWISE_BEZIER_KNOTS.);
#13644 = CARTESIAN_POINT('',(251.2568359375,89.252861831449,19.8000006)
  );
#13645 = CARTESIAN_POINT('',(251.2568359375,89.252861831449,
    19.479040690699));
#13646 = CARTESIAN_POINT('',(251.2568359375,89.252861831449,
    19.160491437954));
#13647 = CARTESIAN_POINT('',(251.2568359375,89.252861831449,
    18.839119265072));
#13648 = CARTESIAN_POINT('',(251.2568359375,89.252861831449,
    18.516295742957));
#13649 = CARTESIAN_POINT('',(251.2568359375,89.252861831449,18.1999994)
  );
#13650 = PCURVE('',#12540,#13651);
#13651 = DEFINITIONAL_REPRESENTATION('',(#13652),#13659);
#13652 = B_SPLINE_CURVE_WITH_KNOTS('',5,(#13653,#13654,#13655,#13656,
    #13657,#13658),.UNSPECIFIED.,.F.,.F.,(6,6),(0.,1.),
  .PIECEWISE_BEZIER_KNOTS.);
#13653 = CARTESIAN_POINT('',(0.13228607415,-1.600000599936));
#13654 = CARTESIAN_POINT('',(0.13228607415,-1.279040690635));
#13655 = CARTESIAN_POINT('',(0.13228607415,-0.960491438117));
#13656 = CARTESIAN_POINT('',(0.13228607415,-0.639119264979));
#13657 = CARTESIAN_POINT('',(0.13228607415,-0.316295742958));
#13658 = CARTESIAN_POINT('',(0.13228607415,5.999998187178E-07));
#13659 = ( GEOMETRIC_REPRESENTATION_CONTEXT(2) 
PARAMETRIC_REPRESENTATION_CONTEXT() REPRESENTATION_CONTEXT('2D SPACE',''
  ) );
#13660 = PCURVE('',#12570,#13661);
#13661 = DEFINITIONAL_REPRESENTATION('',(#13662),#13669);
#13662 = B_SPLINE_CURVE_WITH_KNOTS('',5,(#13663,#13664,#13665,#13666,
    #13667,#13668),.UNSPECIFIED.,.F.,.F.,(6,6),(0.,1.),
  .PIECEWISE_BEZIER_KNOTS.);
#13663 = CARTESIAN_POINT('',(0.86771392585,-1.6000006));
#13664 = CARTESIAN_POINT('',(0.86771392585,-1.279040690699));
#13665 = CARTESIAN_POINT('',(0.86771392585,-0.960491437954));
#13666 = CARTESIAN_POINT('',(0.86771392585,-0.639119265072));
#13667 = CARTESIAN_POINT('',(0.86771392585,-0.316295742957));
#13668 = CARTESIAN_POINT('',(0.86771392585,5.999999999062E-07));
#13669 = ( GEOMETRIC_REPRESENTATION_CONTEXT(2) 
PARAMETRIC_REPRESENTATION_CONTEXT() REPRESENTATION_CONTEXT('2D SPACE',''
  ) );
#13670 = ORIENTED_EDGE('',*,*,#13671,.F.);
#13671 = EDGE_CURVE('',#13564,#13640,#13672,.T.);
#13672 = SURFACE_CURVE('',#13673,(#13686,#13702),.PCURVE_S1.);
#13673 = B_SPLINE_CURVE_WITH_KNOTS('',6,(#13674,#13675,#13676,#13677,
    #13678,#13679,#13680,#13681,#13682,#13683,#13684,#13685),
  .UNSPECIFIED.,.F.,.F.,(7,5,7),(0.,0.47472330487,1.),.UNSPECIFIED.);
#13674 = CARTESIAN_POINT('',(252.13225585937,89.51935546875,19.6));
#13675 = CARTESIAN_POINT('',(252.07926496731,89.478499895478,19.6));
#13676 = CARTESIAN_POINT('',(252.02202157406,89.441750341985,19.6));
#13677 = CARTESIAN_POINT('',(251.96092601285,89.409134938248,19.6));
#13678 = CARTESIAN_POINT('',(251.89643646007,89.380528730629,19.6));
#13679 = CARTESIAN_POINT('',(251.82899948082,89.355733901596,19.6));
#13680 = CARTESIAN_POINT('',(251.68157767644,89.311047725751,19.6));
#13681 = CARTESIAN_POINT('',(251.60102235419,89.291960097162,19.6));
#13682 = CARTESIAN_POINT('',(251.51786252824,89.276936732766,19.6));
#13683 = CARTESIAN_POINT('',(251.43255197241,89.265627131663,19.6));
#13684 = CARTESIAN_POINT('',(251.3454542953,89.257701052244,19.6));
#13685 = CARTESIAN_POINT('',(251.25683514901,89.252861788392,19.6));
#13686 = PCURVE('',#12540,#13687);
#13687 = DEFINITIONAL_REPRESENTATION('',(#13688),#13701);
#13688 = B_SPLINE_CURVE_WITH_KNOTS('',6,(#13689,#13690,#13691,#13692,
    #13693,#13694,#13695,#13696,#13697,#13698,#13699,#13700),
  .UNSPECIFIED.,.F.,.F.,(7,5,7),(0.,0.47472330487,1.),.UNSPECIFIED.);
#13689 = CARTESIAN_POINT('',(1.,-1.4));
#13690 = CARTESIAN_POINT('',(0.924687476093,-1.4));
#13691 = CARTESIAN_POINT('',(0.850137536167,-1.4));
#13692 = CARTESIAN_POINT('',(0.776660591242,-1.4));
#13693 = CARTESIAN_POINT('',(0.704467060744,-1.4));
#13694 = CARTESIAN_POINT('',(0.63369195485,-1.4));
#13695 = CARTESIAN_POINT('',(0.487744523756,-1.4));
#13696 = CARTESIAN_POINT('',(0.412907574046,-1.4));
#13697 = CARTESIAN_POINT('',(0.339965818579,-1.4));
#13698 = CARTESIAN_POINT('',(0.268918663092,-1.4));
#13699 = CARTESIAN_POINT('',(0.19972011316,-1.4));
#13700 = CARTESIAN_POINT('',(0.13228547415,-1.4));
#13701 = ( GEOMETRIC_REPRESENTATION_CONTEXT(2) 
PARAMETRIC_REPRESENTATION_CONTEXT() REPRESENTATION_CONTEXT('2D SPACE',''
  ) );
#13702 = PCURVE('',#13268,#13703);
#13703 = DEFINITIONAL_REPRESENTATION('',(#13704),#13717);
#13704 = B_SPLINE_CURVE_WITH_KNOTS('',6,(#13705,#13706,#13707,#13708,
    #13709,#13710,#13711,#13712,#13713,#13714,#13715,#13716),
  .UNSPECIFIED.,.F.,.F.,(7,5,7),(0.,0.47472330487,1.),.UNSPECIFIED.);
#13705 = CARTESIAN_POINT('',(12.132255859375,89.51935546875));
#13706 = CARTESIAN_POINT('',(12.07926496731,89.478499895478));
#13707 = CARTESIAN_POINT('',(12.022021574065,89.441750341985));
#13708 = CARTESIAN_POINT('',(11.960926012857,89.409134938248));
#13709 = CARTESIAN_POINT('',(11.89643646007,89.380528730629));
#13710 = CARTESIAN_POINT('',(11.828999480828,89.355733901596));
#13711 = CARTESIAN_POINT('',(11.681577676446,89.311047725751));
#13712 = CARTESIAN_POINT('',(11.601022354198,89.291960097162));
#13713 = CARTESIAN_POINT('',(11.517862528249,89.276936732766));
#13714 = CARTESIAN_POINT('',(11.432551972418,89.265627131663));
#13715 = CARTESIAN_POINT('',(11.345454295301,89.257701052244));
#13716 = CARTESIAN_POINT('',(11.256835149011,89.252861788392));
#13717 = ( GEOMETRIC_REPRESENTATION_CONTEXT(2) 
PARAMETRIC_REPRESENTATION_CONTEXT() REPRESENTATION_CONTEXT('2D SPACE',''
  ) );
#13718 = ORIENTED_EDGE('',*,*,#13563,.F.);
#13719 = ADVANCED_FACE('',(#13720),#12570,.F.);
#13720 = FACE_BOUND('',#13721,.F.);
#13721 = EDGE_LOOP('',(#13722,#13723,#13746,#13794));
#13722 = ORIENTED_EDGE('',*,*,#12554,.F.);
#13723 = ORIENTED_EDGE('',*,*,#13724,.T.);
#13724 = EDGE_CURVE('',#12555,#13725,#13727,.T.);
#13725 = VERTEX_POINT('',#13726);
#13726 = CARTESIAN_POINT('',(250.38141601562,89.51935546875,19.6));
#13727 = SURFACE_CURVE('',#13728,(#13732,#13739),.PCURVE_S1.);
#13728 = LINE('',#13729,#13730);
#13729 = CARTESIAN_POINT('',(250.38141601562,89.51935546875,18.2));
#13730 = VECTOR('',#13731,1.);
#13731 = DIRECTION('',(0.,-0.,1.));
#13732 = PCURVE('',#12570,#13733);
#13733 = DEFINITIONAL_REPRESENTATION('',(#13734),#13738);
#13734 = LINE('',#13735,#13736);
#13735 = CARTESIAN_POINT('',(0.,0.));
#13736 = VECTOR('',#13737,1.);
#13737 = DIRECTION('',(0.,-1.));
#13738 = ( GEOMETRIC_REPRESENTATION_CONTEXT(2) 
PARAMETRIC_REPRESENTATION_CONTEXT() REPRESENTATION_CONTEXT('2D SPACE',''
  ) );
#13739 = PCURVE('',#12598,#13740);
#13740 = DEFINITIONAL_REPRESENTATION('',(#13741),#13745);
#13741 = LINE('',#13742,#13743);
#13742 = CARTESIAN_POINT('',(1.,0.));
#13743 = VECTOR('',#13744,1.);
#13744 = DIRECTION('',(0.,-1.));
#13745 = ( GEOMETRIC_REPRESENTATION_CONTEXT(2) 
PARAMETRIC_REPRESENTATION_CONTEXT() REPRESENTATION_CONTEXT('2D SPACE',''
  ) );
#13746 = ORIENTED_EDGE('',*,*,#13747,.F.);
#13747 = EDGE_CURVE('',#13640,#13725,#13748,.T.);
#13748 = SURFACE_CURVE('',#13749,(#13762,#13778),.PCURVE_S1.);
#13749 = B_SPLINE_CURVE_WITH_KNOTS('',6,(#13750,#13751,#13752,#13753,
    #13754,#13755,#13756,#13757,#13758,#13759,#13760,#13761),
  .UNSPECIFIED.,.F.,.F.,(7,5,7),(0.,0.527258059364,1.),.UNSPECIFIED.);
#13750 = CARTESIAN_POINT('',(251.25683672598,89.252861788392,19.6));
#13751 = CARTESIAN_POINT('',(251.16788327821,89.257719307589,19.6));
#13752 = CARTESIAN_POINT('',(251.08046286082,89.265686971137,19.6));
#13753 = CARTESIAN_POINT('',(250.99484403356,89.277064858246,19.6));
#13754 = CARTESIAN_POINT('',(250.91139490127,89.292187094645,19.6));
#13755 = CARTESIAN_POINT('',(250.83057517646,89.31140833383,19.6));
#13756 = CARTESIAN_POINT('',(250.68326568409,89.356251971076,19.6));
#13757 = CARTESIAN_POINT('',(250.61615921151,89.381006688421,19.6));
#13758 = CARTESIAN_POINT('',(250.55198111784,89.409543509963,19.6));
#13759 = CARTESIAN_POINT('',(250.49117254045,89.442057174233,19.6));
#13760 = CARTESIAN_POINT('',(250.43418572965,89.478670422058,19.6));
#13761 = CARTESIAN_POINT('',(250.38141601562,89.51935546875,19.6));
#13762 = PCURVE('',#12570,#13763);
#13763 = DEFINITIONAL_REPRESENTATION('',(#13764),#13777);
#13764 = B_SPLINE_CURVE_WITH_KNOTS('',6,(#13765,#13766,#13767,#13768,
    #13769,#13770,#13771,#13772,#13773,#13774,#13775,#13776),
  .UNSPECIFIED.,.F.,.F.,(7,5,7),(0.,0.527258059364,1.),.UNSPECIFIED.);
#13765 = CARTESIAN_POINT('',(0.86771452585,-1.4));
#13766 = CARTESIAN_POINT('',(0.800025500503,-1.4));
#13767 = CARTESIAN_POINT('',(0.730559277879,-1.4));
#13768 = CARTESIAN_POINT('',(0.659230120605,-1.4));
#13769 = CARTESIAN_POINT('',(0.585991649397,-1.4));
#13770 = CARTESIAN_POINT('',(0.510843662733,-1.4));
#13771 = CARTESIAN_POINT('',(0.364830911594,-1.4));
#13772 = CARTESIAN_POINT('',(0.294327640186,-1.4));
#13773 = CARTESIAN_POINT('',(0.222419390627,-1.4));
#13774 = CARTESIAN_POINT('',(0.149240153932,-1.4));
#13775 = CARTESIAN_POINT('',(7.499817788079E-02,-1.4));
#13776 = CARTESIAN_POINT('',(0.,-1.4));
#13777 = ( GEOMETRIC_REPRESENTATION_CONTEXT(2) 
PARAMETRIC_REPRESENTATION_CONTEXT() REPRESENTATION_CONTEXT('2D SPACE',''
  ) );
#13778 = PCURVE('',#13268,#13779);
#13779 = DEFINITIONAL_REPRESENTATION('',(#13780),#13793);
#13780 = B_SPLINE_CURVE_WITH_KNOTS('',6,(#13781,#13782,#13783,#13784,
    #13785,#13786,#13787,#13788,#13789,#13790,#13791,#13792),
  .UNSPECIFIED.,.F.,.F.,(7,5,7),(0.,0.527258059364,1.),.UNSPECIFIED.);
#13781 = CARTESIAN_POINT('',(11.256836725989,89.252861788392));
#13782 = CARTESIAN_POINT('',(11.167883278213,89.257719307589));
#13783 = CARTESIAN_POINT('',(11.080462860826,89.265686971137));
#13784 = CARTESIAN_POINT('',(10.994844033566,89.277064858246));
#13785 = CARTESIAN_POINT('',(10.91139490127,89.292187094645));
#13786 = CARTESIAN_POINT('',(10.830575176469,89.31140833383));
#13787 = CARTESIAN_POINT('',(10.683265684099,89.356251971076));
#13788 = CARTESIAN_POINT('',(10.616159211516,89.381006688421));
#13789 = CARTESIAN_POINT('',(10.551981117843,89.409543509963));
#13790 = CARTESIAN_POINT('',(10.491172540452,89.442057174233));
#13791 = CARTESIAN_POINT('',(10.434185729651,89.478670422058));
#13792 = CARTESIAN_POINT('',(10.381416015625,89.51935546875));
#13793 = ( GEOMETRIC_REPRESENTATION_CONTEXT(2) 
PARAMETRIC_REPRESENTATION_CONTEXT() REPRESENTATION_CONTEXT('2D SPACE',''
  ) );
#13794 = ORIENTED_EDGE('',*,*,#13639,.T.);
#13795 = ADVANCED_FACE('',(#13796),#12598,.F.);
#13796 = FACE_BOUND('',#13797,.F.);
#13797 = EDGE_LOOP('',(#13798,#13799,#13800,#13848));
#13798 = ORIENTED_EDGE('',*,*,#12584,.F.);
#13799 = ORIENTED_EDGE('',*,*,#13289,.T.);
#13800 = ORIENTED_EDGE('',*,*,#13801,.F.);
#13801 = EDGE_CURVE('',#13725,#13235,#13802,.T.);
#13802 = SURFACE_CURVE('',#13803,(#13816,#13832),.PCURVE_S1.);
#13803 = B_SPLINE_CURVE_WITH_KNOTS('',6,(#13804,#13805,#13806,#13807,
    #13808,#13809,#13810,#13811,#13812,#13813,#13814,#13815),
  .UNSPECIFIED.,.F.,.F.,(7,5,7),(0.,0.303932024302,1.),.UNSPECIFIED.);
#13804 = CARTESIAN_POINT('',(250.38141601562,89.51935546875,19.6));
#13805 = CARTESIAN_POINT('',(250.35181666369,89.542176343137,19.6));
#13806 = CARTESIAN_POINT('',(250.32354304448,89.566279131031,19.6));
#13807 = CARTESIAN_POINT('',(250.29666553853,89.591658773748,19.6));
#13808 = CARTESIAN_POINT('',(250.27124436912,89.618298473969,19.6));
#13809 = CARTESIAN_POINT('',(250.24732775361,89.646168091404,19.6));
#13810 = CARTESIAN_POINT('',(250.17370043899,89.741763305852,19.6));
#13811 = CARTESIAN_POINT('',(250.13050208156,89.814544995445,19.6));
#13812 = CARTESIAN_POINT('',(250.09581967107,89.892985309304,19.6));
#13813 = CARTESIAN_POINT('',(250.06952569372,89.976277604887,19.6));
#13814 = CARTESIAN_POINT('',(250.05115635418,90.063540745205,19.6));
#13815 = CARTESIAN_POINT('',(250.0400861271,90.153923675293,19.6));
#13816 = PCURVE('',#12598,#13817);
#13817 = DEFINITIONAL_REPRESENTATION('',(#13818),#13831);
#13818 = B_SPLINE_CURVE_WITH_KNOTS('',6,(#13819,#13820,#13821,#13822,
    #13823,#13824,#13825,#13826,#13827,#13828,#13829,#13830),
  .UNSPECIFIED.,.F.,.F.,(7,5,7),(0.,0.303932024302,1.),.UNSPECIFIED.);
#13819 = CARTESIAN_POINT('',(1.,-1.4));
#13820 = CARTESIAN_POINT('',(0.957932357565,-1.4));
#13821 = CARTESIAN_POINT('',(0.915625274523,-1.4));
#13822 = CARTESIAN_POINT('',(0.873133427086,-1.4));
#13823 = CARTESIAN_POINT('',(0.830515092928,-1.4));
#13824 = CARTESIAN_POINT('',(0.787832316229,-1.4));
#13825 = CARTESIAN_POINT('',(0.647402088086,-1.4));
#13826 = CARTESIAN_POINT('',(0.549622260492,-1.4));
#13827 = CARTESIAN_POINT('',(0.452678505231,-1.4));
#13828 = CARTESIAN_POINT('',(0.357223684858,-1.4));
#13829 = CARTESIAN_POINT('',(0.2637403553,-1.4));
#13830 = CARTESIAN_POINT('',(0.17256841791,-1.4));
#13831 = ( GEOMETRIC_REPRESENTATION_CONTEXT(2) 
PARAMETRIC_REPRESENTATION_CONTEXT() REPRESENTATION_CONTEXT('2D SPACE',''
  ) );
#13832 = PCURVE('',#13268,#13833);
#13833 = DEFINITIONAL_REPRESENTATION('',(#13834),#13847);
#13834 = B_SPLINE_CURVE_WITH_KNOTS('',6,(#13835,#13836,#13837,#13838,
    #13839,#13840,#13841,#13842,#13843,#13844,#13845,#13846),
  .UNSPECIFIED.,.F.,.F.,(7,5,7),(0.,0.303932024302,1.),.UNSPECIFIED.);
#13835 = CARTESIAN_POINT('',(10.381416015625,89.51935546875));
#13836 = CARTESIAN_POINT('',(10.351816663697,89.542176343137));
#13837 = CARTESIAN_POINT('',(10.32354304448,89.566279131031));
#13838 = CARTESIAN_POINT('',(10.296665538531,89.591658773748));
#13839 = CARTESIAN_POINT('',(10.271244369121,89.618298473969));
#13840 = CARTESIAN_POINT('',(10.247327753612,89.646168091404));
#13841 = CARTESIAN_POINT('',(10.173700438992,89.741763305852));
#13842 = CARTESIAN_POINT('',(10.13050208156,89.814544995445));
#13843 = CARTESIAN_POINT('',(10.095819671074,89.892985309304));
#13844 = CARTESIAN_POINT('',(10.069525693726,89.976277604887));
#13845 = CARTESIAN_POINT('',(10.051156354187,90.063540745205));
#13846 = CARTESIAN_POINT('',(10.040086127104,90.153923675293));
#13847 = ( GEOMETRIC_REPRESENTATION_CONTEXT(2) 
PARAMETRIC_REPRESENTATION_CONTEXT() REPRESENTATION_CONTEXT('2D SPACE',''
  ) );
#13848 = ORIENTED_EDGE('',*,*,#13724,.F.);
#13849 = ADVANCED_FACE('',(#13850),#12675,.F.);
#13850 = FACE_BOUND('',#13851,.F.);
#13851 = EDGE_LOOP('',(#13852,#13853,#13882,#13943));
#13852 = ORIENTED_EDGE('',*,*,#12657,.F.);
#13853 = ORIENTED_EDGE('',*,*,#13854,.F.);
#13854 = EDGE_CURVE('',#13855,#12658,#13857,.T.);
#13855 = VERTEX_POINT('',#13856);
#13856 = CARTESIAN_POINT('',(251.44479063081,208.98735294678,19.6));
#13857 = SURFACE_CURVE('',#13858,(#13864,#13873),.PCURVE_S1.);
#13858 = B_SPLINE_CURVE_WITH_KNOTS('',4,(#13859,#13860,#13861,#13862,
    #13863),.UNSPECIFIED.,.F.,.F.,(5,5),(0.,1.),
  .PIECEWISE_BEZIER_KNOTS.);
#13859 = CARTESIAN_POINT('',(251.44479063081,208.98735294678,19.8000006)
  );
#13860 = CARTESIAN_POINT('',(251.44479063081,208.98735294678,
    19.400000300005));
#13861 = CARTESIAN_POINT('',(251.44479063081,208.98735294678,
    19.000000000022));
#13862 = CARTESIAN_POINT('',(251.44479063081,208.98735294678,
    18.599999699995));
#13863 = CARTESIAN_POINT('',(251.44479063081,208.98735294678,18.1999994)
  );
#13864 = PCURVE('',#12675,#13865);
#13865 = DEFINITIONAL_REPRESENTATION('',(#13866),#13872);
#13866 = B_SPLINE_CURVE_WITH_KNOTS('',4,(#13867,#13868,#13869,#13870,
    #13871),.UNSPECIFIED.,.F.,.F.,(5,5),(0.,1.),
  .PIECEWISE_BEZIER_KNOTS.);
#13867 = CARTESIAN_POINT('',(0.158157668098,-1.600000599987));
#13868 = CARTESIAN_POINT('',(0.158157668098,-1.200000299992));
#13869 = CARTESIAN_POINT('',(0.158157668098,-0.799999999975));
#13870 = CARTESIAN_POINT('',(0.158157668098,-0.399999700046));
#13871 = CARTESIAN_POINT('',(0.158157668098,5.999490018116E-07));
#13872 = ( GEOMETRIC_REPRESENTATION_CONTEXT(2) 
PARAMETRIC_REPRESENTATION_CONTEXT() REPRESENTATION_CONTEXT('2D SPACE',''
  ) );
#13873 = PCURVE('',#12705,#13874);
#13874 = DEFINITIONAL_REPRESENTATION('',(#13875),#13881);
#13875 = B_SPLINE_CURVE_WITH_KNOTS('',4,(#13876,#13877,#13878,#13879,
    #13880),.UNSPECIFIED.,.F.,.F.,(5,5),(0.,1.),
  .PIECEWISE_BEZIER_KNOTS.);
#13876 = CARTESIAN_POINT('',(0.841842331902,-1.6000006));
#13877 = CARTESIAN_POINT('',(0.841842331902,-1.200000300005));
#13878 = CARTESIAN_POINT('',(0.841842331902,-0.800000000022));
#13879 = CARTESIAN_POINT('',(0.841842331902,-0.399999699995));
#13880 = CARTESIAN_POINT('',(0.841842331902,5.999999999062E-07));
#13881 = ( GEOMETRIC_REPRESENTATION_CONTEXT(2) 
PARAMETRIC_REPRESENTATION_CONTEXT() REPRESENTATION_CONTEXT('2D SPACE',''
  ) );
#13882 = ORIENTED_EDGE('',*,*,#13883,.F.);
#13883 = EDGE_CURVE('',#13884,#13855,#13886,.T.);
#13884 = VERTEX_POINT('',#13885);
#13885 = CARTESIAN_POINT('',(252.16985351562,209.29108398437,19.6));
#13886 = SURFACE_CURVE('',#13887,(#13902,#13920),.PCURVE_S1.);
#13887 = B_SPLINE_CURVE_WITH_KNOTS('',5,(#13888,#13889,#13890,#13891,
    #13892,#13893,#13894,#13895,#13896,#13897,#13898,#13899,#13900,
    #13901),.UNSPECIFIED.,.F.,.F.,(6,4,4,6),(0.,6.758870947493E-02,
    0.521905556407,1.),.UNSPECIFIED.);
#13888 = CARTESIAN_POINT('',(252.16985351562,209.29108398437,19.6));
#13889 = CARTESIAN_POINT('',(252.16245039908,209.28374414233,19.6));
#13890 = CARTESIAN_POINT('',(252.15494883253,209.2765099271,19.6));
#13891 = CARTESIAN_POINT('',(252.14734951774,209.26938230711,19.6));
#13892 = CARTESIAN_POINT('',(252.13965324673,209.26236215683,19.6));
#13893 = CARTESIAN_POINT('',(252.07948242532,209.20898994273,19.6));
#13894 = CARTESIAN_POINT('',(252.02275730374,209.16741548046,19.6));
#13895 = CARTESIAN_POINT('',(251.96196992539,209.13098235282,19.6));
#13896 = CARTESIAN_POINT('',(251.89754561906,209.09968844615,19.6));
#13897 = CARTESIAN_POINT('',(251.75886583354,209.04568667462,19.6));
#13898 = CARTESIAN_POINT('',(251.68426280175,209.02351072586,19.6));
#13899 = CARTESIAN_POINT('',(251.60671004661,209.00665467224,19.6));
#13900 = CARTESIAN_POINT('',(251.52674328516,208.99473364842,19.6));
#13901 = CARTESIAN_POINT('',(251.44478997433,208.98735288765,19.6));
#13902 = PCURVE('',#12675,#13903);
#13903 = DEFINITIONAL_REPRESENTATION('',(#13904),#13919);
#13904 = B_SPLINE_CURVE_WITH_KNOTS('',5,(#13905,#13906,#13907,#13908,
    #13909,#13910,#13911,#13912,#13913,#13914,#13915,#13916,#13917,
    #13918),.UNSPECIFIED.,.F.,.F.,(6,4,4,6),(0.,6.758870947493E-02,
    0.521905556407,1.),.UNSPECIFIED.);
#13905 = CARTESIAN_POINT('',(1.,-1.4));
#13906 = CARTESIAN_POINT('',(0.988219438485,-1.4));
#13907 = CARTESIAN_POINT('',(0.976434932709,-1.4));
#13908 = CARTESIAN_POINT('',(0.964647804306,-1.4));
#13909 = CARTESIAN_POINT('',(0.952859380633,-1.4));
#13910 = CARTESIAN_POINT('',(0.861831986676,-1.4));
#13911 = CARTESIAN_POINT('',(0.782585915673,-1.4));
#13912 = CARTESIAN_POINT('',(0.703765434135,-1.4));
#13913 = CARTESIAN_POINT('',(0.625728901453,-1.4));
#13914 = CARTESIAN_POINT('',(0.467787789379,-1.4));
#13915 = CARTESIAN_POINT('',(0.387988785419,-1.4));
#13916 = CARTESIAN_POINT('',(0.309691064179,-1.4));
#13917 = CARTESIAN_POINT('',(0.233058789906,-1.4));
#13918 = CARTESIAN_POINT('',(0.158157068098,-1.4));
#13919 = ( GEOMETRIC_REPRESENTATION_CONTEXT(2) 
PARAMETRIC_REPRESENTATION_CONTEXT() REPRESENTATION_CONTEXT('2D SPACE',''
  ) );
#13920 = PCURVE('',#13921,#13926);
#13921 = PLANE('',#13922);
#13922 = AXIS2_PLACEMENT_3D('',#13923,#13924,#13925);
#13923 = CARTESIAN_POINT('',(240.,0.,19.6));
#13924 = DIRECTION('',(0.,0.,1.));
#13925 = DIRECTION('',(1.,0.,-0.));
#13926 = DEFINITIONAL_REPRESENTATION('',(#13927),#13942);
#13927 = B_SPLINE_CURVE_WITH_KNOTS('',5,(#13928,#13929,#13930,#13931,
    #13932,#13933,#13934,#13935,#13936,#13937,#13938,#13939,#13940,
    #13941),.UNSPECIFIED.,.F.,.F.,(6,4,4,6),(0.,6.758870947493E-02,
    0.521905556407,1.),.UNSPECIFIED.);
#13928 = CARTESIAN_POINT('',(12.169853515625,209.29108398437));
#13929 = CARTESIAN_POINT('',(12.162450399087,209.28374414233));
#13930 = CARTESIAN_POINT('',(12.154948832532,209.2765099271));
#13931 = CARTESIAN_POINT('',(12.147349517748,209.26938230711));
#13932 = CARTESIAN_POINT('',(12.139653246735,209.26236215683));
#13933 = CARTESIAN_POINT('',(12.079482425324,209.20898994273));
#13934 = CARTESIAN_POINT('',(12.022757303745,209.16741548046));
#13935 = CARTESIAN_POINT('',(11.961969925393,209.13098235282));
#13936 = CARTESIAN_POINT('',(11.897545619068,209.09968844615));
#13937 = CARTESIAN_POINT('',(11.758865833541,209.04568667462));
#13938 = CARTESIAN_POINT('',(11.684262801753,209.02351072586));
#13939 = CARTESIAN_POINT('',(11.606710046619,209.00665467224));
#13940 = CARTESIAN_POINT('',(11.526743285161,208.99473364842));
#13941 = CARTESIAN_POINT('',(11.444789974333,208.98735288765));
#13942 = ( GEOMETRIC_REPRESENTATION_CONTEXT(2) 
PARAMETRIC_REPRESENTATION_CONTEXT() REPRESENTATION_CONTEXT('2D SPACE',''
  ) );
#13943 = ORIENTED_EDGE('',*,*,#13944,.F.);
#13944 = EDGE_CURVE('',#12660,#13884,#13945,.T.);
#13945 = SURFACE_CURVE('',#13946,(#13950,#13957),.PCURVE_S1.);
#13946 = LINE('',#13947,#13948);
#13947 = CARTESIAN_POINT('',(252.16985351562,209.29108398437,18.2));
#13948 = VECTOR('',#13949,1.);
#13949 = DIRECTION('',(0.,-0.,1.));
#13950 = PCURVE('',#12675,#13951);
#13951 = DEFINITIONAL_REPRESENTATION('',(#13952),#13956);
#13952 = LINE('',#13953,#13954);
#13953 = CARTESIAN_POINT('',(1.,0.));
#13954 = VECTOR('',#13955,1.);
#13955 = DIRECTION('',(0.,-1.));
#13956 = ( GEOMETRIC_REPRESENTATION_CONTEXT(2) 
PARAMETRIC_REPRESENTATION_CONTEXT() REPRESENTATION_CONTEXT('2D SPACE',''
  ) );
#13957 = PCURVE('',#12883,#13958);
#13958 = DEFINITIONAL_REPRESENTATION('',(#13959),#13963);
#13959 = LINE('',#13960,#13961);
#13960 = CARTESIAN_POINT('',(0.,0.));
#13961 = VECTOR('',#13962,1.);
#13962 = DIRECTION('',(0.,-1.));
#13963 = ( GEOMETRIC_REPRESENTATION_CONTEXT(2) 
PARAMETRIC_REPRESENTATION_CONTEXT() REPRESENTATION_CONTEXT('2D SPACE',''
  ) );
#13964 = ADVANCED_FACE('',(#13965),#12705,.F.);
#13965 = FACE_BOUND('',#13966,.F.);
#13966 = EDGE_LOOP('',(#13967,#13968,#13991,#14045));
#13967 = ORIENTED_EDGE('',*,*,#12689,.F.);
#13968 = ORIENTED_EDGE('',*,*,#13969,.T.);
#13969 = EDGE_CURVE('',#12690,#13970,#13972,.T.);
#13970 = VERTEX_POINT('',#13971);
#13971 = CARTESIAN_POINT('',(250.717109375,209.29108398437,19.6));
#13972 = SURFACE_CURVE('',#13973,(#13977,#13984),.PCURVE_S1.);
#13973 = LINE('',#13974,#13975);
#13974 = CARTESIAN_POINT('',(250.717109375,209.29108398437,18.2));
#13975 = VECTOR('',#13976,1.);
#13976 = DIRECTION('',(0.,-0.,1.));
#13977 = PCURVE('',#12705,#13978);
#13978 = DEFINITIONAL_REPRESENTATION('',(#13979),#13983);
#13979 = LINE('',#13980,#13981);
#13980 = CARTESIAN_POINT('',(0.,0.));
#13981 = VECTOR('',#13982,1.);
#13982 = DIRECTION('',(0.,-1.));
#13983 = ( GEOMETRIC_REPRESENTATION_CONTEXT(2) 
PARAMETRIC_REPRESENTATION_CONTEXT() REPRESENTATION_CONTEXT('2D SPACE',''
  ) );
#13984 = PCURVE('',#12735,#13985);
#13985 = DEFINITIONAL_REPRESENTATION('',(#13986),#13990);
#13986 = LINE('',#13987,#13988);
#13987 = CARTESIAN_POINT('',(1.,0.));
#13988 = VECTOR('',#13989,1.);
#13989 = DIRECTION('',(0.,-1.));
#13990 = ( GEOMETRIC_REPRESENTATION_CONTEXT(2) 
PARAMETRIC_REPRESENTATION_CONTEXT() REPRESENTATION_CONTEXT('2D SPACE',''
  ) );
#13991 = ORIENTED_EDGE('',*,*,#13992,.F.);
#13992 = EDGE_CURVE('',#13855,#13970,#13993,.T.);
#13993 = SURFACE_CURVE('',#13994,(#14009,#14027),.PCURVE_S1.);
#13994 = B_SPLINE_CURVE_WITH_KNOTS('',5,(#13995,#13996,#13997,#13998,
    #13999,#14000,#14001,#14002,#14003,#14004,#14005,#14006,#14007,
    #14008),.UNSPECIFIED.,.F.,.F.,(6,4,4,6),(0.,0.479883570867,
    0.93237306351,1.),.UNSPECIFIED.);
#13995 = CARTESIAN_POINT('',(251.44479128781,208.98735288765,19.6));
#13996 = CARTESIAN_POINT('',(251.36239294193,208.99476797157,19.6));
#13997 = CARTESIAN_POINT('',(251.28198065216,209.00676379312,19.6));
#13998 = CARTESIAN_POINT('',(251.2039830859,209.02373609422,19.6));
#13999 = CARTESIAN_POINT('',(251.12893586562,209.0460689424,19.6));
#14000 = CARTESIAN_POINT('',(250.98991503788,209.10024465659,19.6));
#14001 = CARTESIAN_POINT('',(250.9255455365,209.13147464392,19.6));
#14002 = CARTESIAN_POINT('',(250.8647515634,209.1677941406,19.6));
#14003 = CARTESIAN_POINT('',(250.80794670318,209.20920250348,19.6));
#14004 = CARTESIAN_POINT('',(250.74755716627,209.26236222688,19.6));
#14005 = CARTESIAN_POINT('',(250.73980034975,209.2693824048,19.6));
#14006 = CARTESIAN_POINT('',(250.73213960228,209.27651001677,19.6));
#14007 = CARTESIAN_POINT('',(250.72457571108,209.28374419635,19.6));
#14008 = CARTESIAN_POINT('',(250.717109375,209.29108398437,19.6));
#14009 = PCURVE('',#12705,#14010);
#14010 = DEFINITIONAL_REPRESENTATION('',(#14011),#14026);
#14011 = B_SPLINE_CURVE_WITH_KNOTS('',5,(#14012,#14013,#14014,#14015,
    #14016,#14017,#14018,#14019,#14020,#14021,#14022,#14023,#14024,
    #14025),.UNSPECIFIED.,.F.,.F.,(6,4,4,6),(0.,0.479883570867,
    0.93237306351,1.),.UNSPECIFIED.);
#14012 = CARTESIAN_POINT('',(0.841842931902,-1.4));
#14013 = CARTESIAN_POINT('',(0.766592890563,-1.4));
#14014 = CARTESIAN_POINT('',(0.689614884029,-1.4));
#14015 = CARTESIAN_POINT('',(0.610977196539,-1.4));
#14016 = CARTESIAN_POINT('',(0.530847313812,-1.4));
#14017 = CARTESIAN_POINT('',(0.372882117179,-1.4));
#14018 = CARTESIAN_POINT('',(0.295167835561,-1.4));
#14019 = CARTESIAN_POINT('',(0.216692129588,-1.4));
#14020 = CARTESIAN_POINT('',(0.137805486654,-1.4));
#14021 = CARTESIAN_POINT('',(4.714049989478E-02,-1.4));
#14022 = CARTESIAN_POINT('',(3.535203283242E-02,-1.4));
#14023 = CARTESIAN_POINT('',(2.356492081555E-02,-1.4));
#14024 = CARTESIAN_POINT('',(1.17804748144E-02,-1.4));
#14025 = CARTESIAN_POINT('',(0.,-1.4));
#14026 = ( GEOMETRIC_REPRESENTATION_CONTEXT(2) 
PARAMETRIC_REPRESENTATION_CONTEXT() REPRESENTATION_CONTEXT('2D SPACE',''
  ) );
#14027 = PCURVE('',#13921,#14028);
#14028 = DEFINITIONAL_REPRESENTATION('',(#14029),#14044);
#14029 = B_SPLINE_CURVE_WITH_KNOTS('',5,(#14030,#14031,#14032,#14033,
    #14034,#14035,#14036,#14037,#14038,#14039,#14040,#14041,#14042,
    #14043),.UNSPECIFIED.,.F.,.F.,(6,4,4,6),(0.,0.479883570867,
    0.93237306351,1.),.UNSPECIFIED.);
#14030 = CARTESIAN_POINT('',(11.444791287816,208.98735288765));
#14031 = CARTESIAN_POINT('',(11.362392941934,208.99476797157));
#14032 = CARTESIAN_POINT('',(11.281980652162,209.00676379312));
#14033 = CARTESIAN_POINT('',(11.203983085904,209.02373609422));
#14034 = CARTESIAN_POINT('',(11.128935865628,209.0460689424));
#14035 = CARTESIAN_POINT('',(10.989915037881,209.10024465659));
#14036 = CARTESIAN_POINT('',(10.925545536503,209.13147464392));
#14037 = CARTESIAN_POINT('',(10.864751563401,209.1677941406));
#14038 = CARTESIAN_POINT('',(10.807946703181,209.20920250348));
#14039 = CARTESIAN_POINT('',(10.747557166274,209.26236222688));
#14040 = CARTESIAN_POINT('',(10.739800349754,209.2693824048));
#14041 = CARTESIAN_POINT('',(10.732139602283,209.27651001677));
#14042 = CARTESIAN_POINT('',(10.724575711088,209.28374419635));
#14043 = CARTESIAN_POINT('',(10.717109375,209.29108398437));
#14044 = ( GEOMETRIC_REPRESENTATION_CONTEXT(2) 
PARAMETRIC_REPRESENTATION_CONTEXT() REPRESENTATION_CONTEXT('2D SPACE',''
  ) );
#14045 = ORIENTED_EDGE('',*,*,#13854,.T.);
#14046 = ADVANCED_FACE('',(#14047),#12735,.F.);
#14047 = FACE_BOUND('',#14048,.F.);
#14048 = EDGE_LOOP('',(#14049,#14050,#14079,#14127));
#14049 = ORIENTED_EDGE('',*,*,#12719,.F.);
#14050 = ORIENTED_EDGE('',*,*,#14051,.T.);
#14051 = EDGE_CURVE('',#12720,#14052,#14054,.T.);
#14052 = VERTEX_POINT('',#14053);
#14053 = CARTESIAN_POINT('',(250.40849364333,210.00218355042,19.6));
#14054 = SURFACE_CURVE('',#14055,(#14061,#14070),.PCURVE_S1.);
#14055 = B_SPLINE_CURVE_WITH_KNOTS('',4,(#14056,#14057,#14058,#14059,
    #14060),.UNSPECIFIED.,.F.,.F.,(5,5),(0.,1.),
  .PIECEWISE_BEZIER_KNOTS.);
#14056 = CARTESIAN_POINT('',(250.40849364333,210.00218355042,18.1999994)
  );
#14057 = CARTESIAN_POINT('',(250.40849364333,210.00218355042,
    18.599999699995));
#14058 = CARTESIAN_POINT('',(250.40849364333,210.00218355042,
    18.999999999981));
#14059 = CARTESIAN_POINT('',(250.40849364333,210.00218355042,
    19.400000300005));
#14060 = CARTESIAN_POINT('',(250.40849364333,210.00218355042,19.8000006)
  );
#14061 = PCURVE('',#12735,#14062);
#14062 = DEFINITIONAL_REPRESENTATION('',(#14063),#14069);
#14063 = B_SPLINE_CURVE_WITH_KNOTS('',4,(#14064,#14065,#14066,#14067,
    #14068),.UNSPECIFIED.,.F.,.F.,(5,5),(0.,1.),
  .PIECEWISE_BEZIER_KNOTS.);
#14064 = CARTESIAN_POINT('',(0.161631614965,5.999999999062E-07));
#14065 = CARTESIAN_POINT('',(0.161631614965,-0.399999699995));
#14066 = CARTESIAN_POINT('',(0.161631614965,-0.799999999981));
#14067 = CARTESIAN_POINT('',(0.161631614965,-1.200000300005));
#14068 = CARTESIAN_POINT('',(0.161631614965,-1.6000006));
#14069 = ( GEOMETRIC_REPRESENTATION_CONTEXT(2) 
PARAMETRIC_REPRESENTATION_CONTEXT() REPRESENTATION_CONTEXT('2D SPACE',''
  ) );
#14070 = PCURVE('',#12765,#14071);
#14071 = DEFINITIONAL_REPRESENTATION('',(#14072),#14078);
#14072 = B_SPLINE_CURVE_WITH_KNOTS('',4,(#14073,#14074,#14075,#14076,
    #14077),.UNSPECIFIED.,.F.,.F.,(5,5),(0.,1.),
  .PIECEWISE_BEZIER_KNOTS.);
#14073 = CARTESIAN_POINT('',(0.83767912129,5.999842838111E-07));
#14074 = CARTESIAN_POINT('',(0.83767912129,-0.39999970001));
#14075 = CARTESIAN_POINT('',(0.83767912129,-0.800000000022));
#14076 = CARTESIAN_POINT('',(0.83767912129,-1.200000299957));
#14077 = CARTESIAN_POINT('',(0.83767912129,-1.600000599952));
#14078 = ( GEOMETRIC_REPRESENTATION_CONTEXT(2) 
PARAMETRIC_REPRESENTATION_CONTEXT() REPRESENTATION_CONTEXT('2D SPACE',''
  ) );
#14079 = ORIENTED_EDGE('',*,*,#14080,.F.);
#14080 = EDGE_CURVE('',#13970,#14052,#14081,.T.);
#14081 = SURFACE_CURVE('',#14082,(#14095,#14111),.PCURVE_S1.);
#14082 = B_SPLINE_CURVE_WITH_KNOTS('',6,(#14083,#14084,#14085,#14086,
    #14087,#14088,#14089,#14090,#14091,#14092,#14093,#14094),
  .UNSPECIFIED.,.F.,.F.,(7,5,7),(0.,0.112639790317,1.),.UNSPECIFIED.);
#14083 = CARTESIAN_POINT('',(250.717109375,209.29108398437,19.6));
#14084 = CARTESIAN_POINT('',(250.70684910293,209.30117035352,19.6));
#14085 = CARTESIAN_POINT('',(250.696780681,209.31143298248,19.6));
#14086 = CARTESIAN_POINT('',(250.68690650476,209.32187051719,19.6));
#14087 = CARTESIAN_POINT('',(250.67722874135,209.33248138307,19.6));
#14088 = CARTESIAN_POINT('',(250.66774932949,209.34326378504,19.6));
#14089 = CARTESIAN_POINT('',(250.58536858309,209.44049339094,19.6));
#14090 = CARTESIAN_POINT('',(250.52464850568,209.53733201516,19.6));
#14091 = CARTESIAN_POINT('',(250.47729782538,209.64361193726,19.6));
#14092 = CARTESIAN_POINT('',(250.44288971043,209.75765203137,19.6));
#14093 = CARTESIAN_POINT('',(250.42037456742,209.87769792814,19.6));
#14094 = CARTESIAN_POINT('',(250.40849358186,210.00218419443,19.6));
#14095 = PCURVE('',#12735,#14096);
#14096 = DEFINITIONAL_REPRESENTATION('',(#14097),#14110);
#14097 = B_SPLINE_CURVE_WITH_KNOTS('',6,(#14098,#14099,#14100,#14101,
    #14102,#14103,#14104,#14105,#14106,#14107,#14108,#14109),
  .UNSPECIFIED.,.F.,.F.,(7,5,7),(0.,0.112639790317,1.),.UNSPECIFIED.);
#14098 = CARTESIAN_POINT('',(1.,-1.4));
#14099 = CARTESIAN_POINT('',(0.983811219422,-1.4));
#14100 = CARTESIAN_POINT('',(0.967610651685,-1.4));
#14101 = CARTESIAN_POINT('',(0.951401213795,-1.4));
#14102 = CARTESIAN_POINT('',(0.93518584599,-1.4));
#14103 = CARTESIAN_POINT('',(0.918967511738,-1.4));
#14104 = CARTESIAN_POINT('',(0.774983632182,-1.4));
#14105 = CARTESIAN_POINT('',(0.647159197379,-1.4));
#14106 = CARTESIAN_POINT('',(0.520962732661,-1.4));
#14107 = CARTESIAN_POINT('',(0.397531502122,-1.4));
#14108 = CARTESIAN_POINT('',(0.277610994487,-1.4));
#14109 = CARTESIAN_POINT('',(0.161631014965,-1.4));
#14110 = ( GEOMETRIC_REPRESENTATION_CONTEXT(2) 
PARAMETRIC_REPRESENTATION_CONTEXT() REPRESENTATION_CONTEXT('2D SPACE',''
  ) );
#14111 = PCURVE('',#13921,#14112);
#14112 = DEFINITIONAL_REPRESENTATION('',(#14113),#14126);
#14113 = B_SPLINE_CURVE_WITH_KNOTS('',6,(#14114,#14115,#14116,#14117,
    #14118,#14119,#14120,#14121,#14122,#14123,#14124,#14125),
  .UNSPECIFIED.,.F.,.F.,(7,5,7),(0.,0.112639790317,1.),.UNSPECIFIED.);
#14114 = CARTESIAN_POINT('',(10.717109375,209.29108398437));
#14115 = CARTESIAN_POINT('',(10.706849102935,209.30117035352));
#14116 = CARTESIAN_POINT('',(10.696780681005,209.31143298248));
#14117 = CARTESIAN_POINT('',(10.686906504764,209.32187051719));
#14118 = CARTESIAN_POINT('',(10.677228741351,209.33248138307));
#14119 = CARTESIAN_POINT('',(10.66774932949,209.34326378504));
#14120 = CARTESIAN_POINT('',(10.585368583093,209.44049339094));
#14121 = CARTESIAN_POINT('',(10.524648505686,209.53733201516));
#14122 = CARTESIAN_POINT('',(10.47729782538,209.64361193726));
#14123 = CARTESIAN_POINT('',(10.442889710438,209.75765203137));
#14124 = CARTESIAN_POINT('',(10.420374567426,209.87769792814));
#14125 = CARTESIAN_POINT('',(10.408493581867,210.00218419443));
#14126 = ( GEOMETRIC_REPRESENTATION_CONTEXT(2) 
PARAMETRIC_REPRESENTATION_CONTEXT() REPRESENTATION_CONTEXT('2D SPACE',''
  ) );
#14127 = ORIENTED_EDGE('',*,*,#13969,.F.);
#14128 = ADVANCED_FACE('',(#14129),#12765,.F.);
#14129 = FACE_BOUND('',#14130,.F.);
#14130 = EDGE_LOOP('',(#14131,#14132,#14155,#14203));
#14131 = ORIENTED_EDGE('',*,*,#12749,.F.);
#14132 = ORIENTED_EDGE('',*,*,#14133,.T.);
#14133 = EDGE_CURVE('',#12750,#14134,#14136,.T.);
#14134 = VERTEX_POINT('',#14135);
#14135 = CARTESIAN_POINT('',(250.71442382812,210.70354492187,19.6));
#14136 = SURFACE_CURVE('',#14137,(#14141,#14148),.PCURVE_S1.);
#14137 = LINE('',#14138,#14139);
#14138 = CARTESIAN_POINT('',(250.71442382812,210.70354492187,18.2));
#14139 = VECTOR('',#14140,1.);
#14140 = DIRECTION('',(0.,-0.,1.));
#14141 = PCURVE('',#12765,#14142);
#14142 = DEFINITIONAL_REPRESENTATION('',(#14143),#14147);
#14143 = LINE('',#14144,#14145);
#14144 = CARTESIAN_POINT('',(0.,0.));
#14145 = VECTOR('',#14146,1.);
#14146 = DIRECTION('',(0.,-1.));
#14147 = ( GEOMETRIC_REPRESENTATION_CONTEXT(2) 
PARAMETRIC_REPRESENTATION_CONTEXT() REPRESENTATION_CONTEXT('2D SPACE',''
  ) );
#14148 = PCURVE('',#12795,#14149);
#14149 = DEFINITIONAL_REPRESENTATION('',(#14150),#14154);
#14150 = LINE('',#14151,#14152);
#14151 = CARTESIAN_POINT('',(1.,0.));
#14152 = VECTOR('',#14153,1.);
#14153 = DIRECTION('',(0.,-1.));
#14154 = ( GEOMETRIC_REPRESENTATION_CONTEXT(2) 
PARAMETRIC_REPRESENTATION_CONTEXT() REPRESENTATION_CONTEXT('2D SPACE',''
  ) );
#14155 = ORIENTED_EDGE('',*,*,#14156,.F.);
#14156 = EDGE_CURVE('',#14052,#14134,#14157,.T.);
#14157 = SURFACE_CURVE('',#14158,(#14171,#14187),.PCURVE_S1.);
#14158 = B_SPLINE_CURVE_WITH_KNOTS('',6,(#14159,#14160,#14161,#14162,
    #14163,#14164,#14165,#14166,#14167,#14168,#14169,#14170),
  .UNSPECIFIED.,.F.,.F.,(7,5,7),(0.,0.887365888364,1.),.UNSPECIFIED.);
#14159 = CARTESIAN_POINT('',(250.40849358212,210.00218291308,19.6));
#14160 = CARTESIAN_POINT('',(250.4203140466,210.12527548923,19.6));
#14161 = CARTESIAN_POINT('',(250.44266267604,210.24389537781,19.6));
#14162 = CARTESIAN_POINT('',(250.47678545681,210.3564850927,19.6));
#14163 = CARTESIAN_POINT('',(250.52372163113,210.46130127139,19.6));
#14164 = CARTESIAN_POINT('',(250.58389450902,210.55667698853,19.6));
#14165 = CARTESIAN_POINT('',(250.66552062191,210.65227907212,19.6));
#14166 = CARTESIAN_POINT('',(250.67491257377,210.66287792388,19.6));
#14167 = CARTESIAN_POINT('',(250.68450090118,210.67330558837,19.6));
#14168 = CARTESIAN_POINT('',(250.69428368638,210.6835603021,19.6));
#14169 = CARTESIAN_POINT('',(250.7042587854,210.69364052127,19.6));
#14170 = CARTESIAN_POINT('',(250.71442382812,210.70354492187,19.6));
#14171 = PCURVE('',#12765,#14172);
#14172 = DEFINITIONAL_REPRESENTATION('',(#14173),#14186);
#14173 = B_SPLINE_CURVE_WITH_KNOTS('',6,(#14174,#14175,#14176,#14177,
    #14178,#14179,#14180,#14181,#14182,#14183,#14184,#14185),
  .UNSPECIFIED.,.F.,.F.,(7,5,7),(0.,0.887365888364,1.),.UNSPECIFIED.);
#14174 = CARTESIAN_POINT('',(0.83767972129,-1.4));
#14175 = CARTESIAN_POINT('',(0.721798472241,-1.4));
#14176 = CARTESIAN_POINT('',(0.601979787431,-1.4));
#14177 = CARTESIAN_POINT('',(0.478652181306,-1.4));
#14178 = CARTESIAN_POINT('',(0.352559616647,-1.4));
#14179 = CARTESIAN_POINT('',(0.224837560605,-1.4));
#14180 = CARTESIAN_POINT('',(8.096600253699E-02,-1.4));
#14181 = CARTESIAN_POINT('',(6.476108418258E-02,-1.4));
#14182 = CARTESIAN_POINT('',(4.855907592244E-02,-1.4));
#14183 = CARTESIAN_POINT('',(3.23629380814E-02,-1.4));
#14184 = CARTESIAN_POINT('',(1.61756079931E-02,-1.4));
#14185 = CARTESIAN_POINT('',(0.,-1.4));
#14186 = ( GEOMETRIC_REPRESENTATION_CONTEXT(2) 
PARAMETRIC_REPRESENTATION_CONTEXT() REPRESENTATION_CONTEXT('2D SPACE',''
  ) );
#14187 = PCURVE('',#13921,#14188);
#14188 = DEFINITIONAL_REPRESENTATION('',(#14189),#14202);
#14189 = B_SPLINE_CURVE_WITH_KNOTS('',6,(#14190,#14191,#14192,#14193,
    #14194,#14195,#14196,#14197,#14198,#14199,#14200,#14201),
  .UNSPECIFIED.,.F.,.F.,(7,5,7),(0.,0.887365888364,1.),.UNSPECIFIED.);
#14190 = CARTESIAN_POINT('',(10.408493582128,210.00218291308));
#14191 = CARTESIAN_POINT('',(10.420314046601,210.12527548923));
#14192 = CARTESIAN_POINT('',(10.442662676049,210.24389537781));
#14193 = CARTESIAN_POINT('',(10.476785456818,210.3564850927));
#14194 = CARTESIAN_POINT('',(10.523721631132,210.46130127139));
#14195 = CARTESIAN_POINT('',(10.583894509029,210.55667698853));
#14196 = CARTESIAN_POINT('',(10.66552062191,210.65227907212));
#14197 = CARTESIAN_POINT('',(10.67491257377,210.66287792388));
#14198 = CARTESIAN_POINT('',(10.684500901185,210.67330558837));
#14199 = CARTESIAN_POINT('',(10.694283686382,210.6835603021));
#14200 = CARTESIAN_POINT('',(10.704258785407,210.69364052127));
#14201 = CARTESIAN_POINT('',(10.714423828125,210.70354492187));
#14202 = ( GEOMETRIC_REPRESENTATION_CONTEXT(2) 
PARAMETRIC_REPRESENTATION_CONTEXT() REPRESENTATION_CONTEXT('2D SPACE',''
  ) );
#14203 = ORIENTED_EDGE('',*,*,#14051,.F.);
#14204 = ADVANCED_FACE('',(#14205),#12795,.F.);
#14205 = FACE_BOUND('',#14206,.F.);
#14206 = EDGE_LOOP('',(#14207,#14208,#14237,#14291));
#14207 = ORIENTED_EDGE('',*,*,#12779,.F.);
#14208 = ORIENTED_EDGE('',*,*,#14209,.T.);
#14209 = EDGE_CURVE('',#12780,#14210,#14212,.T.);
#14210 = VERTEX_POINT('',#14211);
#14211 = CARTESIAN_POINT('',(251.44404499703,211.00210505861,19.6));
#14212 = SURFACE_CURVE('',#14213,(#14219,#14228),.PCURVE_S1.);
#14213 = B_SPLINE_CURVE_WITH_KNOTS('',4,(#14214,#14215,#14216,#14217,
    #14218),.UNSPECIFIED.,.F.,.F.,(5,5),(0.,1.),
  .PIECEWISE_BEZIER_KNOTS.);
#14214 = CARTESIAN_POINT('',(251.44404499703,211.00210505861,18.1999994)
  );
#14215 = CARTESIAN_POINT('',(251.44404499703,211.00210505861,
    18.599999699995));
#14216 = CARTESIAN_POINT('',(251.44404499703,211.00210505861,
    18.999999999969));
#14217 = CARTESIAN_POINT('',(251.44404499703,211.00210505861,
    19.400000300005));
#14218 = CARTESIAN_POINT('',(251.44404499703,211.00210505861,19.8000006)
  );
#14219 = PCURVE('',#12795,#14220);
#14220 = DEFINITIONAL_REPRESENTATION('',(#14221),#14227);
#14221 = B_SPLINE_CURVE_WITH_KNOTS('',4,(#14222,#14223,#14224,#14225,
    #14226),.UNSPECIFIED.,.F.,.F.,(5,5),(0.,1.),
  .PIECEWISE_BEZIER_KNOTS.);
#14222 = CARTESIAN_POINT('',(0.157476308777,5.999999999062E-07));
#14223 = CARTESIAN_POINT('',(0.157476308777,-0.399999699995));
#14224 = CARTESIAN_POINT('',(0.157476308777,-0.799999999969));
#14225 = CARTESIAN_POINT('',(0.157476308777,-1.200000300005));
#14226 = CARTESIAN_POINT('',(0.157476308777,-1.6000006));
#14227 = ( GEOMETRIC_REPRESENTATION_CONTEXT(2) 
PARAMETRIC_REPRESENTATION_CONTEXT() REPRESENTATION_CONTEXT('2D SPACE',''
  ) );
#14228 = PCURVE('',#12825,#14229);
#14229 = DEFINITIONAL_REPRESENTATION('',(#14230),#14236);
#14230 = B_SPLINE_CURVE_WITH_KNOTS('',4,(#14231,#14232,#14233,#14234,
    #14235),.UNSPECIFIED.,.F.,.F.,(5,5),(0.,1.),
  .PIECEWISE_BEZIER_KNOTS.);
#14231 = CARTESIAN_POINT('',(0.842523691223,5.999947989554E-07));
#14232 = CARTESIAN_POINT('',(0.842523691223,-0.3999997));
#14233 = CARTESIAN_POINT('',(0.842523691223,-0.800000000036));
#14234 = CARTESIAN_POINT('',(0.842523691223,-1.200000299947));
#14235 = CARTESIAN_POINT('',(0.842523691223,-1.600000599941));
#14236 = ( GEOMETRIC_REPRESENTATION_CONTEXT(2) 
PARAMETRIC_REPRESENTATION_CONTEXT() REPRESENTATION_CONTEXT('2D SPACE',''
  ) );
#14237 = ORIENTED_EDGE('',*,*,#14238,.F.);
#14238 = EDGE_CURVE('',#14134,#14210,#14239,.T.);
#14239 = SURFACE_CURVE('',#14240,(#14255,#14273),.PCURVE_S1.);
#14240 = B_SPLINE_CURVE_WITH_KNOTS('',5,(#14241,#14242,#14243,#14244,
    #14245,#14246,#14247,#14248,#14249,#14250,#14251,#14252,#14253,
    #14254),.UNSPECIFIED.,.F.,.F.,(6,4,4,6),(0.,3.461245212791E-02,
    0.502966097617,1.),.UNSPECIFIED.);
#14241 = CARTESIAN_POINT('',(250.71442382812,210.70354492187,19.6));
#14242 = CARTESIAN_POINT('',(250.71823548024,210.70725883932,19.6));
#14243 = CARTESIAN_POINT('',(250.72207340261,210.7109449248,19.6));
#14244 = CARTESIAN_POINT('',(250.72593749006,210.71460305704,19.6));
#14245 = CARTESIAN_POINT('',(250.72982763107,210.71823312143,19.6));
#14246 = CARTESIAN_POINT('',(250.78673356185,210.7705734706,19.6));
#14247 = CARTESIAN_POINT('',(250.8444787947,210.81415908224,19.6));
#14248 = CARTESIAN_POINT('',(250.90666802141,210.85230176362,19.6));
#14249 = CARTESIAN_POINT('',(250.97282234857,210.88500844914,19.6));
#14250 = CARTESIAN_POINT('',(251.11622118803,210.94159059413,19.6));
#14251 = CARTESIAN_POINT('',(251.19390759591,210.9648062263,19.6));
#14252 = CARTESIAN_POINT('',(251.27482537428,210.9823340524,19.6));
#14253 = CARTESIAN_POINT('',(251.35836331238,210.99461873734,19.6));
#14254 = CARTESIAN_POINT('',(251.44404565918,211.00210511646,19.6));
#14255 = PCURVE('',#12795,#14256);
#14256 = DEFINITIONAL_REPRESENTATION('',(#14257),#14272);
#14257 = B_SPLINE_CURVE_WITH_KNOTS('',5,(#14258,#14259,#14260,#14261,
    #14262,#14263,#14264,#14265,#14266,#14267,#14268,#14269,#14270,
    #14271),.UNSPECIFIED.,.F.,.F.,(6,4,4,6),(0.,3.461245212791E-02,
    0.502966097617,1.),.UNSPECIFIED.);
#14258 = CARTESIAN_POINT('',(1.,-1.4));
#14259 = CARTESIAN_POINT('',(0.993934527166,-1.4));
#14260 = CARTESIAN_POINT('',(0.987868521328,-1.4));
#14261 = CARTESIAN_POINT('',(0.981802164357,-1.4));
#14262 = CARTESIAN_POINT('',(0.975735638328,-1.4));
#14263 = CARTESIAN_POINT('',(0.887580940017,-1.4));
#14264 = CARTESIAN_POINT('',(0.80548492678,-1.4));
#14265 = CARTESIAN_POINT('',(0.723866303343,-1.4));
#14266 = CARTESIAN_POINT('',(0.64312134047,-1.4));
#14267 = CARTESIAN_POINT('',(0.479152209958,-1.4));
#14268 = CARTESIAN_POINT('',(0.396067125245,-1.4));
#14269 = CARTESIAN_POINT('',(0.314665558815,-1.4));
#14270 = CARTESIAN_POINT('',(0.235116626625,-1.4));
#14271 = CARTESIAN_POINT('',(0.157475708777,-1.4));
#14272 = ( GEOMETRIC_REPRESENTATION_CONTEXT(2) 
PARAMETRIC_REPRESENTATION_CONTEXT() REPRESENTATION_CONTEXT('2D SPACE',''
  ) );
#14273 = PCURVE('',#13921,#14274);
#14274 = DEFINITIONAL_REPRESENTATION('',(#14275),#14290);
#14275 = B_SPLINE_CURVE_WITH_KNOTS('',5,(#14276,#14277,#14278,#14279,
    #14280,#14281,#14282,#14283,#14284,#14285,#14286,#14287,#14288,
    #14289),.UNSPECIFIED.,.F.,.F.,(6,4,4,6),(0.,3.461245212791E-02,
    0.502966097617,1.),.UNSPECIFIED.);
#14276 = CARTESIAN_POINT('',(10.714423828125,210.70354492187));
#14277 = CARTESIAN_POINT('',(10.718235480243,210.70725883932));
#14278 = CARTESIAN_POINT('',(10.722073402615,210.7109449248));
#14279 = CARTESIAN_POINT('',(10.725937490069,210.71460305704));
#14280 = CARTESIAN_POINT('',(10.729827631079,210.71823312143));
#14281 = CARTESIAN_POINT('',(10.786733561852,210.7705734706));
#14282 = CARTESIAN_POINT('',(10.844478794706,210.81415908224));
#14283 = CARTESIAN_POINT('',(10.906668021415,210.85230176362));
#14284 = CARTESIAN_POINT('',(10.972822348573,210.88500844914));
#14285 = CARTESIAN_POINT('',(11.116221188031,210.94159059413));
#14286 = CARTESIAN_POINT('',(11.193907595915,210.9648062263));
#14287 = CARTESIAN_POINT('',(11.274825374283,210.9823340524));
#14288 = CARTESIAN_POINT('',(11.358363312386,210.99461873734));
#14289 = CARTESIAN_POINT('',(11.444045659182,211.00210511646));
#14290 = ( GEOMETRIC_REPRESENTATION_CONTEXT(2) 
PARAMETRIC_REPRESENTATION_CONTEXT() REPRESENTATION_CONTEXT('2D SPACE',''
  ) );
#14291 = ORIENTED_EDGE('',*,*,#14133,.F.);
#14292 = ADVANCED_FACE('',(#14293),#12825,.F.);
#14293 = FACE_BOUND('',#14294,.F.);
#14294 = EDGE_LOOP('',(#14295,#14296,#14319,#14361));
#14295 = ORIENTED_EDGE('',*,*,#12809,.F.);
#14296 = ORIENTED_EDGE('',*,*,#14297,.T.);
#14297 = EDGE_CURVE('',#12810,#14298,#14300,.T.);
#14298 = VERTEX_POINT('',#14299);
#14299 = CARTESIAN_POINT('',(252.16985351562,210.70354492187,19.6));
#14300 = SURFACE_CURVE('',#14301,(#14305,#14312),.PCURVE_S1.);
#14301 = LINE('',#14302,#14303);
#14302 = CARTESIAN_POINT('',(252.16985351562,210.70354492187,18.2));
#14303 = VECTOR('',#14304,1.);
#14304 = DIRECTION('',(0.,-0.,1.));
#14305 = PCURVE('',#12825,#14306);
#14306 = DEFINITIONAL_REPRESENTATION('',(#14307),#14311);
#14307 = LINE('',#14308,#14309);
#14308 = CARTESIAN_POINT('',(0.,0.));
#14309 = VECTOR('',#14310,1.);
#14310 = DIRECTION('',(0.,-1.));
#14311 = ( GEOMETRIC_REPRESENTATION_CONTEXT(2) 
PARAMETRIC_REPRESENTATION_CONTEXT() REPRESENTATION_CONTEXT('2D SPACE',''
  ) );
#14312 = PCURVE('',#12855,#14313);
#14313 = DEFINITIONAL_REPRESENTATION('',(#14314),#14318);
#14314 = LINE('',#14315,#14316);
#14315 = CARTESIAN_POINT('',(1.,0.));
#14316 = VECTOR('',#14317,1.);
#14317 = DIRECTION('',(0.,-1.));
#14318 = ( GEOMETRIC_REPRESENTATION_CONTEXT(2) 
PARAMETRIC_REPRESENTATION_CONTEXT() REPRESENTATION_CONTEXT('2D SPACE',''
  ) );
#14319 = ORIENTED_EDGE('',*,*,#14320,.F.);
#14320 = EDGE_CURVE('',#14210,#14298,#14321,.T.);
#14321 = SURFACE_CURVE('',#14322,(#14333,#14347),.PCURVE_S1.);
#14322 = B_SPLINE_CURVE_WITH_KNOTS('',5,(#14323,#14324,#14325,#14326,
    #14327,#14328,#14329,#14330,#14331,#14332),.UNSPECIFIED.,.F.,.F.,(6,
    4,6),(0.,0.490498452804,1.),.UNSPECIFIED.);
#14323 = CARTESIAN_POINT('',(251.44404434032,211.00210511646,19.6));
#14324 = CARTESIAN_POINT('',(251.52809926092,210.99470020273,19.6));
#14325 = CARTESIAN_POINT('',(251.61007543612,210.98260469053,19.6));
#14326 = CARTESIAN_POINT('',(251.68951965727,210.96539788756,19.6));
#14327 = CARTESIAN_POINT('',(251.76585770447,210.94266491777,19.6));
#14328 = CARTESIAN_POINT('',(251.91396550614,210.88462337591,19.6));
#14329 = CARTESIAN_POINT('',(251.98545905817,210.84885637702,19.6));
#14330 = CARTESIAN_POINT('',(252.05228791588,210.80667340469,19.6));
#14331 = CARTESIAN_POINT('',(252.11386799055,210.75809492066,19.6));
#14332 = CARTESIAN_POINT('',(252.16985351562,210.70354492187,19.6));
#14333 = PCURVE('',#12825,#14334);
#14334 = DEFINITIONAL_REPRESENTATION('',(#14335),#14346);
#14335 = B_SPLINE_CURVE_WITH_KNOTS('',5,(#14336,#14337,#14338,#14339,
    #14340,#14341,#14342,#14343,#14344,#14345),.UNSPECIFIED.,.F.,.F.,(6,
    4,6),(0.,0.490498452804,1.),.UNSPECIFIED.);
#14336 = CARTESIAN_POINT('',(0.842524291223,-1.4));
#14337 = CARTESIAN_POINT('',(0.765728247491,-1.4));
#14338 = CARTESIAN_POINT('',(0.687104870298,-1.4));
#14339 = CARTESIAN_POINT('',(0.606716030775,-1.4));
#14340 = CARTESIAN_POINT('',(0.524730456845,-1.4));
#14341 = CARTESIAN_POINT('',(0.355009782359,-1.4));
#14342 = CARTESIAN_POINT('',(0.267157903309,-1.4));
#14343 = CARTESIAN_POINT('',(0.178347870025,-1.4));
#14344 = CARTESIAN_POINT('',(8.90896311984E-02,-1.4));
#14345 = CARTESIAN_POINT('',(0.,-1.4));
#14346 = ( GEOMETRIC_REPRESENTATION_CONTEXT(2) 
PARAMETRIC_REPRESENTATION_CONTEXT() REPRESENTATION_CONTEXT('2D SPACE',''
  ) );
#14347 = PCURVE('',#13921,#14348);
#14348 = DEFINITIONAL_REPRESENTATION('',(#14349),#14360);
#14349 = B_SPLINE_CURVE_WITH_KNOTS('',5,(#14350,#14351,#14352,#14353,
    #14354,#14355,#14356,#14357,#14358,#14359),.UNSPECIFIED.,.F.,.F.,(6,
    4,6),(0.,0.490498452804,1.),.UNSPECIFIED.);
#14350 = CARTESIAN_POINT('',(11.444044340327,211.00210511646));
#14351 = CARTESIAN_POINT('',(11.528099260929,210.99470020273));
#14352 = CARTESIAN_POINT('',(11.610075436122,210.98260469053));
#14353 = CARTESIAN_POINT('',(11.689519657277,210.96539788756));
#14354 = CARTESIAN_POINT('',(11.765857704478,210.94266491777));
#14355 = CARTESIAN_POINT('',(11.913965506146,210.88462337591));
#14356 = CARTESIAN_POINT('',(11.985459058176,210.84885637702));
#14357 = CARTESIAN_POINT('',(12.052287915887,210.80667340469));
#14358 = CARTESIAN_POINT('',(12.113867990551,210.75809492066));
#14359 = CARTESIAN_POINT('',(12.169853515625,210.70354492187));
#14360 = ( GEOMETRIC_REPRESENTATION_CONTEXT(2) 
PARAMETRIC_REPRESENTATION_CONTEXT() REPRESENTATION_CONTEXT('2D SPACE',''
  ) );
#14361 = ORIENTED_EDGE('',*,*,#14209,.F.);
#14362 = ADVANCED_FACE('',(#14363),#12855,.F.);
#14363 = FACE_BOUND('',#14364,.F.);
#14364 = EDGE_LOOP('',(#14365,#14366,#14395,#14443));
#14365 = ORIENTED_EDGE('',*,*,#12839,.F.);
#14366 = ORIENTED_EDGE('',*,*,#14367,.F.);
#14367 = EDGE_CURVE('',#14368,#12840,#14370,.T.);
#14368 = VERTEX_POINT('',#14369);
#14369 = CARTESIAN_POINT('',(252.47581899689,210.00181556673,19.6));
#14370 = SURFACE_CURVE('',#14371,(#14377,#14386),.PCURVE_S1.);
#14371 = B_SPLINE_CURVE_WITH_KNOTS('',4,(#14372,#14373,#14374,#14375,
    #14376),.UNSPECIFIED.,.F.,.F.,(5,5),(0.,1.),
  .PIECEWISE_BEZIER_KNOTS.);
#14372 = CARTESIAN_POINT('',(252.47581899689,210.00181556673,19.8000006)
  );
#14373 = CARTESIAN_POINT('',(252.47581899689,210.00181556673,
    19.400000300005));
#14374 = CARTESIAN_POINT('',(252.47581899689,210.00181556673,
    18.999999999995));
#14375 = CARTESIAN_POINT('',(252.47581899689,210.00181556673,
    18.599999699995));
#14376 = CARTESIAN_POINT('',(252.47581899689,210.00181556673,18.1999994)
  );
#14377 = PCURVE('',#12855,#14378);
#14378 = DEFINITIONAL_REPRESENTATION('',(#14379),#14385);
#14379 = B_SPLINE_CURVE_WITH_KNOTS('',4,(#14380,#14381,#14382,#14383,
    #14384),.UNSPECIFIED.,.F.,.F.,(5,5),(0.,1.),
  .PIECEWISE_BEZIER_KNOTS.);
#14380 = CARTESIAN_POINT('',(0.161974483427,-1.600000599963));
#14381 = CARTESIAN_POINT('',(0.161974483427,-1.200000299969));
#14382 = CARTESIAN_POINT('',(0.161974483427,-0.800000000006));
#14383 = CARTESIAN_POINT('',(0.161974483427,-0.399999700022));
#14384 = CARTESIAN_POINT('',(0.161974483427,5.999726437889E-07));
#14385 = ( GEOMETRIC_REPRESENTATION_CONTEXT(2) 
PARAMETRIC_REPRESENTATION_CONTEXT() REPRESENTATION_CONTEXT('2D SPACE',''
  ) );
#14386 = PCURVE('',#12883,#14387);
#14387 = DEFINITIONAL_REPRESENTATION('',(#14388),#14394);
#14388 = B_SPLINE_CURVE_WITH_KNOTS('',4,(#14389,#14390,#14391,#14392,
    #14393),.UNSPECIFIED.,.F.,.F.,(5,5),(0.,1.),
  .PIECEWISE_BEZIER_KNOTS.);
#14389 = CARTESIAN_POINT('',(0.838025516573,-1.6000006));
#14390 = CARTESIAN_POINT('',(0.838025516573,-1.200000300005));
#14391 = CARTESIAN_POINT('',(0.838025516573,-0.799999999995));
#14392 = CARTESIAN_POINT('',(0.838025516573,-0.399999699995));
#14393 = CARTESIAN_POINT('',(0.838025516573,5.999999999062E-07));
#14394 = ( GEOMETRIC_REPRESENTATION_CONTEXT(2) 
PARAMETRIC_REPRESENTATION_CONTEXT() REPRESENTATION_CONTEXT('2D SPACE',''
  ) );
#14395 = ORIENTED_EDGE('',*,*,#14396,.F.);
#14396 = EDGE_CURVE('',#14298,#14368,#14397,.T.);
#14397 = SURFACE_CURVE('',#14398,(#14411,#14427),.PCURVE_S1.);
#14398 = B_SPLINE_CURVE_WITH_KNOTS('',6,(#14399,#14400,#14401,#14402,
    #14403,#14404,#14405,#14406,#14407,#14408,#14409,#14410),
  .UNSPECIFIED.,.F.,.F.,(7,5,7),(0.,0.112630862179,1.),.UNSPECIFIED.);
#14399 = CARTESIAN_POINT('',(252.16985351562,210.70354492187,19.6));
#14400 = CARTESIAN_POINT('',(252.18002275924,210.69363642808,19.6));
#14401 = CARTESIAN_POINT('',(252.19000190215,210.68355197036,19.6));
#14402 = CARTESIAN_POINT('',(252.19978857126,210.67329287439,19.6));
#14403 = CARTESIAN_POINT('',(252.20938062004,210.66286068594,19.6));
#14404 = CARTESIAN_POINT('',(252.21877612855,210.6522571709,19.6));
#14405 = CARTESIAN_POINT('',(252.30043469573,210.55660971298,19.6));
#14406 = CARTESIAN_POINT('',(252.36062552049,210.46118423413,19.6));
#14407 = CARTESIAN_POINT('',(252.40756735437,210.35631074251,19.6));
#14408 = CARTESIAN_POINT('',(252.44168493916,210.24365870466,19.6));
#14409 = CARTESIAN_POINT('',(252.46401953797,210.12497374536,19.6));
#14410 = CARTESIAN_POINT('',(252.47581905796,210.00181492929,19.6));
#14411 = PCURVE('',#12855,#14412);
#14412 = DEFINITIONAL_REPRESENTATION('',(#14413),#14426);
#14413 = B_SPLINE_CURVE_WITH_KNOTS('',6,(#14414,#14415,#14416,#14417,
    #14418,#14419,#14420,#14421,#14422,#14423,#14424,#14425),
  .UNSPECIFIED.,.F.,.F.,(7,5,7),(0.,0.112630862179,1.),.UNSPECIFIED.);
#14414 = CARTESIAN_POINT('',(1.,-1.4));
#14415 = CARTESIAN_POINT('',(0.983817707118,-1.4));
#14416 = CARTESIAN_POINT('',(0.967623682442,-1.4));
#14417 = CARTESIAN_POINT('',(0.95142084394,-1.4));
#14418 = CARTESIAN_POINT('',(0.935212132603,-1.4));
#14419 = CARTESIAN_POINT('',(0.919000512439,-1.4));
#14420 = CARTESIAN_POINT('',(0.775065345397,-1.4));
#14421 = CARTESIAN_POINT('',(0.647286651018,-1.4));
#14422 = CARTESIAN_POINT('',(0.521140015189,-1.4));
#14423 = CARTESIAN_POINT('',(0.397762051267,-1.4));
#14424 = CARTESIAN_POINT('',(0.277897187522,-1.4));
#14425 = CARTESIAN_POINT('',(0.161973883427,-1.4));
#14426 = ( GEOMETRIC_REPRESENTATION_CONTEXT(2) 
PARAMETRIC_REPRESENTATION_CONTEXT() REPRESENTATION_CONTEXT('2D SPACE',''
  ) );
#14427 = PCURVE('',#13921,#14428);
#14428 = DEFINITIONAL_REPRESENTATION('',(#14429),#14442);
#14429 = B_SPLINE_CURVE_WITH_KNOTS('',6,(#14430,#14431,#14432,#14433,
    #14434,#14435,#14436,#14437,#14438,#14439,#14440,#14441),
  .UNSPECIFIED.,.F.,.F.,(7,5,7),(0.,0.112630862179,1.),.UNSPECIFIED.);
#14430 = CARTESIAN_POINT('',(12.169853515625,210.70354492187));
#14431 = CARTESIAN_POINT('',(12.180022759247,210.69363642808));
#14432 = CARTESIAN_POINT('',(12.190001902154,210.68355197036));
#14433 = CARTESIAN_POINT('',(12.199788571262,210.67329287439));
#14434 = CARTESIAN_POINT('',(12.209380620049,210.66286068594));
#14435 = CARTESIAN_POINT('',(12.218776128554,210.6522571709));
#14436 = CARTESIAN_POINT('',(12.300434695739,210.55660971298));
#14437 = CARTESIAN_POINT('',(12.360625520493,210.46118423413));
#14438 = CARTESIAN_POINT('',(12.407567354371,210.35631074251));
#14439 = CARTESIAN_POINT('',(12.441684939161,210.24365870466));
#14440 = CARTESIAN_POINT('',(12.46401953797,210.12497374536));
#14441 = CARTESIAN_POINT('',(12.475819057964,210.00181492929));
#14442 = ( GEOMETRIC_REPRESENTATION_CONTEXT(2) 
PARAMETRIC_REPRESENTATION_CONTEXT() REPRESENTATION_CONTEXT('2D SPACE',''
  ) );
#14443 = ORIENTED_EDGE('',*,*,#14297,.F.);
#14444 = ADVANCED_FACE('',(#14445),#12883,.F.);
#14445 = FACE_BOUND('',#14446,.F.);
#14446 = EDGE_LOOP('',(#14447,#14448,#14449,#14497));
#14447 = ORIENTED_EDGE('',*,*,#12869,.F.);
#14448 = ORIENTED_EDGE('',*,*,#13944,.T.);
#14449 = ORIENTED_EDGE('',*,*,#14450,.F.);
#14450 = EDGE_CURVE('',#14368,#13884,#14451,.T.);
#14451 = SURFACE_CURVE('',#14452,(#14465,#14481),.PCURVE_S1.);
#14452 = B_SPLINE_CURVE_WITH_KNOTS('',6,(#14453,#14454,#14455,#14456,
    #14457,#14458,#14459,#14460,#14461,#14462,#14463,#14464),
  .UNSPECIFIED.,.F.,.F.,(7,5,7),(0.,0.897166452445,1.),.UNSPECIFIED.);
#14453 = CARTESIAN_POINT('',(252.47581905796,210.00181621063,19.6));
#14454 = CARTESIAN_POINT('',(252.4638958315,209.87610786916,19.6));
#14455 = CARTESIAN_POINT('',(252.4412150497,209.75491999552,19.6));
#14456 = CARTESIAN_POINT('',(252.40648656153,209.63985481972,19.6));
#14457 = CARTESIAN_POINT('',(252.35862861846,209.53271494197,19.6));
#14458 = CARTESIAN_POINT('',(252.29719371542,209.43523132744,19.6));
#14459 = CARTESIAN_POINT('',(252.21471543956,209.33861328007,19.6));
#14460 = CARTESIAN_POINT('',(252.20606840916,209.32881907277,19.6));
#14461 = CARTESIAN_POINT('',(252.19725717352,209.31916775079,19.6));
#14462 = CARTESIAN_POINT('',(252.18828318184,209.30966067865,19.6));
#14463 = CARTESIAN_POINT('',(252.179148041,209.30029906936,19.6));
#14464 = CARTESIAN_POINT('',(252.16985351562,209.29108398437,19.6));
#14465 = PCURVE('',#12883,#14466);
#14466 = DEFINITIONAL_REPRESENTATION('',(#14467),#14480);
#14467 = B_SPLINE_CURVE_WITH_KNOTS('',6,(#14468,#14469,#14470,#14471,
    #14472,#14473,#14474,#14475,#14476,#14477,#14478,#14479),
  .UNSPECIFIED.,.F.,.F.,(7,5,7),(0.,0.897166452445,1.),.UNSPECIFIED.);
#14468 = CARTESIAN_POINT('',(0.838026116573,-1.4));
#14469 = CARTESIAN_POINT('',(0.720887469674,-1.4));
#14470 = CARTESIAN_POINT('',(0.599720034484,-1.4));
#14471 = CARTESIAN_POINT('',(0.474954388209,-1.4));
#14472 = CARTESIAN_POINT('',(0.347347350268,-1.4));
#14473 = CARTESIAN_POINT('',(0.218061248796,-1.4));
#14474 = CARTESIAN_POINT('',(7.401832333095E-02,-1.4));
#14475 = CARTESIAN_POINT('',(5.920580857342E-02,-1.4));
#14476 = CARTESIAN_POINT('',(4.439548228765E-02,-1.4));
#14477 = CARTESIAN_POINT('',(2.958958825743E-02,-1.4));
#14478 = CARTESIAN_POINT('',(1.479035584677E-02,-1.4));
#14479 = CARTESIAN_POINT('',(0.,-1.4));
#14480 = ( GEOMETRIC_REPRESENTATION_CONTEXT(2) 
PARAMETRIC_REPRESENTATION_CONTEXT() REPRESENTATION_CONTEXT('2D SPACE',''
  ) );
#14481 = PCURVE('',#13921,#14482);
#14482 = DEFINITIONAL_REPRESENTATION('',(#14483),#14496);
#14483 = B_SPLINE_CURVE_WITH_KNOTS('',6,(#14484,#14485,#14486,#14487,
    #14488,#14489,#14490,#14491,#14492,#14493,#14494,#14495),
  .UNSPECIFIED.,.F.,.F.,(7,5,7),(0.,0.897166452445,1.),.UNSPECIFIED.);
#14484 = CARTESIAN_POINT('',(12.475819057964,210.00181621063));
#14485 = CARTESIAN_POINT('',(12.463895831509,209.87610786916));
#14486 = CARTESIAN_POINT('',(12.441215049702,209.75491999552));
#14487 = CARTESIAN_POINT('',(12.406486561538,209.63985481972));
#14488 = CARTESIAN_POINT('',(12.358628618461,209.53271494197));
#14489 = CARTESIAN_POINT('',(12.297193715427,209.43523132744));
#14490 = CARTESIAN_POINT('',(12.214715439561,209.33861328007));
#14491 = CARTESIAN_POINT('',(12.206068409161,209.32881907277));
#14492 = CARTESIAN_POINT('',(12.197257173528,209.31916775079));
#14493 = CARTESIAN_POINT('',(12.188283181843,209.30966067865));
#14494 = CARTESIAN_POINT('',(12.179148041003,209.30029906936));
#14495 = CARTESIAN_POINT('',(12.169853515625,209.29108398437));
#14496 = ( GEOMETRIC_REPRESENTATION_CONTEXT(2) 
PARAMETRIC_REPRESENTATION_CONTEXT() REPRESENTATION_CONTEXT('2D SPACE',''
  ) );
#14497 = ORIENTED_EDGE('',*,*,#14367,.T.);
#14498 = ADVANCED_FACE('',(#14499),#12917,.F.);
#14499 = FACE_BOUND('',#14500,.F.);
#14500 = EDGE_LOOP('',(#14501,#14502,#14531,#14592));
#14501 = ORIENTED_EDGE('',*,*,#12899,.F.);
#14502 = ORIENTED_EDGE('',*,*,#14503,.F.);
#14503 = EDGE_CURVE('',#14504,#12900,#14506,.T.);
#14504 = VERTEX_POINT('',#14505);
#14505 = CARTESIAN_POINT('',(248.73621282836,210.00076557507,19.6));
#14506 = SURFACE_CURVE('',#14507,(#14513,#14522),.PCURVE_S1.);
#14507 = B_SPLINE_CURVE_WITH_KNOTS('',4,(#14508,#14509,#14510,#14511,
    #14512),.UNSPECIFIED.,.F.,.F.,(5,5),(0.,1.),
  .PIECEWISE_BEZIER_KNOTS.);
#14508 = CARTESIAN_POINT('',(248.73621282836,210.00076557507,19.8000006)
  );
#14509 = CARTESIAN_POINT('',(248.73621282836,210.00076557507,
    19.400000300005));
#14510 = CARTESIAN_POINT('',(248.73621282836,210.00076557507,
    18.999999999994));
#14511 = CARTESIAN_POINT('',(248.73621282836,210.00076557507,
    18.599999699995));
#14512 = CARTESIAN_POINT('',(248.73621282836,210.00076557507,18.1999994)
  );
#14513 = PCURVE('',#12917,#14514);
#14514 = DEFINITIONAL_REPRESENTATION('',(#14515),#14521);
#14515 = B_SPLINE_CURVE_WITH_KNOTS('',4,(#14516,#14517,#14518,#14519,
    #14520),.UNSPECIFIED.,.F.,.F.,(5,5),(0.,1.),
  .PIECEWISE_BEZIER_KNOTS.);
#14516 = CARTESIAN_POINT('',(0.192649624577,-1.600000599963));
#14517 = CARTESIAN_POINT('',(0.192649624577,-1.200000299968));
#14518 = CARTESIAN_POINT('',(0.192649624577,-0.800000000007));
#14519 = CARTESIAN_POINT('',(0.192649624577,-0.399999700021));
#14520 = CARTESIAN_POINT('',(0.192649624577,5.999732952677E-07));
#14521 = ( GEOMETRIC_REPRESENTATION_CONTEXT(2) 
PARAMETRIC_REPRESENTATION_CONTEXT() REPRESENTATION_CONTEXT('2D SPACE',''
  ) );
#14522 = PCURVE('',#12947,#14523);
#14523 = DEFINITIONAL_REPRESENTATION('',(#14524),#14530);
#14524 = B_SPLINE_CURVE_WITH_KNOTS('',4,(#14525,#14526,#14527,#14528,
    #14529),.UNSPECIFIED.,.F.,.F.,(5,5),(0.,1.),
  .PIECEWISE_BEZIER_KNOTS.);
#14525 = CARTESIAN_POINT('',(0.807350375423,-1.6000006));
#14526 = CARTESIAN_POINT('',(0.807350375423,-1.200000300005));
#14527 = CARTESIAN_POINT('',(0.807350375423,-0.799999999994));
#14528 = CARTESIAN_POINT('',(0.807350375423,-0.399999699995));
#14529 = CARTESIAN_POINT('',(0.807350375423,5.999999999062E-07));
#14530 = ( GEOMETRIC_REPRESENTATION_CONTEXT(2) 
PARAMETRIC_REPRESENTATION_CONTEXT() REPRESENTATION_CONTEXT('2D SPACE',''
  ) );
#14531 = ORIENTED_EDGE('',*,*,#14532,.F.);
#14532 = EDGE_CURVE('',#14533,#14504,#14535,.T.);
#14533 = VERTEX_POINT('',#14534);
#14534 = CARTESIAN_POINT('',(248.48796875,210.56926757812,19.6));
#14535 = SURFACE_CURVE('',#14536,(#14551,#14569),.PCURVE_S1.);
#14536 = B_SPLINE_CURVE_WITH_KNOTS('',5,(#14537,#14538,#14539,#14540,
    #14541,#14542,#14543,#14544,#14545,#14546,#14547,#14548,#14549,
    #14550),.UNSPECIFIED.,.F.,.F.,(6,4,4,6),(0.,8.988833002152E-02,
    0.536295004167,1.),.UNSPECIFIED.);
#14537 = CARTESIAN_POINT('',(248.48796875,210.56926757812,19.6));
#14538 = CARTESIAN_POINT('',(248.49562431373,210.56145252348,19.6));
#14539 = CARTESIAN_POINT('',(248.50314093393,210.55351290882,19.6));
#14540 = CARTESIAN_POINT('',(248.51051733393,210.54544960004,19.6));
#14541 = CARTESIAN_POINT('',(248.51775238749,210.53726360196,19.6));
#14542 = CARTESIAN_POINT('',(248.56006929736,210.48769883476,19.6));
#14543 = CARTESIAN_POINT('',(248.59178525646,210.44344162284,19.6));
#14544 = CARTESIAN_POINT('',(248.61986696606,210.39633052524,19.6));
#14545 = CARTESIAN_POINT('',(248.64430362481,210.34657976627,19.6));
#14546 = CARTESIAN_POINT('',(248.68683682725,210.24029272284,19.6));
#14547 = CARTESIAN_POINT('',(248.70465249447,210.18356407478,19.6));
#14548 = CARTESIAN_POINT('',(248.71869454293,210.12454138474,19.6));
#14549 = CARTESIAN_POINT('',(248.72914477598,210.0635196913,19.6));
#14550 = CARTESIAN_POINT('',(248.73621288796,210.0007650459,19.6));
#14551 = PCURVE('',#12917,#14552);
#14552 = DEFINITIONAL_REPRESENTATION('',(#14553),#14568);
#14553 = B_SPLINE_CURVE_WITH_KNOTS('',5,(#14554,#14555,#14556,#14557,
    #14558,#14559,#14560,#14561,#14562,#14563,#14564,#14565,#14566,
    #14567),.UNSPECIFIED.,.F.,.F.,(6,4,4,6),(0.,8.988833002152E-02,
    0.536295004167,1.),.UNSPECIFIED.);
#14554 = CARTESIAN_POINT('',(1.,-1.4));
#14555 = CARTESIAN_POINT('',(0.985152846095,-1.4));
#14556 = CARTESIAN_POINT('',(0.970299611199,-1.4));
#14557 = CARTESIAN_POINT('',(0.955442318886,-1.4));
#14558 = CARTESIAN_POINT('',(0.940583003522,-1.4));
#14559 = CARTESIAN_POINT('',(0.851928950883,-1.4));
#14560 = CARTESIAN_POINT('',(0.778130691049,-1.4));
#14561 = CARTESIAN_POINT('',(0.704591398851,-1.4));
#14562 = CARTESIAN_POINT('',(0.631542198819,-1.4));
#14563 = CARTESIAN_POINT('',(0.48402673733,-1.4));
#14564 = CARTESIAN_POINT('',(0.40960966069,-1.4));
#14565 = CARTESIAN_POINT('',(0.336153755307,-1.4));
#14566 = CARTESIAN_POINT('',(0.263803568856,-1.4));
#14567 = CARTESIAN_POINT('',(0.192649024577,-1.4));
#14568 = ( GEOMETRIC_REPRESENTATION_CONTEXT(2) 
PARAMETRIC_REPRESENTATION_CONTEXT() REPRESENTATION_CONTEXT('2D SPACE',''
  ) );
#14569 = PCURVE('',#14570,#14575);
#14570 = PLANE('',#14571);
#14571 = AXIS2_PLACEMENT_3D('',#14572,#14573,#14574);
#14572 = CARTESIAN_POINT('',(240.,0.,19.6));
#14573 = DIRECTION('',(0.,0.,1.));
#14574 = DIRECTION('',(1.,0.,-0.));
#14575 = DEFINITIONAL_REPRESENTATION('',(#14576),#14591);
#14576 = B_SPLINE_CURVE_WITH_KNOTS('',5,(#14577,#14578,#14579,#14580,
    #14581,#14582,#14583,#14584,#14585,#14586,#14587,#14588,#14589,
    #14590),.UNSPECIFIED.,.F.,.F.,(6,4,4,6),(0.,8.988833002152E-02,
    0.536295004167,1.),.UNSPECIFIED.);
#14577 = CARTESIAN_POINT('',(8.48796875,210.56926757812));
#14578 = CARTESIAN_POINT('',(8.495624313732,210.56145252348));
#14579 = CARTESIAN_POINT('',(8.503140933931,210.55351290882));
#14580 = CARTESIAN_POINT('',(8.510517333931,210.54544960004));
#14581 = CARTESIAN_POINT('',(8.51775238749,210.53726360196));
#14582 = CARTESIAN_POINT('',(8.560069297361,210.48769883476));
#14583 = CARTESIAN_POINT('',(8.591785256467,210.44344162284));
#14584 = CARTESIAN_POINT('',(8.619866966066,210.39633052524));
#14585 = CARTESIAN_POINT('',(8.644303624811,210.34657976627));
#14586 = CARTESIAN_POINT('',(8.686836827258,210.24029272284));
#14587 = CARTESIAN_POINT('',(8.704652494475,210.18356407478));
#14588 = CARTESIAN_POINT('',(8.718694542938,210.12454138474));
#14589 = CARTESIAN_POINT('',(8.729144775981,210.0635196913));
#14590 = CARTESIAN_POINT('',(8.736212887968,210.0007650459));
#14591 = ( GEOMETRIC_REPRESENTATION_CONTEXT(2) 
PARAMETRIC_REPRESENTATION_CONTEXT() REPRESENTATION_CONTEXT('2D SPACE',''
  ) );
#14592 = ORIENTED_EDGE('',*,*,#14593,.F.);
#14593 = EDGE_CURVE('',#12902,#14533,#14594,.T.);
#14594 = SURFACE_CURVE('',#14595,(#14599,#14606),.PCURVE_S1.);
#14595 = LINE('',#14596,#14597);
#14596 = CARTESIAN_POINT('',(248.48796875,210.56926757812,18.2));
#14597 = VECTOR('',#14598,1.);
#14598 = DIRECTION('',(0.,-0.,1.));
#14599 = PCURVE('',#12917,#14600);
#14600 = DEFINITIONAL_REPRESENTATION('',(#14601),#14605);
#14601 = LINE('',#14602,#14603);
#14602 = CARTESIAN_POINT('',(1.,0.));
#14603 = VECTOR('',#14604,1.);
#14604 = DIRECTION('',(0.,-1.));
#14605 = ( GEOMETRIC_REPRESENTATION_CONTEXT(2) 
PARAMETRIC_REPRESENTATION_CONTEXT() REPRESENTATION_CONTEXT('2D SPACE',''
  ) );
#14606 = PCURVE('',#13125,#14607);
#14607 = DEFINITIONAL_REPRESENTATION('',(#14608),#14612);
#14608 = LINE('',#14609,#14610);
#14609 = CARTESIAN_POINT('',(0.,0.));
#14610 = VECTOR('',#14611,1.);
#14611 = DIRECTION('',(0.,-1.));
#14612 = ( GEOMETRIC_REPRESENTATION_CONTEXT(2) 
PARAMETRIC_REPRESENTATION_CONTEXT() REPRESENTATION_CONTEXT('2D SPACE',''
  ) );
#14613 = ADVANCED_FACE('',(#14614),#12947,.F.);
#14614 = FACE_BOUND('',#14615,.F.);
#14615 = EDGE_LOOP('',(#14616,#14617,#14640,#14682));
#14616 = ORIENTED_EDGE('',*,*,#12931,.F.);
#14617 = ORIENTED_EDGE('',*,*,#14618,.T.);
#14618 = EDGE_CURVE('',#12932,#14619,#14621,.T.);
#14619 = VERTEX_POINT('',#14620);
#14620 = CARTESIAN_POINT('',(248.48796875,209.42267578125,19.6));
#14621 = SURFACE_CURVE('',#14622,(#14626,#14633),.PCURVE_S1.);
#14622 = LINE('',#14623,#14624);
#14623 = CARTESIAN_POINT('',(248.48796875,209.42267578125,18.2));
#14624 = VECTOR('',#14625,1.);
#14625 = DIRECTION('',(0.,-0.,1.));
#14626 = PCURVE('',#12947,#14627);
#14627 = DEFINITIONAL_REPRESENTATION('',(#14628),#14632);
#14628 = LINE('',#14629,#14630);
#14629 = CARTESIAN_POINT('',(0.,0.));
#14630 = VECTOR('',#14631,1.);
#14631 = DIRECTION('',(0.,-1.));
#14632 = ( GEOMETRIC_REPRESENTATION_CONTEXT(2) 
PARAMETRIC_REPRESENTATION_CONTEXT() REPRESENTATION_CONTEXT('2D SPACE',''
  ) );
#14633 = PCURVE('',#12977,#14634);
#14634 = DEFINITIONAL_REPRESENTATION('',(#14635),#14639);
#14635 = LINE('',#14636,#14637);
#14636 = CARTESIAN_POINT('',(1.,0.));
#14637 = VECTOR('',#14638,1.);
#14638 = DIRECTION('',(0.,-1.));
#14639 = ( GEOMETRIC_REPRESENTATION_CONTEXT(2) 
PARAMETRIC_REPRESENTATION_CONTEXT() REPRESENTATION_CONTEXT('2D SPACE',''
  ) );
#14640 = ORIENTED_EDGE('',*,*,#14641,.F.);
#14641 = EDGE_CURVE('',#14504,#14619,#14642,.T.);
#14642 = SURFACE_CURVE('',#14643,(#14654,#14668),.PCURVE_S1.);
#14643 = B_SPLINE_CURVE_WITH_KNOTS('',5,(#14644,#14645,#14646,#14647,
    #14648,#14649,#14650,#14651,#14652,#14653),.UNSPECIFIED.,.F.,.F.,(6,
    4,6),(0.,0.480569204566,1.),.UNSPECIFIED.);
#14644 = CARTESIAN_POINT('',(248.73621288796,210.00076611527,19.6));
#14645 = CARTESIAN_POINT('',(248.72891481,209.93461931985,19.6));
#14646 = CARTESIAN_POINT('',(248.718004862,209.87035052062,19.6));
#14647 = CARTESIAN_POINT('',(248.70323996407,209.80826388693,19.6));
#14648 = CARTESIAN_POINT('',(248.68440404131,209.74870378743,19.6));
#14649 = CARTESIAN_POINT('',(248.63653250194,209.63071048847,19.6));
#14650 = CARTESIAN_POINT('',(248.60679217452,209.57274962791,19.6));
#14651 = CARTESIAN_POINT('',(248.57205795852,209.51855073576,19.6));
#14652 = CARTESIAN_POINT('',(248.53236434931,209.46845874304,19.6));
#14653 = CARTESIAN_POINT('',(248.48796875,209.42267578125,19.6));
#14654 = PCURVE('',#12947,#14655);
#14655 = DEFINITIONAL_REPRESENTATION('',(#14656),#14667);
#14656 = B_SPLINE_CURVE_WITH_KNOTS('',5,(#14657,#14658,#14659,#14660,
    #14661,#14662,#14663,#14664,#14665,#14666),.UNSPECIFIED.,.F.,.F.,(6,
    4,6),(0.,0.480569204566,1.),.UNSPECIFIED.);
#14657 = CARTESIAN_POINT('',(0.807350975423,-1.4));
#14658 = CARTESIAN_POINT('',(0.733881368186,-1.4));
#14659 = CARTESIAN_POINT('',(0.659076094866,-1.4));
#14660 = CARTESIAN_POINT('',(0.583025152484,-1.4));
#14661 = CARTESIAN_POINT('',(0.505883408226,-1.4));
#14662 = CARTESIAN_POINT('',(0.343602116561,-1.4));
#14663 = CARTESIAN_POINT('',(0.258309147447,-1.4));
#14664 = CARTESIAN_POINT('',(0.172348651994,-1.4));
#14665 = CARTESIAN_POINT('',(8.610055625457E-02,-1.4));
#14666 = CARTESIAN_POINT('',(0.,-1.4));
#14667 = ( GEOMETRIC_REPRESENTATION_CONTEXT(2) 
PARAMETRIC_REPRESENTATION_CONTEXT() REPRESENTATION_CONTEXT('2D SPACE',''
  ) );
#14668 = PCURVE('',#14570,#14669);
#14669 = DEFINITIONAL_REPRESENTATION('',(#14670),#14681);
#14670 = B_SPLINE_CURVE_WITH_KNOTS('',5,(#14671,#14672,#14673,#14674,
    #14675,#14676,#14677,#14678,#14679,#14680),.UNSPECIFIED.,.F.,.F.,(6,
    4,6),(0.,0.480569204566,1.),.UNSPECIFIED.);
#14671 = CARTESIAN_POINT('',(8.736212887968,210.00076611527));
#14672 = CARTESIAN_POINT('',(8.728914810005,209.93461931985));
#14673 = CARTESIAN_POINT('',(8.718004862008,209.87035052062));
#14674 = CARTESIAN_POINT('',(8.703239964073,209.80826388693));
#14675 = CARTESIAN_POINT('',(8.684404041317,209.74870378743));
#14676 = CARTESIAN_POINT('',(8.636532501943,209.63071048847));
#14677 = CARTESIAN_POINT('',(8.606792174521,209.57274962791));
#14678 = CARTESIAN_POINT('',(8.572057958523,209.51855073576));
#14679 = CARTESIAN_POINT('',(8.532364349319,209.46845874304));
#14680 = CARTESIAN_POINT('',(8.48796875,209.42267578125));
#14681 = ( GEOMETRIC_REPRESENTATION_CONTEXT(2) 
PARAMETRIC_REPRESENTATION_CONTEXT() REPRESENTATION_CONTEXT('2D SPACE',''
  ) );
#14682 = ORIENTED_EDGE('',*,*,#14503,.T.);
#14683 = ADVANCED_FACE('',(#14684),#12977,.F.);
#14684 = FACE_BOUND('',#14685,.F.);
#14685 = EDGE_LOOP('',(#14686,#14687,#14716,#14764));
#14686 = ORIENTED_EDGE('',*,*,#12961,.F.);
#14687 = ORIENTED_EDGE('',*,*,#14688,.F.);
#14688 = EDGE_CURVE('',#14689,#12962,#14691,.T.);
#14689 = VERTEX_POINT('',#14690);
#14690 = CARTESIAN_POINT('',(247.93308855667,209.16726544899,19.6));
#14691 = SURFACE_CURVE('',#14692,(#14698,#14707),.PCURVE_S1.);
#14692 = B_SPLINE_CURVE_WITH_KNOTS('',4,(#14693,#14694,#14695,#14696,
    #14697),.UNSPECIFIED.,.F.,.F.,(5,5),(0.,1.),
  .PIECEWISE_BEZIER_KNOTS.);
#14693 = CARTESIAN_POINT('',(247.93308855667,209.16726544899,19.8000006)
  );
#14694 = CARTESIAN_POINT('',(247.93308855667,209.16726544899,
    19.400000300005));
#14695 = CARTESIAN_POINT('',(247.93308855667,209.16726544899,
    18.999999999986));
#14696 = CARTESIAN_POINT('',(247.93308855667,209.16726544899,
    18.599999699995));
#14697 = CARTESIAN_POINT('',(247.93308855667,209.16726544899,18.1999994)
  );
#14698 = PCURVE('',#12977,#14699);
#14699 = DEFINITIONAL_REPRESENTATION('',(#14700),#14706);
#14700 = B_SPLINE_CURVE_WITH_KNOTS('',4,(#14701,#14702,#14703,#14704,
    #14705),.UNSPECIFIED.,.F.,.F.,(5,5),(0.,1.),
  .PIECEWISE_BEZIER_KNOTS.);
#14701 = CARTESIAN_POINT('',(0.198338551427,-1.600000599956));
#14702 = CARTESIAN_POINT('',(0.198338551427,-1.200000299962));
#14703 = CARTESIAN_POINT('',(0.198338551427,-0.800000000016));
#14704 = CARTESIAN_POINT('',(0.198338551427,-0.399999700015));
#14705 = CARTESIAN_POINT('',(0.198338551427,5.99979728122E-07));
#14706 = ( GEOMETRIC_REPRESENTATION_CONTEXT(2) 
PARAMETRIC_REPRESENTATION_CONTEXT() REPRESENTATION_CONTEXT('2D SPACE',''
  ) );
#14707 = PCURVE('',#13007,#14708);
#14708 = DEFINITIONAL_REPRESENTATION('',(#14709),#14715);
#14709 = B_SPLINE_CURVE_WITH_KNOTS('',4,(#14710,#14711,#14712,#14713,
    #14714),.UNSPECIFIED.,.F.,.F.,(5,5),(0.,1.),
  .PIECEWISE_BEZIER_KNOTS.);
#14710 = CARTESIAN_POINT('',(0.801661448573,-1.6000006));
#14711 = CARTESIAN_POINT('',(0.801661448573,-1.200000300005));
#14712 = CARTESIAN_POINT('',(0.801661448573,-0.799999999986));
#14713 = CARTESIAN_POINT('',(0.801661448573,-0.399999699995));
#14714 = CARTESIAN_POINT('',(0.801661448573,5.999999999062E-07));
#14715 = ( GEOMETRIC_REPRESENTATION_CONTEXT(2) 
PARAMETRIC_REPRESENTATION_CONTEXT() REPRESENTATION_CONTEXT('2D SPACE',''
  ) );
#14716 = ORIENTED_EDGE('',*,*,#14717,.F.);
#14717 = EDGE_CURVE('',#14619,#14689,#14718,.T.);
#14718 = SURFACE_CURVE('',#14719,(#14732,#14748),.PCURVE_S1.);
#14719 = B_SPLINE_CURVE_WITH_KNOTS('',6,(#14720,#14721,#14722,#14723,
    #14724,#14725,#14726,#14727,#14728,#14729,#14730,#14731),
  .UNSPECIFIED.,.F.,.F.,(7,5,7),(0.,0.143197813618,1.),.UNSPECIFIED.);
#14720 = CARTESIAN_POINT('',(248.48796875,209.42267578125,19.6));
#14721 = CARTESIAN_POINT('',(248.47792449271,209.41231764092,19.6));
#14722 = CARTESIAN_POINT('',(248.46767124216,209.40219292137,19.6));
#14723 = CARTESIAN_POINT('',(248.45721045175,209.39230454429,19.6));
#14724 = CARTESIAN_POINT('',(248.44654387716,209.38265510944,19.6));
#14725 = CARTESIAN_POINT('',(248.43567357628,209.37324689468,19.6));
#14726 = CARTESIAN_POINT('',(248.35835628542,209.30924425059,19.6));
#14727 = CARTESIAN_POINT('',(248.28487963191,209.26309398693,19.6));
#14728 = CARTESIAN_POINT('',(248.20473287633,209.22611394405,19.6));
#14729 = CARTESIAN_POINT('',(248.11875547119,209.19817064888,19.6));
#14730 = CARTESIAN_POINT('',(248.02789525762,209.1787753763,19.6));
#14731 = CARTESIAN_POINT('',(247.93308803545,209.16726538571,19.6));
#14732 = PCURVE('',#12977,#14733);
#14733 = DEFINITIONAL_REPRESENTATION('',(#14734),#14747);
#14734 = B_SPLINE_CURVE_WITH_KNOTS('',6,(#14735,#14736,#14737,#14738,
    #14739,#14740,#14741,#14742,#14743,#14744,#14745,#14746),
  .UNSPECIFIED.,.F.,.F.,(7,5,7),(0.,0.143197813618,1.),.UNSPECIFIED.);
#14735 = CARTESIAN_POINT('',(1.,-1.4));
#14736 = CARTESIAN_POINT('',(0.980520228298,-1.4));
#14737 = CARTESIAN_POINT('',(0.961024082169,-1.4));
#14738 = CARTESIAN_POINT('',(0.941515613051,-1.4));
#14739 = CARTESIAN_POINT('',(0.921998909632,-1.4));
#14740 = CARTESIAN_POINT('',(0.902478097855,-1.4));
#14741 = CARTESIAN_POINT('',(0.766157881413,-1.4));
#14742 = CARTESIAN_POINT('',(0.64932133861,-1.4));
#14743 = CARTESIAN_POINT('',(0.533452767986,-1.4));
#14744 = CARTESIAN_POINT('',(0.419314572625,-1.4));
#14745 = CARTESIAN_POINT('',(0.307474751963,-1.4));
#14746 = CARTESIAN_POINT('',(0.198337951427,-1.4));
#14747 = ( GEOMETRIC_REPRESENTATION_CONTEXT(2) 
PARAMETRIC_REPRESENTATION_CONTEXT() REPRESENTATION_CONTEXT('2D SPACE',''
  ) );
#14748 = PCURVE('',#14570,#14749);
#14749 = DEFINITIONAL_REPRESENTATION('',(#14750),#14763);
#14750 = B_SPLINE_CURVE_WITH_KNOTS('',6,(#14751,#14752,#14753,#14754,
    #14755,#14756,#14757,#14758,#14759,#14760,#14761,#14762),
  .UNSPECIFIED.,.F.,.F.,(7,5,7),(0.,0.143197813618,1.),.UNSPECIFIED.);
#14751 = CARTESIAN_POINT('',(8.48796875,209.42267578125));
#14752 = CARTESIAN_POINT('',(8.477924492716,209.41231764092));
#14753 = CARTESIAN_POINT('',(8.467671242164,209.40219292137));
#14754 = CARTESIAN_POINT('',(8.457210451758,209.39230454429));
#14755 = CARTESIAN_POINT('',(8.446543877161,209.38265510944));
#14756 = CARTESIAN_POINT('',(8.43567357628,209.37324689468));
#14757 = CARTESIAN_POINT('',(8.35835628542,209.30924425059));
#14758 = CARTESIAN_POINT('',(8.284879631913,209.26309398693));
#14759 = CARTESIAN_POINT('',(8.204732876338,209.22611394405));
#14760 = CARTESIAN_POINT('',(8.118755471196,209.19817064888));
#14761 = CARTESIAN_POINT('',(8.027895257628,209.1787753763));
#14762 = CARTESIAN_POINT('',(7.933088035455,209.16726538571));
#14763 = ( GEOMETRIC_REPRESENTATION_CONTEXT(2) 
PARAMETRIC_REPRESENTATION_CONTEXT() REPRESENTATION_CONTEXT('2D SPACE',''
  ) );
#14764 = ORIENTED_EDGE('',*,*,#14618,.F.);
#14765 = ADVANCED_FACE('',(#14766),#13007,.F.);
#14766 = FACE_BOUND('',#14767,.F.);
#14767 = EDGE_LOOP('',(#14768,#14769,#14792,#14840));
#14768 = ORIENTED_EDGE('',*,*,#12991,.F.);
#14769 = ORIENTED_EDGE('',*,*,#14770,.T.);
#14770 = EDGE_CURVE('',#12992,#14771,#14773,.T.);
#14771 = VERTEX_POINT('',#14772);
#14772 = CARTESIAN_POINT('',(247.38166015625,209.42267578125,19.6));
#14773 = SURFACE_CURVE('',#14774,(#14778,#14785),.PCURVE_S1.);
#14774 = LINE('',#14775,#14776);
#14775 = CARTESIAN_POINT('',(247.38166015625,209.42267578125,18.2));
#14776 = VECTOR('',#14777,1.);
#14777 = DIRECTION('',(0.,-0.,1.));
#14778 = PCURVE('',#13007,#14779);
#14779 = DEFINITIONAL_REPRESENTATION('',(#14780),#14784);
#14780 = LINE('',#14781,#14782);
#14781 = CARTESIAN_POINT('',(0.,0.));
#14782 = VECTOR('',#14783,1.);
#14783 = DIRECTION('',(0.,-1.));
#14784 = ( GEOMETRIC_REPRESENTATION_CONTEXT(2) 
PARAMETRIC_REPRESENTATION_CONTEXT() REPRESENTATION_CONTEXT('2D SPACE',''
  ) );
#14785 = PCURVE('',#13037,#14786);
#14786 = DEFINITIONAL_REPRESENTATION('',(#14787),#14791);
#14787 = LINE('',#14788,#14789);
#14788 = CARTESIAN_POINT('',(1.,0.));
#14789 = VECTOR('',#14790,1.);
#14790 = DIRECTION('',(0.,-1.));
#14791 = ( GEOMETRIC_REPRESENTATION_CONTEXT(2) 
PARAMETRIC_REPRESENTATION_CONTEXT() REPRESENTATION_CONTEXT('2D SPACE',''
  ) );
#14792 = ORIENTED_EDGE('',*,*,#14793,.F.);
#14793 = EDGE_CURVE('',#14689,#14771,#14794,.T.);
#14794 = SURFACE_CURVE('',#14795,(#14808,#14824),.PCURVE_S1.);
#14795 = B_SPLINE_CURVE_WITH_KNOTS('',6,(#14796,#14797,#14798,#14799,
    #14800,#14801,#14802,#14803,#14804,#14805,#14806,#14807),
  .UNSPECIFIED.,.F.,.F.,(7,5,7),(0.,0.838881183182,1.),.UNSPECIFIED.);
#14796 = CARTESIAN_POINT('',(247.93308907272,209.16726538571,19.6));
#14797 = CARTESIAN_POINT('',(247.84097611594,209.17856024953,19.6));
#14798 = CARTESIAN_POINT('',(247.75261233572,209.19743933894,19.6));
#14799 = CARTESIAN_POINT('',(247.66885417644,209.22450615694,19.6));
#14800 = CARTESIAN_POINT('',(247.59056106393,209.26019817635,19.6));
#14801 = CARTESIAN_POINT('',(247.51849196897,209.30462796635,19.6));
#14802 = CARTESIAN_POINT('',(247.44061719407,209.36749070858,19.6));
#14803 = CARTESIAN_POINT('',(247.42831803741,209.3779260342,19.6));
#14804 = CARTESIAN_POINT('',(247.41627013351,209.38866563426,19.6));
#14805 = CARTESIAN_POINT('',(247.40447633617,209.39970632857,19.6));
#14806 = CARTESIAN_POINT('',(247.39293903516,209.41104443737,19.6));
#14807 = CARTESIAN_POINT('',(247.38166015625,209.42267578125,19.6));
#14808 = PCURVE('',#13007,#14809);
#14809 = DEFINITIONAL_REPRESENTATION('',(#14810),#14823);
#14810 = B_SPLINE_CURVE_WITH_KNOTS('',6,(#14811,#14812,#14813,#14814,
    #14815,#14816,#14817,#14818,#14819,#14820,#14821,#14822),
  .UNSPECIFIED.,.F.,.F.,(7,5,7),(0.,0.838881183182,1.),.UNSPECIFIED.);
#14811 = CARTESIAN_POINT('',(0.801662048574,-1.4));
#14812 = CARTESIAN_POINT('',(0.694565062696,-1.4));
#14813 = CARTESIAN_POINT('',(0.58495092975,-1.4));
#14814 = CARTESIAN_POINT('',(0.473209748464,-1.4));
#14815 = CARTESIAN_POINT('',(0.359876698911,-1.4));
#14816 = CARTESIAN_POINT('',(0.245658431874,-1.4));
#14817 = CARTESIAN_POINT('',(0.109541591734,-1.4));
#14818 = CARTESIAN_POINT('',(8.761049168059E-02,-1.4));
#14819 = CARTESIAN_POINT('',(6.568507697592E-02,-1.4));
#14820 = CARTESIAN_POINT('',(4.377108501252E-02,-1.4));
#14821 = CARTESIAN_POINT('',(2.187418940706E-02,-1.4));
#14822 = CARTESIAN_POINT('',(0.,-1.4));
#14823 = ( GEOMETRIC_REPRESENTATION_CONTEXT(2) 
PARAMETRIC_REPRESENTATION_CONTEXT() REPRESENTATION_CONTEXT('2D SPACE',''
  ) );
#14824 = PCURVE('',#14570,#14825);
#14825 = DEFINITIONAL_REPRESENTATION('',(#14826),#14839);
#14826 = B_SPLINE_CURVE_WITH_KNOTS('',6,(#14827,#14828,#14829,#14830,
    #14831,#14832,#14833,#14834,#14835,#14836,#14837,#14838),
  .UNSPECIFIED.,.F.,.F.,(7,5,7),(0.,0.838881183182,1.),.UNSPECIFIED.);
#14827 = CARTESIAN_POINT('',(7.933089072728,209.16726538571));
#14828 = CARTESIAN_POINT('',(7.840976115947,209.17856024953));
#14829 = CARTESIAN_POINT('',(7.752612335722,209.19743933894));
#14830 = CARTESIAN_POINT('',(7.668854176449,209.22450615694));
#14831 = CARTESIAN_POINT('',(7.590561063933,209.26019817635));
#14832 = CARTESIAN_POINT('',(7.518491968976,209.30462796635));
#14833 = CARTESIAN_POINT('',(7.440617194073,209.36749070858));
#14834 = CARTESIAN_POINT('',(7.428318037416,209.3779260342));
#14835 = CARTESIAN_POINT('',(7.416270133516,209.38866563426));
#14836 = CARTESIAN_POINT('',(7.404476336172,209.39970632857));
#14837 = CARTESIAN_POINT('',(7.392939035163,209.41104443737));
#14838 = CARTESIAN_POINT('',(7.38166015625,209.42267578125));
#14839 = ( GEOMETRIC_REPRESENTATION_CONTEXT(2) 
PARAMETRIC_REPRESENTATION_CONTEXT() REPRESENTATION_CONTEXT('2D SPACE',''
  ) );
#14840 = ORIENTED_EDGE('',*,*,#14688,.T.);
#14841 = ADVANCED_FACE('',(#14842),#13037,.F.);
#14842 = FACE_BOUND('',#14843,.F.);
#14843 = EDGE_LOOP('',(#14844,#14845,#14874,#14928));
#14844 = ORIENTED_EDGE('',*,*,#13021,.F.);
#14845 = ORIENTED_EDGE('',*,*,#14846,.T.);
#14846 = EDGE_CURVE('',#13022,#14847,#14849,.T.);
#14847 = VERTEX_POINT('',#14848);
#14848 = CARTESIAN_POINT('',(247.13336656694,210.00121495933,19.6));
#14849 = SURFACE_CURVE('',#14850,(#14856,#14865),.PCURVE_S1.);
#14850 = B_SPLINE_CURVE_WITH_KNOTS('',4,(#14851,#14852,#14853,#14854,
    #14855),.UNSPECIFIED.,.F.,.F.,(5,5),(0.,1.),
  .PIECEWISE_BEZIER_KNOTS.);
#14851 = CARTESIAN_POINT('',(247.13336656694,210.00121495933,18.1999994)
  );
#14852 = CARTESIAN_POINT('',(247.13336656694,210.00121495933,
    18.599999699995));
#14853 = CARTESIAN_POINT('',(247.13336656694,210.00121495933,
    19.000000000023));
#14854 = CARTESIAN_POINT('',(247.13336656694,210.00121495933,
    19.400000300005));
#14855 = CARTESIAN_POINT('',(247.13336656694,210.00121495933,19.8000006)
  );
#14856 = PCURVE('',#13037,#14857);
#14857 = DEFINITIONAL_REPRESENTATION('',(#14858),#14864);
#14858 = B_SPLINE_CURVE_WITH_KNOTS('',4,(#14859,#14860,#14861,#14862,
    #14863),.UNSPECIFIED.,.F.,.F.,(5,5),(0.,1.),
  .PIECEWISE_BEZIER_KNOTS.);
#14859 = CARTESIAN_POINT('',(0.192150554019,5.999999999062E-07));
#14860 = CARTESIAN_POINT('',(0.192150554019,-0.399999699995));
#14861 = CARTESIAN_POINT('',(0.192150554019,-0.800000000023));
#14862 = CARTESIAN_POINT('',(0.192150554019,-1.200000300005));
#14863 = CARTESIAN_POINT('',(0.192150554019,-1.6000006));
#14864 = ( GEOMETRIC_REPRESENTATION_CONTEXT(2) 
PARAMETRIC_REPRESENTATION_CONTEXT() REPRESENTATION_CONTEXT('2D SPACE',''
  ) );
#14865 = PCURVE('',#13067,#14866);
#14866 = DEFINITIONAL_REPRESENTATION('',(#14867),#14873);
#14867 = B_SPLINE_CURVE_WITH_KNOTS('',4,(#14868,#14869,#14870,#14871,
    #14872),.UNSPECIFIED.,.F.,.F.,(5,5),(0.,1.),
  .PIECEWISE_BEZIER_KNOTS.);
#14868 = CARTESIAN_POINT('',(0.806840774725,5.99948416502E-07));
#14869 = CARTESIAN_POINT('',(0.806840774725,-0.399999700046));
#14870 = CARTESIAN_POINT('',(0.806840774725,-0.799999999974));
#14871 = CARTESIAN_POINT('',(0.806840774725,-1.200000299993));
#14872 = CARTESIAN_POINT('',(0.806840774725,-1.600000599988));
#14873 = ( GEOMETRIC_REPRESENTATION_CONTEXT(2) 
PARAMETRIC_REPRESENTATION_CONTEXT() REPRESENTATION_CONTEXT('2D SPACE',''
  ) );
#14874 = ORIENTED_EDGE('',*,*,#14875,.F.);
#14875 = EDGE_CURVE('',#14771,#14847,#14876,.T.);
#14876 = SURFACE_CURVE('',#14877,(#14892,#14910),.PCURVE_S1.);
#14877 = B_SPLINE_CURVE_WITH_KNOTS('',5,(#14878,#14879,#14880,#14881,
    #14882,#14883,#14884,#14885,#14886,#14887,#14888,#14889,#14890,
    #14891),.UNSPECIFIED.,.F.,.F.,(6,4,4,6),(0.,5.843104254112E-02,
    0.519420942058,1.),.UNSPECIFIED.);
#14878 = CARTESIAN_POINT('',(247.38166015625,209.42267578125,19.6));
#14879 = CARTESIAN_POINT('',(247.37666279246,209.42782931265,19.6));
#14880 = CARTESIAN_POINT('',(247.37172506733,209.43303738082,19.6));
#14881 = CARTESIAN_POINT('',(247.36684732366,209.43829971626,19.6));
#14882 = CARTESIAN_POINT('',(247.36202987585,209.44361602302,19.6));
#14883 = CARTESIAN_POINT('',(247.31974386396,209.49135207739,19.6));
#14884 = CARTESIAN_POINT('',(247.2859831159,209.53706021797,19.6));
#14885 = CARTESIAN_POINT('',(247.25613981322,209.58594451027,19.6));
#14886 = CARTESIAN_POINT('',(247.23022443986,209.63775513459,19.6));
#14887 = CARTESIAN_POINT('',(247.18514252619,209.74894245302,19.6));
#14888 = CARTESIAN_POINT('',(247.16630774897,209.80855210194,19.6));
#14889 = CARTESIAN_POINT('',(247.15154910701,209.87069079754,19.6));
#14890 = CARTESIAN_POINT('',(247.14064991248,209.93501348702,19.6));
#14891 = CARTESIAN_POINT('',(247.13336650749,210.00121549967,19.6));
#14892 = PCURVE('',#13037,#14893);
#14893 = DEFINITIONAL_REPRESENTATION('',(#14894),#14909);
#14894 = B_SPLINE_CURVE_WITH_KNOTS('',5,(#14895,#14896,#14897,#14898,
    #14899,#14900,#14901,#14902,#14903,#14904,#14905,#14906,#14907,
    #14908),.UNSPECIFIED.,.F.,.F.,(6,4,4,6),(0.,5.843104254112E-02,
    0.519420942058,1.),.UNSPECIFIED.);
#14895 = CARTESIAN_POINT('',(1.,-1.4));
#14896 = CARTESIAN_POINT('',(0.990308142953,-1.4));
#14897 = CARTESIAN_POINT('',(0.980614533683,-1.4));
#14898 = CARTESIAN_POINT('',(0.970919751974,-1.4));
#14899 = CARTESIAN_POINT('',(0.961224378984,-1.4));
#14900 = CARTESIAN_POINT('',(0.875037583415,-1.4));
#14901 = CARTESIAN_POINT('',(0.798540665561,-1.4));
#14902 = CARTESIAN_POINT('',(0.722339634854,-1.4));
#14903 = CARTESIAN_POINT('',(0.646696665993,-1.4));
#14904 = CARTESIAN_POINT('',(0.493801327587,-1.4));
#14905 = CARTESIAN_POINT('',(0.416610472676,-1.4));
#14906 = CARTESIAN_POINT('',(0.340512455869,-1.4));
#14907 = CARTESIAN_POINT('',(0.265662287485,-1.4));
#14908 = CARTESIAN_POINT('',(0.192149954019,-1.4));
#14909 = ( GEOMETRIC_REPRESENTATION_CONTEXT(2) 
PARAMETRIC_REPRESENTATION_CONTEXT() REPRESENTATION_CONTEXT('2D SPACE',''
  ) );
#14910 = PCURVE('',#14570,#14911);
#14911 = DEFINITIONAL_REPRESENTATION('',(#14912),#14927);
#14912 = B_SPLINE_CURVE_WITH_KNOTS('',5,(#14913,#14914,#14915,#14916,
    #14917,#14918,#14919,#14920,#14921,#14922,#14923,#14924,#14925,
    #14926),.UNSPECIFIED.,.F.,.F.,(6,4,4,6),(0.,5.843104254112E-02,
    0.519420942058,1.),.UNSPECIFIED.);
#14913 = CARTESIAN_POINT('',(7.38166015625,209.42267578125));
#14914 = CARTESIAN_POINT('',(7.37666279246,209.42782931265));
#14915 = CARTESIAN_POINT('',(7.371725067339,209.43303738082));
#14916 = CARTESIAN_POINT('',(7.366847323663,209.43829971626));
#14917 = CARTESIAN_POINT('',(7.36202987585,209.44361602302));
#14918 = CARTESIAN_POINT('',(7.319743863969,209.49135207739));
#14919 = CARTESIAN_POINT('',(7.285983115907,209.53706021797));
#14920 = CARTESIAN_POINT('',(7.256139813222,209.58594451027));
#14921 = CARTESIAN_POINT('',(7.230224439862,209.63775513459));
#14922 = CARTESIAN_POINT('',(7.185142526196,209.74894245302));
#14923 = CARTESIAN_POINT('',(7.166307748972,209.80855210194));
#14924 = CARTESIAN_POINT('',(7.151549107015,209.87069079754));
#14925 = CARTESIAN_POINT('',(7.140649912485,209.93501348702));
#14926 = CARTESIAN_POINT('',(7.133366507495,210.00121549967));
#14927 = ( GEOMETRIC_REPRESENTATION_CONTEXT(2) 
PARAMETRIC_REPRESENTATION_CONTEXT() REPRESENTATION_CONTEXT('2D SPACE',''
  ) );
#14928 = ORIENTED_EDGE('',*,*,#14770,.F.);
#14929 = ADVANCED_FACE('',(#14930),#13067,.F.);
#14930 = FACE_BOUND('',#14931,.F.);
#14931 = EDGE_LOOP('',(#14932,#14933,#14956,#15010));
#14932 = ORIENTED_EDGE('',*,*,#13051,.F.);
#14933 = ORIENTED_EDGE('',*,*,#14934,.T.);
#14934 = EDGE_CURVE('',#13052,#14935,#14937,.T.);
#14935 = VERTEX_POINT('',#14936);
#14936 = CARTESIAN_POINT('',(247.37897460937,210.56926757812,19.6));
#14937 = SURFACE_CURVE('',#14938,(#14942,#14949),.PCURVE_S1.);
#14938 = LINE('',#14939,#14940);
#14939 = CARTESIAN_POINT('',(247.37897460937,210.56926757812,18.2));
#14940 = VECTOR('',#14941,1.);
#14941 = DIRECTION('',(0.,-0.,1.));
#14942 = PCURVE('',#13067,#14943);
#14943 = DEFINITIONAL_REPRESENTATION('',(#14944),#14948);
#14944 = LINE('',#14945,#14946);
#14945 = CARTESIAN_POINT('',(0.,0.));
#14946 = VECTOR('',#14947,1.);
#14947 = DIRECTION('',(0.,-1.));
#14948 = ( GEOMETRIC_REPRESENTATION_CONTEXT(2) 
PARAMETRIC_REPRESENTATION_CONTEXT() REPRESENTATION_CONTEXT('2D SPACE',''
  ) );
#14949 = PCURVE('',#13097,#14950);
#14950 = DEFINITIONAL_REPRESENTATION('',(#14951),#14955);
#14951 = LINE('',#14952,#14953);
#14952 = CARTESIAN_POINT('',(1.,0.));
#14953 = VECTOR('',#14954,1.);
#14954 = DIRECTION('',(0.,-1.));
#14955 = ( GEOMETRIC_REPRESENTATION_CONTEXT(2) 
PARAMETRIC_REPRESENTATION_CONTEXT() REPRESENTATION_CONTEXT('2D SPACE',''
  ) );
#14956 = ORIENTED_EDGE('',*,*,#14957,.F.);
#14957 = EDGE_CURVE('',#14847,#14935,#14958,.T.);
#14958 = SURFACE_CURVE('',#14959,(#14974,#14992),.PCURVE_S1.);
#14959 = B_SPLINE_CURVE_WITH_KNOTS('',5,(#14960,#14961,#14962,#14963,
    #14964,#14965,#14966,#14967,#14968,#14969,#14970,#14971,#14972,
    #14973),.UNSPECIFIED.,.F.,.F.,(6,4,4,6),(0.,0.471873237247,
    0.923858017994,1.),.UNSPECIFIED.);
#14960 = CARTESIAN_POINT('',(247.1333665078,210.0012144303,19.6));
#14961 = CARTESIAN_POINT('',(247.14049431501,210.06498028762,19.6));
#14962 = CARTESIAN_POINT('',(247.1510801706,210.12695873205,19.6));
#14963 = CARTESIAN_POINT('',(247.16534282065,210.18687262303,19.6));
#14964 = CARTESIAN_POINT('',(247.18347288425,210.24441344636,19.6));
#14965 = CARTESIAN_POINT('',(247.22670799372,210.35184883794,19.6));
#14966 = CARTESIAN_POINT('',(247.2514882878,210.40196741299,19.6));
#14967 = CARTESIAN_POINT('',(247.27996969472,210.44937864083,19.6));
#14968 = CARTESIAN_POINT('',(247.31214127577,210.49386225835,19.6));
#14969 = CARTESIAN_POINT('',(247.35389235337,210.54224465871,19.6));
#14970 = CARTESIAN_POINT('',(247.36001285015,210.54913287943,19.6));
#14971 = CARTESIAN_POINT('',(247.36623384808,210.55593316922,19.6));
#14972 = CARTESIAN_POINT('',(247.37255468179,210.56264491598,19.6));
#14973 = CARTESIAN_POINT('',(247.37897460937,210.56926757812,19.6));
#14974 = PCURVE('',#13067,#14975);
#14975 = DEFINITIONAL_REPRESENTATION('',(#14976),#14991);
#14976 = B_SPLINE_CURVE_WITH_KNOTS('',5,(#14977,#14978,#14979,#14980,
    #14981,#14982,#14983,#14984,#14985,#14986,#14987,#14988,#14989,
    #14990),.UNSPECIFIED.,.F.,.F.,(6,4,4,6),(0.,0.471873237247,
    0.923858017994,1.),.UNSPECIFIED.);
#14977 = CARTESIAN_POINT('',(0.806841374725,-1.4));
#14978 = CARTESIAN_POINT('',(0.734521860464,-1.4));
#14979 = CARTESIAN_POINT('',(0.660963793515,-1.4));
#14980 = CARTESIAN_POINT('',(0.586258535531,-1.4));
#14981 = CARTESIAN_POINT('',(0.510555011083,-1.4));
#14982 = CARTESIAN_POINT('',(0.360829539897,-1.4));
#14983 = CARTESIAN_POINT('',(0.286865832148,-1.4));
#14984 = CARTESIAN_POINT('',(0.21239809136,-1.4));
#14985 = CARTESIAN_POINT('',(0.137663911356,-1.4));
#14986 = CARTESIAN_POINT('',(5.034446008905E-02,-1.4));
#14987 = CARTESIAN_POINT('',(3.775528428389E-02,-1.4));
#14988 = CARTESIAN_POINT('',(2.516733164827E-02,-1.4));
#14989 = CARTESIAN_POINT('',(1.258182937209E-02,-1.4));
#14990 = CARTESIAN_POINT('',(0.,-1.4));
#14991 = ( GEOMETRIC_REPRESENTATION_CONTEXT(2) 
PARAMETRIC_REPRESENTATION_CONTEXT() REPRESENTATION_CONTEXT('2D SPACE',''
  ) );
#14992 = PCURVE('',#14570,#14993);
#14993 = DEFINITIONAL_REPRESENTATION('',(#14994),#15009);
#14994 = B_SPLINE_CURVE_WITH_KNOTS('',5,(#14995,#14996,#14997,#14998,
    #14999,#15000,#15001,#15002,#15003,#15004,#15005,#15006,#15007,
    #15008),.UNSPECIFIED.,.F.,.F.,(6,4,4,6),(0.,0.471873237247,
    0.923858017994,1.),.UNSPECIFIED.);
#14995 = CARTESIAN_POINT('',(7.133366507806,210.0012144303));
#14996 = CARTESIAN_POINT('',(7.140494315014,210.06498028762));
#14997 = CARTESIAN_POINT('',(7.151080170609,210.12695873205));
#14998 = CARTESIAN_POINT('',(7.165342820654,210.18687262303));
#14999 = CARTESIAN_POINT('',(7.183472884259,210.24441344636));
#15000 = CARTESIAN_POINT('',(7.226707993727,210.35184883794));
#15001 = CARTESIAN_POINT('',(7.251488287801,210.40196741299));
#15002 = CARTESIAN_POINT('',(7.279969694729,210.44937864083));
#15003 = CARTESIAN_POINT('',(7.312141275772,210.49386225835));
#15004 = CARTESIAN_POINT('',(7.353892353378,210.54224465871));
#15005 = CARTESIAN_POINT('',(7.360012850158,210.54913287943));
#15006 = CARTESIAN_POINT('',(7.366233848089,210.55593316922));
#15007 = CARTESIAN_POINT('',(7.37255468179,210.56264491598));
#15008 = CARTESIAN_POINT('',(7.378974609375,210.56926757812));
#15009 = ( GEOMETRIC_REPRESENTATION_CONTEXT(2) 
PARAMETRIC_REPRESENTATION_CONTEXT() REPRESENTATION_CONTEXT('2D SPACE',''
  ) );
#15010 = ORIENTED_EDGE('',*,*,#14846,.F.);
#15011 = ADVANCED_FACE('',(#15012),#13097,.F.);
#15012 = FACE_BOUND('',#15013,.F.);
#15013 = EDGE_LOOP('',(#15014,#15015,#15044,#15092));
#15014 = ORIENTED_EDGE('',*,*,#13081,.F.);
#15015 = ORIENTED_EDGE('',*,*,#15016,.T.);
#15016 = EDGE_CURVE('',#13082,#15017,#15019,.T.);
#15017 = VERTEX_POINT('',#15018);
#15018 = CARTESIAN_POINT('',(247.93218117376,210.82220673987,19.6));
#15019 = SURFACE_CURVE('',#15020,(#15026,#15035),.PCURVE_S1.);
#15020 = B_SPLINE_CURVE_WITH_KNOTS('',4,(#15021,#15022,#15023,#15024,
    #15025),.UNSPECIFIED.,.F.,.F.,(5,5),(0.,1.),
  .PIECEWISE_BEZIER_KNOTS.);
#15021 = CARTESIAN_POINT('',(247.93218117376,210.82220673987,18.1999994)
  );
#15022 = CARTESIAN_POINT('',(247.93218117376,210.82220673987,
    18.599999699995));
#15023 = CARTESIAN_POINT('',(247.93218117376,210.82220673987,
    19.000000000029));
#15024 = CARTESIAN_POINT('',(247.93218117376,210.82220673987,
    19.400000300005));
#15025 = CARTESIAN_POINT('',(247.93218117376,210.82220673987,19.8000006)
  );
#15026 = PCURVE('',#13097,#15027);
#15027 = DEFINITIONAL_REPRESENTATION('',(#15028),#15034);
#15028 = B_SPLINE_CURVE_WITH_KNOTS('',4,(#15029,#15030,#15031,#15032,
    #15033),.UNSPECIFIED.,.F.,.F.,(5,5),(0.,1.),
  .PIECEWISE_BEZIER_KNOTS.);
#15029 = CARTESIAN_POINT('',(0.197294298802,5.999999999062E-07));
#15030 = CARTESIAN_POINT('',(0.197294298802,-0.399999699995));
#15031 = CARTESIAN_POINT('',(0.197294298802,-0.800000000029));
#15032 = CARTESIAN_POINT('',(0.197294298802,-1.200000300005));
#15033 = CARTESIAN_POINT('',(0.197294298802,-1.6000006));
#15034 = ( GEOMETRIC_REPRESENTATION_CONTEXT(2) 
PARAMETRIC_REPRESENTATION_CONTEXT() REPRESENTATION_CONTEXT('2D SPACE',''
  ) );
#15035 = PCURVE('',#13125,#15036);
#15036 = DEFINITIONAL_REPRESENTATION('',(#15037),#15043);
#15037 = B_SPLINE_CURVE_WITH_KNOTS('',4,(#15038,#15039,#15040,#15041,
    #15042),.UNSPECIFIED.,.F.,.F.,(5,5),(0.,1.),
  .PIECEWISE_BEZIER_KNOTS.);
#15038 = CARTESIAN_POINT('',(0.802705701198,5.999427645786E-07));
#15039 = CARTESIAN_POINT('',(0.802705701198,-0.399999700052));
#15040 = CARTESIAN_POINT('',(0.802705701198,-0.799999999966));
#15041 = CARTESIAN_POINT('',(0.802705701198,-1.200000299999));
#15042 = CARTESIAN_POINT('',(0.802705701198,-1.600000599993));
#15043 = ( GEOMETRIC_REPRESENTATION_CONTEXT(2) 
PARAMETRIC_REPRESENTATION_CONTEXT() REPRESENTATION_CONTEXT('2D SPACE',''
  ) );
#15044 = ORIENTED_EDGE('',*,*,#15045,.F.);
#15045 = EDGE_CURVE('',#14935,#15017,#15046,.T.);
#15046 = SURFACE_CURVE('',#15047,(#15060,#15076),.PCURVE_S1.);
#15047 = B_SPLINE_CURVE_WITH_KNOTS('',6,(#15048,#15049,#15050,#15051,
    #15052,#15053,#15054,#15055,#15056,#15057,#15058,#15059),
  .UNSPECIFIED.,.F.,.F.,(7,5,7),(0.,0.127332082546,1.),.UNSPECIFIED.);
#15048 = CARTESIAN_POINT('',(247.37897460937,210.56926757812,19.6));
#15049 = CARTESIAN_POINT('',(247.38783897144,210.57841186741,19.6));
#15050 = CARTESIAN_POINT('',(247.3968707493,210.58737167927,19.6));
#15051 = CARTESIAN_POINT('',(247.40606887474,210.59614500666,19.6));
#15052 = CARTESIAN_POINT('',(247.41543208675,210.60473004616,19.6));
#15053 = CARTESIAN_POINT('',(247.42495893152,210.613125198,19.6));
#15054 = CARTESIAN_POINT('',(247.50104997402,210.67755411362,19.6));
#15055 = CARTESIAN_POINT('',(247.57508390452,210.72481438835,19.6));
#15056 = CARTESIAN_POINT('',(247.65615969052,210.76258936763,19.6));
#15057 = CARTESIAN_POINT('',(247.74337608198,210.79103045305,19.6));
#15058 = CARTESIAN_POINT('',(247.83571606482,210.81066684041,19.6));
#15059 = CARTESIAN_POINT('',(247.93218169462,210.82220680218,19.6));
#15060 = PCURVE('',#13097,#15061);
#15061 = DEFINITIONAL_REPRESENTATION('',(#15062),#15075);
#15062 = B_SPLINE_CURVE_WITH_KNOTS('',6,(#15063,#15064,#15065,#15066,
    #15067,#15068,#15069,#15070,#15071,#15072,#15073,#15074),
  .UNSPECIFIED.,.F.,.F.,(7,5,7),(0.,0.127332082546,1.),.UNSPECIFIED.);
#15063 = CARTESIAN_POINT('',(1.,-1.4));
#15064 = CARTESIAN_POINT('',(0.982627546874,-1.4));
#15065 = CARTESIAN_POINT('',(0.965243405406,-1.4));
#15066 = CARTESIAN_POINT('',(0.947850470867,-1.4));
#15067 = CARTESIAN_POINT('',(0.930451659816,-1.4));
#15068 = CARTESIAN_POINT('',(0.913049910098,-1.4));
#15069 = CARTESIAN_POINT('',(0.776385772467,-1.4));
#15070 = CARTESIAN_POINT('',(0.657082461463,-1.4));
#15071 = CARTESIAN_POINT('',(0.53881633906,-1.4));
#15072 = CARTESIAN_POINT('',(0.422395959588,-1.4));
#15073 = CARTESIAN_POINT('',(0.308416286527,-1.4));
#15074 = CARTESIAN_POINT('',(0.197293698802,-1.4));
#15075 = ( GEOMETRIC_REPRESENTATION_CONTEXT(2) 
PARAMETRIC_REPRESENTATION_CONTEXT() REPRESENTATION_CONTEXT('2D SPACE',''
  ) );
#15076 = PCURVE('',#14570,#15077);
#15077 = DEFINITIONAL_REPRESENTATION('',(#15078),#15091);
#15078 = B_SPLINE_CURVE_WITH_KNOTS('',6,(#15079,#15080,#15081,#15082,
    #15083,#15084,#15085,#15086,#15087,#15088,#15089,#15090),
  .UNSPECIFIED.,.F.,.F.,(7,5,7),(0.,0.127332082546,1.),.UNSPECIFIED.);
#15079 = CARTESIAN_POINT('',(7.378974609375,210.56926757812));
#15080 = CARTESIAN_POINT('',(7.387838971444,210.57841186741));
#15081 = CARTESIAN_POINT('',(7.396870749301,210.58737167927));
#15082 = CARTESIAN_POINT('',(7.406068874742,210.59614500666));
#15083 = CARTESIAN_POINT('',(7.415432086755,210.60473004616));
#15084 = CARTESIAN_POINT('',(7.424958931525,210.613125198));
#15085 = CARTESIAN_POINT('',(7.50104997402,210.67755411362));
#15086 = CARTESIAN_POINT('',(7.575083904526,210.72481438835));
#15087 = CARTESIAN_POINT('',(7.656159690529,210.76258936763));
#15088 = CARTESIAN_POINT('',(7.743376081981,210.79103045305));
#15089 = CARTESIAN_POINT('',(7.835716064823,210.81066684041));
#15090 = CARTESIAN_POINT('',(7.932181694621,210.82220680218));
#15091 = ( GEOMETRIC_REPRESENTATION_CONTEXT(2) 
PARAMETRIC_REPRESENTATION_CONTEXT() REPRESENTATION_CONTEXT('2D SPACE',''
  ) );
#15092 = ORIENTED_EDGE('',*,*,#14934,.F.);
#15093 = ADVANCED_FACE('',(#15094),#13125,.F.);
#15094 = FACE_BOUND('',#15095,.F.);
#15095 = EDGE_LOOP('',(#15096,#15097,#15098,#15146));
#15096 = ORIENTED_EDGE('',*,*,#13111,.F.);
#15097 = ORIENTED_EDGE('',*,*,#14593,.T.);
#15098 = ORIENTED_EDGE('',*,*,#15099,.F.);
#15099 = EDGE_CURVE('',#15017,#14533,#15100,.T.);
#15100 = SURFACE_CURVE('',#15101,(#15114,#15130),.PCURVE_S1.);
#15101 = B_SPLINE_CURVE_WITH_KNOTS('',6,(#15102,#15103,#15104,#15105,
    #15106,#15107,#15108,#15109,#15110,#15111,#15112,#15113),
  .UNSPECIFIED.,.F.,.F.,(7,5,7),(0.,0.870650664476,1.),.UNSPECIFIED.);
#15102 = CARTESIAN_POINT('',(247.93218065226,210.82220680218,19.6));
#15103 = CARTESIAN_POINT('',(248.02861798769,210.81068429063,19.6));
#15104 = CARTESIAN_POINT('',(248.1209898075,210.79109396929,19.6));
#15105 = CARTESIAN_POINT('',(248.20831867977,210.762741256,19.6));
#15106 = CARTESIAN_POINT('',(248.2896109909,210.7251100117,19.6));
#15107 = CARTESIAN_POINT('',(248.36398621307,210.67805529653,19.6));
#15108 = CARTESIAN_POINT('',(248.44079773381,210.61376998015,19.6));
#15109 = CARTESIAN_POINT('',(248.45056823643,210.60525751027,19.6));
#15110 = CARTESIAN_POINT('',(248.46017200588,210.59654927423,19.6));
#15111 = CARTESIAN_POINT('',(248.4696075256,210.5876469262,19.6));
#15112 = CARTESIAN_POINT('',(248.47887347912,210.57855233381,19.6));
#15113 = CARTESIAN_POINT('',(248.48796875,210.56926757812,19.6));
#15114 = PCURVE('',#13125,#15115);
#15115 = DEFINITIONAL_REPRESENTATION('',(#15116),#15129);
#15116 = B_SPLINE_CURVE_WITH_KNOTS('',6,(#15117,#15118,#15119,#15120,
    #15121,#15122,#15123,#15124,#15125,#15126,#15127,#15128),
  .UNSPECIFIED.,.F.,.F.,(7,5,7),(0.,0.870650664476,1.),.UNSPECIFIED.);
#15117 = CARTESIAN_POINT('',(0.802706301198,-1.4));
#15118 = CARTESIAN_POINT('',(0.691751748088,-1.4));
#15119 = CARTESIAN_POINT('',(0.57798867285,-1.4));
#15120 = CARTESIAN_POINT('',(0.461831540215,-1.4));
#15121 = CARTESIAN_POINT('',(0.34386791294,-1.4));
#15122 = CARTESIAN_POINT('',(0.224891941843,-1.4));
#15123 = CARTESIAN_POINT('',(8.82875436182E-02,-1.4));
#15124 = CARTESIAN_POINT('',(7.061786246492E-02,-1.4));
#15125 = CARTESIAN_POINT('',(5.295124475732E-02,-1.4));
#15126 = CARTESIAN_POINT('',(3.529072449452E-02,-1.4));
#15127 = CARTESIAN_POINT('',(1.763931321567E-02,-1.4));
#15128 = CARTESIAN_POINT('',(0.,-1.4));
#15129 = ( GEOMETRIC_REPRESENTATION_CONTEXT(2) 
PARAMETRIC_REPRESENTATION_CONTEXT() REPRESENTATION_CONTEXT('2D SPACE',''
  ) );
#15130 = PCURVE('',#14570,#15131);
#15131 = DEFINITIONAL_REPRESENTATION('',(#15132),#15145);
#15132 = B_SPLINE_CURVE_WITH_KNOTS('',6,(#15133,#15134,#15135,#15136,
    #15137,#15138,#15139,#15140,#15141,#15142,#15143,#15144),
  .UNSPECIFIED.,.F.,.F.,(7,5,7),(0.,0.870650664476,1.),.UNSPECIFIED.);
#15133 = CARTESIAN_POINT('',(7.932180652264,210.82220680218));
#15134 = CARTESIAN_POINT('',(8.028617987693,210.81068429063));
#15135 = CARTESIAN_POINT('',(8.120989807508,210.79109396929));
#15136 = CARTESIAN_POINT('',(8.208318679775,210.762741256));
#15137 = CARTESIAN_POINT('',(8.289610990909,210.7251100117));
#15138 = CARTESIAN_POINT('',(8.363986213078,210.67805529653));
#15139 = CARTESIAN_POINT('',(8.440797733814,210.61376998015));
#15140 = CARTESIAN_POINT('',(8.450568236433,210.60525751027));
#15141 = CARTESIAN_POINT('',(8.460172005883,210.59654927423));
#15142 = CARTESIAN_POINT('',(8.469607525609,210.5876469262));
#15143 = CARTESIAN_POINT('',(8.478873479123,210.57855233381));
#15144 = CARTESIAN_POINT('',(8.48796875,210.56926757812));
#15145 = ( GEOMETRIC_REPRESENTATION_CONTEXT(2) 
PARAMETRIC_REPRESENTATION_CONTEXT() REPRESENTATION_CONTEXT('2D SPACE',''
  ) );
#15146 = ORIENTED_EDGE('',*,*,#15016,.F.);
#15147 = ADVANCED_FACE('',(#15148),#13268,.T.);
#15148 = FACE_BOUND('',#15149,.T.);
#15149 = EDGE_LOOP('',(#15150,#15151,#15152,#15153,#15154,#15155,#15156,
    #15157));
#15150 = ORIENTED_EDGE('',*,*,#13801,.F.);
#15151 = ORIENTED_EDGE('',*,*,#13747,.F.);
#15152 = ORIENTED_EDGE('',*,*,#13671,.F.);
#15153 = ORIENTED_EDGE('',*,*,#13586,.F.);
#15154 = ORIENTED_EDGE('',*,*,#13510,.F.);
#15155 = ORIENTED_EDGE('',*,*,#13428,.F.);
#15156 = ORIENTED_EDGE('',*,*,#13352,.F.);
#15157 = ORIENTED_EDGE('',*,*,#13234,.F.);
#15158 = ADVANCED_FACE('',(#15159),#13921,.T.);
#15159 = FACE_BOUND('',#15160,.T.);
#15160 = EDGE_LOOP('',(#15161,#15162,#15163,#15164,#15165,#15166,#15167,
    #15168));
#15161 = ORIENTED_EDGE('',*,*,#13883,.F.);
#15162 = ORIENTED_EDGE('',*,*,#14450,.F.);
#15163 = ORIENTED_EDGE('',*,*,#14396,.F.);
#15164 = ORIENTED_EDGE('',*,*,#14320,.F.);
#15165 = ORIENTED_EDGE('',*,*,#14238,.F.);
#15166 = ORIENTED_EDGE('',*,*,#14156,.F.);
#15167 = ORIENTED_EDGE('',*,*,#14080,.F.);
#15168 = ORIENTED_EDGE('',*,*,#13992,.F.);
#15169 = ADVANCED_FACE('',(#15170),#14570,.T.);
#15170 = FACE_BOUND('',#15171,.T.);
#15171 = EDGE_LOOP('',(#15172,#15173,#15174,#15175,#15176,#15177,#15178,
    #15179));
#15172 = ORIENTED_EDGE('',*,*,#14532,.F.);
#15173 = ORIENTED_EDGE('',*,*,#15099,.F.);
#15174 = ORIENTED_EDGE('',*,*,#15045,.F.);
#15175 = ORIENTED_EDGE('',*,*,#14957,.F.);
#15176 = ORIENTED_EDGE('',*,*,#14875,.F.);
#15177 = ORIENTED_EDGE('',*,*,#14793,.F.);
#15178 = ORIENTED_EDGE('',*,*,#14717,.F.);
#15179 = ORIENTED_EDGE('',*,*,#14641,.F.);
#15180 = ( GEOMETRIC_REPRESENTATION_CONTEXT(3) 
GLOBAL_UNCERTAINTY_ASSIGNED_CONTEXT((#15184)) 
GLOBAL_UNIT_ASSIGNED_CONTEXT((#15181,#15182,#15183)) 
REPRESENTATION_CONTEXT('Context #1',
  '3D Context with UNIT and UNCERTAINTY') );
#15181 = ( LENGTH_UNIT() NAMED_UNIT(*) SI_UNIT(.MILLI.,.METRE.) );
#15182 = ( NAMED_UNIT(*) PLANE_ANGLE_UNIT() SI_UNIT($,.RADIAN.) );
#15183 = ( NAMED_UNIT(*) SI_UNIT($,.STERADIAN.) SOLID_ANGLE_UNIT() );
#15184 = UNCERTAINTY_MEASURE_WITH_UNIT(LENGTH_MEASURE(1.E-05),#15181,
  'distance_accuracy_value','confusion accuracy');
#15185 = CONTEXT_DEPENDENT_SHAPE_REPRESENTATION(#15186,#15188);
#15186 = ( REPRESENTATION_RELATIONSHIP('','',#32,#10) 
REPRESENTATION_RELATIONSHIP_WITH_TRANSFORMATION(#15187) 
SHAPE_REPRESENTATION_RELATIONSHIP() );
#15187 = ITEM_DEFINED_TRANSFORMATION('','',#11,#15);
#15188 = PRODUCT_DEFINITION_SHAPE('Placement','Placement of an item',
  #15189);
#15189 = NEXT_ASSEMBLY_USAGE_OCCURRENCE('1','=>[0:1:1:2]','',#5,#27,$);
#15190 = PRODUCT_RELATED_PRODUCT_CATEGORY('part',$,(#29));
#15191 = MECHANICAL_DESIGN_GEOMETRIC_PRESENTATION_REPRESENTATION('',(
    #15192),#15180);
#15192 = STYLED_ITEM('color',(#15193),#33);
#15193 = PRESENTATION_STYLE_ASSIGNMENT((#15194));
#15194 = SURFACE_STYLE_USAGE(.BOTH.,#15195);
#15195 = SURFACE_SIDE_STYLE('',(#15196));
#15196 = SURFACE_STYLE_FILL_AREA(#15197);
#15197 = FILL_AREA_STYLE('',(#15198));
#15198 = FILL_AREA_STYLE_COLOUR('',#15199);
#15199 = COLOUR_RGB('',3.499999902211E-02,3.499999902211E-02,
  3.499999902211E-02);

#15200=DESCRIPTIVE_REPRESENTATION_ITEM('cadpy:generator','cadpy');
#15201=REPRESENTATION('cadpy:generator',(#15200),#19);
#15202=PROPERTY_DEFINITION('cadpy metadata','cadpy:generator',#5);
#15203=PROPERTY_DEFINITION_REPRESENTATION(#15202,#15201);
#15204=DESCRIPTIVE_REPRESENTATION_ITEM('cadpy:entryKind','part');
#15205=REPRESENTATION('cadpy:entryKind',(#15204),#19);
#15206=PROPERTY_DEFINITION('cadpy metadata','cadpy:entryKind',#5);
#15207=PROPERTY_DEFINITION_REPRESENTATION(#15206,#15205);
#15208=DESCRIPTIVE_REPRESENTATION_ITEM('cadpy:sourcePath','rail_right_58_body.py');
#15209=REPRESENTATION('cadpy:sourcePath',(#15208),#19);
#15210=PROPERTY_DEFINITION('cadpy metadata','cadpy:sourcePath',#5);
#15211=PROPERTY_DEFINITION_REPRESENTATION(#15210,#15209);
#15212=DESCRIPTIVE_REPRESENTATION_ITEM('cadpy:sourceHash','ae0b0872d918b465dbf2a9cc754f202a544fe6a22098095eb085ae8a6e70f654');
#15213=REPRESENTATION('cadpy:sourceHash',(#15212),#19);
#15214=PROPERTY_DEFINITION('cadpy metadata','cadpy:sourceHash',#5);
#15215=PROPERTY_DEFINITION_REPRESENTATION(#15214,#15213);
ENDSEC;
END-ISO-10303-21;
