ISO-10303-21;
HEADER;
FILE_DESCRIPTION(('Open CASCADE Model'),'2;1');
FILE_NAME('Open CASCADE Shape Model','2026-08-05T22:18:09',('Author'),(
    'Open CASCADE'),'Open CASCADE STEP processor 7.9','Open CASCADE 7.9'
  ,'Unknown');
FILE_SCHEMA(('AUTOMOTIVE_DESIGN { 1 0 10303 214 1 1 1 1 }'));
ENDSEC;
DATA;
#1 = APPLICATION_PROTOCOL_DEFINITION('international standard',
  'automotive_design',2000,#2);
#2 = APPLICATION_CONTEXT(
  'core data for automotive mechanical design processes');
#3 = SHAPE_DEFINITION_REPRESENTATION(#4,#10);
#4 = PRODUCT_DEFINITION_SHAPE('','',#5);
#5 = PRODUCT_DEFINITION('design','',#6,#9);
#6 = PRODUCT_DEFINITION_FORMATION('','',#7);
#7 = PRODUCT('=>[0:1:1:2]','=>[0:1:1:2]','',(#8));
#8 = PRODUCT_CONTEXT('',#2,'mechanical');
#9 = PRODUCT_DEFINITION_CONTEXT('part definition',#2,'design');
#10 = SHAPE_REPRESENTATION('',(#11,#15),#19);
#11 = AXIS2_PLACEMENT_3D('',#12,#13,#14);
#12 = CARTESIAN_POINT('',(0.,0.,0.));
#13 = DIRECTION('',(0.,0.,1.));
#14 = DIRECTION('',(1.,0.,-0.));
#15 = AXIS2_PLACEMENT_3D('',#16,#17,#18);
#16 = CARTESIAN_POINT('',(-242.5,123.52499995,0.));
#17 = DIRECTION('',(0.,0.,1.));
#18 = DIRECTION('',(1.,0.,-0.));
#19 = ( GEOMETRIC_REPRESENTATION_CONTEXT(3) 
GLOBAL_UNCERTAINTY_ASSIGNED_CONTEXT((#23)) GLOBAL_UNIT_ASSIGNED_CONTEXT(
(#20,#21,#22)) REPRESENTATION_CONTEXT('Context #1',
  '3D Context with UNIT and UNCERTAINTY') );
#20 = ( LENGTH_UNIT() NAMED_UNIT(*) SI_UNIT(.MILLI.,.METRE.) );
#21 = ( NAMED_UNIT(*) PLANE_ANGLE_UNIT() SI_UNIT($,.RADIAN.) );
#22 = ( NAMED_UNIT(*) SI_UNIT($,.STERADIAN.) SOLID_ANGLE_UNIT() );
#23 = UNCERTAINTY_MEASURE_WITH_UNIT(LENGTH_MEASURE(1.E-05),#20,
  'distance_accuracy_value','confusion accuracy');
#24 = PRODUCT_RELATED_PRODUCT_CATEGORY('part',$,(#7));
#25 = SHAPE_DEFINITION_REPRESENTATION(#26,#32);
#26 = PRODUCT_DEFINITION_SHAPE('','',#27);
#27 = PRODUCT_DEFINITION('design','',#28,#31);
#28 = PRODUCT_DEFINITION_FORMATION('','',#29);
#29 = PRODUCT('perimeter_rail:right_14','perimeter_rail:right_14','',(
    #30));
#30 = PRODUCT_CONTEXT('',#2,'mechanical');
#31 = PRODUCT_DEFINITION_CONTEXT('part definition',#2,'design');
#32 = ADVANCED_BREP_SHAPE_REPRESENTATION('',(#11,#33),#11911);
#33 = MANIFOLD_SOLID_BREP('',#34);
#34 = CLOSED_SHELL('',(#35,#185,#548,#629,#711,#782,#837,#918,#994,#1048
    ,#1126,#4642,#4714,#4764,#4791,#4937,#5121,#5175,#5224,#5273,#5541,
    #5568,#5678,#5841,#5868,#5899,#5906,#5956,#6032,#6080,#6129,#6178,
    #6227,#6274,#6323,#6372,#6421,#6470,#6519,#6568,#6595,#6670,#6719,
    #6768,#6817,#6866,#6915,#6964,#7013,#7068,#7117,#7166,#7221,#7270,
    #7319,#7368,#7423,#7478,#7527,#7576,#7625,#7674,#7729,#7778,#7827,
    #7854,#7930,#7979,#8028,#8077,#8126,#8175,#8224,#8273,#8322,#8371,
    #8398,#8480,#8529,#8578,#8627,#8676,#8731,#8780,#8829,#8884,#8939,
    #8988,#9037,#9086,#9135,#9184,#9233,#9288,#9337,#9386,#9435,#9484,
    #9533,#9588,#9643,#9692,#9741,#9790,#9845,#9900,#9949,#9998,#10047,
    #10096,#10151,#10200,#10249,#10304,#10353,#10402,#10451,#10478,
    #10532,#10586,#10618,#10694,#10749,#10804,#10831,#10838,#10888,
    #10964,#11013,#11062,#11089,#11139,#11188,#11309,#11336,#11381,
    #11406,#11413,#11420,#11436,#11464,#11564,#11608,#11657,#11706,
    #11733,#11740,#11747,#11754,#11761,#11834,#11880,#11905));
#35 = ADVANCED_FACE('',(#36,#154),#50,.F.);
#36 = FACE_BOUND('',#37,.F.);
#37 = EDGE_LOOP('',(#38,#72,#100,#128));
#38 = ORIENTED_EDGE('',*,*,#39,.F.);
#39 = EDGE_CURVE('',#40,#42,#44,.T.);
#40 = VERTEX_POINT('',#41);
#41 = CARTESIAN_POINT('',(245.5,-240.,15.5));
#42 = VERTEX_POINT('',#43);
#43 = CARTESIAN_POINT('',(245.5,-240.,-7.6));
#44 = SURFACE_CURVE('',#45,(#49,#60),.PCURVE_S1.);
#45 = LINE('',#46,#47);
#46 = CARTESIAN_POINT('',(245.5,-240.,-8.));
#47 = VECTOR('',#48,1.);
#48 = DIRECTION('',(-0.,0.,-1.));
#49 = PCURVE('',#50,#55);
#50 = PLANE('',#51);
#51 = AXIS2_PLACEMENT_3D('',#52,#53,#54);
#52 = CARTESIAN_POINT('',(245.5,-247.05,-8.));
#53 = DIRECTION('',(1.,0.,-0.));
#54 = DIRECTION('',(0.,0.,1.));
#55 = DEFINITIONAL_REPRESENTATION('',(#56),#59);
#56 = B_SPLINE_CURVE_WITH_KNOTS('',1,(#57,#58),.UNSPECIFIED.,.F.,.F.,(2,
    2),(-23.5,0.),.PIECEWISE_BEZIER_KNOTS.);
#57 = CARTESIAN_POINT('',(23.5,-7.05));
#58 = CARTESIAN_POINT('',(0.,-7.05));
#59 = ( GEOMETRIC_REPRESENTATION_CONTEXT(2) 
PARAMETRIC_REPRESENTATION_CONTEXT() REPRESENTATION_CONTEXT('2D SPACE',''
  ) );
#60 = PCURVE('',#61,#66);
#61 = PLANE('',#62);
#62 = AXIS2_PLACEMENT_3D('',#63,#64,#65);
#63 = CARTESIAN_POINT('',(240.,-240.,-8.));
#64 = DIRECTION('',(-0.,1.,0.));
#65 = DIRECTION('',(0.,0.,1.));
#66 = DEFINITIONAL_REPRESENTATION('',(#67),#71);
#67 = LINE('',#68,#69);
#68 = CARTESIAN_POINT('',(0.,5.5));
#69 = VECTOR('',#70,1.);
#70 = DIRECTION('',(-1.,0.));
#71 = ( GEOMETRIC_REPRESENTATION_CONTEXT(2) 
PARAMETRIC_REPRESENTATION_CONTEXT() REPRESENTATION_CONTEXT('2D SPACE',''
  ) );
#72 = ORIENTED_EDGE('',*,*,#73,.F.);
#73 = EDGE_CURVE('',#74,#40,#76,.T.);
#74 = VERTEX_POINT('',#75);
#75 = CARTESIAN_POINT('',(245.5,-247.05,15.5));
#76 = SURFACE_CURVE('',#77,(#81,#88),.PCURVE_S1.);
#77 = LINE('',#78,#79);
#78 = CARTESIAN_POINT('',(245.5,-247.05,15.5));
#79 = VECTOR('',#80,1.);
#80 = DIRECTION('',(-0.,1.,0.));
#81 = PCURVE('',#50,#82);
#82 = DEFINITIONAL_REPRESENTATION('',(#83),#87);
#83 = LINE('',#84,#85);
#84 = CARTESIAN_POINT('',(23.5,0.));
#85 = VECTOR('',#86,1.);
#86 = DIRECTION('',(0.,-1.));
#87 = ( GEOMETRIC_REPRESENTATION_CONTEXT(2) 
PARAMETRIC_REPRESENTATION_CONTEXT() REPRESENTATION_CONTEXT('2D SPACE',''
  ) );
#88 = PCURVE('',#89,#94);
#89 = PLANE('',#90);
#90 = AXIS2_PLACEMENT_3D('',#91,#92,#93);
#91 = CARTESIAN_POINT('',(245.75,-247.05,15.75));
#92 = DIRECTION('',(0.707106781187,0.,-0.707106781187));
#93 = DIRECTION('',(0.,1.,0.));
#94 = DEFINITIONAL_REPRESENTATION('',(#95),#99);
#95 = LINE('',#96,#97);
#96 = CARTESIAN_POINT('',(0.,-0.353553390593));
#97 = VECTOR('',#98,1.);
#98 = DIRECTION('',(1.,0.));
#99 = ( GEOMETRIC_REPRESENTATION_CONTEXT(2) 
PARAMETRIC_REPRESENTATION_CONTEXT() REPRESENTATION_CONTEXT('2D SPACE',''
  ) );
#100 = ORIENTED_EDGE('',*,*,#101,.F.);
#101 = EDGE_CURVE('',#102,#74,#104,.T.);
#102 = VERTEX_POINT('',#103);
#103 = CARTESIAN_POINT('',(245.5,-247.05,-7.6));
#104 = SURFACE_CURVE('',#105,(#109,#116),.PCURVE_S1.);
#105 = LINE('',#106,#107);
#106 = CARTESIAN_POINT('',(245.5,-247.05,-8.));
#107 = VECTOR('',#108,1.);
#108 = DIRECTION('',(0.,0.,1.));
#109 = PCURVE('',#50,#110);
#110 = DEFINITIONAL_REPRESENTATION('',(#111),#115);
#111 = LINE('',#112,#113);
#112 = CARTESIAN_POINT('',(0.,0.));
#113 = VECTOR('',#114,1.);
#114 = DIRECTION('',(1.,0.));
#115 = ( GEOMETRIC_REPRESENTATION_CONTEXT(2) 
PARAMETRIC_REPRESENTATION_CONTEXT() REPRESENTATION_CONTEXT('2D SPACE',''
  ) );
#116 = PCURVE('',#117,#122);
#117 = PLANE('',#118);
#118 = AXIS2_PLACEMENT_3D('',#119,#120,#121);
#119 = CARTESIAN_POINT('',(245.5,-247.05,-8.));
#120 = DIRECTION('',(-0.,1.,0.));
#121 = DIRECTION('',(0.,0.,1.));
#122 = DEFINITIONAL_REPRESENTATION('',(#123),#127);
#123 = LINE('',#124,#125);
#124 = CARTESIAN_POINT('',(0.,0.));
#125 = VECTOR('',#126,1.);
#126 = DIRECTION('',(1.,0.));
#127 = ( GEOMETRIC_REPRESENTATION_CONTEXT(2) 
PARAMETRIC_REPRESENTATION_CONTEXT() REPRESENTATION_CONTEXT('2D SPACE',''
  ) );
#128 = ORIENTED_EDGE('',*,*,#129,.T.);
#129 = EDGE_CURVE('',#102,#42,#130,.T.);
#130 = SURFACE_CURVE('',#131,(#135,#142),.PCURVE_S1.);
#131 = LINE('',#132,#133);
#132 = CARTESIAN_POINT('',(245.5,-247.05,-7.6));
#133 = VECTOR('',#134,1.);
#134 = DIRECTION('',(-0.,1.,0.));
#135 = PCURVE('',#50,#136);
#136 = DEFINITIONAL_REPRESENTATION('',(#137),#141);
#137 = LINE('',#138,#139);
#138 = CARTESIAN_POINT('',(0.4,0.));
#139 = VECTOR('',#140,1.);
#140 = DIRECTION('',(0.,-1.));
#141 = ( GEOMETRIC_REPRESENTATION_CONTEXT(2) 
PARAMETRIC_REPRESENTATION_CONTEXT() REPRESENTATION_CONTEXT('2D SPACE',''
  ) );
#142 = PCURVE('',#143,#148);
#143 = PLANE('',#144);
#144 = AXIS2_PLACEMENT_3D('',#145,#146,#147);
#145 = CARTESIAN_POINT('',(245.7,-247.05,-7.8));
#146 = DIRECTION('',(-0.707106781187,-3.474993633276E-18,-0.707106781187
    ));
#147 = DIRECTION('',(-2.457191562669E-18,1.,-2.457191562669E-18));
#148 = DEFINITIONAL_REPRESENTATION('',(#149),#153);
#149 = LINE('',#150,#151);
#150 = CARTESIAN_POINT('',(0.,-0.282842712475));
#151 = VECTOR('',#152,1.);
#152 = DIRECTION('',(1.,0.));
#153 = ( GEOMETRIC_REPRESENTATION_CONTEXT(2) 
PARAMETRIC_REPRESENTATION_CONTEXT() REPRESENTATION_CONTEXT('2D SPACE',''
  ) );
#154 = FACE_BOUND('',#155,.F.);
#155 = EDGE_LOOP('',(#156));
#156 = ORIENTED_EDGE('',*,*,#157,.F.);
#157 = EDGE_CURVE('',#158,#158,#160,.T.);
#158 = VERTEX_POINT('',#159);
#159 = CARTESIAN_POINT('',(245.5,-243.5,2.8));
#160 = SURFACE_CURVE('',#161,(#166,#173),.PCURVE_S1.);
#161 = CIRCLE('',#162,1.2);
#162 = AXIS2_PLACEMENT_3D('',#163,#164,#165);
#163 = CARTESIAN_POINT('',(245.5,-243.5,4.));
#164 = DIRECTION('',(1.,0.,1.110223024625E-16));
#165 = DIRECTION('',(1.110223024625E-16,0.,-1.));
#166 = PCURVE('',#50,#167);
#167 = DEFINITIONAL_REPRESENTATION('',(#168),#172);
#168 = CIRCLE('',#169,1.2);
#169 = AXIS2_PLACEMENT_2D('',#170,#171);
#170 = CARTESIAN_POINT('',(12.,-3.55));
#171 = DIRECTION('',(-1.,0.));
#172 = ( GEOMETRIC_REPRESENTATION_CONTEXT(2) 
PARAMETRIC_REPRESENTATION_CONTEXT() REPRESENTATION_CONTEXT('2D SPACE',''
  ) );
#173 = PCURVE('',#174,#179);
#174 = CYLINDRICAL_SURFACE('',#175,1.2);
#175 = AXIS2_PLACEMENT_3D('',#176,#177,#178);
#176 = CARTESIAN_POINT('',(245.3,-243.5,4.));
#177 = DIRECTION('',(1.,0.,1.110223024625E-16));
#178 = DIRECTION('',(1.110223024625E-16,0.,-1.));
#179 = DEFINITIONAL_REPRESENTATION('',(#180),#184);
#180 = LINE('',#181,#182);
#181 = CARTESIAN_POINT('',(0.,0.2));
#182 = VECTOR('',#183,1.);
#183 = DIRECTION('',(1.,0.));
#184 = ( GEOMETRIC_REPRESENTATION_CONTEXT(2) 
PARAMETRIC_REPRESENTATION_CONTEXT() REPRESENTATION_CONTEXT('2D SPACE',''
  ) );
#185 = ADVANCED_FACE('',(#186),#61,.F.);
#186 = FACE_BOUND('',#187,.F.);
#187 = EDGE_LOOP('',(#188,#218,#246,#273,#300,#327,#347,#348,#376,#404,
    #432,#460,#489,#517));
#188 = ORIENTED_EDGE('',*,*,#189,.F.);
#189 = EDGE_CURVE('',#190,#192,#194,.T.);
#190 = VERTEX_POINT('',#191);
#191 = CARTESIAN_POINT('',(260.,-240.,-7.6));
#192 = VERTEX_POINT('',#193);
#193 = CARTESIAN_POINT('',(260.,-240.,17.6));
#194 = SURFACE_CURVE('',#195,(#199,#206),.PCURVE_S1.);
#195 = LINE('',#196,#197);
#196 = CARTESIAN_POINT('',(260.,-240.,-8.));
#197 = VECTOR('',#198,1.);
#198 = DIRECTION('',(0.,0.,1.));
#199 = PCURVE('',#61,#200);
#200 = DEFINITIONAL_REPRESENTATION('',(#201),#205);
#201 = LINE('',#202,#203);
#202 = CARTESIAN_POINT('',(0.,20.));
#203 = VECTOR('',#204,1.);
#204 = DIRECTION('',(1.,0.));
#205 = ( GEOMETRIC_REPRESENTATION_CONTEXT(2) 
PARAMETRIC_REPRESENTATION_CONTEXT() REPRESENTATION_CONTEXT('2D SPACE',''
  ) );
#206 = PCURVE('',#207,#212);
#207 = PLANE('',#208);
#208 = AXIS2_PLACEMENT_3D('',#209,#210,#211);
#209 = CARTESIAN_POINT('',(260.,-240.,-8.));
#210 = DIRECTION('',(1.,0.,-0.));
#211 = DIRECTION('',(0.,0.,1.));
#212 = DEFINITIONAL_REPRESENTATION('',(#213),#217);
#213 = LINE('',#214,#215);
#214 = CARTESIAN_POINT('',(0.,0.));
#215 = VECTOR('',#216,1.);
#216 = DIRECTION('',(1.,0.));
#217 = ( GEOMETRIC_REPRESENTATION_CONTEXT(2) 
PARAMETRIC_REPRESENTATION_CONTEXT() REPRESENTATION_CONTEXT('2D SPACE',''
  ) );
#218 = ORIENTED_EDGE('',*,*,#219,.F.);
#219 = EDGE_CURVE('',#220,#190,#222,.T.);
#220 = VERTEX_POINT('',#221);
#221 = CARTESIAN_POINT('',(254.5,-240.,-7.6));
#222 = SURFACE_CURVE('',#223,(#227,#234),.PCURVE_S1.);
#223 = LINE('',#224,#225);
#224 = CARTESIAN_POINT('',(254.5,-240.,-7.6));
#225 = VECTOR('',#226,1.);
#226 = DIRECTION('',(1.,0.,-0.));
#227 = PCURVE('',#61,#228);
#228 = DEFINITIONAL_REPRESENTATION('',(#229),#233);
#229 = LINE('',#230,#231);
#230 = CARTESIAN_POINT('',(0.4,14.5));
#231 = VECTOR('',#232,1.);
#232 = DIRECTION('',(0.,1.));
#233 = ( GEOMETRIC_REPRESENTATION_CONTEXT(2) 
PARAMETRIC_REPRESENTATION_CONTEXT() REPRESENTATION_CONTEXT('2D SPACE',''
  ) );
#234 = PCURVE('',#235,#240);
#235 = PLANE('',#236);
#236 = AXIS2_PLACEMENT_3D('',#237,#238,#239);
#237 = CARTESIAN_POINT('',(254.5,-239.8,-7.8));
#238 = DIRECTION('',(3.474993633276E-18,-0.707106781187,-0.707106781187)
  );
#239 = DIRECTION('',(1.,2.457191562669E-18,2.457191562669E-18));
#240 = DEFINITIONAL_REPRESENTATION('',(#241),#245);
#241 = LINE('',#242,#243);
#242 = CARTESIAN_POINT('',(0.,0.282842712475));
#243 = VECTOR('',#244,1.);
#244 = DIRECTION('',(1.,0.));
#245 = ( GEOMETRIC_REPRESENTATION_CONTEXT(2) 
PARAMETRIC_REPRESENTATION_CONTEXT() REPRESENTATION_CONTEXT('2D SPACE',''
  ) );
#246 = ORIENTED_EDGE('',*,*,#247,.F.);
#247 = EDGE_CURVE('',#248,#220,#250,.T.);
#248 = VERTEX_POINT('',#249);
#249 = CARTESIAN_POINT('',(254.5,-240.,15.5));
#250 = SURFACE_CURVE('',#251,(#255,#262),.PCURVE_S1.);
#251 = LINE('',#252,#253);
#252 = CARTESIAN_POINT('',(254.5,-240.,-8.));
#253 = VECTOR('',#254,1.);
#254 = DIRECTION('',(-0.,0.,-1.));
#255 = PCURVE('',#61,#256);
#256 = DEFINITIONAL_REPRESENTATION('',(#257),#261);
#257 = LINE('',#258,#259);
#258 = CARTESIAN_POINT('',(0.,14.5));
#259 = VECTOR('',#260,1.);
#260 = DIRECTION('',(-1.,0.));
#261 = ( GEOMETRIC_REPRESENTATION_CONTEXT(2) 
PARAMETRIC_REPRESENTATION_CONTEXT() REPRESENTATION_CONTEXT('2D SPACE',''
  ) );
#262 = PCURVE('',#263,#268);
#263 = PLANE('',#264);
#264 = AXIS2_PLACEMENT_3D('',#265,#266,#267);
#265 = CARTESIAN_POINT('',(254.5,-247.05,-8.));
#266 = DIRECTION('',(1.,0.,-0.));
#267 = DIRECTION('',(0.,0.,1.));
#268 = DEFINITIONAL_REPRESENTATION('',(#269),#272);
#269 = B_SPLINE_CURVE_WITH_KNOTS('',1,(#270,#271),.UNSPECIFIED.,.F.,.F.,
  (2,2),(-23.5,0.),.PIECEWISE_BEZIER_KNOTS.);
#270 = CARTESIAN_POINT('',(23.5,-7.05));
#271 = CARTESIAN_POINT('',(0.,-7.05));
#272 = ( GEOMETRIC_REPRESENTATION_CONTEXT(2) 
PARAMETRIC_REPRESENTATION_CONTEXT() REPRESENTATION_CONTEXT('2D SPACE',''
  ) );
#273 = ORIENTED_EDGE('',*,*,#274,.F.);
#274 = EDGE_CURVE('',#275,#248,#277,.T.);
#275 = VERTEX_POINT('',#276);
#276 = CARTESIAN_POINT('',(254.45,-240.,15.55));
#277 = SURFACE_CURVE('',#278,(#282,#289),.PCURVE_S1.);
#278 = LINE('',#279,#280);
#279 = CARTESIAN_POINT('',(256.625,-240.,13.375));
#280 = VECTOR('',#281,1.);
#281 = DIRECTION('',(0.707106781187,0.,-0.707106781187));
#282 = PCURVE('',#61,#283);
#283 = DEFINITIONAL_REPRESENTATION('',(#284),#288);
#284 = LINE('',#285,#286);
#285 = CARTESIAN_POINT('',(21.375,16.625));
#286 = VECTOR('',#287,1.);
#287 = DIRECTION('',(-0.707106781187,0.707106781187));
#288 = ( GEOMETRIC_REPRESENTATION_CONTEXT(2) 
PARAMETRIC_REPRESENTATION_CONTEXT() REPRESENTATION_CONTEXT('2D SPACE',''
  ) );
#289 = PCURVE('',#290,#295);
#290 = PLANE('',#291);
#291 = AXIS2_PLACEMENT_3D('',#292,#293,#294);
#292 = CARTESIAN_POINT('',(254.25,-247.05,15.75));
#293 = DIRECTION('',(0.707106781187,0.,0.707106781187));
#294 = DIRECTION('',(-0.,1.,0.));
#295 = DEFINITIONAL_REPRESENTATION('',(#296),#299);
#296 = B_SPLINE_CURVE_WITH_KNOTS('',1,(#297,#298),.UNSPECIFIED.,.F.,.F.,
  (2,2),(-3.712310601229,-3.005203820043),.PIECEWISE_BEZIER_KNOTS.);
#297 = CARTESIAN_POINT('',(7.05,0.353553390593));
#298 = CARTESIAN_POINT('',(7.05,-0.353553390593));
#299 = ( GEOMETRIC_REPRESENTATION_CONTEXT(2) 
PARAMETRIC_REPRESENTATION_CONTEXT() REPRESENTATION_CONTEXT('2D SPACE',''
  ) );
#300 = ORIENTED_EDGE('',*,*,#301,.T.);
#301 = EDGE_CURVE('',#275,#302,#304,.T.);
#302 = VERTEX_POINT('',#303);
#303 = CARTESIAN_POINT('',(245.55,-240.,15.55));
#304 = SURFACE_CURVE('',#305,(#309,#316),.PCURVE_S1.);
#305 = LINE('',#306,#307);
#306 = CARTESIAN_POINT('',(242.75,-240.,15.55));
#307 = VECTOR('',#308,1.);
#308 = DIRECTION('',(-1.,-0.,0.));
#309 = PCURVE('',#61,#310);
#310 = DEFINITIONAL_REPRESENTATION('',(#311),#315);
#311 = LINE('',#312,#313);
#312 = CARTESIAN_POINT('',(23.55,2.75));
#313 = VECTOR('',#314,1.);
#314 = DIRECTION('',(0.,-1.));
#315 = ( GEOMETRIC_REPRESENTATION_CONTEXT(2) 
PARAMETRIC_REPRESENTATION_CONTEXT() REPRESENTATION_CONTEXT('2D SPACE',''
  ) );
#316 = PCURVE('',#317,#322);
#317 = PLANE('',#318);
#318 = AXIS2_PLACEMENT_3D('',#319,#320,#321);
#319 = CARTESIAN_POINT('',(245.5,-240.2,15.75));
#320 = DIRECTION('',(0.,0.707106781187,0.707106781187));
#321 = DIRECTION('',(-1.,-0.,0.));
#322 = DEFINITIONAL_REPRESENTATION('',(#323),#326);
#323 = B_SPLINE_CURVE_WITH_KNOTS('',1,(#324,#325),.UNSPECIFIED.,.F.,.F.,
  (2,2),(-11.75,-2.75),.PIECEWISE_BEZIER_KNOTS.);
#324 = CARTESIAN_POINT('',(-9.,-0.282842712475));
#325 = CARTESIAN_POINT('',(1.7763568394E-15,-0.282842712475));
#326 = ( GEOMETRIC_REPRESENTATION_CONTEXT(2) 
PARAMETRIC_REPRESENTATION_CONTEXT() REPRESENTATION_CONTEXT('2D SPACE',''
  ) );
#327 = ORIENTED_EDGE('',*,*,#328,.T.);
#328 = EDGE_CURVE('',#302,#40,#329,.T.);
#329 = SURFACE_CURVE('',#330,(#334,#341),.PCURVE_S1.);
#330 = LINE('',#331,#332);
#331 = CARTESIAN_POINT('',(238.375,-240.,8.375));
#332 = VECTOR('',#333,1.);
#333 = DIRECTION('',(-0.707106781187,0.,-0.707106781187));
#334 = PCURVE('',#61,#335);
#335 = DEFINITIONAL_REPRESENTATION('',(#336),#340);
#336 = LINE('',#337,#338);
#337 = CARTESIAN_POINT('',(16.375,-1.625));
#338 = VECTOR('',#339,1.);
#339 = DIRECTION('',(-0.707106781187,-0.707106781187));
#340 = ( GEOMETRIC_REPRESENTATION_CONTEXT(2) 
PARAMETRIC_REPRESENTATION_CONTEXT() REPRESENTATION_CONTEXT('2D SPACE',''
  ) );
#341 = PCURVE('',#89,#342);
#342 = DEFINITIONAL_REPRESENTATION('',(#343),#346);
#343 = B_SPLINE_CURVE_WITH_KNOTS('',1,(#344,#345),.UNSPECIFIED.,.F.,.F.,
  (2,2),(-10.78337841309,-10.0762716319),.PIECEWISE_BEZIER_KNOTS.);
#344 = CARTESIAN_POINT('',(7.05,0.353553390593));
#345 = CARTESIAN_POINT('',(7.05,-0.353553390593));
#346 = ( GEOMETRIC_REPRESENTATION_CONTEXT(2) 
PARAMETRIC_REPRESENTATION_CONTEXT() REPRESENTATION_CONTEXT('2D SPACE',''
  ) );
#347 = ORIENTED_EDGE('',*,*,#39,.T.);
#348 = ORIENTED_EDGE('',*,*,#349,.F.);
#349 = EDGE_CURVE('',#350,#42,#352,.T.);
#350 = VERTEX_POINT('',#351);
#351 = CARTESIAN_POINT('',(225.,-240.,-7.6));
#352 = SURFACE_CURVE('',#353,(#357,#364),.PCURVE_S1.);
#353 = LINE('',#354,#355);
#354 = CARTESIAN_POINT('',(225.,-240.,-7.6));
#355 = VECTOR('',#356,1.);
#356 = DIRECTION('',(1.,0.,0.));
#357 = PCURVE('',#61,#358);
#358 = DEFINITIONAL_REPRESENTATION('',(#359),#363);
#359 = LINE('',#360,#361);
#360 = CARTESIAN_POINT('',(0.4,-15.));
#361 = VECTOR('',#362,1.);
#362 = DIRECTION('',(0.,1.));
#363 = ( GEOMETRIC_REPRESENTATION_CONTEXT(2) 
PARAMETRIC_REPRESENTATION_CONTEXT() REPRESENTATION_CONTEXT('2D SPACE',''
  ) );
#364 = PCURVE('',#365,#370);
#365 = PLANE('',#366);
#366 = AXIS2_PLACEMENT_3D('',#367,#368,#369);
#367 = CARTESIAN_POINT('',(225.,-239.8,-7.8));
#368 = DIRECTION('',(3.474993633276E-18,-0.707106781187,-0.707106781187)
  );
#369 = DIRECTION('',(1.,2.457191562669E-18,2.457191562669E-18));
#370 = DEFINITIONAL_REPRESENTATION('',(#371),#375);
#371 = LINE('',#372,#373);
#372 = CARTESIAN_POINT('',(0.,0.282842712475));
#373 = VECTOR('',#374,1.);
#374 = DIRECTION('',(1.,0.));
#375 = ( GEOMETRIC_REPRESENTATION_CONTEXT(2) 
PARAMETRIC_REPRESENTATION_CONTEXT() REPRESENTATION_CONTEXT('2D SPACE',''
  ) );
#376 = ORIENTED_EDGE('',*,*,#377,.T.);
#377 = EDGE_CURVE('',#350,#378,#380,.T.);
#378 = VERTEX_POINT('',#379);
#379 = CARTESIAN_POINT('',(225.,-240.,0.));
#380 = SURFACE_CURVE('',#381,(#385,#392),.PCURVE_S1.);
#381 = LINE('',#382,#383);
#382 = CARTESIAN_POINT('',(225.,-240.,-8.));
#383 = VECTOR('',#384,1.);
#384 = DIRECTION('',(0.,0.,1.));
#385 = PCURVE('',#61,#386);
#386 = DEFINITIONAL_REPRESENTATION('',(#387),#391);
#387 = LINE('',#388,#389);
#388 = CARTESIAN_POINT('',(0.,-15.));
#389 = VECTOR('',#390,1.);
#390 = DIRECTION('',(1.,0.));
#391 = ( GEOMETRIC_REPRESENTATION_CONTEXT(2) 
PARAMETRIC_REPRESENTATION_CONTEXT() REPRESENTATION_CONTEXT('2D SPACE',''
  ) );
#392 = PCURVE('',#393,#398);
#393 = PLANE('',#394);
#394 = AXIS2_PLACEMENT_3D('',#395,#396,#397);
#395 = CARTESIAN_POINT('',(225.,-240.,-8.));
#396 = DIRECTION('',(1.,0.,-0.));
#397 = DIRECTION('',(0.,0.,1.));
#398 = DEFINITIONAL_REPRESENTATION('',(#399),#403);
#399 = LINE('',#400,#401);
#400 = CARTESIAN_POINT('',(0.,0.));
#401 = VECTOR('',#402,1.);
#402 = DIRECTION('',(1.,0.));
#403 = ( GEOMETRIC_REPRESENTATION_CONTEXT(2) 
PARAMETRIC_REPRESENTATION_CONTEXT() REPRESENTATION_CONTEXT('2D SPACE',''
  ) );
#404 = ORIENTED_EDGE('',*,*,#405,.T.);
#405 = EDGE_CURVE('',#378,#406,#408,.T.);
#406 = VERTEX_POINT('',#407);
#407 = CARTESIAN_POINT('',(240.,-240.,0.));
#408 = SURFACE_CURVE('',#409,(#413,#420),.PCURVE_S1.);
#409 = LINE('',#410,#411);
#410 = CARTESIAN_POINT('',(225.,-240.,0.));
#411 = VECTOR('',#412,1.);
#412 = DIRECTION('',(1.,0.,-0.));
#413 = PCURVE('',#61,#414);
#414 = DEFINITIONAL_REPRESENTATION('',(#415),#419);
#415 = LINE('',#416,#417);
#416 = CARTESIAN_POINT('',(8.,-15.));
#417 = VECTOR('',#418,1.);
#418 = DIRECTION('',(0.,1.));
#419 = ( GEOMETRIC_REPRESENTATION_CONTEXT(2) 
PARAMETRIC_REPRESENTATION_CONTEXT() REPRESENTATION_CONTEXT('2D SPACE',''
  ) );
#420 = PCURVE('',#421,#426);
#421 = PLANE('',#422);
#422 = AXIS2_PLACEMENT_3D('',#423,#424,#425);
#423 = CARTESIAN_POINT('',(225.,-240.,0.));
#424 = DIRECTION('',(0.,0.,1.));
#425 = DIRECTION('',(1.,0.,-0.));
#426 = DEFINITIONAL_REPRESENTATION('',(#427),#431);
#427 = LINE('',#428,#429);
#428 = CARTESIAN_POINT('',(0.,0.));
#429 = VECTOR('',#430,1.);
#430 = DIRECTION('',(1.,0.));
#431 = ( GEOMETRIC_REPRESENTATION_CONTEXT(2) 
PARAMETRIC_REPRESENTATION_CONTEXT() REPRESENTATION_CONTEXT('2D SPACE',''
  ) );
#432 = ORIENTED_EDGE('',*,*,#433,.T.);
#433 = EDGE_CURVE('',#406,#434,#436,.T.);
#434 = VERTEX_POINT('',#435);
#435 = CARTESIAN_POINT('',(240.,-240.,17.6));
#436 = SURFACE_CURVE('',#437,(#441,#448),.PCURVE_S1.);
#437 = LINE('',#438,#439);
#438 = CARTESIAN_POINT('',(240.,-240.,-8.));
#439 = VECTOR('',#440,1.);
#440 = DIRECTION('',(0.,0.,1.));
#441 = PCURVE('',#61,#442);
#442 = DEFINITIONAL_REPRESENTATION('',(#443),#447);
#443 = LINE('',#444,#445);
#444 = CARTESIAN_POINT('',(0.,0.));
#445 = VECTOR('',#446,1.);
#446 = DIRECTION('',(1.,0.));
#447 = ( GEOMETRIC_REPRESENTATION_CONTEXT(2) 
PARAMETRIC_REPRESENTATION_CONTEXT() REPRESENTATION_CONTEXT('2D SPACE',''
  ) );
#448 = PCURVE('',#449,#454);
#449 = PLANE('',#450);
#450 = AXIS2_PLACEMENT_3D('',#451,#452,#453);
#451 = CARTESIAN_POINT('',(240.,-240.,-8.));
#452 = DIRECTION('',(1.,0.,-0.));
#453 = DIRECTION('',(0.,0.,1.));
#454 = DEFINITIONAL_REPRESENTATION('',(#455),#459);
#455 = LINE('',#456,#457);
#456 = CARTESIAN_POINT('',(0.,0.));
#457 = VECTOR('',#458,1.);
#458 = DIRECTION('',(1.,0.));
#459 = ( GEOMETRIC_REPRESENTATION_CONTEXT(2) 
PARAMETRIC_REPRESENTATION_CONTEXT() REPRESENTATION_CONTEXT('2D SPACE',''
  ) );
#460 = ORIENTED_EDGE('',*,*,#461,.T.);
#461 = EDGE_CURVE('',#434,#462,#464,.T.);
#462 = VERTEX_POINT('',#463);
#463 = CARTESIAN_POINT('',(242.,-240.,19.6));
#464 = SURFACE_CURVE('',#465,(#470,#477),.PCURVE_S1.);
#465 = CIRCLE('',#466,2.);
#466 = AXIS2_PLACEMENT_3D('',#467,#468,#469);
#467 = CARTESIAN_POINT('',(242.,-240.,17.6));
#468 = DIRECTION('',(-0.,1.,0.));
#469 = DIRECTION('',(0.,0.,1.));
#470 = PCURVE('',#61,#471);
#471 = DEFINITIONAL_REPRESENTATION('',(#472),#476);
#472 = CIRCLE('',#473,2.);
#473 = AXIS2_PLACEMENT_2D('',#474,#475);
#474 = CARTESIAN_POINT('',(25.6,2.));
#475 = DIRECTION('',(1.,0.));
#476 = ( GEOMETRIC_REPRESENTATION_CONTEXT(2) 
PARAMETRIC_REPRESENTATION_CONTEXT() REPRESENTATION_CONTEXT('2D SPACE',''
  ) );
#477 = PCURVE('',#478,#483);
#478 = CYLINDRICAL_SURFACE('',#479,2.);
#479 = AXIS2_PLACEMENT_3D('',#480,#481,#482);
#480 = CARTESIAN_POINT('',(242.,-240.,17.6));
#481 = DIRECTION('',(-0.,1.,0.));
#482 = DIRECTION('',(-1.,-0.,0.));
#483 = DEFINITIONAL_REPRESENTATION('',(#484),#488);
#484 = LINE('',#485,#486);
#485 = CARTESIAN_POINT('',(-4.712388980385,0.));
#486 = VECTOR('',#487,1.);
#487 = DIRECTION('',(1.,0.));
#488 = ( GEOMETRIC_REPRESENTATION_CONTEXT(2) 
PARAMETRIC_REPRESENTATION_CONTEXT() REPRESENTATION_CONTEXT('2D SPACE',''
  ) );
#489 = ORIENTED_EDGE('',*,*,#490,.T.);
#490 = EDGE_CURVE('',#462,#491,#493,.T.);
#491 = VERTEX_POINT('',#492);
#492 = CARTESIAN_POINT('',(258.,-240.,19.6));
#493 = SURFACE_CURVE('',#494,(#498,#505),.PCURVE_S1.);
#494 = LINE('',#495,#496);
#495 = CARTESIAN_POINT('',(240.,-240.,19.6));
#496 = VECTOR('',#497,1.);
#497 = DIRECTION('',(1.,0.,-0.));
#498 = PCURVE('',#61,#499);
#499 = DEFINITIONAL_REPRESENTATION('',(#500),#504);
#500 = LINE('',#501,#502);
#501 = CARTESIAN_POINT('',(27.6,0.));
#502 = VECTOR('',#503,1.);
#503 = DIRECTION('',(0.,1.));
#504 = ( GEOMETRIC_REPRESENTATION_CONTEXT(2) 
PARAMETRIC_REPRESENTATION_CONTEXT() REPRESENTATION_CONTEXT('2D SPACE',''
  ) );
#505 = PCURVE('',#506,#511);
#506 = PLANE('',#507);
#507 = AXIS2_PLACEMENT_3D('',#508,#509,#510);
#508 = CARTESIAN_POINT('',(240.,-240.,19.6));
#509 = DIRECTION('',(0.,0.,1.));
#510 = DIRECTION('',(1.,0.,-0.));
#511 = DEFINITIONAL_REPRESENTATION('',(#512),#516);
#512 = LINE('',#513,#514);
#513 = CARTESIAN_POINT('',(0.,0.));
#514 = VECTOR('',#515,1.);
#515 = DIRECTION('',(1.,0.));
#516 = ( GEOMETRIC_REPRESENTATION_CONTEXT(2) 
PARAMETRIC_REPRESENTATION_CONTEXT() REPRESENTATION_CONTEXT('2D SPACE',''
  ) );
#517 = ORIENTED_EDGE('',*,*,#518,.F.);
#518 = EDGE_CURVE('',#192,#491,#519,.T.);
#519 = SURFACE_CURVE('',#520,(#525,#536),.PCURVE_S1.);
#520 = CIRCLE('',#521,2.);
#521 = AXIS2_PLACEMENT_3D('',#522,#523,#524);
#522 = CARTESIAN_POINT('',(258.,-240.,17.6));
#523 = DIRECTION('',(0.,-1.,0.));
#524 = DIRECTION('',(0.,0.,1.));
#525 = PCURVE('',#61,#526);
#526 = DEFINITIONAL_REPRESENTATION('',(#527),#535);
#527 = ( BOUNDED_CURVE() B_SPLINE_CURVE(2,(#528,#529,#530,#531,#532,#533
,#534),.UNSPECIFIED.,.T.,.F.) B_SPLINE_CURVE_WITH_KNOTS((1,2,2,2,2,1),(
    -2.094395102393,0.,2.094395102393,4.188790204786,6.28318530718,
8.377580409573),.UNSPECIFIED.) CURVE() GEOMETRIC_REPRESENTATION_ITEM() 
RATIONAL_B_SPLINE_CURVE((1.,0.5,1.,0.5,1.,0.5,1.)) REPRESENTATION_ITEM(
  '') );
#528 = CARTESIAN_POINT('',(27.6,18.));
#529 = CARTESIAN_POINT('',(27.6,14.535898384862));
#530 = CARTESIAN_POINT('',(24.6,16.267949192431));
#531 = CARTESIAN_POINT('',(21.6,18.));
#532 = CARTESIAN_POINT('',(24.6,19.732050807569));
#533 = CARTESIAN_POINT('',(27.6,21.464101615138));
#534 = CARTESIAN_POINT('',(27.6,18.));
#535 = ( GEOMETRIC_REPRESENTATION_CONTEXT(2) 
PARAMETRIC_REPRESENTATION_CONTEXT() REPRESENTATION_CONTEXT('2D SPACE',''
  ) );
#536 = PCURVE('',#537,#542);
#537 = CYLINDRICAL_SURFACE('',#538,2.);
#538 = AXIS2_PLACEMENT_3D('',#539,#540,#541);
#539 = CARTESIAN_POINT('',(258.,-240.,17.6));
#540 = DIRECTION('',(-0.,1.,0.));
#541 = DIRECTION('',(1.,0.,-0.));
#542 = DEFINITIONAL_REPRESENTATION('',(#543),#547);
#543 = LINE('',#544,#545);
#544 = CARTESIAN_POINT('',(4.712388980385,-0.));
#545 = VECTOR('',#546,1.);
#546 = DIRECTION('',(-1.,0.));
#547 = ( GEOMETRIC_REPRESENTATION_CONTEXT(2) 
PARAMETRIC_REPRESENTATION_CONTEXT() REPRESENTATION_CONTEXT('2D SPACE',''
  ) );
#548 = ADVANCED_FACE('',(#549),#143,.T.);
#549 = FACE_BOUND('',#550,.T.);
#550 = EDGE_LOOP('',(#551,#579,#580,#603));
#551 = ORIENTED_EDGE('',*,*,#552,.F.);
#552 = EDGE_CURVE('',#102,#553,#555,.T.);
#553 = VERTEX_POINT('',#554);
#554 = CARTESIAN_POINT('',(245.9,-246.65,-8.));
#555 = SURFACE_CURVE('',#556,(#560,#567),.PCURVE_S1.);
#556 = LINE('',#557,#558);
#557 = CARTESIAN_POINT('',(245.63333333333,-246.9166666666,
    -7.733333333333));
#558 = VECTOR('',#559,1.);
#559 = DIRECTION('',(0.57735026919,0.57735026919,-0.57735026919));
#560 = PCURVE('',#143,#561);
#561 = DEFINITIONAL_REPRESENTATION('',(#562),#566);
#562 = LINE('',#563,#564);
#563 = CARTESIAN_POINT('',(0.133333333333,-9.42809041582E-02));
#564 = VECTOR('',#565,1.);
#565 = DIRECTION('',(0.57735026919,0.816496580928));
#566 = ( GEOMETRIC_REPRESENTATION_CONTEXT(2) 
PARAMETRIC_REPRESENTATION_CONTEXT() REPRESENTATION_CONTEXT('2D SPACE',''
  ) );
#567 = PCURVE('',#568,#573);
#568 = PLANE('',#569);
#569 = AXIS2_PLACEMENT_3D('',#570,#571,#572);
#570 = CARTESIAN_POINT('',(245.5,-246.85,-7.8));
#571 = DIRECTION('',(3.474993633276E-18,-0.707106781187,-0.707106781187)
  );
#572 = DIRECTION('',(-1.,-2.457191562669E-18,-2.457191562669E-18));
#573 = DEFINITIONAL_REPRESENTATION('',(#574),#578);
#574 = LINE('',#575,#576);
#575 = CARTESIAN_POINT('',(-0.133333333333,-9.42809041582E-02));
#576 = VECTOR('',#577,1.);
#577 = DIRECTION('',(-0.57735026919,0.816496580928));
#578 = ( GEOMETRIC_REPRESENTATION_CONTEXT(2) 
PARAMETRIC_REPRESENTATION_CONTEXT() REPRESENTATION_CONTEXT('2D SPACE',''
  ) );
#579 = ORIENTED_EDGE('',*,*,#129,.T.);
#580 = ORIENTED_EDGE('',*,*,#581,.T.);
#581 = EDGE_CURVE('',#42,#582,#584,.T.);
#582 = VERTEX_POINT('',#583);
#583 = CARTESIAN_POINT('',(245.9,-239.6,-8.));
#584 = SURFACE_CURVE('',#585,(#589,#596),.PCURVE_S1.);
#585 = LINE('',#586,#587);
#586 = CARTESIAN_POINT('',(241.04166666666,-244.4583333333,
    -3.141666666667));
#587 = VECTOR('',#588,1.);
#588 = DIRECTION('',(0.57735026919,0.57735026919,-0.57735026919));
#589 = PCURVE('',#143,#590);
#590 = DEFINITIONAL_REPRESENTATION('',(#591),#595);
#591 = LINE('',#592,#593);
#592 = CARTESIAN_POINT('',(2.591666666667,-6.587878178055));
#593 = VECTOR('',#594,1.);
#594 = DIRECTION('',(0.57735026919,0.816496580928));
#595 = ( GEOMETRIC_REPRESENTATION_CONTEXT(2) 
PARAMETRIC_REPRESENTATION_CONTEXT() REPRESENTATION_CONTEXT('2D SPACE',''
  ) );
#596 = PCURVE('',#365,#597);
#597 = DEFINITIONAL_REPRESENTATION('',(#598),#602);
#598 = LINE('',#599,#600);
#599 = CARTESIAN_POINT('',(16.041666666667,6.587878178055));
#600 = VECTOR('',#601,1.);
#601 = DIRECTION('',(0.57735026919,-0.816496580928));
#602 = ( GEOMETRIC_REPRESENTATION_CONTEXT(2) 
PARAMETRIC_REPRESENTATION_CONTEXT() REPRESENTATION_CONTEXT('2D SPACE',''
  ) );
#603 = ORIENTED_EDGE('',*,*,#604,.F.);
#604 = EDGE_CURVE('',#553,#582,#605,.T.);
#605 = SURFACE_CURVE('',#606,(#610,#617),.PCURVE_S1.);
#606 = LINE('',#607,#608);
#607 = CARTESIAN_POINT('',(245.9,-247.05,-8.));
#608 = VECTOR('',#609,1.);
#609 = DIRECTION('',(-0.,1.,0.));
#610 = PCURVE('',#143,#611);
#611 = DEFINITIONAL_REPRESENTATION('',(#612),#616);
#612 = LINE('',#613,#614);
#613 = CARTESIAN_POINT('',(0.,0.282842712475));
#614 = VECTOR('',#615,1.);
#615 = DIRECTION('',(1.,0.));
#616 = ( GEOMETRIC_REPRESENTATION_CONTEXT(2) 
PARAMETRIC_REPRESENTATION_CONTEXT() REPRESENTATION_CONTEXT('2D SPACE',''
  ) );
#617 = PCURVE('',#618,#623);
#618 = PLANE('',#619);
#619 = AXIS2_PLACEMENT_3D('',#620,#621,#622);
#620 = CARTESIAN_POINT('',(245.5,-247.05,-8.));
#621 = DIRECTION('',(0.,0.,1.));
#622 = DIRECTION('',(1.,0.,-0.));
#623 = DEFINITIONAL_REPRESENTATION('',(#624),#628);
#624 = LINE('',#625,#626);
#625 = CARTESIAN_POINT('',(0.4,0.));
#626 = VECTOR('',#627,1.);
#627 = DIRECTION('',(0.,1.));
#628 = ( GEOMETRIC_REPRESENTATION_CONTEXT(2) 
PARAMETRIC_REPRESENTATION_CONTEXT() REPRESENTATION_CONTEXT('2D SPACE',''
  ) );
#629 = ADVANCED_FACE('',(#630),#89,.F.);
#630 = FACE_BOUND('',#631,.F.);
#631 = EDGE_LOOP('',(#632,#660,#661,#662,#685));
#632 = ORIENTED_EDGE('',*,*,#633,.F.);
#633 = EDGE_CURVE('',#74,#634,#636,.T.);
#634 = VERTEX_POINT('',#635);
#635 = CARTESIAN_POINT('',(246.,-246.55,16.));
#636 = SURFACE_CURVE('',#637,(#641,#648),.PCURVE_S1.);
#637 = LINE('',#638,#639);
#638 = CARTESIAN_POINT('',(245.66666666666,-246.8833333333,
    15.666666666667));
#639 = VECTOR('',#640,1.);
#640 = DIRECTION('',(0.57735026919,0.57735026919,0.57735026919));
#641 = PCURVE('',#89,#642);
#642 = DEFINITIONAL_REPRESENTATION('',(#643),#647);
#643 = LINE('',#644,#645);
#644 = CARTESIAN_POINT('',(0.166666666667,-0.117851130198));
#645 = VECTOR('',#646,1.);
#646 = DIRECTION('',(0.57735026919,0.816496580928));
#647 = ( GEOMETRIC_REPRESENTATION_CONTEXT(2) 
PARAMETRIC_REPRESENTATION_CONTEXT() REPRESENTATION_CONTEXT('2D SPACE',''
  ) );
#648 = PCURVE('',#649,#654);
#649 = PLANE('',#650);
#650 = AXIS2_PLACEMENT_3D('',#651,#652,#653);
#651 = CARTESIAN_POINT('',(245.5,-246.8,15.75));
#652 = DIRECTION('',(0.,0.707106781187,-0.707106781187));
#653 = DIRECTION('',(-1.,0.,-0.));
#654 = DEFINITIONAL_REPRESENTATION('',(#655),#659);
#655 = LINE('',#656,#657);
#656 = CARTESIAN_POINT('',(-0.166666666667,-0.117851130198));
#657 = VECTOR('',#658,1.);
#658 = DIRECTION('',(-0.57735026919,0.816496580928));
#659 = ( GEOMETRIC_REPRESENTATION_CONTEXT(2) 
PARAMETRIC_REPRESENTATION_CONTEXT() REPRESENTATION_CONTEXT('2D SPACE',''
  ) );
#660 = ORIENTED_EDGE('',*,*,#73,.T.);
#661 = ORIENTED_EDGE('',*,*,#328,.F.);
#662 = ORIENTED_EDGE('',*,*,#663,.T.);
#663 = EDGE_CURVE('',#302,#664,#666,.T.);
#664 = VERTEX_POINT('',#665);
#665 = CARTESIAN_POINT('',(246.,-240.45,16.));
#666 = SURFACE_CURVE('',#667,(#671,#678),.PCURVE_S1.);
#667 = LINE('',#668,#669);
#668 = CARTESIAN_POINT('',(246.85,-241.3,16.85));
#669 = VECTOR('',#670,1.);
#670 = DIRECTION('',(0.57735026919,-0.57735026919,0.57735026919));
#671 = PCURVE('',#89,#672);
#672 = DEFINITIONAL_REPRESENTATION('',(#673),#677);
#673 = LINE('',#674,#675);
#674 = CARTESIAN_POINT('',(5.75,1.55563491861));
#675 = VECTOR('',#676,1.);
#676 = DIRECTION('',(-0.57735026919,0.816496580928));
#677 = ( GEOMETRIC_REPRESENTATION_CONTEXT(2) 
PARAMETRIC_REPRESENTATION_CONTEXT() REPRESENTATION_CONTEXT('2D SPACE',''
  ) );
#678 = PCURVE('',#317,#679);
#679 = DEFINITIONAL_REPRESENTATION('',(#680),#684);
#680 = LINE('',#681,#682);
#681 = CARTESIAN_POINT('',(-1.35,1.55563491861));
#682 = VECTOR('',#683,1.);
#683 = DIRECTION('',(-0.57735026919,0.816496580928));
#684 = ( GEOMETRIC_REPRESENTATION_CONTEXT(2) 
PARAMETRIC_REPRESENTATION_CONTEXT() REPRESENTATION_CONTEXT('2D SPACE',''
  ) );
#685 = ORIENTED_EDGE('',*,*,#686,.F.);
#686 = EDGE_CURVE('',#634,#664,#687,.T.);
#687 = SURFACE_CURVE('',#688,(#692,#699),.PCURVE_S1.);
#688 = LINE('',#689,#690);
#689 = CARTESIAN_POINT('',(246.,-247.05,16.));
#690 = VECTOR('',#691,1.);
#691 = DIRECTION('',(-0.,1.,0.));
#692 = PCURVE('',#89,#693);
#693 = DEFINITIONAL_REPRESENTATION('',(#694),#698);
#694 = LINE('',#695,#696);
#695 = CARTESIAN_POINT('',(0.,0.353553390593));
#696 = VECTOR('',#697,1.);
#697 = DIRECTION('',(1.,0.));
#698 = ( GEOMETRIC_REPRESENTATION_CONTEXT(2) 
PARAMETRIC_REPRESENTATION_CONTEXT() REPRESENTATION_CONTEXT('2D SPACE',''
  ) );
#699 = PCURVE('',#700,#705);
#700 = PLANE('',#701);
#701 = AXIS2_PLACEMENT_3D('',#702,#703,#704);
#702 = CARTESIAN_POINT('',(245.5,-247.05,16.));
#703 = DIRECTION('',(0.,0.,1.));
#704 = DIRECTION('',(1.,0.,-0.));
#705 = DEFINITIONAL_REPRESENTATION('',(#706),#710);
#706 = LINE('',#707,#708);
#707 = CARTESIAN_POINT('',(0.5,0.));
#708 = VECTOR('',#709,1.);
#709 = DIRECTION('',(0.,1.));
#710 = ( GEOMETRIC_REPRESENTATION_CONTEXT(2) 
PARAMETRIC_REPRESENTATION_CONTEXT() REPRESENTATION_CONTEXT('2D SPACE',''
  ) );
#711 = ADVANCED_FACE('',(#712),#117,.F.);
#712 = FACE_BOUND('',#713,.F.);
#713 = EDGE_LOOP('',(#714,#739,#760,#761));
#714 = ORIENTED_EDGE('',*,*,#715,.F.);
#715 = EDGE_CURVE('',#716,#718,#720,.T.);
#716 = VERTEX_POINT('',#717);
#717 = CARTESIAN_POINT('',(254.5,-247.05,-7.6));
#718 = VERTEX_POINT('',#719);
#719 = CARTESIAN_POINT('',(254.5,-247.05,15.5));
#720 = SURFACE_CURVE('',#721,(#725,#732),.PCURVE_S1.);
#721 = LINE('',#722,#723);
#722 = CARTESIAN_POINT('',(254.5,-247.05,-8.));
#723 = VECTOR('',#724,1.);
#724 = DIRECTION('',(0.,0.,1.));
#725 = PCURVE('',#117,#726);
#726 = DEFINITIONAL_REPRESENTATION('',(#727),#731);
#727 = LINE('',#728,#729);
#728 = CARTESIAN_POINT('',(0.,9.));
#729 = VECTOR('',#730,1.);
#730 = DIRECTION('',(1.,0.));
#731 = ( GEOMETRIC_REPRESENTATION_CONTEXT(2) 
PARAMETRIC_REPRESENTATION_CONTEXT() REPRESENTATION_CONTEXT('2D SPACE',''
  ) );
#732 = PCURVE('',#263,#733);
#733 = DEFINITIONAL_REPRESENTATION('',(#734),#738);
#734 = LINE('',#735,#736);
#735 = CARTESIAN_POINT('',(0.,0.));
#736 = VECTOR('',#737,1.);
#737 = DIRECTION('',(1.,0.));
#738 = ( GEOMETRIC_REPRESENTATION_CONTEXT(2) 
PARAMETRIC_REPRESENTATION_CONTEXT() REPRESENTATION_CONTEXT('2D SPACE',''
  ) );
#739 = ORIENTED_EDGE('',*,*,#740,.F.);
#740 = EDGE_CURVE('',#102,#716,#741,.T.);
#741 = SURFACE_CURVE('',#742,(#746,#753),.PCURVE_S1.);
#742 = LINE('',#743,#744);
#743 = CARTESIAN_POINT('',(245.5,-247.05,-7.6));
#744 = VECTOR('',#745,1.);
#745 = DIRECTION('',(1.,0.,-0.));
#746 = PCURVE('',#117,#747);
#747 = DEFINITIONAL_REPRESENTATION('',(#748),#752);
#748 = LINE('',#749,#750);
#749 = CARTESIAN_POINT('',(0.4,0.));
#750 = VECTOR('',#751,1.);
#751 = DIRECTION('',(0.,1.));
#752 = ( GEOMETRIC_REPRESENTATION_CONTEXT(2) 
PARAMETRIC_REPRESENTATION_CONTEXT() REPRESENTATION_CONTEXT('2D SPACE',''
  ) );
#753 = PCURVE('',#568,#754);
#754 = DEFINITIONAL_REPRESENTATION('',(#755),#759);
#755 = LINE('',#756,#757);
#756 = CARTESIAN_POINT('',(-0.,-0.282842712475));
#757 = VECTOR('',#758,1.);
#758 = DIRECTION('',(-1.,0.));
#759 = ( GEOMETRIC_REPRESENTATION_CONTEXT(2) 
PARAMETRIC_REPRESENTATION_CONTEXT() REPRESENTATION_CONTEXT('2D SPACE',''
  ) );
#760 = ORIENTED_EDGE('',*,*,#101,.T.);
#761 = ORIENTED_EDGE('',*,*,#762,.T.);
#762 = EDGE_CURVE('',#74,#718,#763,.T.);
#763 = SURFACE_CURVE('',#764,(#768,#775),.PCURVE_S1.);
#764 = LINE('',#765,#766);
#765 = CARTESIAN_POINT('',(245.5,-247.05,15.5));
#766 = VECTOR('',#767,1.);
#767 = DIRECTION('',(1.,0.,-0.));
#768 = PCURVE('',#117,#769);
#769 = DEFINITIONAL_REPRESENTATION('',(#770),#774);
#770 = LINE('',#771,#772);
#771 = CARTESIAN_POINT('',(23.5,0.));
#772 = VECTOR('',#773,1.);
#773 = DIRECTION('',(0.,1.));
#774 = ( GEOMETRIC_REPRESENTATION_CONTEXT(2) 
PARAMETRIC_REPRESENTATION_CONTEXT() REPRESENTATION_CONTEXT('2D SPACE',''
  ) );
#775 = PCURVE('',#649,#776);
#776 = DEFINITIONAL_REPRESENTATION('',(#777),#781);
#777 = LINE('',#778,#779);
#778 = CARTESIAN_POINT('',(-0.,-0.353553390593));
#779 = VECTOR('',#780,1.);
#780 = DIRECTION('',(-1.,0.));
#781 = ( GEOMETRIC_REPRESENTATION_CONTEXT(2) 
PARAMETRIC_REPRESENTATION_CONTEXT() REPRESENTATION_CONTEXT('2D SPACE',''
  ) );
#782 = ADVANCED_FACE('',(#783),#174,.F.);
#783 = FACE_BOUND('',#784,.F.);
#784 = EDGE_LOOP('',(#785,#814,#835,#836));
#785 = ORIENTED_EDGE('',*,*,#786,.F.);
#786 = EDGE_CURVE('',#787,#787,#789,.T.);
#787 = VERTEX_POINT('',#788);
#788 = CARTESIAN_POINT('',(247.05,-243.5,2.8));
#789 = SURFACE_CURVE('',#790,(#795,#802),.PCURVE_S1.);
#790 = CIRCLE('',#791,1.2);
#791 = AXIS2_PLACEMENT_3D('',#792,#793,#794);
#792 = CARTESIAN_POINT('',(247.05,-243.5,4.));
#793 = DIRECTION('',(1.,0.,1.110223024625E-16));
#794 = DIRECTION('',(1.110223024625E-16,0.,-1.));
#795 = PCURVE('',#174,#796);
#796 = DEFINITIONAL_REPRESENTATION('',(#797),#801);
#797 = LINE('',#798,#799);
#798 = CARTESIAN_POINT('',(0.,1.75));
#799 = VECTOR('',#800,1.);
#800 = DIRECTION('',(1.,0.));
#801 = ( GEOMETRIC_REPRESENTATION_CONTEXT(2) 
PARAMETRIC_REPRESENTATION_CONTEXT() REPRESENTATION_CONTEXT('2D SPACE',''
  ) );
#802 = PCURVE('',#803,#808);
#803 = PLANE('',#804);
#804 = AXIS2_PLACEMENT_3D('',#805,#806,#807);
#805 = CARTESIAN_POINT('',(247.05,-243.5,4.));
#806 = DIRECTION('',(1.,0.,1.110223024625E-16));
#807 = DIRECTION('',(1.110223024625E-16,0.,-1.));
#808 = DEFINITIONAL_REPRESENTATION('',(#809),#813);
#809 = CIRCLE('',#810,1.2);
#810 = AXIS2_PLACEMENT_2D('',#811,#812);
#811 = CARTESIAN_POINT('',(4.440892098501E-16,0.));
#812 = DIRECTION('',(1.,0.));
#813 = ( GEOMETRIC_REPRESENTATION_CONTEXT(2) 
PARAMETRIC_REPRESENTATION_CONTEXT() REPRESENTATION_CONTEXT('2D SPACE',''
  ) );
#814 = ORIENTED_EDGE('',*,*,#815,.F.);
#815 = EDGE_CURVE('',#158,#787,#816,.T.);
#816 = SEAM_CURVE('',#817,(#821,#828),.PCURVE_S1.);
#817 = LINE('',#818,#819);
#818 = CARTESIAN_POINT('',(245.3,-243.5,2.8));
#819 = VECTOR('',#820,1.);
#820 = DIRECTION('',(1.,0.,1.110223024625E-16));
#821 = PCURVE('',#174,#822);
#822 = DEFINITIONAL_REPRESENTATION('',(#823),#827);
#823 = LINE('',#824,#825);
#824 = CARTESIAN_POINT('',(6.28318530718,-0.));
#825 = VECTOR('',#826,1.);
#826 = DIRECTION('',(0.,1.));
#827 = ( GEOMETRIC_REPRESENTATION_CONTEXT(2) 
PARAMETRIC_REPRESENTATION_CONTEXT() REPRESENTATION_CONTEXT('2D SPACE',''
  ) );
#828 = PCURVE('',#174,#829);
#829 = DEFINITIONAL_REPRESENTATION('',(#830),#834);
#830 = LINE('',#831,#832);
#831 = CARTESIAN_POINT('',(0.,-0.));
#832 = VECTOR('',#833,1.);
#833 = DIRECTION('',(0.,1.));
#834 = ( GEOMETRIC_REPRESENTATION_CONTEXT(2) 
PARAMETRIC_REPRESENTATION_CONTEXT() REPRESENTATION_CONTEXT('2D SPACE',''
  ) );
#835 = ORIENTED_EDGE('',*,*,#157,.T.);
#836 = ORIENTED_EDGE('',*,*,#815,.T.);
#837 = ADVANCED_FACE('',(#838),#207,.T.);
#838 = FACE_BOUND('',#839,.T.);
#839 = EDGE_LOOP('',(#840,#841,#869,#897));
#840 = ORIENTED_EDGE('',*,*,#189,.F.);
#841 = ORIENTED_EDGE('',*,*,#842,.T.);
#842 = EDGE_CURVE('',#190,#843,#845,.T.);
#843 = VERTEX_POINT('',#844);
#844 = CARTESIAN_POINT('',(260.,0.,-7.6));
#845 = SURFACE_CURVE('',#846,(#850,#857),.PCURVE_S1.);
#846 = LINE('',#847,#848);
#847 = CARTESIAN_POINT('',(260.,-240.,-7.6));
#848 = VECTOR('',#849,1.);
#849 = DIRECTION('',(-0.,1.,0.));
#850 = PCURVE('',#207,#851);
#851 = DEFINITIONAL_REPRESENTATION('',(#852),#856);
#852 = LINE('',#853,#854);
#853 = CARTESIAN_POINT('',(0.4,0.));
#854 = VECTOR('',#855,1.);
#855 = DIRECTION('',(0.,-1.));
#856 = ( GEOMETRIC_REPRESENTATION_CONTEXT(2) 
PARAMETRIC_REPRESENTATION_CONTEXT() REPRESENTATION_CONTEXT('2D SPACE',''
  ) );
#857 = PCURVE('',#858,#863);
#858 = PLANE('',#859);
#859 = AXIS2_PLACEMENT_3D('',#860,#861,#862);
#860 = CARTESIAN_POINT('',(259.8,-240.,-7.8));
#861 = DIRECTION('',(-0.707106781187,0.,0.707106781187));
#862 = DIRECTION('',(-0.,-1.,0.));
#863 = DEFINITIONAL_REPRESENTATION('',(#864),#868);
#864 = LINE('',#865,#866);
#865 = CARTESIAN_POINT('',(-0.,0.282842712475));
#866 = VECTOR('',#867,1.);
#867 = DIRECTION('',(-1.,0.));
#868 = ( GEOMETRIC_REPRESENTATION_CONTEXT(2) 
PARAMETRIC_REPRESENTATION_CONTEXT() REPRESENTATION_CONTEXT('2D SPACE',''
  ) );
#869 = ORIENTED_EDGE('',*,*,#870,.T.);
#870 = EDGE_CURVE('',#843,#871,#873,.T.);
#871 = VERTEX_POINT('',#872);
#872 = CARTESIAN_POINT('',(260.,0.,17.6));
#873 = SURFACE_CURVE('',#874,(#878,#885),.PCURVE_S1.);
#874 = LINE('',#875,#876);
#875 = CARTESIAN_POINT('',(260.,0.,-8.));
#876 = VECTOR('',#877,1.);
#877 = DIRECTION('',(0.,0.,1.));
#878 = PCURVE('',#207,#879);
#879 = DEFINITIONAL_REPRESENTATION('',(#880),#884);
#880 = LINE('',#881,#882);
#881 = CARTESIAN_POINT('',(0.,-240.));
#882 = VECTOR('',#883,1.);
#883 = DIRECTION('',(1.,0.));
#884 = ( GEOMETRIC_REPRESENTATION_CONTEXT(2) 
PARAMETRIC_REPRESENTATION_CONTEXT() REPRESENTATION_CONTEXT('2D SPACE',''
  ) );
#885 = PCURVE('',#886,#891);
#886 = PLANE('',#887);
#887 = AXIS2_PLACEMENT_3D('',#888,#889,#890);
#888 = CARTESIAN_POINT('',(240.,0.,-8.));
#889 = DIRECTION('',(-0.,1.,0.));
#890 = DIRECTION('',(0.,0.,1.));
#891 = DEFINITIONAL_REPRESENTATION('',(#892),#896);
#892 = LINE('',#893,#894);
#893 = CARTESIAN_POINT('',(0.,20.));
#894 = VECTOR('',#895,1.);
#895 = DIRECTION('',(1.,0.));
#896 = ( GEOMETRIC_REPRESENTATION_CONTEXT(2) 
PARAMETRIC_REPRESENTATION_CONTEXT() REPRESENTATION_CONTEXT('2D SPACE',''
  ) );
#897 = ORIENTED_EDGE('',*,*,#898,.F.);
#898 = EDGE_CURVE('',#192,#871,#899,.T.);
#899 = SURFACE_CURVE('',#900,(#904,#911),.PCURVE_S1.);
#900 = LINE('',#901,#902);
#901 = CARTESIAN_POINT('',(260.,-240.,17.6));
#902 = VECTOR('',#903,1.);
#903 = DIRECTION('',(-0.,1.,0.));
#904 = PCURVE('',#207,#905);
#905 = DEFINITIONAL_REPRESENTATION('',(#906),#910);
#906 = LINE('',#907,#908);
#907 = CARTESIAN_POINT('',(25.6,0.));
#908 = VECTOR('',#909,1.);
#909 = DIRECTION('',(0.,-1.));
#910 = ( GEOMETRIC_REPRESENTATION_CONTEXT(2) 
PARAMETRIC_REPRESENTATION_CONTEXT() REPRESENTATION_CONTEXT('2D SPACE',''
  ) );
#911 = PCURVE('',#537,#912);
#912 = DEFINITIONAL_REPRESENTATION('',(#913),#917);
#913 = LINE('',#914,#915);
#914 = CARTESIAN_POINT('',(-0.,0.));
#915 = VECTOR('',#916,1.);
#916 = DIRECTION('',(-0.,1.));
#917 = ( GEOMETRIC_REPRESENTATION_CONTEXT(2) 
PARAMETRIC_REPRESENTATION_CONTEXT() REPRESENTATION_CONTEXT('2D SPACE',''
  ) );
#918 = ADVANCED_FACE('',(#919),#235,.T.);
#919 = FACE_BOUND('',#920,.T.);
#920 = EDGE_LOOP('',(#921,#949,#972,#993));
#921 = ORIENTED_EDGE('',*,*,#922,.T.);
#922 = EDGE_CURVE('',#220,#923,#925,.T.);
#923 = VERTEX_POINT('',#924);
#924 = CARTESIAN_POINT('',(254.1,-239.6,-8.));
#925 = SURFACE_CURVE('',#926,(#930,#937),.PCURVE_S1.);
#926 = LINE('',#927,#928);
#927 = CARTESIAN_POINT('',(255.54166666666,-241.0416666666,
    -6.558333333333));
#928 = VECTOR('',#929,1.);
#929 = DIRECTION('',(-0.57735026919,0.57735026919,-0.57735026919));
#930 = PCURVE('',#235,#931);
#931 = DEFINITIONAL_REPRESENTATION('',(#932),#936);
#932 = LINE('',#933,#934);
#933 = CARTESIAN_POINT('',(1.041666666667,1.755981839947));
#934 = VECTOR('',#935,1.);
#935 = DIRECTION('',(-0.57735026919,-0.816496580928));
#936 = ( GEOMETRIC_REPRESENTATION_CONTEXT(2) 
PARAMETRIC_REPRESENTATION_CONTEXT() REPRESENTATION_CONTEXT('2D SPACE',''
  ) );
#937 = PCURVE('',#938,#943);
#938 = PLANE('',#939);
#939 = AXIS2_PLACEMENT_3D('',#940,#941,#942);
#940 = CARTESIAN_POINT('',(254.3,-247.05,-7.8));
#941 = DIRECTION('',(-0.707106781187,3.474993633276E-18,0.707106781187)
  );
#942 = DIRECTION('',(2.457191562669E-18,1.,-2.457191562669E-18));
#943 = DEFINITIONAL_REPRESENTATION('',(#944),#948);
#944 = LINE('',#945,#946);
#945 = CARTESIAN_POINT('',(6.008333333333,-1.755981839947));
#946 = VECTOR('',#947,1.);
#947 = DIRECTION('',(0.57735026919,0.816496580928));
#948 = ( GEOMETRIC_REPRESENTATION_CONTEXT(2) 
PARAMETRIC_REPRESENTATION_CONTEXT() REPRESENTATION_CONTEXT('2D SPACE',''
  ) );
#949 = ORIENTED_EDGE('',*,*,#950,.T.);
#950 = EDGE_CURVE('',#923,#951,#953,.T.);
#951 = VERTEX_POINT('',#952);
#952 = CARTESIAN_POINT('',(259.6,-239.6,-8.));
#953 = SURFACE_CURVE('',#954,(#958,#965),.PCURVE_S1.);
#954 = LINE('',#955,#956);
#955 = CARTESIAN_POINT('',(254.5,-239.6,-8.));
#956 = VECTOR('',#957,1.);
#957 = DIRECTION('',(1.,0.,-0.));
#958 = PCURVE('',#235,#959);
#959 = DEFINITIONAL_REPRESENTATION('',(#960),#964);
#960 = LINE('',#961,#962);
#961 = CARTESIAN_POINT('',(0.,-0.282842712475));
#962 = VECTOR('',#963,1.);
#963 = DIRECTION('',(1.,0.));
#964 = ( GEOMETRIC_REPRESENTATION_CONTEXT(2) 
PARAMETRIC_REPRESENTATION_CONTEXT() REPRESENTATION_CONTEXT('2D SPACE',''
  ) );
#965 = PCURVE('',#618,#966);
#966 = DEFINITIONAL_REPRESENTATION('',(#967),#971);
#967 = LINE('',#968,#969);
#968 = CARTESIAN_POINT('',(9.,7.45));
#969 = VECTOR('',#970,1.);
#970 = DIRECTION('',(1.,0.));
#971 = ( GEOMETRIC_REPRESENTATION_CONTEXT(2) 
PARAMETRIC_REPRESENTATION_CONTEXT() REPRESENTATION_CONTEXT('2D SPACE',''
  ) );
#972 = ORIENTED_EDGE('',*,*,#973,.T.);
#973 = EDGE_CURVE('',#951,#190,#974,.T.);
#974 = SURFACE_CURVE('',#975,(#979,#986),.PCURVE_S1.);
#975 = LINE('',#976,#977);
#976 = CARTESIAN_POINT('',(258.95,-238.95,-8.65));
#977 = VECTOR('',#978,1.);
#978 = DIRECTION('',(0.57735026919,-0.57735026919,0.57735026919));
#979 = PCURVE('',#235,#980);
#980 = DEFINITIONAL_REPRESENTATION('',(#981),#985);
#981 = LINE('',#982,#983);
#982 = CARTESIAN_POINT('',(4.45,-1.202081528017));
#983 = VECTOR('',#984,1.);
#984 = DIRECTION('',(0.57735026919,0.816496580928));
#985 = ( GEOMETRIC_REPRESENTATION_CONTEXT(2) 
PARAMETRIC_REPRESENTATION_CONTEXT() REPRESENTATION_CONTEXT('2D SPACE',''
  ) );
#986 = PCURVE('',#858,#987);
#987 = DEFINITIONAL_REPRESENTATION('',(#988),#992);
#988 = LINE('',#989,#990);
#989 = CARTESIAN_POINT('',(-1.05,-1.202081528017));
#990 = VECTOR('',#991,1.);
#991 = DIRECTION('',(0.57735026919,0.816496580928));
#992 = ( GEOMETRIC_REPRESENTATION_CONTEXT(2) 
PARAMETRIC_REPRESENTATION_CONTEXT() REPRESENTATION_CONTEXT('2D SPACE',''
  ) );
#993 = ORIENTED_EDGE('',*,*,#219,.F.);
#994 = ADVANCED_FACE('',(#995),#537,.T.);
#995 = FACE_BOUND('',#996,.F.);
#996 = EDGE_LOOP('',(#997,#998,#1021,#1047));
#997 = ORIENTED_EDGE('',*,*,#518,.T.);
#998 = ORIENTED_EDGE('',*,*,#999,.T.);
#999 = EDGE_CURVE('',#491,#1000,#1002,.T.);
#1000 = VERTEX_POINT('',#1001);
#1001 = CARTESIAN_POINT('',(258.,0.,19.6));
#1002 = SURFACE_CURVE('',#1003,(#1007,#1014),.PCURVE_S1.);
#1003 = LINE('',#1004,#1005);
#1004 = CARTESIAN_POINT('',(258.,-240.,19.6));
#1005 = VECTOR('',#1006,1.);
#1006 = DIRECTION('',(-0.,1.,0.));
#1007 = PCURVE('',#537,#1008);
#1008 = DEFINITIONAL_REPRESENTATION('',(#1009),#1013);
#1009 = LINE('',#1010,#1011);
#1010 = CARTESIAN_POINT('',(-1.570796326795,0.));
#1011 = VECTOR('',#1012,1.);
#1012 = DIRECTION('',(-0.,1.));
#1013 = ( GEOMETRIC_REPRESENTATION_CONTEXT(2) 
PARAMETRIC_REPRESENTATION_CONTEXT() REPRESENTATION_CONTEXT('2D SPACE',''
  ) );
#1014 = PCURVE('',#506,#1015);
#1015 = DEFINITIONAL_REPRESENTATION('',(#1016),#1020);
#1016 = LINE('',#1017,#1018);
#1017 = CARTESIAN_POINT('',(18.,0.));
#1018 = VECTOR('',#1019,1.);
#1019 = DIRECTION('',(0.,1.));
#1020 = ( GEOMETRIC_REPRESENTATION_CONTEXT(2) 
PARAMETRIC_REPRESENTATION_CONTEXT() REPRESENTATION_CONTEXT('2D SPACE',''
  ) );
#1021 = ORIENTED_EDGE('',*,*,#1022,.F.);
#1022 = EDGE_CURVE('',#871,#1000,#1023,.T.);
#1023 = SURFACE_CURVE('',#1024,(#1029,#1036),.PCURVE_S1.);
#1024 = CIRCLE('',#1025,2.);
#1025 = AXIS2_PLACEMENT_3D('',#1026,#1027,#1028);
#1026 = CARTESIAN_POINT('',(258.,0.,17.6));
#1027 = DIRECTION('',(0.,-1.,0.));
#1028 = DIRECTION('',(0.,0.,1.));
#1029 = PCURVE('',#537,#1030);
#1030 = DEFINITIONAL_REPRESENTATION('',(#1031),#1035);
#1031 = LINE('',#1032,#1033);
#1032 = CARTESIAN_POINT('',(4.712388980385,240.));
#1033 = VECTOR('',#1034,1.);
#1034 = DIRECTION('',(-1.,0.));
#1035 = ( GEOMETRIC_REPRESENTATION_CONTEXT(2) 
PARAMETRIC_REPRESENTATION_CONTEXT() REPRESENTATION_CONTEXT('2D SPACE',''
  ) );
#1036 = PCURVE('',#886,#1037);
#1037 = DEFINITIONAL_REPRESENTATION('',(#1038),#1046);
#1038 = ( BOUNDED_CURVE() B_SPLINE_CURVE(2,(#1039,#1040,#1041,#1042,
#1043,#1044,#1045),.UNSPECIFIED.,.T.,.F.) B_SPLINE_CURVE_WITH_KNOTS((1,2
    ,2,2,2,1),(-2.094395102393,0.,2.094395102393,4.188790204786,
6.28318530718,8.377580409573),.UNSPECIFIED.) CURVE() 
GEOMETRIC_REPRESENTATION_ITEM() RATIONAL_B_SPLINE_CURVE((1.,0.5,1.,0.5,
1.,0.5,1.)) REPRESENTATION_ITEM('') );
#1039 = CARTESIAN_POINT('',(27.6,18.));
#1040 = CARTESIAN_POINT('',(27.6,14.535898384862));
#1041 = CARTESIAN_POINT('',(24.6,16.267949192431));
#1042 = CARTESIAN_POINT('',(21.6,18.));
#1043 = CARTESIAN_POINT('',(24.6,19.732050807569));
#1044 = CARTESIAN_POINT('',(27.6,21.464101615138));
#1045 = CARTESIAN_POINT('',(27.6,18.));
#1046 = ( GEOMETRIC_REPRESENTATION_CONTEXT(2) 
PARAMETRIC_REPRESENTATION_CONTEXT() REPRESENTATION_CONTEXT('2D SPACE',''
  ) );
#1047 = ORIENTED_EDGE('',*,*,#898,.F.);
#1048 = ADVANCED_FACE('',(#1049,#1095),#263,.T.);
#1049 = FACE_BOUND('',#1050,.T.);
#1050 = EDGE_LOOP('',(#1051,#1052,#1073,#1074));
#1051 = ORIENTED_EDGE('',*,*,#247,.F.);
#1052 = ORIENTED_EDGE('',*,*,#1053,.F.);
#1053 = EDGE_CURVE('',#718,#248,#1054,.T.);
#1054 = SURFACE_CURVE('',#1055,(#1059,#1066),.PCURVE_S1.);
#1055 = LINE('',#1056,#1057);
#1056 = CARTESIAN_POINT('',(254.5,-247.05,15.5));
#1057 = VECTOR('',#1058,1.);
#1058 = DIRECTION('',(-0.,1.,0.));
#1059 = PCURVE('',#263,#1060);
#1060 = DEFINITIONAL_REPRESENTATION('',(#1061),#1065);
#1061 = LINE('',#1062,#1063);
#1062 = CARTESIAN_POINT('',(23.5,0.));
#1063 = VECTOR('',#1064,1.);
#1064 = DIRECTION('',(0.,-1.));
#1065 = ( GEOMETRIC_REPRESENTATION_CONTEXT(2) 
PARAMETRIC_REPRESENTATION_CONTEXT() REPRESENTATION_CONTEXT('2D SPACE',''
  ) );
#1066 = PCURVE('',#290,#1067);
#1067 = DEFINITIONAL_REPRESENTATION('',(#1068),#1072);
#1068 = LINE('',#1069,#1070);
#1069 = CARTESIAN_POINT('',(0.,-0.353553390593));
#1070 = VECTOR('',#1071,1.);
#1071 = DIRECTION('',(1.,0.));
#1072 = ( GEOMETRIC_REPRESENTATION_CONTEXT(2) 
PARAMETRIC_REPRESENTATION_CONTEXT() REPRESENTATION_CONTEXT('2D SPACE',''
  ) );
#1073 = ORIENTED_EDGE('',*,*,#715,.F.);
#1074 = ORIENTED_EDGE('',*,*,#1075,.T.);
#1075 = EDGE_CURVE('',#716,#220,#1076,.T.);
#1076 = SURFACE_CURVE('',#1077,(#1081,#1088),.PCURVE_S1.);
#1077 = LINE('',#1078,#1079);
#1078 = CARTESIAN_POINT('',(254.5,-247.05,-7.6));
#1079 = VECTOR('',#1080,1.);
#1080 = DIRECTION('',(-0.,1.,0.));
#1081 = PCURVE('',#263,#1082);
#1082 = DEFINITIONAL_REPRESENTATION('',(#1083),#1087);
#1083 = LINE('',#1084,#1085);
#1084 = CARTESIAN_POINT('',(0.4,0.));
#1085 = VECTOR('',#1086,1.);
#1086 = DIRECTION('',(0.,-1.));
#1087 = ( GEOMETRIC_REPRESENTATION_CONTEXT(2) 
PARAMETRIC_REPRESENTATION_CONTEXT() REPRESENTATION_CONTEXT('2D SPACE',''
  ) );
#1088 = PCURVE('',#938,#1089);
#1089 = DEFINITIONAL_REPRESENTATION('',(#1090),#1094);
#1090 = LINE('',#1091,#1092);
#1091 = CARTESIAN_POINT('',(0.,-0.282842712475));
#1092 = VECTOR('',#1093,1.);
#1093 = DIRECTION('',(1.,0.));
#1094 = ( GEOMETRIC_REPRESENTATION_CONTEXT(2) 
PARAMETRIC_REPRESENTATION_CONTEXT() REPRESENTATION_CONTEXT('2D SPACE',''
  ) );
#1095 = FACE_BOUND('',#1096,.T.);
#1096 = EDGE_LOOP('',(#1097));
#1097 = ORIENTED_EDGE('',*,*,#1098,.F.);
#1098 = EDGE_CURVE('',#1099,#1099,#1101,.T.);
#1099 = VERTEX_POINT('',#1100);
#1100 = CARTESIAN_POINT('',(254.5,-243.5,2.8));
#1101 = SURFACE_CURVE('',#1102,(#1107,#1114),.PCURVE_S1.);
#1102 = CIRCLE('',#1103,1.2);
#1103 = AXIS2_PLACEMENT_3D('',#1104,#1105,#1106);
#1104 = CARTESIAN_POINT('',(254.5,-243.5,4.));
#1105 = DIRECTION('',(1.,0.,1.110223024625E-16));
#1106 = DIRECTION('',(1.110223024625E-16,0.,-1.));
#1107 = PCURVE('',#263,#1108);
#1108 = DEFINITIONAL_REPRESENTATION('',(#1109),#1113);
#1109 = CIRCLE('',#1110,1.2);
#1110 = AXIS2_PLACEMENT_2D('',#1111,#1112);
#1111 = CARTESIAN_POINT('',(12.,-3.55));
#1112 = DIRECTION('',(-1.,0.));
#1113 = ( GEOMETRIC_REPRESENTATION_CONTEXT(2) 
PARAMETRIC_REPRESENTATION_CONTEXT() REPRESENTATION_CONTEXT('2D SPACE',''
  ) );
#1114 = PCURVE('',#1115,#1120);
#1115 = CYLINDRICAL_SURFACE('',#1116,1.2);
#1116 = AXIS2_PLACEMENT_3D('',#1117,#1118,#1119);
#1117 = CARTESIAN_POINT('',(245.3,-243.5,4.));
#1118 = DIRECTION('',(1.,0.,1.110223024625E-16));
#1119 = DIRECTION('',(1.110223024625E-16,0.,-1.));
#1120 = DEFINITIONAL_REPRESENTATION('',(#1121),#1125);
#1121 = LINE('',#1122,#1123);
#1122 = CARTESIAN_POINT('',(0.,9.2));
#1123 = VECTOR('',#1124,1.);
#1124 = DIRECTION('',(1.,0.));
#1125 = ( GEOMETRIC_REPRESENTATION_CONTEXT(2) 
PARAMETRIC_REPRESENTATION_CONTEXT() REPRESENTATION_CONTEXT('2D SPACE',''
  ) );
#1126 = ADVANCED_FACE('',(#1127,#1175,#1515,#2526,#2814),#506,.T.);
#1127 = FACE_BOUND('',#1128,.T.);
#1128 = EDGE_LOOP('',(#1129,#1152,#1173,#1174));
#1129 = ORIENTED_EDGE('',*,*,#1130,.F.);
#1130 = EDGE_CURVE('',#1131,#1000,#1133,.T.);
#1131 = VERTEX_POINT('',#1132);
#1132 = CARTESIAN_POINT('',(242.,0.,19.6));
#1133 = SURFACE_CURVE('',#1134,(#1138,#1145),.PCURVE_S1.);
#1134 = LINE('',#1135,#1136);
#1135 = CARTESIAN_POINT('',(240.,0.,19.6));
#1136 = VECTOR('',#1137,1.);
#1137 = DIRECTION('',(1.,0.,-0.));
#1138 = PCURVE('',#506,#1139);
#1139 = DEFINITIONAL_REPRESENTATION('',(#1140),#1144);
#1140 = LINE('',#1141,#1142);
#1141 = CARTESIAN_POINT('',(0.,240.));
#1142 = VECTOR('',#1143,1.);
#1143 = DIRECTION('',(1.,0.));
#1144 = ( GEOMETRIC_REPRESENTATION_CONTEXT(2) 
PARAMETRIC_REPRESENTATION_CONTEXT() REPRESENTATION_CONTEXT('2D SPACE',''
  ) );
#1145 = PCURVE('',#886,#1146);
#1146 = DEFINITIONAL_REPRESENTATION('',(#1147),#1151);
#1147 = LINE('',#1148,#1149);
#1148 = CARTESIAN_POINT('',(27.6,0.));
#1149 = VECTOR('',#1150,1.);
#1150 = DIRECTION('',(0.,1.));
#1151 = ( GEOMETRIC_REPRESENTATION_CONTEXT(2) 
PARAMETRIC_REPRESENTATION_CONTEXT() REPRESENTATION_CONTEXT('2D SPACE',''
  ) );
#1152 = ORIENTED_EDGE('',*,*,#1153,.F.);
#1153 = EDGE_CURVE('',#462,#1131,#1154,.T.);
#1154 = SURFACE_CURVE('',#1155,(#1159,#1166),.PCURVE_S1.);
#1155 = LINE('',#1156,#1157);
#1156 = CARTESIAN_POINT('',(242.,-240.,19.6));
#1157 = VECTOR('',#1158,1.);
#1158 = DIRECTION('',(-0.,1.,0.));
#1159 = PCURVE('',#506,#1160);
#1160 = DEFINITIONAL_REPRESENTATION('',(#1161),#1165);
#1161 = LINE('',#1162,#1163);
#1162 = CARTESIAN_POINT('',(2.,0.));
#1163 = VECTOR('',#1164,1.);
#1164 = DIRECTION('',(0.,1.));
#1165 = ( GEOMETRIC_REPRESENTATION_CONTEXT(2) 
PARAMETRIC_REPRESENTATION_CONTEXT() REPRESENTATION_CONTEXT('2D SPACE',''
  ) );
#1166 = PCURVE('',#478,#1167);
#1167 = DEFINITIONAL_REPRESENTATION('',(#1168),#1172);
#1168 = LINE('',#1169,#1170);
#1169 = CARTESIAN_POINT('',(1.570796326795,0.));
#1170 = VECTOR('',#1171,1.);
#1171 = DIRECTION('',(0.,1.));
#1172 = ( GEOMETRIC_REPRESENTATION_CONTEXT(2) 
PARAMETRIC_REPRESENTATION_CONTEXT() REPRESENTATION_CONTEXT('2D SPACE',''
  ) );
#1173 = ORIENTED_EDGE('',*,*,#490,.T.);
#1174 = ORIENTED_EDGE('',*,*,#999,.T.);
#1175 = FACE_BOUND('',#1176,.T.);
#1176 = EDGE_LOOP('',(#1177,#1205,#1231,#1257,#1283,#1309,#1335,#1361,
    #1387,#1413,#1439,#1465,#1491));
#1177 = ORIENTED_EDGE('',*,*,#1178,.F.);
#1178 = EDGE_CURVE('',#1179,#1181,#1183,.T.);
#1179 = VERTEX_POINT('',#1180);
#1180 = CARTESIAN_POINT('',(252.19939453125,-210.8916699218,19.6));
#1181 = VERTEX_POINT('',#1182);
#1182 = CARTESIAN_POINT('',(252.19939453125,-212.7178417968,19.6));
#1183 = SURFACE_CURVE('',#1184,(#1188,#1194),.PCURVE_S1.);
#1184 = LINE('',#1185,#1186);
#1185 = CARTESIAN_POINT('',(252.19939453125,-226.3589208984,19.6));
#1186 = VECTOR('',#1187,1.);
#1187 = DIRECTION('',(-2.22044604925E-16,-1.,0.));
#1188 = PCURVE('',#506,#1189);
#1189 = DEFINITIONAL_REPRESENTATION('',(#1190),#1193);
#1190 = B_SPLINE_CURVE_WITH_KNOTS('',1,(#1191,#1192),.UNSPECIFIED.,.F.,
  .F.,(2,2),(-15.46725097656,-13.64107910156),.PIECEWISE_BEZIER_KNOTS.);
#1191 = CARTESIAN_POINT('',(12.19939453125,29.108330078125));
#1192 = CARTESIAN_POINT('',(12.19939453125,27.282158203125));
#1193 = ( GEOMETRIC_REPRESENTATION_CONTEXT(2) 
PARAMETRIC_REPRESENTATION_CONTEXT() REPRESENTATION_CONTEXT('2D SPACE',''
  ) );
#1194 = PCURVE('',#1195,#1200);
#1195 = PLANE('',#1196);
#1196 = AXIS2_PLACEMENT_3D('',#1197,#1198,#1199);
#1197 = CARTESIAN_POINT('',(252.19939453125,-212.7178417968,18.2));
#1198 = DIRECTION('',(-1.,2.22044604925E-16,0.));
#1199 = DIRECTION('',(2.22044604925E-16,1.,0.));
#1200 = DEFINITIONAL_REPRESENTATION('',(#1201),#1204);
#1201 = B_SPLINE_CURVE_WITH_KNOTS('',1,(#1202,#1203),.UNSPECIFIED.,.F.,
  .F.,(2,2),(-15.46725097656,-13.64107910156),.PIECEWISE_BEZIER_KNOTS.);
#1202 = CARTESIAN_POINT('',(1.826171875,-1.4));
#1203 = CARTESIAN_POINT('',(0.,-1.4));
#1204 = ( GEOMETRIC_REPRESENTATION_CONTEXT(2) 
PARAMETRIC_REPRESENTATION_CONTEXT() REPRESENTATION_CONTEXT('2D SPACE',''
  ) );
#1205 = ORIENTED_EDGE('',*,*,#1206,.F.);
#1206 = EDGE_CURVE('',#1207,#1179,#1209,.T.);
#1207 = VERTEX_POINT('',#1208);
#1208 = CARTESIAN_POINT('',(247.45055840347,-210.8916699218,19.6));
#1209 = SURFACE_CURVE('',#1210,(#1214,#1220),.PCURVE_S1.);
#1210 = LINE('',#1211,#1212);
#1211 = CARTESIAN_POINT('',(246.27969726562,-210.8916699218,19.6));
#1212 = VECTOR('',#1213,1.);
#1213 = DIRECTION('',(1.,-2.22044604925E-16,0.));
#1214 = PCURVE('',#506,#1215);
#1215 = DEFINITIONAL_REPRESENTATION('',(#1216),#1219);
#1216 = B_SPLINE_CURVE_WITH_KNOTS('',1,(#1217,#1218),.UNSPECIFIED.,.F.,
  .F.,(2,2),(1.170861137849,5.919697265625),.PIECEWISE_BEZIER_KNOTS.);
#1217 = CARTESIAN_POINT('',(7.450558403474,29.108330078125));
#1218 = CARTESIAN_POINT('',(12.19939453125,29.108330078125));
#1219 = ( GEOMETRIC_REPRESENTATION_CONTEXT(2) 
PARAMETRIC_REPRESENTATION_CONTEXT() REPRESENTATION_CONTEXT('2D SPACE',''
  ) );
#1220 = PCURVE('',#1221,#1226);
#1221 = PLANE('',#1222);
#1222 = AXIS2_PLACEMENT_3D('',#1223,#1224,#1225);
#1223 = CARTESIAN_POINT('',(252.55939453125,-210.8916699218,18.2));
#1224 = DIRECTION('',(-2.22044604925E-16,-1.,0.));
#1225 = DIRECTION('',(-1.,2.22044604925E-16,0.));
#1226 = DEFINITIONAL_REPRESENTATION('',(#1227),#1230);
#1227 = B_SPLINE_CURVE_WITH_KNOTS('',1,(#1228,#1229),.UNSPECIFIED.,.F.,
  .F.,(2,2),(1.170861137849,5.919697265625),.PIECEWISE_BEZIER_KNOTS.);
#1228 = CARTESIAN_POINT('',(5.108836127776,-1.4));
#1229 = CARTESIAN_POINT('',(0.36,-1.4));
#1230 = ( GEOMETRIC_REPRESENTATION_CONTEXT(2) 
PARAMETRIC_REPRESENTATION_CONTEXT() REPRESENTATION_CONTEXT('2D SPACE',''
  ) );
#1231 = ORIENTED_EDGE('',*,*,#1232,.F.);
#1232 = EDGE_CURVE('',#1233,#1207,#1235,.T.);
#1233 = VERTEX_POINT('',#1234);
#1234 = CARTESIAN_POINT('',(247.7630078125,-212.4061816406,19.6));
#1235 = SURFACE_CURVE('',#1236,(#1240,#1246),.PCURVE_S1.);
#1236 = LINE('',#1237,#1238);
#1237 = CARTESIAN_POINT('',(250.14134602081,-223.9345154559,19.6));
#1238 = VECTOR('',#1239,1.);
#1239 = DIRECTION('',(-0.202048804344,0.979375454391,0.));
#1240 = PCURVE('',#506,#1241);
#1241 = DEFINITIONAL_REPRESENTATION('',(#1242),#1245);
#1242 = B_SPLINE_CURVE_WITH_KNOTS('',1,(#1243,#1244),.UNSPECIFIED.,.F.,
  .F.,(2,2),(11.771107560046,13.317513192288),.PIECEWISE_BEZIER_KNOTS.);
#1243 = CARTESIAN_POINT('',(7.7630078125,27.593818359375));
#1244 = CARTESIAN_POINT('',(7.450558403474,29.108330078125));
#1245 = ( GEOMETRIC_REPRESENTATION_CONTEXT(2) 
PARAMETRIC_REPRESENTATION_CONTEXT() REPRESENTATION_CONTEXT('2D SPACE',''
  ) );
#1246 = PCURVE('',#1247,#1252);
#1247 = PLANE('',#1248);
#1248 = AXIS2_PLACEMENT_3D('',#1249,#1250,#1251);
#1249 = CARTESIAN_POINT('',(247.3762890625,-210.5316699218,18.2));
#1250 = DIRECTION('',(0.979375454391,0.202048804344,0.));
#1251 = DIRECTION('',(0.202048804344,-0.979375454391,0.));
#1252 = DEFINITIONAL_REPRESENTATION('',(#1253),#1256);
#1253 = B_SPLINE_CURVE_WITH_KNOTS('',1,(#1254,#1255),.UNSPECIFIED.,.F.,
  .F.,(2,2),(11.771107560046,13.317513192288),.PIECEWISE_BEZIER_KNOTS.);
#1254 = CARTESIAN_POINT('',(1.913986827367,-1.4));
#1255 = CARTESIAN_POINT('',(0.367581195124,-1.4));
#1256 = ( GEOMETRIC_REPRESENTATION_CONTEXT(2) 
PARAMETRIC_REPRESENTATION_CONTEXT() REPRESENTATION_CONTEXT('2D SPACE',''
  ) );
#1257 = ORIENTED_EDGE('',*,*,#1258,.F.);
#1258 = EDGE_CURVE('',#1259,#1233,#1261,.T.);
#1259 = VERTEX_POINT('',#1260);
#1260 = CARTESIAN_POINT('',(247.68873847152,-212.4061816406,19.6));
#1261 = SURFACE_CURVE('',#1262,(#1266,#1272),.PCURVE_S1.);
#1262 = LINE('',#1263,#1264);
#1263 = CARTESIAN_POINT('',(243.88150390625,-212.4061816406,19.6));
#1264 = VECTOR('',#1265,1.);
#1265 = DIRECTION('',(1.,-2.22044604925E-16,0.));
#1266 = PCURVE('',#506,#1267);
#1267 = DEFINITIONAL_REPRESENTATION('',(#1268),#1271);
#1268 = B_SPLINE_CURVE_WITH_KNOTS('',1,(#1269,#1270),.UNSPECIFIED.,.F.,
  .F.,(2,2),(3.807234565276,3.88150390625),.PIECEWISE_BEZIER_KNOTS.);
#1269 = CARTESIAN_POINT('',(7.688738471526,27.593818359375));
#1270 = CARTESIAN_POINT('',(7.7630078125,27.593818359375));
#1271 = ( GEOMETRIC_REPRESENTATION_CONTEXT(2) 
PARAMETRIC_REPRESENTATION_CONTEXT() REPRESENTATION_CONTEXT('2D SPACE',''
  ) );
#1272 = PCURVE('',#1273,#1278);
#1273 = PLANE('',#1274);
#1274 = AXIS2_PLACEMENT_3D('',#1275,#1276,#1277);
#1275 = CARTESIAN_POINT('',(247.7630078125,-212.4061816406,18.2));
#1276 = DIRECTION('',(-2.22044604925E-16,-1.,0.));
#1277 = DIRECTION('',(-1.,2.22044604925E-16,0.));
#1278 = DEFINITIONAL_REPRESENTATION('',(#1279),#1282);
#1279 = B_SPLINE_CURVE_WITH_KNOTS('',1,(#1280,#1281),.UNSPECIFIED.,.F.,
  .F.,(2,2),(3.807234565276,3.88150390625),.PIECEWISE_BEZIER_KNOTS.);
#1280 = CARTESIAN_POINT('',(7.426934097421E-02,-1.4));
#1281 = CARTESIAN_POINT('',(0.,-1.4));
#1282 = ( GEOMETRIC_REPRESENTATION_CONTEXT(2) 
PARAMETRIC_REPRESENTATION_CONTEXT() REPRESENTATION_CONTEXT('2D SPACE',''
  ) );
#1283 = ORIENTED_EDGE('',*,*,#1284,.F.);
#1284 = EDGE_CURVE('',#1285,#1259,#1287,.T.);
#1285 = VERTEX_POINT('',#1286);
#1286 = CARTESIAN_POINT('',(247.7630078125,-212.7661816406,19.6));
#1287 = SURFACE_CURVE('',#1288,(#1292,#1298),.PCURVE_S1.);
#1288 = LINE('',#1289,#1290);
#1289 = CARTESIAN_POINT('',(250.10572732569,-224.1218637254,19.6));
#1290 = VECTOR('',#1291,1.);
#1291 = DIRECTION('',(-0.202048804344,0.979375454391,0.));
#1292 = PCURVE('',#506,#1293);
#1293 = DEFINITIONAL_REPRESENTATION('',(#1294),#1297);
#1294 = B_SPLINE_CURVE_WITH_KNOTS('',1,(#1295,#1296),.UNSPECIFIED.,.F.,
  .F.,(2,2),(11.594819978255,11.962401173379),.PIECEWISE_BEZIER_KNOTS.);
#1295 = CARTESIAN_POINT('',(7.7630078125,27.233818359375));
#1296 = CARTESIAN_POINT('',(7.688738471526,27.593818359375));
#1297 = ( GEOMETRIC_REPRESENTATION_CONTEXT(2) 
PARAMETRIC_REPRESENTATION_CONTEXT() REPRESENTATION_CONTEXT('2D SPACE',''
  ) );
#1298 = PCURVE('',#1299,#1304);
#1299 = PLANE('',#1300);
#1300 = AXIS2_PLACEMENT_3D('',#1301,#1302,#1303);
#1301 = CARTESIAN_POINT('',(247.3762890625,-210.8916699218,18.2));
#1302 = DIRECTION('',(0.979375454391,0.202048804344,0.));
#1303 = DIRECTION('',(0.202048804344,-0.979375454391,0.));
#1304 = DEFINITIONAL_REPRESENTATION('',(#1305),#1308);
#1305 = B_SPLINE_CURVE_WITH_KNOTS('',1,(#1306,#1307),.UNSPECIFIED.,.F.,
  .F.,(2,2),(11.594819978255,11.962401173379),.PIECEWISE_BEZIER_KNOTS.);
#1306 = CARTESIAN_POINT('',(1.913986827367,-1.4));
#1307 = CARTESIAN_POINT('',(1.546405632243,-1.4));
#1308 = ( GEOMETRIC_REPRESENTATION_CONTEXT(2) 
PARAMETRIC_REPRESENTATION_CONTEXT() REPRESENTATION_CONTEXT('2D SPACE',''
  ) );
#1309 = ORIENTED_EDGE('',*,*,#1310,.F.);
#1310 = EDGE_CURVE('',#1311,#1285,#1313,.T.);
#1311 = VERTEX_POINT('',#1312);
#1312 = CARTESIAN_POINT('',(245.99578125,-212.7661816406,19.6));
#1313 = SURFACE_CURVE('',#1314,(#1318,#1324),.PCURVE_S1.);
#1314 = LINE('',#1315,#1316);
#1315 = CARTESIAN_POINT('',(243.88150390625,-212.7661816406,19.6));
#1316 = VECTOR('',#1317,1.);
#1317 = DIRECTION('',(1.,-2.22044604925E-16,0.));
#1318 = PCURVE('',#506,#1319);
#1319 = DEFINITIONAL_REPRESENTATION('',(#1320),#1323);
#1320 = B_SPLINE_CURVE_WITH_KNOTS('',1,(#1321,#1322),.UNSPECIFIED.,.F.,
  .F.,(2,2),(2.11427734375,3.88150390625),.PIECEWISE_BEZIER_KNOTS.);
#1321 = CARTESIAN_POINT('',(5.99578125,27.233818359375));
#1322 = CARTESIAN_POINT('',(7.7630078125,27.233818359375));
#1323 = ( GEOMETRIC_REPRESENTATION_CONTEXT(2) 
PARAMETRIC_REPRESENTATION_CONTEXT() REPRESENTATION_CONTEXT('2D SPACE',''
  ) );
#1324 = PCURVE('',#1325,#1330);
#1325 = PLANE('',#1326);
#1326 = AXIS2_PLACEMENT_3D('',#1327,#1328,#1329);
#1327 = CARTESIAN_POINT('',(247.7630078125,-212.7661816406,18.2));
#1328 = DIRECTION('',(-2.22044604925E-16,-1.,0.));
#1329 = DIRECTION('',(-1.,2.22044604925E-16,0.));
#1330 = DEFINITIONAL_REPRESENTATION('',(#1331),#1334);
#1331 = B_SPLINE_CURVE_WITH_KNOTS('',1,(#1332,#1333),.UNSPECIFIED.,.F.,
  .F.,(2,2),(2.11427734375,3.88150390625),.PIECEWISE_BEZIER_KNOTS.);
#1332 = CARTESIAN_POINT('',(1.7672265625,-1.4));
#1333 = CARTESIAN_POINT('',(0.,-1.4));
#1334 = ( GEOMETRIC_REPRESENTATION_CONTEXT(2) 
PARAMETRIC_REPRESENTATION_CONTEXT() REPRESENTATION_CONTEXT('2D SPACE',''
  ) );
#1335 = ORIENTED_EDGE('',*,*,#1336,.F.);
#1336 = EDGE_CURVE('',#1337,#1311,#1339,.T.);
#1337 = VERTEX_POINT('',#1338);
#1338 = CARTESIAN_POINT('',(245.6090625,-210.9024121093,19.6));
#1339 = SURFACE_CURVE('',#1340,(#1344,#1350),.PCURVE_S1.);
#1340 = LINE('',#1341,#1342);
#1341 = CARTESIAN_POINT('',(248.58082813912,-225.224671509,19.6));
#1342 = VECTOR('',#1343,1.);
#1343 = DIRECTION('',(0.203165414809,-0.979144429707,0.));
#1344 = PCURVE('',#506,#1345);
#1345 = DEFINITIONAL_REPRESENTATION('',(#1346),#1349);
#1346 = B_SPLINE_CURVE_WITH_KNOTS('',1,(#1347,#1348),.UNSPECIFIED.,.F.,
  .F.,(2,2),(-14.62732051076,-12.72385308072),.PIECEWISE_BEZIER_KNOTS.);
#1347 = CARTESIAN_POINT('',(5.6090625,29.097587890625));
#1348 = CARTESIAN_POINT('',(5.99578125,27.233818359375));
#1349 = ( GEOMETRIC_REPRESENTATION_CONTEXT(2) 
PARAMETRIC_REPRESENTATION_CONTEXT() REPRESENTATION_CONTEXT('2D SPACE',''
  ) );
#1350 = PCURVE('',#1351,#1356);
#1351 = PLANE('',#1352);
#1352 = AXIS2_PLACEMENT_3D('',#1353,#1354,#1355);
#1353 = CARTESIAN_POINT('',(245.99578125,-212.7661816406,18.2));
#1354 = DIRECTION('',(-0.979144429707,-0.203165414809,0.));
#1355 = DIRECTION('',(-0.203165414809,0.979144429707,0.));
#1356 = DEFINITIONAL_REPRESENTATION('',(#1357),#1360);
#1357 = B_SPLINE_CURVE_WITH_KNOTS('',1,(#1358,#1359),.UNSPECIFIED.,.F.,
  .F.,(2,2),(-14.62732051076,-12.72385308072),.PIECEWISE_BEZIER_KNOTS.);
#1358 = CARTESIAN_POINT('',(1.903467430039,-1.4));
#1359 = CARTESIAN_POINT('',(0.,-1.4));
#1360 = ( GEOMETRIC_REPRESENTATION_CONTEXT(2) 
PARAMETRIC_REPRESENTATION_CONTEXT() REPRESENTATION_CONTEXT('2D SPACE',''
  ) );
#1361 = ORIENTED_EDGE('',*,*,#1362,.F.);
#1362 = EDGE_CURVE('',#1363,#1337,#1365,.T.);
#1363 = VERTEX_POINT('',#1364);
#1364 = CARTESIAN_POINT('',(245.6090625,-208.5765917968,19.6));
#1365 = SURFACE_CURVE('',#1366,(#1370,#1376),.PCURVE_S1.);
#1366 = LINE('',#1367,#1368);
#1367 = CARTESIAN_POINT('',(245.6090625,-225.2712060546,19.6));
#1368 = VECTOR('',#1369,1.);
#1369 = DIRECTION('',(-2.22044604925E-16,-1.,0.));
#1370 = PCURVE('',#506,#1371);
#1371 = DEFINITIONAL_REPRESENTATION('',(#1372),#1375);
#1372 = B_SPLINE_CURVE_WITH_KNOTS('',1,(#1373,#1374),.UNSPECIFIED.,.F.,
  .F.,(2,2),(-16.69461425781,-14.36879394531),.PIECEWISE_BEZIER_KNOTS.);
#1373 = CARTESIAN_POINT('',(5.6090625,31.423408203125));
#1374 = CARTESIAN_POINT('',(5.6090625,29.097587890625));
#1375 = ( GEOMETRIC_REPRESENTATION_CONTEXT(2) 
PARAMETRIC_REPRESENTATION_CONTEXT() REPRESENTATION_CONTEXT('2D SPACE',''
  ) );
#1376 = PCURVE('',#1377,#1382);
#1377 = PLANE('',#1378);
#1378 = AXIS2_PLACEMENT_3D('',#1379,#1380,#1381);
#1379 = CARTESIAN_POINT('',(245.6090625,-210.5424121093,18.2));
#1380 = DIRECTION('',(-1.,2.22044604925E-16,0.));
#1381 = DIRECTION('',(2.22044604925E-16,1.,0.));
#1382 = DEFINITIONAL_REPRESENTATION('',(#1383),#1386);
#1383 = B_SPLINE_CURVE_WITH_KNOTS('',1,(#1384,#1385),.UNSPECIFIED.,.F.,
  .F.,(2,2),(-16.69461425781,-14.36879394531),.PIECEWISE_BEZIER_KNOTS.);
#1384 = CARTESIAN_POINT('',(1.9658203125,-1.4));
#1385 = CARTESIAN_POINT('',(-0.36,-1.4));
#1386 = ( GEOMETRIC_REPRESENTATION_CONTEXT(2) 
PARAMETRIC_REPRESENTATION_CONTEXT() REPRESENTATION_CONTEXT('2D SPACE',''
  ) );
#1387 = ORIENTED_EDGE('',*,*,#1388,.F.);
#1388 = EDGE_CURVE('',#1389,#1363,#1391,.T.);
#1389 = VERTEX_POINT('',#1390);
#1390 = CARTESIAN_POINT('',(252.19939453125,-208.5765917968,19.6));
#1391 = SURFACE_CURVE('',#1392,(#1396,#1402),.PCURVE_S1.);
#1392 = LINE('',#1393,#1394);
#1393 = CARTESIAN_POINT('',(242.98453125,-208.5765917968,19.6));
#1394 = VECTOR('',#1395,1.);
#1395 = DIRECTION('',(-1.,2.22044604925E-16,0.));
#1396 = PCURVE('',#506,#1397);
#1397 = DEFINITIONAL_REPRESENTATION('',(#1398),#1401);
#1398 = B_SPLINE_CURVE_WITH_KNOTS('',1,(#1399,#1400),.UNSPECIFIED.,.F.,
  .F.,(2,2),(-9.21486328125,-2.62453125),.PIECEWISE_BEZIER_KNOTS.);
#1399 = CARTESIAN_POINT('',(12.19939453125,31.423408203125));
#1400 = CARTESIAN_POINT('',(5.6090625,31.423408203125));
#1401 = ( GEOMETRIC_REPRESENTATION_CONTEXT(2) 
PARAMETRIC_REPRESENTATION_CONTEXT() REPRESENTATION_CONTEXT('2D SPACE',''
  ) );
#1402 = PCURVE('',#1403,#1408);
#1403 = PLANE('',#1404);
#1404 = AXIS2_PLACEMENT_3D('',#1405,#1406,#1407);
#1405 = CARTESIAN_POINT('',(245.9690625,-208.5765917968,18.2));
#1406 = DIRECTION('',(2.22044604925E-16,1.,0.));
#1407 = DIRECTION('',(1.,-2.22044604925E-16,0.));
#1408 = DEFINITIONAL_REPRESENTATION('',(#1409),#1412);
#1409 = B_SPLINE_CURVE_WITH_KNOTS('',1,(#1410,#1411),.UNSPECIFIED.,.F.,
  .F.,(2,2),(-9.21486328125,-2.62453125),.PIECEWISE_BEZIER_KNOTS.);
#1410 = CARTESIAN_POINT('',(6.23033203125,-1.4));
#1411 = CARTESIAN_POINT('',(-0.36,-1.4));
#1412 = ( GEOMETRIC_REPRESENTATION_CONTEXT(2) 
PARAMETRIC_REPRESENTATION_CONTEXT() REPRESENTATION_CONTEXT('2D SPACE',''
  ) );
#1413 = ORIENTED_EDGE('',*,*,#1414,.F.);
#1414 = EDGE_CURVE('',#1415,#1389,#1417,.T.);
#1415 = VERTEX_POINT('',#1416);
#1416 = CARTESIAN_POINT('',(252.19939453125,-206.7504199218,19.6));
#1417 = SURFACE_CURVE('',#1418,(#1422,#1428),.PCURVE_S1.);
#1418 = LINE('',#1419,#1420);
#1419 = CARTESIAN_POINT('',(252.19939453125,-224.2882958984,19.6));
#1420 = VECTOR('',#1421,1.);
#1421 = DIRECTION('',(-2.22044604925E-16,-1.,0.));
#1422 = PCURVE('',#506,#1423);
#1423 = DEFINITIONAL_REPRESENTATION('',(#1424),#1427);
#1424 = B_SPLINE_CURVE_WITH_KNOTS('',1,(#1425,#1426),.UNSPECIFIED.,.F.,
  .F.,(2,2),(-17.53787597656,-15.71170410156),.PIECEWISE_BEZIER_KNOTS.);
#1425 = CARTESIAN_POINT('',(12.19939453125,33.249580078125));
#1426 = CARTESIAN_POINT('',(12.19939453125,31.423408203125));
#1427 = ( GEOMETRIC_REPRESENTATION_CONTEXT(2) 
PARAMETRIC_REPRESENTATION_CONTEXT() REPRESENTATION_CONTEXT('2D SPACE',''
  ) );
#1428 = PCURVE('',#1429,#1434);
#1429 = PLANE('',#1430);
#1430 = AXIS2_PLACEMENT_3D('',#1431,#1432,#1433);
#1431 = CARTESIAN_POINT('',(252.19939453125,-208.5765917968,18.2));
#1432 = DIRECTION('',(-1.,2.22044604925E-16,0.));
#1433 = DIRECTION('',(2.22044604925E-16,1.,0.));
#1434 = DEFINITIONAL_REPRESENTATION('',(#1435),#1438);
#1435 = B_SPLINE_CURVE_WITH_KNOTS('',1,(#1436,#1437),.UNSPECIFIED.,.F.,
  .F.,(2,2),(-17.53787597656,-15.71170410156),.PIECEWISE_BEZIER_KNOTS.);
#1436 = CARTESIAN_POINT('',(1.826171875,-1.4));
#1437 = CARTESIAN_POINT('',(0.,-1.4));
#1438 = ( GEOMETRIC_REPRESENTATION_CONTEXT(2) 
PARAMETRIC_REPRESENTATION_CONTEXT() REPRESENTATION_CONTEXT('2D SPACE',''
  ) );
#1439 = ORIENTED_EDGE('',*,*,#1440,.F.);
#1440 = EDGE_CURVE('',#1441,#1415,#1443,.T.);
#1441 = VERTEX_POINT('',#1442);
#1442 = CARTESIAN_POINT('',(253.98810546875,-206.7504199218,19.6));
#1443 = SURFACE_CURVE('',#1444,(#1448,#1454),.PCURVE_S1.);
#1444 = LINE('',#1445,#1446);
#1445 = CARTESIAN_POINT('',(246.27969726562,-206.7504199218,19.6));
#1446 = VECTOR('',#1447,1.);
#1447 = DIRECTION('',(-1.,2.22044604925E-16,0.));
#1448 = PCURVE('',#506,#1449);
#1449 = DEFINITIONAL_REPRESENTATION('',(#1450),#1453);
#1450 = B_SPLINE_CURVE_WITH_KNOTS('',1,(#1451,#1452),.UNSPECIFIED.,.F.,
  .F.,(2,2),(-7.708408203125,-5.919697265625),.PIECEWISE_BEZIER_KNOTS.);
#1451 = CARTESIAN_POINT('',(13.98810546875,33.249580078125));
#1452 = CARTESIAN_POINT('',(12.19939453125,33.249580078125));
#1453 = ( GEOMETRIC_REPRESENTATION_CONTEXT(2) 
PARAMETRIC_REPRESENTATION_CONTEXT() REPRESENTATION_CONTEXT('2D SPACE',''
  ) );
#1454 = PCURVE('',#1455,#1460);
#1455 = PLANE('',#1456);
#1456 = AXIS2_PLACEMENT_3D('',#1457,#1458,#1459);
#1457 = CARTESIAN_POINT('',(252.55939453125,-206.7504199218,18.2));
#1458 = DIRECTION('',(2.22044604925E-16,1.,0.));
#1459 = DIRECTION('',(1.,-2.22044604925E-16,0.));
#1460 = DEFINITIONAL_REPRESENTATION('',(#1461),#1464);
#1461 = B_SPLINE_CURVE_WITH_KNOTS('',1,(#1462,#1463),.UNSPECIFIED.,.F.,
  .F.,(2,2),(-7.708408203125,-5.919697265625),.PIECEWISE_BEZIER_KNOTS.);
#1462 = CARTESIAN_POINT('',(1.4287109375,-1.4));
#1463 = CARTESIAN_POINT('',(-0.36,-1.4));
#1464 = ( GEOMETRIC_REPRESENTATION_CONTEXT(2) 
PARAMETRIC_REPRESENTATION_CONTEXT() REPRESENTATION_CONTEXT('2D SPACE',''
  ) );
#1465 = ORIENTED_EDGE('',*,*,#1466,.F.);
#1466 = EDGE_CURVE('',#1467,#1441,#1469,.T.);
#1467 = VERTEX_POINT('',#1468);
#1468 = CARTESIAN_POINT('',(253.98810546875,-212.7178417968,19.6));
#1469 = SURFACE_CURVE('',#1470,(#1474,#1480),.PCURVE_S1.);
#1470 = LINE('',#1471,#1472);
#1471 = CARTESIAN_POINT('',(253.98810546875,-223.5552099609,19.6));
#1472 = VECTOR('',#1473,1.);
#1473 = DIRECTION('',(2.22044604925E-16,1.,-0.));
#1474 = PCURVE('',#506,#1475);
#1475 = DEFINITIONAL_REPRESENTATION('',(#1476),#1479);
#1476 = B_SPLINE_CURVE_WITH_KNOTS('',1,(#1477,#1478),.UNSPECIFIED.,.F.,
  .F.,(2,2),(10.837368164062,16.804790039062),.PIECEWISE_BEZIER_KNOTS.);
#1477 = CARTESIAN_POINT('',(13.98810546875,27.282158203125));
#1478 = CARTESIAN_POINT('',(13.98810546875,33.249580078125));
#1479 = ( GEOMETRIC_REPRESENTATION_CONTEXT(2) 
PARAMETRIC_REPRESENTATION_CONTEXT() REPRESENTATION_CONTEXT('2D SPACE',''
  ) );
#1480 = PCURVE('',#1481,#1486);
#1481 = PLANE('',#1482);
#1482 = AXIS2_PLACEMENT_3D('',#1483,#1484,#1485);
#1483 = CARTESIAN_POINT('',(253.98810546875,-207.1104199218,18.2));
#1484 = DIRECTION('',(1.,-2.22044604925E-16,-0.));
#1485 = DIRECTION('',(-2.22044604925E-16,-1.,0.));
#1486 = DEFINITIONAL_REPRESENTATION('',(#1487),#1490);
#1487 = B_SPLINE_CURVE_WITH_KNOTS('',1,(#1488,#1489),.UNSPECIFIED.,.F.,
  .F.,(2,2),(10.837368164062,16.804790039062),.PIECEWISE_BEZIER_KNOTS.);
#1488 = CARTESIAN_POINT('',(5.607421875,-1.4));
#1489 = CARTESIAN_POINT('',(-0.36,-1.4));
#1490 = ( GEOMETRIC_REPRESENTATION_CONTEXT(2) 
PARAMETRIC_REPRESENTATION_CONTEXT() REPRESENTATION_CONTEXT('2D SPACE',''
  ) );
#1491 = ORIENTED_EDGE('',*,*,#1492,.F.);
#1492 = EDGE_CURVE('',#1181,#1467,#1493,.T.);
#1493 = SURFACE_CURVE('',#1494,(#1498,#1504),.PCURVE_S1.);
#1494 = LINE('',#1495,#1496);
#1495 = CARTESIAN_POINT('',(246.99405273437,-212.7178417968,19.6));
#1496 = VECTOR('',#1497,1.);
#1497 = DIRECTION('',(1.,-2.22044604925E-16,0.));
#1498 = PCURVE('',#506,#1499);
#1499 = DEFINITIONAL_REPRESENTATION('',(#1500),#1503);
#1500 = B_SPLINE_CURVE_WITH_KNOTS('',1,(#1501,#1502),.UNSPECIFIED.,.F.,
  .F.,(2,2),(5.205341796875,6.994052734375),.PIECEWISE_BEZIER_KNOTS.);
#1501 = CARTESIAN_POINT('',(12.19939453125,27.282158203125));
#1502 = CARTESIAN_POINT('',(13.98810546875,27.282158203125));
#1503 = ( GEOMETRIC_REPRESENTATION_CONTEXT(2) 
PARAMETRIC_REPRESENTATION_CONTEXT() REPRESENTATION_CONTEXT('2D SPACE',''
  ) );
#1504 = PCURVE('',#1505,#1510);
#1505 = PLANE('',#1506);
#1506 = AXIS2_PLACEMENT_3D('',#1507,#1508,#1509);
#1507 = CARTESIAN_POINT('',(253.98810546875,-212.7178417968,18.2));
#1508 = DIRECTION('',(-2.22044604925E-16,-1.,0.));
#1509 = DIRECTION('',(-1.,2.22044604925E-16,0.));
#1510 = DEFINITIONAL_REPRESENTATION('',(#1511),#1514);
#1511 = B_SPLINE_CURVE_WITH_KNOTS('',1,(#1512,#1513),.UNSPECIFIED.,.F.,
  .F.,(2,2),(5.205341796875,6.994052734375),.PIECEWISE_BEZIER_KNOTS.);
#1512 = CARTESIAN_POINT('',(1.7887109375,-1.4));
#1513 = CARTESIAN_POINT('',(0.,-1.4));
#1514 = ( GEOMETRIC_REPRESENTATION_CONTEXT(2) 
PARAMETRIC_REPRESENTATION_CONTEXT() REPRESENTATION_CONTEXT('2D SPACE',''
  ) );
#1515 = FACE_BOUND('',#1516,.T.);
#1516 = EDGE_LOOP('',(#1517,#1545,#1571,#1597,#1623,#1649,#1691,#1730,
    #1781,#1838,#1880,#1922,#1948,#1984,#2010,#2049,#2088,#2124,#2160,
    #2235,#2310,#2346,#2382,#2433,#2502));
#1517 = ORIENTED_EDGE('',*,*,#1518,.F.);
#1518 = EDGE_CURVE('',#1519,#1521,#1523,.T.);
#1519 = VERTEX_POINT('',#1520);
#1520 = CARTESIAN_POINT('',(252.1080859375,-146.9491503906,19.6));
#1521 = VERTEX_POINT('',#1522);
#1522 = CARTESIAN_POINT('',(252.1080859375,-150.0678161272,19.6));
#1523 = SURFACE_CURVE('',#1524,(#1528,#1534),.PCURVE_S1.);
#1524 = LINE('',#1525,#1526);
#1525 = CARTESIAN_POINT('',(252.1080859375,-195.2389794921,19.6));
#1526 = VECTOR('',#1527,1.);
#1527 = DIRECTION('',(-2.22044604925E-16,-1.,0.));
#1528 = PCURVE('',#506,#1529);
#1529 = DEFINITIONAL_REPRESENTATION('',(#1530),#1533);
#1530 = B_SPLINE_CURVE_WITH_KNOTS('',1,(#1531,#1532),.UNSPECIFIED.,.F.,
  .F.,(2,2),(-48.28982910156,-45.17116336495),.PIECEWISE_BEZIER_KNOTS.);
#1531 = CARTESIAN_POINT('',(12.1080859375,93.050849609375));
#1532 = CARTESIAN_POINT('',(12.1080859375,89.932183872768));
#1533 = ( GEOMETRIC_REPRESENTATION_CONTEXT(2) 
PARAMETRIC_REPRESENTATION_CONTEXT() REPRESENTATION_CONTEXT('2D SPACE',''
  ) );
#1534 = PCURVE('',#1535,#1540);
#1535 = PLANE('',#1536);
#1536 = AXIS2_PLACEMENT_3D('',#1537,#1538,#1539);
#1537 = CARTESIAN_POINT('',(252.1080859375,-150.4779589843,18.2));
#1538 = DIRECTION('',(-1.,2.22044604925E-16,0.));
#1539 = DIRECTION('',(2.22044604925E-16,1.,0.));
#1540 = DEFINITIONAL_REPRESENTATION('',(#1541),#1544);
#1541 = B_SPLINE_CURVE_WITH_KNOTS('',1,(#1542,#1543),.UNSPECIFIED.,.F.,
  .F.,(2,2),(-48.28982910156,-45.17116336495),.PIECEWISE_BEZIER_KNOTS.);
#1542 = CARTESIAN_POINT('',(3.52880859375,-1.4));
#1543 = CARTESIAN_POINT('',(0.410142857143,-1.4));
#1544 = ( GEOMETRIC_REPRESENTATION_CONTEXT(2) 
PARAMETRIC_REPRESENTATION_CONTEXT() REPRESENTATION_CONTEXT('2D SPACE',''
  ) );
#1545 = ORIENTED_EDGE('',*,*,#1546,.F.);
#1546 = EDGE_CURVE('',#1547,#1519,#1549,.T.);
#1547 = VERTEX_POINT('',#1548);
#1548 = CARTESIAN_POINT('',(253.98810546875,-146.9491503906,19.6));
#1549 = SURFACE_CURVE('',#1550,(#1554,#1560),.PCURVE_S1.);
#1550 = LINE('',#1551,#1552);
#1551 = CARTESIAN_POINT('',(246.23404296875,-146.9491503906,19.6));
#1552 = VECTOR('',#1553,1.);
#1553 = DIRECTION('',(-1.,2.22044604925E-16,0.));
#1554 = PCURVE('',#506,#1555);
#1555 = DEFINITIONAL_REPRESENTATION('',(#1556),#1559);
#1556 = B_SPLINE_CURVE_WITH_KNOTS('',1,(#1557,#1558),.UNSPECIFIED.,.F.,
  .F.,(2,2),(-7.7540625,-5.87404296875),.PIECEWISE_BEZIER_KNOTS.);
#1557 = CARTESIAN_POINT('',(13.98810546875,93.050849609375));
#1558 = CARTESIAN_POINT('',(12.1080859375,93.050849609375));
#1559 = ( GEOMETRIC_REPRESENTATION_CONTEXT(2) 
PARAMETRIC_REPRESENTATION_CONTEXT() REPRESENTATION_CONTEXT('2D SPACE',''
  ) );
#1560 = PCURVE('',#1561,#1566);
#1561 = PLANE('',#1562);
#1562 = AXIS2_PLACEMENT_3D('',#1563,#1564,#1565);
#1563 = CARTESIAN_POINT('',(252.4680859375,-146.9491503906,18.2));
#1564 = DIRECTION('',(2.22044604925E-16,1.,0.));
#1565 = DIRECTION('',(1.,-2.22044604925E-16,0.));
#1566 = DEFINITIONAL_REPRESENTATION('',(#1567),#1570);
#1567 = B_SPLINE_CURVE_WITH_KNOTS('',1,(#1568,#1569),.UNSPECIFIED.,.F.,
  .F.,(2,2),(-7.7540625,-5.87404296875),.PIECEWISE_BEZIER_KNOTS.);
#1568 = CARTESIAN_POINT('',(1.52001953125,-1.4));
#1569 = CARTESIAN_POINT('',(-0.36,-1.4));
#1570 = ( GEOMETRIC_REPRESENTATION_CONTEXT(2) 
PARAMETRIC_REPRESENTATION_CONTEXT() REPRESENTATION_CONTEXT('2D SPACE',''
  ) );
#1571 = ORIENTED_EDGE('',*,*,#1572,.F.);
#1572 = EDGE_CURVE('',#1573,#1547,#1575,.T.);
#1573 = VERTEX_POINT('',#1574);
#1574 = CARTESIAN_POINT('',(253.98810546875,-153.1367871093,19.6));
#1575 = SURFACE_CURVE('',#1576,(#1580,#1586),.PCURVE_S1.);
#1576 = LINE('',#1577,#1578);
#1577 = CARTESIAN_POINT('',(253.98810546875,-193.4745751953,19.6));
#1578 = VECTOR('',#1579,1.);
#1579 = DIRECTION('',(2.22044604925E-16,1.,-0.));
#1580 = PCURVE('',#506,#1581);
#1581 = DEFINITIONAL_REPRESENTATION('',(#1582),#1585);
#1582 = B_SPLINE_CURVE_WITH_KNOTS('',1,(#1583,#1584),.UNSPECIFIED.,.F.,
  .F.,(2,2),(40.337788085938,46.525424804688),.PIECEWISE_BEZIER_KNOTS.);
#1583 = CARTESIAN_POINT('',(13.98810546875,86.863212890625));
#1584 = CARTESIAN_POINT('',(13.98810546875,93.050849609375));
#1585 = ( GEOMETRIC_REPRESENTATION_CONTEXT(2) 
PARAMETRIC_REPRESENTATION_CONTEXT() REPRESENTATION_CONTEXT('2D SPACE',''
  ) );
#1586 = PCURVE('',#1587,#1592);
#1587 = PLANE('',#1588);
#1588 = AXIS2_PLACEMENT_3D('',#1589,#1590,#1591);
#1589 = CARTESIAN_POINT('',(253.98810546875,-146.9491503906,18.2));
#1590 = DIRECTION('',(1.,-2.22044604925E-16,-0.));
#1591 = DIRECTION('',(-2.22044604925E-16,-1.,0.));
#1592 = DEFINITIONAL_REPRESENTATION('',(#1593),#1596);
#1593 = B_SPLINE_CURVE_WITH_KNOTS('',1,(#1594,#1595),.UNSPECIFIED.,.F.,
  .F.,(2,2),(40.337788085938,46.525424804688),.PIECEWISE_BEZIER_KNOTS.);
#1594 = CARTESIAN_POINT('',(6.18763671875,-1.4));
#1595 = CARTESIAN_POINT('',(0.,-1.4));
#1596 = ( GEOMETRIC_REPRESENTATION_CONTEXT(2) 
PARAMETRIC_REPRESENTATION_CONTEXT() REPRESENTATION_CONTEXT('2D SPACE',''
  ) );
#1597 = ORIENTED_EDGE('',*,*,#1598,.F.);
#1598 = EDGE_CURVE('',#1599,#1573,#1601,.T.);
#1599 = VERTEX_POINT('',#1600);
#1600 = CARTESIAN_POINT('',(252.1080859375,-153.1367871093,19.6));
#1601 = SURFACE_CURVE('',#1602,(#1606,#1612),.PCURVE_S1.);
#1602 = LINE('',#1603,#1604);
#1603 = CARTESIAN_POINT('',(246.99405273437,-153.1367871093,19.6));
#1604 = VECTOR('',#1605,1.);
#1605 = DIRECTION('',(1.,-2.22044604925E-16,0.));
#1606 = PCURVE('',#506,#1607);
#1607 = DEFINITIONAL_REPRESENTATION('',(#1608),#1611);
#1608 = B_SPLINE_CURVE_WITH_KNOTS('',1,(#1609,#1610),.UNSPECIFIED.,.F.,
  .F.,(2,2),(5.114033203125,6.994052734375),.PIECEWISE_BEZIER_KNOTS.);
#1609 = CARTESIAN_POINT('',(12.1080859375,86.863212890625));
#1610 = CARTESIAN_POINT('',(13.98810546875,86.863212890625));
#1611 = ( GEOMETRIC_REPRESENTATION_CONTEXT(2) 
PARAMETRIC_REPRESENTATION_CONTEXT() REPRESENTATION_CONTEXT('2D SPACE',''
  ) );
#1612 = PCURVE('',#1613,#1618);
#1613 = PLANE('',#1614);
#1614 = AXIS2_PLACEMENT_3D('',#1615,#1616,#1617);
#1615 = CARTESIAN_POINT('',(253.98810546875,-153.1367871093,18.2));
#1616 = DIRECTION('',(-2.22044604925E-16,-1.,0.));
#1617 = DIRECTION('',(-1.,2.22044604925E-16,0.));
#1618 = DEFINITIONAL_REPRESENTATION('',(#1619),#1622);
#1619 = B_SPLINE_CURVE_WITH_KNOTS('',1,(#1620,#1621),.UNSPECIFIED.,.F.,
  .F.,(2,2),(5.114033203125,6.994052734375),.PIECEWISE_BEZIER_KNOTS.);
#1620 = CARTESIAN_POINT('',(1.88001953125,-1.4));
#1621 = CARTESIAN_POINT('',(0.,-1.4));
#1622 = ( GEOMETRIC_REPRESENTATION_CONTEXT(2) 
PARAMETRIC_REPRESENTATION_CONTEXT() REPRESENTATION_CONTEXT('2D SPACE',''
  ) );
#1623 = ORIENTED_EDGE('',*,*,#1624,.F.);
#1624 = EDGE_CURVE('',#1625,#1599,#1627,.T.);
#1625 = VERTEX_POINT('',#1626);
#1626 = CARTESIAN_POINT('',(249.52458984375,-150.2095410156,19.6));
#1627 = SURFACE_CURVE('',#1628,(#1632,#1638),.PCURVE_S1.);
#1628 = LINE('',#1629,#1630);
#1629 = CARTESIAN_POINT('',(271.0047051445,-174.5477173959,19.6));
#1630 = VECTOR('',#1631,1.);
#1631 = DIRECTION('',(0.661712631954,-0.749757555956,0.));
#1632 = PCURVE('',#506,#1633);
#1633 = DEFINITIONAL_REPRESENTATION('',(#1634),#1637);
#1634 = B_SPLINE_CURVE_WITH_KNOTS('',1,(#1635,#1636),.UNSPECIFIED.,.F.,
  .F.,(2,2),(-32.46139526963,-28.55713839286),.PIECEWISE_BEZIER_KNOTS.);
#1635 = CARTESIAN_POINT('',(9.52458984375,89.790458984375));
#1636 = CARTESIAN_POINT('',(12.1080859375,86.863212890625));
#1637 = ( GEOMETRIC_REPRESENTATION_CONTEXT(2) 
PARAMETRIC_REPRESENTATION_CONTEXT() REPRESENTATION_CONTEXT('2D SPACE',''
  ) );
#1638 = PCURVE('',#1639,#1644);
#1639 = PLANE('',#1640);
#1640 = AXIS2_PLACEMENT_3D('',#1641,#1642,#1643);
#1641 = CARTESIAN_POINT('',(252.1080859375,-153.1367871093,18.2));
#1642 = DIRECTION('',(-0.749757555956,-0.661712631954,0.));
#1643 = DIRECTION('',(-0.661712631954,0.749757555956,0.));
#1644 = DEFINITIONAL_REPRESENTATION('',(#1645),#1648);
#1645 = B_SPLINE_CURVE_WITH_KNOTS('',1,(#1646,#1647),.UNSPECIFIED.,.F.,
  .F.,(2,2),(-32.46139526963,-28.55713839286),.PIECEWISE_BEZIER_KNOTS.);
#1646 = CARTESIAN_POINT('',(3.904256876769,-1.4));
#1647 = CARTESIAN_POINT('',(0.,-1.4));
#1648 = ( GEOMETRIC_REPRESENTATION_CONTEXT(2) 
PARAMETRIC_REPRESENTATION_CONTEXT() REPRESENTATION_CONTEXT('2D SPACE',''
  ) );
#1649 = ORIENTED_EDGE('',*,*,#1650,.F.);
#1650 = EDGE_CURVE('',#1651,#1625,#1653,.T.);
#1651 = VERTEX_POINT('',#1652);
#1652 = CARTESIAN_POINT('',(248.83171875,-149.6294628906,19.6));
#1653 = SURFACE_CURVE('',#1654,(#1662,#1673),.PCURVE_S1.);
#1654 = B_SPLINE_CURVE_WITH_KNOTS('',6,(#1655,#1656,#1657,#1658,#1659,
    #1660,#1661),.UNSPECIFIED.,.F.,.F.,(7,7),(0.,1.),
  .PIECEWISE_BEZIER_KNOTS.);
#1655 = CARTESIAN_POINT('',(248.83171875,-149.6294628906,19.6));
#1656 = CARTESIAN_POINT('',(248.95229581103,-149.6964501467,19.6));
#1657 = CARTESIAN_POINT('',(249.07125113455,-149.7774043994,19.6));
#1658 = CARTESIAN_POINT('',(249.18812619913,-149.8707511591,19.6));
#1659 = CARTESIAN_POINT('',(249.30267823696,-149.9748104323,19.6));
#1660 = CARTESIAN_POINT('',(249.41481721104,-150.0881258309,19.6));
#1661 = CARTESIAN_POINT('',(249.52458984375,-150.2095410156,19.6));
#1662 = PCURVE('',#506,#1663);
#1663 = DEFINITIONAL_REPRESENTATION('',(#1664),#1672);
#1664 = B_SPLINE_CURVE_WITH_KNOTS('',6,(#1665,#1666,#1667,#1668,#1669,
    #1670,#1671),.UNSPECIFIED.,.F.,.F.,(7,7),(0.,1.),
  .PIECEWISE_BEZIER_KNOTS.);
#1665 = CARTESIAN_POINT('',(8.83171875,90.370537109375));
#1666 = CARTESIAN_POINT('',(8.952295811032,90.303549853246));
#1667 = CARTESIAN_POINT('',(9.071251134556,90.222595600551));
#1668 = CARTESIAN_POINT('',(9.188126199135,90.129248840852));
#1669 = CARTESIAN_POINT('',(9.302678236967,90.025189567646));
#1670 = CARTESIAN_POINT('',(9.414817211049,89.911874169029));
#1671 = CARTESIAN_POINT('',(9.52458984375,89.790458984375));
#1672 = ( GEOMETRIC_REPRESENTATION_CONTEXT(2) 
PARAMETRIC_REPRESENTATION_CONTEXT() REPRESENTATION_CONTEXT('2D SPACE',''
  ) );
#1673 = PCURVE('',#1674,#1681);
#1674 = SURFACE_OF_LINEAR_EXTRUSION('',#1675,#1679);
#1675 = B_SPLINE_CURVE_WITH_KNOTS('',2,(#1676,#1677,#1678),
  .UNSPECIFIED.,.F.,.F.,(3,3),(0.,1.),.PIECEWISE_BEZIER_KNOTS.);
#1676 = CARTESIAN_POINT('',(249.52458984375,-150.2095410156,18.2));
#1677 = CARTESIAN_POINT('',(249.17009765625,-149.8174511718,18.2));
#1678 = CARTESIAN_POINT('',(248.83171875,-149.6294628906,18.2));
#1679 = VECTOR('',#1680,1.);
#1680 = DIRECTION('',(-0.,0.,-1.));
#1681 = DEFINITIONAL_REPRESENTATION('',(#1682),#1690);
#1682 = B_SPLINE_CURVE_WITH_KNOTS('',6,(#1683,#1684,#1685,#1686,#1687,
    #1688,#1689),.UNSPECIFIED.,.F.,.F.,(7,7),(0.,1.),
  .PIECEWISE_BEZIER_KNOTS.);
#1683 = CARTESIAN_POINT('',(1.,-1.4));
#1684 = CARTESIAN_POINT('',(0.821831297985,-1.4));
#1685 = CARTESIAN_POINT('',(0.647872916607,-1.4));
#1686 = CARTESIAN_POINT('',(0.478641363841,-1.4));
#1687 = CARTESIAN_POINT('',(0.314306846631,-1.4));
#1688 = CARTESIAN_POINT('',(0.154830820779,-1.4));
#1689 = CARTESIAN_POINT('',(0.,-1.4));
#1690 = ( GEOMETRIC_REPRESENTATION_CONTEXT(2) 
PARAMETRIC_REPRESENTATION_CONTEXT() REPRESENTATION_CONTEXT('2D SPACE',''
  ) );
#1691 = ORIENTED_EDGE('',*,*,#1692,.F.);
#1692 = EDGE_CURVE('',#1693,#1651,#1695,.T.);
#1693 = VERTEX_POINT('',#1694);
#1694 = CARTESIAN_POINT('',(248.30275375495,-149.4524140172,19.6));
#1695 = SURFACE_CURVE('',#1696,(#1703,#1713),.PCURVE_S1.);
#1696 = B_SPLINE_CURVE_WITH_KNOTS('',5,(#1697,#1698,#1699,#1700,#1701,
    #1702),.UNSPECIFIED.,.F.,.F.,(6,6),(0.,1.),
  .PIECEWISE_BEZIER_KNOTS.);
#1697 = CARTESIAN_POINT('',(248.30275332444,-149.4524139628,19.6));
#1698 = CARTESIAN_POINT('',(248.41249934404,-149.4662863362,19.6));
#1699 = CARTESIAN_POINT('',(248.52074644717,-149.4911625937,19.6));
#1700 = CARTESIAN_POINT('',(248.62695016788,-149.527003573,19.6));
#1701 = CARTESIAN_POINT('',(248.7307067706,-149.5733451242,19.6));
#1702 = CARTESIAN_POINT('',(248.83171875,-149.6294628906,19.6));
#1703 = PCURVE('',#506,#1704);
#1704 = DEFINITIONAL_REPRESENTATION('',(#1705),#1712);
#1705 = B_SPLINE_CURVE_WITH_KNOTS('',5,(#1706,#1707,#1708,#1709,#1710,
    #1711),.UNSPECIFIED.,.F.,.F.,(6,6),(0.,1.),
  .PIECEWISE_BEZIER_KNOTS.);
#1706 = CARTESIAN_POINT('',(8.302753324448,90.547586037148));
#1707 = CARTESIAN_POINT('',(8.412499344049,90.5337136638));
#1708 = CARTESIAN_POINT('',(8.520746447171,90.508837406257));
#1709 = CARTESIAN_POINT('',(8.62695016788,90.472996426944));
#1710 = CARTESIAN_POINT('',(8.730706770606,90.426654875705));
#1711 = CARTESIAN_POINT('',(8.83171875,90.370537109375));
#1712 = ( GEOMETRIC_REPRESENTATION_CONTEXT(2) 
PARAMETRIC_REPRESENTATION_CONTEXT() REPRESENTATION_CONTEXT('2D SPACE',''
  ) );
#1713 = PCURVE('',#1714,#1721);
#1714 = SURFACE_OF_LINEAR_EXTRUSION('',#1715,#1719);
#1715 = B_SPLINE_CURVE_WITH_KNOTS('',2,(#1716,#1717,#1718),
  .UNSPECIFIED.,.F.,.F.,(3,3),(0.,1.),.PIECEWISE_BEZIER_KNOTS.);
#1716 = CARTESIAN_POINT('',(248.83171875,-149.6294628906,18.2));
#1717 = CARTESIAN_POINT('',(248.49333984375,-149.4414746093,18.2));
#1718 = CARTESIAN_POINT('',(248.12810546875,-149.4414746093,18.2));
#1719 = VECTOR('',#1720,1.);
#1720 = DIRECTION('',(-0.,0.,-1.));
#1721 = DEFINITIONAL_REPRESENTATION('',(#1722),#1729);
#1722 = B_SPLINE_CURVE_WITH_KNOTS('',5,(#1723,#1724,#1725,#1726,#1727,
    #1728),.UNSPECIFIED.,.F.,.F.,(6,6),(0.,1.),
  .PIECEWISE_BEZIER_KNOTS.);
#1723 = CARTESIAN_POINT('',(0.75877048747,-1.4));
#1724 = CARTESIAN_POINT('',(0.605816939189,-1.4));
#1725 = CARTESIAN_POINT('',(0.452763363385,-1.4));
#1726 = CARTESIAN_POINT('',(0.300362784153,-1.4));
#1727 = CARTESIAN_POINT('',(0.149258682395,-1.4));
#1728 = CARTESIAN_POINT('',(0.,-1.4));
#1729 = ( GEOMETRIC_REPRESENTATION_CONTEXT(2) 
PARAMETRIC_REPRESENTATION_CONTEXT() REPRESENTATION_CONTEXT('2D SPACE',''
  ) );
#1730 = ORIENTED_EDGE('',*,*,#1731,.F.);
#1731 = EDGE_CURVE('',#1732,#1693,#1734,.T.);
#1732 = VERTEX_POINT('',#1733);
#1733 = CARTESIAN_POINT('',(247.580390625,-149.8201367187,19.6));
#1734 = SURFACE_CURVE('',#1735,(#1746,#1760),.PCURVE_S1.);
#1735 = B_SPLINE_CURVE_WITH_KNOTS('',5,(#1736,#1737,#1738,#1739,#1740,
    #1741,#1742,#1743,#1744,#1745),.UNSPECIFIED.,.F.,.F.,(6,4,6),(0.,
    0.422412733953,1.),.UNSPECIFIED.);
#1736 = CARTESIAN_POINT('',(247.580390625,-149.8201367187,19.6));
#1737 = CARTESIAN_POINT('',(247.62802122574,-149.7676686351,19.6));
#1738 = CARTESIAN_POINT('',(247.67884439928,-149.7191383823,19.6));
#1739 = CARTESIAN_POINT('',(247.73282588257,-149.6749281375,19.6));
#1740 = CARTESIAN_POINT('',(247.78983835071,-149.6353346418,19.6));
#1741 = CARTESIAN_POINT('',(247.93136222023,-149.5528903729,19.6));
#1742 = CARTESIAN_POINT('',(248.01830781934,-149.5141710974,19.6));
#1743 = CARTESIAN_POINT('',(248.10976960501,-149.4847626189,19.6));
#1744 = CARTESIAN_POINT('',(248.20487805434,-149.4643778077,19.6));
#1745 = CARTESIAN_POINT('',(248.30275438679,-149.45241394,19.6));
#1746 = PCURVE('',#506,#1747);
#1747 = DEFINITIONAL_REPRESENTATION('',(#1748),#1759);
#1748 = B_SPLINE_CURVE_WITH_KNOTS('',5,(#1749,#1750,#1751,#1752,#1753,
    #1754,#1755,#1756,#1757,#1758),.UNSPECIFIED.,.F.,.F.,(6,4,6),(0.,
    0.422412733953,1.),.UNSPECIFIED.);
#1749 = CARTESIAN_POINT('',(7.580390625,90.17986328125));
#1750 = CARTESIAN_POINT('',(7.628021225749,90.232331364887));
#1751 = CARTESIAN_POINT('',(7.678844399282,90.280861617693));
#1752 = CARTESIAN_POINT('',(7.732825882571,90.325071862483));
#1753 = CARTESIAN_POINT('',(7.789838350712,90.364665358145));
#1754 = CARTESIAN_POINT('',(7.931362220238,90.447109627034));
#1755 = CARTESIAN_POINT('',(8.018307819346,90.485828902518));
#1756 = CARTESIAN_POINT('',(8.10976960501,90.51523738104));
#1757 = CARTESIAN_POINT('',(8.204878054346,90.535622192262));
#1758 = CARTESIAN_POINT('',(8.302754386798,90.547586059963));
#1759 = ( GEOMETRIC_REPRESENTATION_CONTEXT(2) 
PARAMETRIC_REPRESENTATION_CONTEXT() REPRESENTATION_CONTEXT('2D SPACE',''
  ) );
#1760 = PCURVE('',#1761,#1768);
#1761 = SURFACE_OF_LINEAR_EXTRUSION('',#1762,#1766);
#1762 = B_SPLINE_CURVE_WITH_KNOTS('',2,(#1763,#1764,#1765),
  .UNSPECIFIED.,.F.,.F.,(3,3),(0.,1.),.PIECEWISE_BEZIER_KNOTS.);
#1763 = CARTESIAN_POINT('',(248.48810546875,-149.4414746093,18.2));
#1764 = CARTESIAN_POINT('',(247.924140625,-149.4414746093,18.2));
#1765 = CARTESIAN_POINT('',(247.580390625,-149.8201367187,18.2));
#1766 = VECTOR('',#1767,1.);
#1767 = DIRECTION('',(-0.,0.,-1.));
#1768 = DEFINITIONAL_REPRESENTATION('',(#1769),#1780);
#1769 = B_SPLINE_CURVE_WITH_KNOTS('',5,(#1770,#1771,#1772,#1773,#1774,
    #1775,#1776,#1777,#1778,#1779),.UNSPECIFIED.,.F.,.F.,(6,4,6),(0.,
    0.422412733953,1.),.UNSPECIFIED.);
#1770 = CARTESIAN_POINT('',(1.,-1.4));
#1771 = CARTESIAN_POINT('',(0.930719126184,-1.4));
#1772 = CARTESIAN_POINT('',(0.860638125569,-1.4));
#1773 = CARTESIAN_POINT('',(0.789984425543,-1.4));
#1774 = CARTESIAN_POINT('',(0.719023909478,-1.4));
#1775 = CARTESIAN_POINT('',(0.551043419178,-1.4));
#1776 = CARTESIAN_POINT('',(0.453995532989,-1.4));
#1777 = CARTESIAN_POINT('',(0.357744330473,-1.4));
#1778 = CARTESIAN_POINT('',(0.262912669316,-1.4));
#1779 = CARTESIAN_POINT('',(0.169968894622,-1.4));
#1780 = ( GEOMETRIC_REPRESENTATION_CONTEXT(2) 
PARAMETRIC_REPRESENTATION_CONTEXT() REPRESENTATION_CONTEXT('2D SPACE',''
  ) );
#1781 = ORIENTED_EDGE('',*,*,#1782,.F.);
#1782 = EDGE_CURVE('',#1783,#1732,#1785,.T.);
#1783 = VERTEX_POINT('',#1784);
#1784 = CARTESIAN_POINT('',(247.2438307609,-150.6506693819,19.6));
#1785 = SURFACE_CURVE('',#1786,(#1799,#1815),.PCURVE_S1.);
#1786 = B_SPLINE_CURVE_WITH_KNOTS('',6,(#1787,#1788,#1789,#1790,#1791,
    #1792,#1793,#1794,#1795,#1796,#1797,#1798),.UNSPECIFIED.,.F.,.F.,(7,
    5,7),(0.,0.85166718093,1.),.UNSPECIFIED.);
#1787 = CARTESIAN_POINT('',(247.24383070124,-150.6506700926,19.6));
#1788 = CARTESIAN_POINT('',(247.25519619899,-150.5152635065,19.6));
#1789 = CARTESIAN_POINT('',(247.27768901613,-150.3835453724,19.6));
#1790 = CARTESIAN_POINT('',(247.31250196833,-150.2569305817,19.6));
#1791 = CARTESIAN_POINT('',(247.3605943525,-150.1369854172,19.6));
#1792 = CARTESIAN_POINT('',(247.42232369553,-150.0252320048,19.6));
#1793 = CARTESIAN_POINT('',(247.50978884546,-149.9049874168,19.6));
#1794 = CARTESIAN_POINT('',(247.52315091684,-149.8874333246,19.6));
#1795 = CARTESIAN_POINT('',(247.53689715432,-149.870166752,19.6));
#1796 = CARTESIAN_POINT('',(247.55102289099,-149.8531924678,19.6));
#1797 = CARTESIAN_POINT('',(247.5655227461,-149.8365146165,19.6));
#1798 = CARTESIAN_POINT('',(247.580390625,-149.8201367187,19.6));
#1799 = PCURVE('',#506,#1800);
#1800 = DEFINITIONAL_REPRESENTATION('',(#1801),#1814);
#1801 = B_SPLINE_CURVE_WITH_KNOTS('',6,(#1802,#1803,#1804,#1805,#1806,
    #1807,#1808,#1809,#1810,#1811,#1812,#1813),.UNSPECIFIED.,.F.,.F.,(7,
    5,7),(0.,0.85166718093,1.),.UNSPECIFIED.);
#1802 = CARTESIAN_POINT('',(7.243830701247,89.349329907335));
#1803 = CARTESIAN_POINT('',(7.255196198991,89.484736493401));
#1804 = CARTESIAN_POINT('',(7.277689016137,89.616454627544));
#1805 = CARTESIAN_POINT('',(7.312501968332,89.743069418286));
#1806 = CARTESIAN_POINT('',(7.360594352506,89.863014582748));
#1807 = CARTESIAN_POINT('',(7.422323695533,89.974767995106));
#1808 = CARTESIAN_POINT('',(7.509788845468,90.095012583195));
#1809 = CARTESIAN_POINT('',(7.523150916845,90.112566675376));
#1810 = CARTESIAN_POINT('',(7.53689715432,90.129833247979));
#1811 = CARTESIAN_POINT('',(7.551022890997,90.146807532187));
#1812 = CARTESIAN_POINT('',(7.565522746105,90.163485383405));
#1813 = CARTESIAN_POINT('',(7.580390625,90.17986328125));
#1814 = ( GEOMETRIC_REPRESENTATION_CONTEXT(2) 
PARAMETRIC_REPRESENTATION_CONTEXT() REPRESENTATION_CONTEXT('2D SPACE',''
  ) );
#1815 = PCURVE('',#1816,#1823);
#1816 = SURFACE_OF_LINEAR_EXTRUSION('',#1817,#1821);
#1817 = B_SPLINE_CURVE_WITH_KNOTS('',2,(#1818,#1819,#1820),
  .UNSPECIFIED.,.F.,.F.,(3,3),(0.,1.),.PIECEWISE_BEZIER_KNOTS.);
#1818 = CARTESIAN_POINT('',(247.580390625,-149.8201367187,18.2));
#1819 = CARTESIAN_POINT('',(247.236640625,-150.1987988281,18.2));
#1820 = CARTESIAN_POINT('',(247.236640625,-150.8272167968,18.2));
#1821 = VECTOR('',#1822,1.);
#1822 = DIRECTION('',(-0.,0.,-1.));
#1823 = DEFINITIONAL_REPRESENTATION('',(#1824),#1837);
#1824 = B_SPLINE_CURVE_WITH_KNOTS('',6,(#1825,#1826,#1827,#1828,#1829,
    #1830,#1831,#1832,#1833,#1834,#1835,#1836),.UNSPECIFIED.,.F.,.F.,(7,
    5,7),(0.,0.85166718093,1.),.UNSPECIFIED.);
#1825 = CARTESIAN_POINT('',(0.855374326466,-1.4));
#1826 = CARTESIAN_POINT('',(0.741067974909,-1.4));
#1827 = CARTESIAN_POINT('',(0.623263759432,-1.4));
#1828 = CARTESIAN_POINT('',(0.502397883633,-1.4));
#1829 = CARTESIAN_POINT('',(0.379162000001,-1.4));
#1830 = CARTESIAN_POINT('',(0.254560503913,-1.4));
#1831 = CARTESIAN_POINT('',(0.108325438058,-1.4));
#1832 = CARTESIAN_POINT('',(8.663408491199E-02,-1.4));
#1833 = CARTESIAN_POINT('',(6.494941434014E-02,-1.4));
#1834 = CARTESIAN_POINT('',(4.327791852248E-02,-1.4));
#1835 = CARTESIAN_POINT('',(2.162600566514E-02,-1.4));
#1836 = CARTESIAN_POINT('',(0.,-1.4));
#1837 = ( GEOMETRIC_REPRESENTATION_CONTEXT(2) 
PARAMETRIC_REPRESENTATION_CONTEXT() REPRESENTATION_CONTEXT('2D SPACE',''
  ) );
#1838 = ORIENTED_EDGE('',*,*,#1839,.F.);
#1839 = EDGE_CURVE('',#1840,#1783,#1842,.T.);
#1840 = VERTEX_POINT('',#1841);
#1841 = CARTESIAN_POINT('',(247.44342773437,-151.5253222656,19.6));
#1842 = SURFACE_CURVE('',#1843,(#1851,#1862),.PCURVE_S1.);
#1843 = B_SPLINE_CURVE_WITH_KNOTS('',6,(#1844,#1845,#1846,#1847,#1848,
    #1849,#1850),.UNSPECIFIED.,.F.,.F.,(7,7),(0.,1.),
  .PIECEWISE_BEZIER_KNOTS.);
#1844 = CARTESIAN_POINT('',(247.44342773437,-151.5253222656,19.6));
#1845 = CARTESIAN_POINT('',(247.39044085786,-151.3780600373,19.6));
#1846 = CARTESIAN_POINT('',(247.34435639556,-151.2309378509,19.6));
#1847 = CARTESIAN_POINT('',(247.30586937146,-151.0842096268,19.6));
#1848 = CARTESIAN_POINT('',(247.27575858672,-150.93824788,19.6));
#1849 = CARTESIAN_POINT('',(247.25483930761,-150.7935389616,19.6));
#1850 = CARTESIAN_POINT('',(247.24383071463,-150.6506687814,19.6));
#1851 = PCURVE('',#506,#1852);
#1852 = DEFINITIONAL_REPRESENTATION('',(#1853),#1861);
#1853 = B_SPLINE_CURVE_WITH_KNOTS('',6,(#1854,#1855,#1856,#1857,#1858,
    #1859,#1860),.UNSPECIFIED.,.F.,.F.,(7,7),(0.,1.),
  .PIECEWISE_BEZIER_KNOTS.);
#1854 = CARTESIAN_POINT('',(7.443427734375,88.474677734375));
#1855 = CARTESIAN_POINT('',(7.390440857861,88.621939962609));
#1856 = CARTESIAN_POINT('',(7.344356395563,88.769062149065));
#1857 = CARTESIAN_POINT('',(7.30586937146,88.915790373162));
#1858 = CARTESIAN_POINT('',(7.275758586724,89.061752119953));
#1859 = CARTESIAN_POINT('',(7.254839307616,89.206461038392));
#1860 = CARTESIAN_POINT('',(7.243830714634,89.3493312186));
#1861 = ( GEOMETRIC_REPRESENTATION_CONTEXT(2) 
PARAMETRIC_REPRESENTATION_CONTEXT() REPRESENTATION_CONTEXT('2D SPACE',''
  ) );
#1862 = PCURVE('',#1863,#1870);
#1863 = SURFACE_OF_LINEAR_EXTRUSION('',#1864,#1868);
#1864 = B_SPLINE_CURVE_WITH_KNOTS('',2,(#1865,#1866,#1867),
  .UNSPECIFIED.,.F.,.F.,(3,3),(0.,1.),.PIECEWISE_BEZIER_KNOTS.);
#1865 = CARTESIAN_POINT('',(247.236640625,-150.4672167968,18.2));
#1866 = CARTESIAN_POINT('',(247.236640625,-150.9506152343,18.2));
#1867 = CARTESIAN_POINT('',(247.44342773437,-151.5253222656,18.2));
#1868 = VECTOR('',#1869,1.);
#1869 = DIRECTION('',(-0.,0.,-1.));
#1870 = DEFINITIONAL_REPRESENTATION('',(#1871),#1879);
#1871 = B_SPLINE_CURVE_WITH_KNOTS('',6,(#1872,#1873,#1874,#1875,#1876,
    #1877,#1878),.UNSPECIFIED.,.F.,.F.,(7,7),(0.,1.),
  .PIECEWISE_BEZIER_KNOTS.);
#1872 = CARTESIAN_POINT('',(1.,-1.4));
#1873 = CARTESIAN_POINT('',(0.87188061027,-1.4));
#1874 = CARTESIAN_POINT('',(0.74075357999,-1.4));
#1875 = CARTESIAN_POINT('',(0.606564116754,-1.4));
#1876 = CARTESIAN_POINT('',(0.469341832488,-1.4));
#1877 = CARTESIAN_POINT('',(0.329217430289,-1.4));
#1878 = CARTESIAN_POINT('',(0.186468475864,-1.4));
#1879 = ( GEOMETRIC_REPRESENTATION_CONTEXT(2) 
PARAMETRIC_REPRESENTATION_CONTEXT() REPRESENTATION_CONTEXT('2D SPACE',''
  ) );
#1880 = ORIENTED_EDGE('',*,*,#1881,.F.);
#1881 = EDGE_CURVE('',#1882,#1840,#1884,.T.);
#1882 = VERTEX_POINT('',#1883);
#1883 = CARTESIAN_POINT('',(248.05841796875,-152.7553027343,19.6));
#1884 = SURFACE_CURVE('',#1885,(#1893,#1904),.PCURVE_S1.);
#1885 = B_SPLINE_CURVE_WITH_KNOTS('',6,(#1886,#1887,#1888,#1889,#1890,
    #1891,#1892),.UNSPECIFIED.,.F.,.F.,(7,7),(0.,1.),
  .PIECEWISE_BEZIER_KNOTS.);
#1886 = CARTESIAN_POINT('',(248.05841796875,-152.7553027343,19.6));
#1887 = CARTESIAN_POINT('',(247.93242954158,-152.5530581539,19.6));
#1888 = CARTESIAN_POINT('',(247.81424740329,-152.3494697695,19.6));
#1889 = CARTESIAN_POINT('',(247.70485627703,-152.1445869891,19.6));
#1890 = CARTESIAN_POINT('',(247.60552560669,-151.938635529,19.6));
#1891 = CARTESIAN_POINT('',(247.51779976966,-151.7320185714,19.6));
#1892 = CARTESIAN_POINT('',(247.44342773437,-151.5253222656,19.6));
#1893 = PCURVE('',#506,#1894);
#1894 = DEFINITIONAL_REPRESENTATION('',(#1895),#1903);
#1895 = B_SPLINE_CURVE_WITH_KNOTS('',6,(#1896,#1897,#1898,#1899,#1900,
    #1901,#1902),.UNSPECIFIED.,.F.,.F.,(7,7),(0.,1.),
  .PIECEWISE_BEZIER_KNOTS.);
#1896 = CARTESIAN_POINT('',(8.05841796875,87.244697265625));
#1897 = CARTESIAN_POINT('',(7.932429541585,87.446941846074));
#1898 = CARTESIAN_POINT('',(7.814247403293,87.650530230401));
#1899 = CARTESIAN_POINT('',(7.704856277035,87.855413010865));
#1900 = CARTESIAN_POINT('',(7.605525606698,88.061364470958));
#1901 = CARTESIAN_POINT('',(7.51779976966,88.267981428518));
#1902 = CARTESIAN_POINT('',(7.443427734375,88.474677734375));
#1903 = ( GEOMETRIC_REPRESENTATION_CONTEXT(2) 
PARAMETRIC_REPRESENTATION_CONTEXT() REPRESENTATION_CONTEXT('2D SPACE',''
  ) );
#1904 = PCURVE('',#1905,#1912);
#1905 = SURFACE_OF_LINEAR_EXTRUSION('',#1906,#1910);
#1906 = B_SPLINE_CURVE_WITH_KNOTS('',2,(#1907,#1908,#1909),
  .UNSPECIFIED.,.F.,.F.,(3,3),(0.,1.),.PIECEWISE_BEZIER_KNOTS.);
#1907 = CARTESIAN_POINT('',(247.44342773437,-151.5253222656,18.2));
#1908 = CARTESIAN_POINT('',(247.65021484375,-152.1000292968,18.2));
#1909 = CARTESIAN_POINT('',(248.05841796875,-152.7553027343,18.2));
#1910 = VECTOR('',#1911,1.);
#1911 = DIRECTION('',(-0.,0.,-1.));
#1912 = DEFINITIONAL_REPRESENTATION('',(#1913),#1921);
#1913 = B_SPLINE_CURVE_WITH_KNOTS('',6,(#1914,#1915,#1916,#1917,#1918,
    #1919,#1920),.UNSPECIFIED.,.F.,.F.,(7,7),(0.,1.),
  .PIECEWISE_BEZIER_KNOTS.);
#1914 = CARTESIAN_POINT('',(1.,-1.4));
#1915 = CARTESIAN_POINT('',(0.845679247109,-1.4));
#1916 = CARTESIAN_POINT('',(0.686819479635,-1.4));
#1917 = CARTESIAN_POINT('',(0.523070609171,-1.4));
#1918 = CARTESIAN_POINT('',(0.354145983759,-1.4));
#1919 = CARTESIAN_POINT('',(0.179827542224,-1.4));
#1920 = CARTESIAN_POINT('',(0.,-1.4));
#1921 = ( GEOMETRIC_REPRESENTATION_CONTEXT(2) 
PARAMETRIC_REPRESENTATION_CONTEXT() REPRESENTATION_CONTEXT('2D SPACE',''
  ) );
#1922 = ORIENTED_EDGE('',*,*,#1923,.F.);
#1923 = EDGE_CURVE('',#1924,#1882,#1926,.T.);
#1924 = VERTEX_POINT('',#1925);
#1925 = CARTESIAN_POINT('',(247.84596930694,-152.7553027343,19.6));
#1926 = SURFACE_CURVE('',#1927,(#1931,#1937),.PCURVE_S1.);
#1927 = LINE('',#1928,#1929);
#1928 = CARTESIAN_POINT('',(244.02920898437,-152.7553027343,19.6));
#1929 = VECTOR('',#1930,1.);
#1930 = DIRECTION('',(1.,-2.22044604925E-16,0.));
#1931 = PCURVE('',#506,#1932);
#1932 = DEFINITIONAL_REPRESENTATION('',(#1933),#1936);
#1933 = B_SPLINE_CURVE_WITH_KNOTS('',1,(#1934,#1935),.UNSPECIFIED.,.F.,
  .F.,(2,2),(3.816760322571,4.029208984375),.PIECEWISE_BEZIER_KNOTS.);
#1934 = CARTESIAN_POINT('',(7.845969306946,87.244697265625));
#1935 = CARTESIAN_POINT('',(8.05841796875,87.244697265625));
#1936 = ( GEOMETRIC_REPRESENTATION_CONTEXT(2) 
PARAMETRIC_REPRESENTATION_CONTEXT() REPRESENTATION_CONTEXT('2D SPACE',''
  ) );
#1937 = PCURVE('',#1938,#1943);
#1938 = PLANE('',#1939);
#1939 = AXIS2_PLACEMENT_3D('',#1940,#1941,#1942);
#1940 = CARTESIAN_POINT('',(248.05841796875,-152.7553027343,18.2));
#1941 = DIRECTION('',(-2.22044604925E-16,-1.,0.));
#1942 = DIRECTION('',(-1.,2.22044604925E-16,0.));
#1943 = DEFINITIONAL_REPRESENTATION('',(#1944),#1947);
#1944 = B_SPLINE_CURVE_WITH_KNOTS('',1,(#1945,#1946),.UNSPECIFIED.,.F.,
  .F.,(2,2),(3.816760322571,4.029208984375),.PIECEWISE_BEZIER_KNOTS.);
#1945 = CARTESIAN_POINT('',(0.212448661804,-1.4));
#1946 = CARTESIAN_POINT('',(0.,-1.4));
#1947 = ( GEOMETRIC_REPRESENTATION_CONTEXT(2) 
PARAMETRIC_REPRESENTATION_CONTEXT() REPRESENTATION_CONTEXT('2D SPACE',''
  ) );
#1948 = ORIENTED_EDGE('',*,*,#1949,.F.);
#1949 = EDGE_CURVE('',#1950,#1924,#1952,.T.);
#1950 = VERTEX_POINT('',#1951);
#1951 = CARTESIAN_POINT('',(248.05841796875,-153.1153027343,19.6));
#1952 = SURFACE_CURVE('',#1953,(#1959,#1968),.PCURVE_S1.);
#1953 = B_SPLINE_CURVE_WITH_KNOTS('',4,(#1954,#1955,#1956,#1957,#1958),
  .UNSPECIFIED.,.F.,.F.,(5,5),(0.,1.),.PIECEWISE_BEZIER_KNOTS.);
#1954 = CARTESIAN_POINT('',(248.05841796875,-153.1153027343,19.6));
#1955 = CARTESIAN_POINT('',(248.00262115347,-153.0257341624,19.6));
#1956 = CARTESIAN_POINT('',(247.94852182559,-152.9358667047,19.6));
#1957 = CARTESIAN_POINT('',(247.89625161271,-152.8457138918,19.6));
#1958 = CARTESIAN_POINT('',(247.84596888465,-152.755301975,19.6));
#1959 = PCURVE('',#506,#1960);
#1960 = DEFINITIONAL_REPRESENTATION('',(#1961),#1967);
#1961 = B_SPLINE_CURVE_WITH_KNOTS('',4,(#1962,#1963,#1964,#1965,#1966),
  .UNSPECIFIED.,.F.,.F.,(5,5),(0.,1.),.PIECEWISE_BEZIER_KNOTS.);
#1962 = CARTESIAN_POINT('',(8.05841796875,86.884697265625));
#1963 = CARTESIAN_POINT('',(8.002621153478,86.974265837509));
#1964 = CARTESIAN_POINT('',(7.948521825599,87.064133295297));
#1965 = CARTESIAN_POINT('',(7.896251612719,87.1542861082));
#1966 = CARTESIAN_POINT('',(7.845968884656,87.244698024931));
#1967 = ( GEOMETRIC_REPRESENTATION_CONTEXT(2) 
PARAMETRIC_REPRESENTATION_CONTEXT() REPRESENTATION_CONTEXT('2D SPACE',''
  ) );
#1968 = PCURVE('',#1969,#1976);
#1969 = SURFACE_OF_LINEAR_EXTRUSION('',#1970,#1974);
#1970 = B_SPLINE_CURVE_WITH_KNOTS('',2,(#1971,#1972,#1973),
  .UNSPECIFIED.,.F.,.F.,(3,3),(0.,1.),.PIECEWISE_BEZIER_KNOTS.);
#1971 = CARTESIAN_POINT('',(247.44342773437,-151.8853222656,18.2));
#1972 = CARTESIAN_POINT('',(247.65021484375,-152.4600292968,18.2));
#1973 = CARTESIAN_POINT('',(248.05841796875,-153.1153027343,18.2));
#1974 = VECTOR('',#1975,1.);
#1975 = DIRECTION('',(-0.,0.,-1.));
#1976 = DEFINITIONAL_REPRESENTATION('',(#1977),#1983);
#1977 = B_SPLINE_CURVE_WITH_KNOTS('',4,(#1978,#1979,#1980,#1981,#1982),
  .UNSPECIFIED.,.F.,.F.,(5,5),(0.,1.),.PIECEWISE_BEZIER_KNOTS.);
#1978 = CARTESIAN_POINT('',(1.,-1.4));
#1979 = CARTESIAN_POINT('',(0.931655575552,-1.4));
#1980 = CARTESIAN_POINT('',(0.862317353961,-1.4));
#1981 = CARTESIAN_POINT('',(0.791945578239,-1.4));
#1982 = CARTESIAN_POINT('',(0.720502547951,-1.4));
#1983 = ( GEOMETRIC_REPRESENTATION_CONTEXT(2) 
PARAMETRIC_REPRESENTATION_CONTEXT() REPRESENTATION_CONTEXT('2D SPACE',''
  ) );
#1984 = ORIENTED_EDGE('',*,*,#1985,.F.);
#1985 = EDGE_CURVE('',#1986,#1950,#1988,.T.);
#1986 = VERTEX_POINT('',#1987);
#1987 = CARTESIAN_POINT('',(245.93669921875,-153.1153027343,19.6));
#1988 = SURFACE_CURVE('',#1989,(#1993,#1999),.PCURVE_S1.);
#1989 = LINE('',#1990,#1991);
#1990 = CARTESIAN_POINT('',(244.02920898437,-153.1153027343,19.6));
#1991 = VECTOR('',#1992,1.);
#1992 = DIRECTION('',(1.,-2.22044604925E-16,0.));
#1993 = PCURVE('',#506,#1994);
#1994 = DEFINITIONAL_REPRESENTATION('',(#1995),#1998);
#1995 = B_SPLINE_CURVE_WITH_KNOTS('',1,(#1996,#1997),.UNSPECIFIED.,.F.,
  .F.,(2,2),(1.907490234375,4.029208984375),.PIECEWISE_BEZIER_KNOTS.);
#1996 = CARTESIAN_POINT('',(5.93669921875,86.884697265625));
#1997 = CARTESIAN_POINT('',(8.05841796875,86.884697265625));
#1998 = ( GEOMETRIC_REPRESENTATION_CONTEXT(2) 
PARAMETRIC_REPRESENTATION_CONTEXT() REPRESENTATION_CONTEXT('2D SPACE',''
  ) );
#1999 = PCURVE('',#2000,#2005);
#2000 = PLANE('',#2001);
#2001 = AXIS2_PLACEMENT_3D('',#2002,#2003,#2004);
#2002 = CARTESIAN_POINT('',(248.05841796875,-153.1153027343,18.2));
#2003 = DIRECTION('',(-2.22044604925E-16,-1.,0.));
#2004 = DIRECTION('',(-1.,2.22044604925E-16,0.));
#2005 = DEFINITIONAL_REPRESENTATION('',(#2006),#2009);
#2006 = B_SPLINE_CURVE_WITH_KNOTS('',1,(#2007,#2008),.UNSPECIFIED.,.F.,
  .F.,(2,2),(1.907490234375,4.029208984375),.PIECEWISE_BEZIER_KNOTS.);
#2007 = CARTESIAN_POINT('',(2.12171875,-1.4));
#2008 = CARTESIAN_POINT('',(0.,-1.4));
#2009 = ( GEOMETRIC_REPRESENTATION_CONTEXT(2) 
PARAMETRIC_REPRESENTATION_CONTEXT() REPRESENTATION_CONTEXT('2D SPACE',''
  ) );
#2010 = ORIENTED_EDGE('',*,*,#2011,.F.);
#2011 = EDGE_CURVE('',#2012,#1986,#2014,.T.);
#2012 = VERTEX_POINT('',#2013);
#2013 = CARTESIAN_POINT('',(245.58489257812,-151.7349316406,19.6));
#2014 = SURFACE_CURVE('',#2015,(#2022,#2032),.PCURVE_S1.);
#2015 = B_SPLINE_CURVE_WITH_KNOTS('',5,(#2016,#2017,#2018,#2019,#2020,
    #2021),.UNSPECIFIED.,.F.,.F.,(6,6),(0.,1.),
  .PIECEWISE_BEZIER_KNOTS.);
#2016 = CARTESIAN_POINT('',(245.58489257812,-151.7349316406,19.6));
#2017 = CARTESIAN_POINT('',(245.63416138666,-152.0130266932,19.6));
#2018 = CARTESIAN_POINT('',(245.6944504311,-152.2904370842,19.6));
#2019 = CARTESIAN_POINT('',(245.765317392,-152.566802432,19.6));
#2020 = CARTESIAN_POINT('',(245.84624384771,-152.8418330079,19.6));
#2021 = CARTESIAN_POINT('',(245.93669921875,-153.1153027343,19.6));
#2022 = PCURVE('',#506,#2023);
#2023 = DEFINITIONAL_REPRESENTATION('',(#2024),#2031);
#2024 = B_SPLINE_CURVE_WITH_KNOTS('',5,(#2025,#2026,#2027,#2028,#2029,
    #2030),.UNSPECIFIED.,.F.,.F.,(6,6),(0.,1.),
  .PIECEWISE_BEZIER_KNOTS.);
#2025 = CARTESIAN_POINT('',(5.584892578125,88.265068359375));
#2026 = CARTESIAN_POINT('',(5.634161386664,87.986973306734));
#2027 = CARTESIAN_POINT('',(5.694450431104,87.709562915719));
#2028 = CARTESIAN_POINT('',(5.765317392004,87.433197567911));
#2029 = CARTESIAN_POINT('',(5.84624384771,87.158166992026));
#2030 = CARTESIAN_POINT('',(5.93669921875,86.884697265625));
#2031 = ( GEOMETRIC_REPRESENTATION_CONTEXT(2) 
PARAMETRIC_REPRESENTATION_CONTEXT() REPRESENTATION_CONTEXT('2D SPACE',''
  ) );
#2032 = PCURVE('',#2033,#2040);
#2033 = SURFACE_OF_LINEAR_EXTRUSION('',#2034,#2038);
#2034 = B_SPLINE_CURVE_WITH_KNOTS('',2,(#2035,#2036,#2037),
  .UNSPECIFIED.,.F.,.F.,(3,3),(0.,1.),.PIECEWISE_BEZIER_KNOTS.);
#2035 = CARTESIAN_POINT('',(245.93669921875,-153.1153027343,18.2));
#2036 = CARTESIAN_POINT('',(245.7057421875,-152.4170605468,18.2));
#2037 = CARTESIAN_POINT('',(245.58489257812,-151.7349316406,18.2));
#2038 = VECTOR('',#2039,1.);
#2039 = DIRECTION('',(-0.,0.,-1.));
#2040 = DEFINITIONAL_REPRESENTATION('',(#2041),#2048);
#2041 = B_SPLINE_CURVE_WITH_KNOTS('',5,(#2042,#2043,#2044,#2045,#2046,
    #2047),.UNSPECIFIED.,.F.,.F.,(6,6),(0.,1.),
  .PIECEWISE_BEZIER_KNOTS.);
#2042 = CARTESIAN_POINT('',(1.,-1.4));
#2043 = CARTESIAN_POINT('',(0.79615652548,-1.4));
#2044 = CARTESIAN_POINT('',(0.594041850126,-1.4));
#2045 = CARTESIAN_POINT('',(0.393878454755,-1.4));
#2046 = CARTESIAN_POINT('',(0.195827272612,-1.4));
#2047 = CARTESIAN_POINT('',(0.,-1.4));
#2048 = ( GEOMETRIC_REPRESENTATION_CONTEXT(2) 
PARAMETRIC_REPRESENTATION_CONTEXT() REPRESENTATION_CONTEXT('2D SPACE',''
  ) );
#2049 = ORIENTED_EDGE('',*,*,#2050,.F.);
#2050 = EDGE_CURVE('',#2051,#2012,#2053,.T.);
#2051 = VERTEX_POINT('',#2052);
#2052 = CARTESIAN_POINT('',(245.46404296875,-150.3975292968,19.6));
#2053 = SURFACE_CURVE('',#2054,(#2061,#2071),.PCURVE_S1.);
#2054 = B_SPLINE_CURVE_WITH_KNOTS('',5,(#2055,#2056,#2057,#2058,#2059,
    #2060),.UNSPECIFIED.,.F.,.F.,(6,6),(0.,1.),
  .PIECEWISE_BEZIER_KNOTS.);
#2055 = CARTESIAN_POINT('',(245.46404296875,-150.3975292968,19.6));
#2056 = CARTESIAN_POINT('',(245.46404296875,-150.6639680113,19.6));
#2057 = CARTESIAN_POINT('',(245.4765305421,-150.9314299928,19.6));
#2058 = CARTESIAN_POINT('',(245.50117668991,-151.1993783975,19.6));
#2059 = CARTESIAN_POINT('',(245.53748545462,-151.4673447657,19.6));
#2060 = CARTESIAN_POINT('',(245.58489257812,-151.7349316406,19.6));
#2061 = PCURVE('',#506,#2062);
#2062 = DEFINITIONAL_REPRESENTATION('',(#2063),#2070);
#2063 = B_SPLINE_CURVE_WITH_KNOTS('',5,(#2064,#2065,#2066,#2067,#2068,
    #2069),.UNSPECIFIED.,.F.,.F.,(6,6),(0.,1.),
  .PIECEWISE_BEZIER_KNOTS.);
#2064 = CARTESIAN_POINT('',(5.46404296875,89.602470703125));
#2065 = CARTESIAN_POINT('',(5.46404296875,89.336031988604));
#2066 = CARTESIAN_POINT('',(5.476530542102,89.068570007131));
#2067 = CARTESIAN_POINT('',(5.501176689912,88.800621602442));
#2068 = CARTESIAN_POINT('',(5.537485454629,88.532655234221));
#2069 = CARTESIAN_POINT('',(5.584892578125,88.265068359375));
#2070 = ( GEOMETRIC_REPRESENTATION_CONTEXT(2) 
PARAMETRIC_REPRESENTATION_CONTEXT() REPRESENTATION_CONTEXT('2D SPACE',''
  ) );
#2071 = PCURVE('',#2072,#2079);
#2072 = SURFACE_OF_LINEAR_EXTRUSION('',#2073,#2077);
#2073 = B_SPLINE_CURVE_WITH_KNOTS('',2,(#2074,#2075,#2076),
  .UNSPECIFIED.,.F.,.F.,(3,3),(0.,1.),.PIECEWISE_BEZIER_KNOTS.);
#2074 = CARTESIAN_POINT('',(245.58489257812,-151.7349316406,18.2));
#2075 = CARTESIAN_POINT('',(245.46404296875,-151.0528027343,18.2));
#2076 = CARTESIAN_POINT('',(245.46404296875,-150.3975292968,18.2));
#2077 = VECTOR('',#2078,1.);
#2078 = DIRECTION('',(-0.,0.,-1.));
#2079 = DEFINITIONAL_REPRESENTATION('',(#2080),#2087);
#2080 = B_SPLINE_CURVE_WITH_KNOTS('',5,(#2081,#2082,#2083,#2084,#2085,
    #2086),.UNSPECIFIED.,.F.,.F.,(6,6),(0.,1.),
  .PIECEWISE_BEZIER_KNOTS.);
#2081 = CARTESIAN_POINT('',(1.,-1.4));
#2082 = CARTESIAN_POINT('',(0.796696539739,-1.4));
#2083 = CARTESIAN_POINT('',(0.594729734719,-1.4));
#2084 = CARTESIAN_POINT('',(0.39445343178,-1.4));
#2085 = CARTESIAN_POINT('',(0.196140987718,-1.4));
#2086 = CARTESIAN_POINT('',(0.,-1.4));
#2087 = ( GEOMETRIC_REPRESENTATION_CONTEXT(2) 
PARAMETRIC_REPRESENTATION_CONTEXT() REPRESENTATION_CONTEXT('2D SPACE',''
  ) );
#2088 = ORIENTED_EDGE('',*,*,#2089,.F.);
#2089 = EDGE_CURVE('',#2090,#2051,#2092,.T.);
#2090 = VERTEX_POINT('',#2091);
#2091 = CARTESIAN_POINT('',(245.46644367263,-150.2227765392,19.6));
#2092 = SURFACE_CURVE('',#2093,(#2099,#2108),.PCURVE_S1.);
#2093 = B_SPLINE_CURVE_WITH_KNOTS('',4,(#2094,#2095,#2096,#2097,#2098),
  .UNSPECIFIED.,.F.,.F.,(5,5),(0.,1.),.PIECEWISE_BEZIER_KNOTS.);
#2094 = CARTESIAN_POINT('',(245.46644371944,-150.2227748593,19.6));
#2095 = CARTESIAN_POINT('',(245.46522858987,-150.2663851723,19.6));
#2096 = CARTESIAN_POINT('',(245.46443345348,-150.310052833,19.6));
#2097 = CARTESIAN_POINT('',(245.46404296875,-150.3537697741,19.6));
#2098 = CARTESIAN_POINT('',(245.46404296875,-150.3975292968,19.6));
#2099 = PCURVE('',#506,#2100);
#2100 = DEFINITIONAL_REPRESENTATION('',(#2101),#2107);
#2101 = B_SPLINE_CURVE_WITH_KNOTS('',4,(#2102,#2103,#2104,#2105,#2106),
  .UNSPECIFIED.,.F.,.F.,(5,5),(0.,1.),.PIECEWISE_BEZIER_KNOTS.);
#2102 = CARTESIAN_POINT('',(5.466443719445,89.777225140698));
#2103 = CARTESIAN_POINT('',(5.465228589872,89.733614827673));
#2104 = CARTESIAN_POINT('',(5.464433453482,89.689947166903));
#2105 = CARTESIAN_POINT('',(5.46404296875,89.646230225812));
#2106 = CARTESIAN_POINT('',(5.46404296875,89.602470703125));
#2107 = ( GEOMETRIC_REPRESENTATION_CONTEXT(2) 
PARAMETRIC_REPRESENTATION_CONTEXT() REPRESENTATION_CONTEXT('2D SPACE',''
  ) );
#2108 = PCURVE('',#2109,#2116);
#2109 = SURFACE_OF_LINEAR_EXTRUSION('',#2110,#2114);
#2110 = B_SPLINE_CURVE_WITH_KNOTS('',2,(#2111,#2112,#2113),
  .UNSPECIFIED.,.F.,.F.,(3,3),(0.,1.),.PIECEWISE_BEZIER_KNOTS.);
#2111 = CARTESIAN_POINT('',(245.46404296875,-150.3975292968,18.2));
#2112 = CARTESIAN_POINT('',(245.46404296875,-148.9580761718,18.2));
#2113 = CARTESIAN_POINT('',(246.09783203125,-148.16046875,18.2));
#2114 = VECTOR('',#2115,1.);
#2115 = DIRECTION('',(-0.,0.,-1.));
#2116 = DEFINITIONAL_REPRESENTATION('',(#2117),#2123);
#2117 = B_SPLINE_CURVE_WITH_KNOTS('',4,(#2118,#2119,#2120,#2121,#2122),
  .UNSPECIFIED.,.F.,.F.,(5,5),(0.,1.),.PIECEWISE_BEZIER_KNOTS.);
#2118 = CARTESIAN_POINT('',(6.154618834317E-02,-1.4));
#2119 = CARTESIAN_POINT('',(4.597051992381E-02,-1.4));
#2120 = CARTESIAN_POINT('',(3.052267238582E-02,-1.4));
#2121 = CARTESIAN_POINT('',(1.520005129963E-02,-1.4));
#2122 = CARTESIAN_POINT('',(0.,-1.4));
#2123 = ( GEOMETRIC_REPRESENTATION_CONTEXT(2) 
PARAMETRIC_REPRESENTATION_CONTEXT() REPRESENTATION_CONTEXT('2D SPACE',''
  ) );
#2124 = ORIENTED_EDGE('',*,*,#2125,.F.);
#2125 = EDGE_CURVE('',#2126,#2090,#2128,.T.);
#2126 = VERTEX_POINT('',#2127);
#2127 = CARTESIAN_POINT('',(245.46404296875,-150.0375292968,19.6));
#2128 = SURFACE_CURVE('',#2129,(#2135,#2144),.PCURVE_S1.);
#2129 = B_SPLINE_CURVE_WITH_KNOTS('',4,(#2130,#2131,#2132,#2133,#2134),
  .UNSPECIFIED.,.F.,.F.,(5,5),(0.,1.),.PIECEWISE_BEZIER_KNOTS.);
#2130 = CARTESIAN_POINT('',(245.46404296875,-150.0375292968,19.6));
#2131 = CARTESIAN_POINT('',(245.46404296875,-150.0837955633,19.6));
#2132 = CARTESIAN_POINT('',(245.4644446099,-150.1300946736,19.6));
#2133 = CARTESIAN_POINT('',(245.46524568619,-150.1764230805,19.6));
#2134 = CARTESIAN_POINT('',(245.46644369307,-150.2227773301,19.6));
#2135 = PCURVE('',#506,#2136);
#2136 = DEFINITIONAL_REPRESENTATION('',(#2137),#2143);
#2137 = B_SPLINE_CURVE_WITH_KNOTS('',4,(#2138,#2139,#2140,#2141,#2142),
  .UNSPECIFIED.,.F.,.F.,(5,5),(0.,1.),.PIECEWISE_BEZIER_KNOTS.);
#2138 = CARTESIAN_POINT('',(5.46404296875,89.962470703125));
#2139 = CARTESIAN_POINT('',(5.46404296875,89.916204436688));
#2140 = CARTESIAN_POINT('',(5.4644446099,89.869905326316));
#2141 = CARTESIAN_POINT('',(5.465245686192,89.823576919417));
#2142 = CARTESIAN_POINT('',(5.466443693076,89.777222669887));
#2143 = ( GEOMETRIC_REPRESENTATION_CONTEXT(2) 
PARAMETRIC_REPRESENTATION_CONTEXT() REPRESENTATION_CONTEXT('2D SPACE',''
  ) );
#2144 = PCURVE('',#2145,#2152);
#2145 = SURFACE_OF_LINEAR_EXTRUSION('',#2146,#2150);
#2146 = B_SPLINE_CURVE_WITH_KNOTS('',2,(#2147,#2148,#2149),
  .UNSPECIFIED.,.F.,.F.,(3,3),(0.,1.),.PIECEWISE_BEZIER_KNOTS.);
#2147 = CARTESIAN_POINT('',(245.58489257812,-151.3749316406,18.2));
#2148 = CARTESIAN_POINT('',(245.46404296875,-150.6928027343,18.2));
#2149 = CARTESIAN_POINT('',(245.46404296875,-150.0375292968,18.2));
#2150 = VECTOR('',#2151,1.);
#2151 = DIRECTION('',(-0.,0.,-1.));
#2152 = DEFINITIONAL_REPRESENTATION('',(#2153),#2159);
#2153 = B_SPLINE_CURVE_WITH_KNOTS('',4,(#2154,#2155,#2156,#2157,#2158),
  .UNSPECIFIED.,.F.,.F.,(5,5),(0.,1.),.PIECEWISE_BEZIER_KNOTS.);
#2154 = CARTESIAN_POINT('',(1.,-1.4));
#2155 = CARTESIAN_POINT('',(0.964696977025,-1.4));
#2156 = CARTESIAN_POINT('',(0.929436996887,-1.4));
#2157 = CARTESIAN_POINT('',(0.894222392339,-1.4));
#2158 = CARTESIAN_POINT('',(0.85905537416,-1.4));
#2159 = ( GEOMETRIC_REPRESENTATION_CONTEXT(2) 
PARAMETRIC_REPRESENTATION_CONTEXT() REPRESENTATION_CONTEXT('2D SPACE',''
  ) );
#2160 = ORIENTED_EDGE('',*,*,#2161,.F.);
#2161 = EDGE_CURVE('',#2162,#2126,#2164,.T.);
#2162 = VERTEX_POINT('',#2163);
#2163 = CARTESIAN_POINT('',(246.09783203125,-147.80046875,19.6));
#2164 = SURFACE_CURVE('',#2165,(#2184,#2206),.PCURVE_S1.);
#2165 = B_SPLINE_CURVE_WITH_KNOTS('',5,(#2166,#2167,#2168,#2169,#2170,
    #2171,#2172,#2173,#2174,#2175,#2176,#2177,#2178,#2179,#2180,#2181,
    #2182,#2183),.UNSPECIFIED.,.F.,.F.,(6,4,4,4,6),(0.,0.234340269612,
    0.481996834755,0.729876414944,1.),.UNSPECIFIED.);
#2166 = CARTESIAN_POINT('',(246.09783203125,-147.80046875,19.6));
#2167 = CARTESIAN_POINT('',(246.03046701884,-147.8852459054,19.6));
#2168 = CARTESIAN_POINT('',(245.96795787479,-147.9740760648,19.6));
#2169 = CARTESIAN_POINT('',(245.91045071328,-148.0665445155,19.6));
#2170 = CARTESIAN_POINT('',(245.85790113342,-148.1621845211,19.6));
#2171 = CARTESIAN_POINT('',(245.75972344794,-148.3644906519,19.6));
#2172 = CARTESIAN_POINT('',(245.71465646855,-148.4714787189,19.6));
#2173 = CARTESIAN_POINT('',(245.6747918798,-148.5809883564,19.6));
#2174 = CARTESIAN_POINT('',(245.63983127251,-148.6925509943,19.6));
#2175 = CARTESIAN_POINT('',(245.57906170834,-148.9191488316,19.6));
#2176 = CARTESIAN_POINT('',(245.55326168693,-149.0341840354,19.6));
#2177 = CARTESIAN_POINT('',(245.53174037211,-149.150540682,19.6));
#2178 = CARTESIAN_POINT('',(245.51416844218,-149.2679266967,19.6));
#2179 = CARTESIAN_POINT('',(245.48507343236,-149.5149479932,19.6));
#2180 = CARTESIAN_POINT('',(245.47423551039,-149.644730996,19.6));
#2181 = CARTESIAN_POINT('',(245.46734054509,-149.775212161,19.6));
#2182 = CARTESIAN_POINT('',(245.46404296875,-149.9061894683,19.6));
#2183 = CARTESIAN_POINT('',(245.46404296875,-150.0375292968,19.6));
#2184 = PCURVE('',#506,#2185);
#2185 = DEFINITIONAL_REPRESENTATION('',(#2186),#2205);
#2186 = B_SPLINE_CURVE_WITH_KNOTS('',5,(#2187,#2188,#2189,#2190,#2191,
    #2192,#2193,#2194,#2195,#2196,#2197,#2198,#2199,#2200,#2201,#2202,
    #2203,#2204),.UNSPECIFIED.,.F.,.F.,(6,4,4,4,6),(0.,0.234340269612,
    0.481996834755,0.729876414944,1.),.UNSPECIFIED.);
#2187 = CARTESIAN_POINT('',(6.09783203125,92.19953125));
#2188 = CARTESIAN_POINT('',(6.030467018844,92.114754094557));
#2189 = CARTESIAN_POINT('',(5.967957874794,92.025923935101));
#2190 = CARTESIAN_POINT('',(5.910450713287,91.933455484477));
#2191 = CARTESIAN_POINT('',(5.857901133423,91.83781547882));
#2192 = CARTESIAN_POINT('',(5.759723447945,91.635509348059));
#2193 = CARTESIAN_POINT('',(5.714656468558,91.528521281059));
#2194 = CARTESIAN_POINT('',(5.674791879806,91.419011643596));
#2195 = CARTESIAN_POINT('',(5.639831272514,91.307449005601));
#2196 = CARTESIAN_POINT('',(5.579061708344,91.080851168306));
#2197 = CARTESIAN_POINT('',(5.553261686933,90.96581596451));
#2198 = CARTESIAN_POINT('',(5.531740372118,90.849459317944));
#2199 = CARTESIAN_POINT('',(5.514168442188,90.732073303213));
#2200 = CARTESIAN_POINT('',(5.485073432368,90.485052006721));
#2201 = CARTESIAN_POINT('',(5.474235510395,90.355269003958));
#2202 = CARTESIAN_POINT('',(5.46734054509,90.224787838964));
#2203 = CARTESIAN_POINT('',(5.46404296875,90.093810531666));
#2204 = CARTESIAN_POINT('',(5.46404296875,89.962470703125));
#2205 = ( GEOMETRIC_REPRESENTATION_CONTEXT(2) 
PARAMETRIC_REPRESENTATION_CONTEXT() REPRESENTATION_CONTEXT('2D SPACE',''
  ) );
#2206 = PCURVE('',#2207,#2214);
#2207 = SURFACE_OF_LINEAR_EXTRUSION('',#2208,#2212);
#2208 = B_SPLINE_CURVE_WITH_KNOTS('',2,(#2209,#2210,#2211),
  .UNSPECIFIED.,.F.,.F.,(3,3),(0.,1.),.PIECEWISE_BEZIER_KNOTS.);
#2209 = CARTESIAN_POINT('',(245.46404296875,-150.0375292968,18.2));
#2210 = CARTESIAN_POINT('',(245.46404296875,-148.5980761718,18.2));
#2211 = CARTESIAN_POINT('',(246.09783203125,-147.80046875,18.2));
#2212 = VECTOR('',#2213,1.);
#2213 = DIRECTION('',(-0.,0.,-1.));
#2214 = DEFINITIONAL_REPRESENTATION('',(#2215),#2234);
#2215 = B_SPLINE_CURVE_WITH_KNOTS('',5,(#2216,#2217,#2218,#2219,#2220,
    #2221,#2222,#2223,#2224,#2225,#2226,#2227,#2228,#2229,#2230,#2231,
    #2232,#2233),.UNSPECIFIED.,.F.,.F.,(6,4,4,4,6),(0.,0.234340269612,
    0.481996834755,0.729876414944,1.),.UNSPECIFIED.);
#2216 = CARTESIAN_POINT('',(1.,-1.4));
#2217 = CARTESIAN_POINT('',(0.9468553369,-1.4));
#2218 = CARTESIAN_POINT('',(0.89401099323,-1.4));
#2219 = CARTESIAN_POINT('',(0.84166241975,-1.4));
#2220 = CARTESIAN_POINT('',(0.789956120298,-1.4));
#2221 = CARTESIAN_POINT('',(0.685148317799,-1.4));
#2222 = CARTESIAN_POINT('',(0.632132374081,-1.4));
#2223 = CARTESIAN_POINT('',(0.580070595598,-1.4));
#2224 = CARTESIAN_POINT('',(0.52902077076,-1.4));
#2225 = CARTESIAN_POINT('',(0.428934185473,-1.4));
#2226 = CARTESIAN_POINT('',(0.379900566688,-1.4));
#2227 = CARTESIAN_POINT('',(0.33191305844,-1.4));
#2228 = CARTESIAN_POINT('',(0.284957268667,-1.4));
#2229 = CARTESIAN_POINT('',(0.18891865743,-1.4));
#2230 = CARTESIAN_POINT('',(0.14002554223,-1.4));
#2231 = CARTESIAN_POINT('',(9.2276930005E-02,-1.4));
#2232 = CARTESIAN_POINT('',(4.562143298027E-02,-1.4));
#2233 = CARTESIAN_POINT('',(0.,-1.4));
#2234 = ( GEOMETRIC_REPRESENTATION_CONTEXT(2) 
PARAMETRIC_REPRESENTATION_CONTEXT() REPRESENTATION_CONTEXT('2D SPACE',''
  ) );
#2235 = ORIENTED_EDGE('',*,*,#2236,.F.);
#2236 = EDGE_CURVE('',#2237,#2162,#2239,.T.);
#2237 = VERTEX_POINT('',#2238);
#2238 = CARTESIAN_POINT('',(247.864921875,-147.0028613281,19.6));
#2239 = SURFACE_CURVE('',#2240,(#2259,#2281),.PCURVE_S1.);
#2240 = B_SPLINE_CURVE_WITH_KNOTS('',5,(#2241,#2242,#2243,#2244,#2245,
    #2246,#2247,#2248,#2249,#2250,#2251,#2252,#2253,#2254,#2255,#2256,
    #2257,#2258),.UNSPECIFIED.,.F.,.F.,(6,4,4,4,6),(0.,0.240862020195,
    0.373810888166,0.646378852829,1.),.UNSPECIFIED.);
#2241 = CARTESIAN_POINT('',(247.864921875,-147.0028613281,19.6));
#2242 = CARTESIAN_POINT('',(247.76591282654,-147.0028613281,19.6));
#2243 = CARTESIAN_POINT('',(247.66729260923,-147.0066662707,19.6));
#2244 = CARTESIAN_POINT('',(247.56926288429,-147.014581585,19.6));
#2245 = CARTESIAN_POINT('',(247.47210029624,-147.0269266368,19.6));
#2246 = CARTESIAN_POINT('',(247.32317681994,-147.0533638497,19.6));
#2247 = CARTESIAN_POINT('',(247.27057833017,-147.0641948454,19.6));
#2248 = CARTESIAN_POINT('',(247.21840522083,-147.0764986077,19.6));
#2249 = CARTESIAN_POINT('',(247.1667199661,-147.0903106802,19.6));
#2250 = CARTESIAN_POINT('',(247.01076323239,-147.137121935,19.6));
#2251 = CARTESIAN_POINT('',(246.90825454825,-147.1750410716,19.6));
#2252 = CARTESIAN_POINT('',(246.80867165981,-147.2196287164,19.6));
#2253 = CARTESIAN_POINT('',(246.71259698712,-147.2708997427,19.6));
#2254 = CARTESIAN_POINT('',(246.50107276887,-147.4033233957,19.6));
#2255 = CARTESIAN_POINT('',(246.3883117819,-147.4888570335,19.6));
#2256 = CARTESIAN_POINT('',(246.28336361953,-147.5844529361,19.6));
#2257 = CARTESIAN_POINT('',(246.18655994296,-147.6888069289,19.6));
#2258 = CARTESIAN_POINT('',(246.09783203125,-147.80046875,19.6));
#2259 = PCURVE('',#506,#2260);
#2260 = DEFINITIONAL_REPRESENTATION('',(#2261),#2280);
#2261 = B_SPLINE_CURVE_WITH_KNOTS('',5,(#2262,#2263,#2264,#2265,#2266,
    #2267,#2268,#2269,#2270,#2271,#2272,#2273,#2274,#2275,#2276,#2277,
    #2278,#2279),.UNSPECIFIED.,.F.,.F.,(6,4,4,4,6),(0.,0.240862020195,
    0.373810888166,0.646378852829,1.),.UNSPECIFIED.);
#2262 = CARTESIAN_POINT('',(7.864921875,92.997138671875));
#2263 = CARTESIAN_POINT('',(7.765912826549,92.997138671875));
#2264 = CARTESIAN_POINT('',(7.667292609235,92.993333729231));
#2265 = CARTESIAN_POINT('',(7.569262884295,92.985418414978));
#2266 = CARTESIAN_POINT('',(7.472100296249,92.973073363198));
#2267 = CARTESIAN_POINT('',(7.323176819947,92.946636150277));
#2268 = CARTESIAN_POINT('',(7.270578330176,92.935805154541));
#2269 = CARTESIAN_POINT('',(7.218405220832,92.923501392218));
#2270 = CARTESIAN_POINT('',(7.166719966102,92.909689319773));
#2271 = CARTESIAN_POINT('',(7.010763232393,92.862878064914));
#2272 = CARTESIAN_POINT('',(6.90825454825,92.824958928328));
#2273 = CARTESIAN_POINT('',(6.808671659814,92.780371283546));
#2274 = CARTESIAN_POINT('',(6.712596987122,92.72910025728));
#2275 = CARTESIAN_POINT('',(6.501072768878,92.596676604284));
#2276 = CARTESIAN_POINT('',(6.388311781905,92.511142966411));
#2277 = CARTESIAN_POINT('',(6.283363619539,92.415547063871));
#2278 = CARTESIAN_POINT('',(6.18655994296,92.311193071093));
#2279 = CARTESIAN_POINT('',(6.09783203125,92.19953125));
#2280 = ( GEOMETRIC_REPRESENTATION_CONTEXT(2) 
PARAMETRIC_REPRESENTATION_CONTEXT() REPRESENTATION_CONTEXT('2D SPACE',''
  ) );
#2281 = PCURVE('',#2282,#2289);
#2282 = SURFACE_OF_LINEAR_EXTRUSION('',#2283,#2287);
#2283 = B_SPLINE_CURVE_WITH_KNOTS('',2,(#2284,#2285,#2286),
  .UNSPECIFIED.,.F.,.F.,(3,3),(0.,1.),.PIECEWISE_BEZIER_KNOTS.);
#2284 = CARTESIAN_POINT('',(246.09783203125,-147.80046875,18.2));
#2285 = CARTESIAN_POINT('',(246.73162109375,-147.0028613281,18.2));
#2286 = CARTESIAN_POINT('',(247.864921875,-147.0028613281,18.2));
#2287 = VECTOR('',#2288,1.);
#2288 = DIRECTION('',(-0.,0.,-1.));
#2289 = DEFINITIONAL_REPRESENTATION('',(#2290),#2309);
#2290 = B_SPLINE_CURVE_WITH_KNOTS('',5,(#2291,#2292,#2293,#2294,#2295,
    #2296,#2297,#2298,#2299,#2300,#2301,#2302,#2303,#2304,#2305,#2306,
    #2307,#2308),.UNSPECIFIED.,.F.,.F.,(6,4,4,4,6),(0.,0.240862020195,
    0.373810888166,0.646378852829,1.),.UNSPECIFIED.);
#2291 = CARTESIAN_POINT('',(1.,-1.4));
#2292 = CARTESIAN_POINT('',(0.956318282803,-1.4));
#2293 = CARTESIAN_POINT('',(0.911756806998,-1.4));
#2294 = CARTESIAN_POINT('',(0.866320153227,-1.4));
#2295 = CARTESIAN_POINT('',(0.82004213316,-1.4));
#2296 = CARTESIAN_POINT('',(0.747034103237,-1.4));
#2297 = CARTESIAN_POINT('',(0.720835613574,-1.4));
#2298 = CARTESIAN_POINT('',(0.694417871329,-1.4));
#2299 = CARTESIAN_POINT('',(0.667798618748,-1.4));
#2300 = CARTESIAN_POINT('',(0.586058238709,-1.4));
#2301 = CARTESIAN_POINT('',(0.530355452522,-1.4));
#2302 = CARTESIAN_POINT('',(0.474100985012,-1.4));
#2303 = CARTESIAN_POINT('',(0.417547684082,-1.4));
#2304 = CARTESIAN_POINT('',(0.287636804367,-1.4));
#2305 = CARTESIAN_POINT('',(0.214254913869,-1.4));
#2306 = CARTESIAN_POINT('',(0.141539750305,-1.4));
#2307 = CARTESIAN_POINT('',(6.999798273616E-02,-1.4));
#2308 = CARTESIAN_POINT('',(0.,-1.4));
#2309 = ( GEOMETRIC_REPRESENTATION_CONTEXT(2) 
PARAMETRIC_REPRESENTATION_CONTEXT() REPRESENTATION_CONTEXT('2D SPACE',''
  ) );
#2310 = ORIENTED_EDGE('',*,*,#2311,.F.);
#2311 = EDGE_CURVE('',#2312,#2237,#2314,.T.);
#2312 = VERTEX_POINT('',#2313);
#2313 = CARTESIAN_POINT('',(248.03511934689,-147.0086707756,19.6));
#2314 = SURFACE_CURVE('',#2315,(#2321,#2330),.PCURVE_S1.);
#2315 = B_SPLINE_CURVE_WITH_KNOTS('',4,(#2316,#2317,#2318,#2319,#2320),
  .UNSPECIFIED.,.F.,.F.,(5,5),(0.,1.),.PIECEWISE_BEZIER_KNOTS.);
#2316 = CARTESIAN_POINT('',(248.03512011928,-147.0086708288,19.6));
#2317 = CARTESIAN_POINT('',(247.99275508717,-147.0057525873,19.6));
#2318 = CARTESIAN_POINT('',(247.95025138467,-147.0038197068,19.6));
#2319 = CARTESIAN_POINT('',(247.90763280253,-147.0028613281,19.6));
#2320 = CARTESIAN_POINT('',(247.864921875,-147.0028613281,19.6));
#2321 = PCURVE('',#506,#2322);
#2322 = DEFINITIONAL_REPRESENTATION('',(#2323),#2329);
#2323 = B_SPLINE_CURVE_WITH_KNOTS('',4,(#2324,#2325,#2326,#2327,#2328),
  .UNSPECIFIED.,.F.,.F.,(5,5),(0.,1.),.PIECEWISE_BEZIER_KNOTS.);
#2324 = CARTESIAN_POINT('',(8.035120119284,92.99132917113));
#2325 = CARTESIAN_POINT('',(7.99275508717,92.994247412635));
#2326 = CARTESIAN_POINT('',(7.950251384678,92.996180293118));
#2327 = CARTESIAN_POINT('',(7.907632802534,92.997138671875));
#2328 = CARTESIAN_POINT('',(7.864921875,92.997138671875));
#2329 = ( GEOMETRIC_REPRESENTATION_CONTEXT(2) 
PARAMETRIC_REPRESENTATION_CONTEXT() REPRESENTATION_CONTEXT('2D SPACE',''
  ) );
#2330 = PCURVE('',#2331,#2338);
#2331 = SURFACE_OF_LINEAR_EXTRUSION('',#2332,#2336);
#2332 = B_SPLINE_CURVE_WITH_KNOTS('',2,(#2333,#2334,#2335),
  .UNSPECIFIED.,.F.,.F.,(3,3),(0.,1.),.PIECEWISE_BEZIER_KNOTS.);
#2333 = CARTESIAN_POINT('',(247.864921875,-147.0028613281,18.2));
#2334 = CARTESIAN_POINT('',(248.5201953125,-147.0028613281,18.2));
#2335 = CARTESIAN_POINT('',(249.08684570312,-147.3412402343,18.2));
#2336 = VECTOR('',#2337,1.);
#2337 = DIRECTION('',(-0.,0.,-1.));
#2338 = DEFINITIONAL_REPRESENTATION('',(#2339),#2345);
#2339 = B_SPLINE_CURVE_WITH_KNOTS('',4,(#2340,#2341,#2342,#2343,#2344),
  .UNSPECIFIED.,.F.,.F.,(5,5),(0.,1.),.PIECEWISE_BEZIER_KNOTS.);
#2340 = CARTESIAN_POINT('',(0.131029102025,-1.4));
#2341 = CARTESIAN_POINT('',(9.811968513755E-02,-1.4));
#2342 = CARTESIAN_POINT('',(6.530137553283E-02,-1.4));
#2343 = CARTESIAN_POINT('',(3.259015633028E-02,-1.4));
#2344 = CARTESIAN_POINT('',(0.,-1.4));
#2345 = ( GEOMETRIC_REPRESENTATION_CONTEXT(2) 
PARAMETRIC_REPRESENTATION_CONTEXT() REPRESENTATION_CONTEXT('2D SPACE',''
  ) );
#2346 = ORIENTED_EDGE('',*,*,#2347,.F.);
#2347 = EDGE_CURVE('',#2348,#2312,#2350,.T.);
#2348 = VERTEX_POINT('',#2349);
#2349 = CARTESIAN_POINT('',(248.224921875,-147.0028613281,19.6));
#2350 = SURFACE_CURVE('',#2351,(#2357,#2366),.PCURVE_S1.);
#2351 = B_SPLINE_CURVE_WITH_KNOTS('',4,(#2352,#2353,#2354,#2355,#2356),
  .UNSPECIFIED.,.F.,.F.,(5,5),(0.,1.),.PIECEWISE_BEZIER_KNOTS.);
#2352 = CARTESIAN_POINT('',(248.224921875,-147.0028613281,19.6));
#2353 = CARTESIAN_POINT('',(248.17729620362,-147.0028613281,19.6));
#2354 = CARTESIAN_POINT('',(248.12976636473,-147.0038003416,19.6));
#2355 = CARTESIAN_POINT('',(248.08236148709,-147.0057222752,19.6));
#2356 = CARTESIAN_POINT('',(248.03511803808,-147.0086708573,19.6));
#2357 = PCURVE('',#506,#2358);
#2358 = DEFINITIONAL_REPRESENTATION('',(#2359),#2365);
#2359 = B_SPLINE_CURVE_WITH_KNOTS('',4,(#2360,#2361,#2362,#2363,#2364),
  .UNSPECIFIED.,.F.,.F.,(5,5),(0.,1.),.PIECEWISE_BEZIER_KNOTS.);
#2360 = CARTESIAN_POINT('',(8.224921875,92.997138671875));
#2361 = CARTESIAN_POINT('',(8.177296203628,92.997138671875));
#2362 = CARTESIAN_POINT('',(8.129766364734,92.99619965836));
#2363 = CARTESIAN_POINT('',(8.082361487095,92.994277724745));
#2364 = CARTESIAN_POINT('',(8.035118038086,92.99132914265));
#2365 = ( GEOMETRIC_REPRESENTATION_CONTEXT(2) 
PARAMETRIC_REPRESENTATION_CONTEXT() REPRESENTATION_CONTEXT('2D SPACE',''
  ) );
#2366 = PCURVE('',#2367,#2374);
#2367 = SURFACE_OF_LINEAR_EXTRUSION('',#2368,#2372);
#2368 = B_SPLINE_CURVE_WITH_KNOTS('',2,(#2369,#2370,#2371),
  .UNSPECIFIED.,.F.,.F.,(3,3),(0.,1.),.PIECEWISE_BEZIER_KNOTS.);
#2369 = CARTESIAN_POINT('',(246.45783203125,-147.80046875,18.2));
#2370 = CARTESIAN_POINT('',(247.09162109375,-147.0028613281,18.2));
#2371 = CARTESIAN_POINT('',(248.224921875,-147.0028613281,18.2));
#2372 = VECTOR('',#2373,1.);
#2373 = DIRECTION('',(-0.,0.,-1.));
#2374 = DEFINITIONAL_REPRESENTATION('',(#2375),#2381);
#2375 = B_SPLINE_CURVE_WITH_KNOTS('',4,(#2376,#2377,#2378,#2379,#2380),
  .UNSPECIFIED.,.F.,.F.,(5,5),(0.,1.),.PIECEWISE_BEZIER_KNOTS.);
#2376 = CARTESIAN_POINT('',(1.,-1.4));
#2377 = CARTESIAN_POINT('',(0.978988070881,-1.4));
#2378 = CARTESIAN_POINT('',(0.957758972322,-1.4));
#2379 = CARTESIAN_POINT('',(0.936313424222,-1.4));
#2380 = CARTESIAN_POINT('',(0.914655433427,-1.4));
#2381 = ( GEOMETRIC_REPRESENTATION_CONTEXT(2) 
PARAMETRIC_REPRESENTATION_CONTEXT() REPRESENTATION_CONTEXT('2D SPACE',''
  ) );
#2382 = ORIENTED_EDGE('',*,*,#2383,.F.);
#2383 = EDGE_CURVE('',#2384,#2348,#2386,.T.);
#2384 = VERTEX_POINT('',#2385);
#2385 = CARTESIAN_POINT('',(249.44684570312,-147.3412402343,19.6));
#2386 = SURFACE_CURVE('',#2387,(#2398,#2412),.PCURVE_S1.);
#2387 = B_SPLINE_CURVE_WITH_KNOTS('',5,(#2388,#2389,#2390,#2391,#2392,
    #2393,#2394,#2395,#2396,#2397),.UNSPECIFIED.,.F.,.F.,(6,4,6),(0.,
    0.526381378435,1.),.UNSPECIFIED.);
#2388 = CARTESIAN_POINT('',(249.44684570312,-147.3412402343,19.6));
#2389 = CARTESIAN_POINT('',(249.3296039369,-147.2712285635,19.6));
#2390 = CARTESIAN_POINT('',(249.20855750732,-147.2094143793,19.6));
#2391 = CARTESIAN_POINT('',(249.0839956379,-147.1564824759,19.6));
#2392 = CARTESIAN_POINT('',(248.95634304171,-147.1129216136,19.6));
#2393 = CARTESIAN_POINT('',(248.70912035304,-147.048263805,19.6));
#2394 = CARTESIAN_POINT('',(248.59000664807,-147.0253486273,19.6));
#2395 = CARTESIAN_POINT('',(248.46930726537,-147.0102578546,19.6));
#2396 = CARTESIAN_POINT('',(248.3474668065,-147.0028613281,19.6));
#2397 = CARTESIAN_POINT('',(248.224921875,-147.0028613281,19.6));
#2398 = PCURVE('',#506,#2399);
#2399 = DEFINITIONAL_REPRESENTATION('',(#2400),#2411);
#2400 = B_SPLINE_CURVE_WITH_KNOTS('',5,(#2401,#2402,#2403,#2404,#2405,
    #2406,#2407,#2408,#2409,#2410),.UNSPECIFIED.,.F.,.F.,(6,4,6),(0.,
    0.526381378435,1.),.UNSPECIFIED.);
#2401 = CARTESIAN_POINT('',(9.446845703125,92.658759765625));
#2402 = CARTESIAN_POINT('',(9.329603936905,92.728771436448));
#2403 = CARTESIAN_POINT('',(9.208557507322,92.790585620635));
#2404 = CARTESIAN_POINT('',(9.083995637908,92.843517524038));
#2405 = CARTESIAN_POINT('',(8.956343041716,92.887078386312));
#2406 = CARTESIAN_POINT('',(8.70912035304,92.951736194922));
#2407 = CARTESIAN_POINT('',(8.590006648077,92.974651372627));
#2408 = CARTESIAN_POINT('',(8.469307265379,92.989742145309));
#2409 = CARTESIAN_POINT('',(8.347466806501,92.997138671875));
#2410 = CARTESIAN_POINT('',(8.224921875,92.997138671875));
#2411 = ( GEOMETRIC_REPRESENTATION_CONTEXT(2) 
PARAMETRIC_REPRESENTATION_CONTEXT() REPRESENTATION_CONTEXT('2D SPACE',''
  ) );
#2412 = PCURVE('',#2413,#2420);
#2413 = SURFACE_OF_LINEAR_EXTRUSION('',#2414,#2418);
#2414 = B_SPLINE_CURVE_WITH_KNOTS('',2,(#2415,#2416,#2417),
  .UNSPECIFIED.,.F.,.F.,(3,3),(0.,1.),.PIECEWISE_BEZIER_KNOTS.);
#2415 = CARTESIAN_POINT('',(248.224921875,-147.0028613281,18.2));
#2416 = CARTESIAN_POINT('',(248.8801953125,-147.0028613281,18.2));
#2417 = CARTESIAN_POINT('',(249.44684570312,-147.3412402343,18.2));
#2418 = VECTOR('',#2419,1.);
#2419 = DIRECTION('',(-0.,0.,-1.));
#2420 = DEFINITIONAL_REPRESENTATION('',(#2421),#2432);
#2421 = B_SPLINE_CURVE_WITH_KNOTS('',5,(#2422,#2423,#2424,#2425,#2426,
    #2427,#2428,#2429,#2430,#2431),.UNSPECIFIED.,.F.,.F.,(6,4,6),(0.,
    0.526381378435,1.),.UNSPECIFIED.);
#2422 = CARTESIAN_POINT('',(1.,-1.4));
#2423 = CARTESIAN_POINT('',(0.896548411367,-1.4));
#2424 = CARTESIAN_POINT('',(0.791831928963,-1.4));
#2425 = CARTESIAN_POINT('',(0.686208093897,-1.4));
#2426 = CARTESIAN_POINT('',(0.580098655076,-1.4));
#2427 = CARTESIAN_POINT('',(0.378536328932,-1.4));
#2428 = CARTESIAN_POINT('',(0.283068321255,-1.4));
#2429 = CARTESIAN_POINT('',(0.187954037057,-1.4));
#2430 = CARTESIAN_POINT('',(9.350671375308E-02,-1.4));
#2431 = CARTESIAN_POINT('',(0.,-1.4));
#2432 = ( GEOMETRIC_REPRESENTATION_CONTEXT(2) 
PARAMETRIC_REPRESENTATION_CONTEXT() REPRESENTATION_CONTEXT('2D SPACE',''
  ) );
#2433 = ORIENTED_EDGE('',*,*,#2434,.F.);
#2434 = EDGE_CURVE('',#2435,#2384,#2437,.T.);
#2435 = VERTEX_POINT('',#2436);
#2436 = CARTESIAN_POINT('',(250.9641796875,-148.7645800781,19.6));
#2437 = SURFACE_CURVE('',#2438,(#2455,#2475),.PCURVE_S1.);
#2438 = B_SPLINE_CURVE_WITH_KNOTS('',8,(#2439,#2440,#2441,#2442,#2443,
    #2444,#2445,#2446,#2447,#2448,#2449,#2450,#2451,#2452,#2453,#2454),
  .UNSPECIFIED.,.F.,.F.,(9,7,9),(0.,0.709120124061,1.),.UNSPECIFIED.);
#2439 = CARTESIAN_POINT('',(250.9641796875,-148.7645800781,19.6));
#2440 = CARTESIAN_POINT('',(250.83589106885,-148.618171598,19.6));
#2441 = CARTESIAN_POINT('',(250.70672635012,-148.4739718529,19.6));
#2442 = CARTESIAN_POINT('',(250.57647077175,-148.3321586436,19.6));
#2443 = CARTESIAN_POINT('',(250.44496645972,-148.1931182672,19.6));
#2444 = CARTESIAN_POINT('',(250.31211422433,-148.0574270879,19.6));
#2445 = CARTESIAN_POINT('',(250.17783141865,-147.9260018562,19.6));
#2446 = CARTESIAN_POINT('',(250.04206928687,-147.8000314672,19.6));
#2447 = CARTESIAN_POINT('',(249.84821694125,-147.6330620284,19.6));
#2448 = CARTESIAN_POINT('',(249.7915812549,-147.5858011092,19.6));
#2449 = CARTESIAN_POINT('',(249.73467342997,-147.539981235,19.6));
#2450 = CARTESIAN_POINT('',(249.67749311678,-147.4957915797,19.6));
#2451 = CARTESIAN_POINT('',(249.62006360974,-147.4534758116,19.6));
#2452 = CARTESIAN_POINT('',(249.56243101665,-147.4133395559,19.6));
#2453 = CARTESIAN_POINT('',(249.50466280183,-147.3757660847,19.6));
#2454 = CARTESIAN_POINT('',(249.44684570312,-147.3412402343,19.6));
#2455 = PCURVE('',#506,#2456);
#2456 = DEFINITIONAL_REPRESENTATION('',(#2457),#2474);
#2457 = B_SPLINE_CURVE_WITH_KNOTS('',8,(#2458,#2459,#2460,#2461,#2462,
    #2463,#2464,#2465,#2466,#2467,#2468,#2469,#2470,#2471,#2472,#2473),
  .UNSPECIFIED.,.F.,.F.,(9,7,9),(0.,0.709120124061,1.),.UNSPECIFIED.);
#2458 = CARTESIAN_POINT('',(10.9641796875,91.235419921875));
#2459 = CARTESIAN_POINT('',(10.835891068856,91.38182840191));
#2460 = CARTESIAN_POINT('',(10.706726350126,91.526028147006));
#2461 = CARTESIAN_POINT('',(10.576470771758,91.667841356302));
#2462 = CARTESIAN_POINT('',(10.444966459728,91.806881732756));
#2463 = CARTESIAN_POINT('',(10.312114224334,91.942572912077));
#2464 = CARTESIAN_POINT('',(10.177831418651,92.073998143753));
#2465 = CARTESIAN_POINT('',(10.042069286871,92.199968532719));
#2466 = CARTESIAN_POINT('',(9.848216941258,92.366937971519));
#2467 = CARTESIAN_POINT('',(9.791581254902,92.414198890745));
#2468 = CARTESIAN_POINT('',(9.734673429978,92.460018764926));
#2469 = CARTESIAN_POINT('',(9.677493116786,92.504208420217));
#2470 = CARTESIAN_POINT('',(9.620063609747,92.546524188344));
#2471 = CARTESIAN_POINT('',(9.562431016657,92.58666044405));
#2472 = CARTESIAN_POINT('',(9.50466280183,92.624233915214));
#2473 = CARTESIAN_POINT('',(9.446845703125,92.658759765625));
#2474 = ( GEOMETRIC_REPRESENTATION_CONTEXT(2) 
PARAMETRIC_REPRESENTATION_CONTEXT() REPRESENTATION_CONTEXT('2D SPACE',''
  ) );
#2475 = PCURVE('',#2476,#2483);
#2476 = SURFACE_OF_LINEAR_EXTRUSION('',#2477,#2481);
#2477 = B_SPLINE_CURVE_WITH_KNOTS('',2,(#2478,#2479,#2480),
  .UNSPECIFIED.,.F.,.F.,(3,3),(0.,1.),.PIECEWISE_BEZIER_KNOTS.);
#2478 = CARTESIAN_POINT('',(249.44684570312,-147.3412402343,18.2));
#2479 = CARTESIAN_POINT('',(250.01349609375,-147.6796191406,18.2));
#2480 = CARTESIAN_POINT('',(250.9641796875,-148.7645800781,18.2));
#2481 = VECTOR('',#2482,1.);
#2482 = DIRECTION('',(-0.,0.,-1.));
#2483 = DEFINITIONAL_REPRESENTATION('',(#2484),#2501);
#2484 = B_SPLINE_CURVE_WITH_KNOTS('',8,(#2485,#2486,#2487,#2488,#2489,
    #2490,#2491,#2492,#2493,#2494,#2495,#2496,#2497,#2498,#2499,#2500),
  .UNSPECIFIED.,.F.,.F.,(9,7,9),(0.,0.709120124061,1.),.UNSPECIFIED.);
#2485 = CARTESIAN_POINT('',(1.,-1.4));
#2486 = CARTESIAN_POINT('',(0.932528225223,-1.4));
#2487 = CARTESIAN_POINT('',(0.862493679158,-1.4));
#2488 = CARTESIAN_POINT('',(0.789506366426,-1.4));
#2489 = CARTESIAN_POINT('',(0.713112150657,-1.4));
#2490 = CARTESIAN_POINT('',(0.632807118515,-1.4));
#2491 = CARTESIAN_POINT('',(0.54788543216,-1.4));
#2492 = CARTESIAN_POINT('',(0.457506130168,-1.4));
#2493 = CARTESIAN_POINT('',(0.320003150264,-1.4));
#2494 = CARTESIAN_POINT('',(0.2788342026,-1.4));
#2495 = CARTESIAN_POINT('',(0.236374608287,-1.4));
#2496 = CARTESIAN_POINT('',(0.192499990743,-1.4));
#2497 = CARTESIAN_POINT('',(0.147080385922,-1.4));
#2498 = CARTESIAN_POINT('',(9.997429544101E-02,-1.4));
#2499 = CARTESIAN_POINT('',(5.101655241177E-02,-1.4));
#2500 = CARTESIAN_POINT('',(0.,-1.4));
#2501 = ( GEOMETRIC_REPRESENTATION_CONTEXT(2) 
PARAMETRIC_REPRESENTATION_CONTEXT() REPRESENTATION_CONTEXT('2D SPACE',''
  ) );
#2502 = ORIENTED_EDGE('',*,*,#2503,.F.);
#2503 = EDGE_CURVE('',#1521,#2435,#2504,.T.);
#2504 = SURFACE_CURVE('',#2505,(#2509,#2515),.PCURVE_S1.);
#2505 = LINE('',#2506,#2507);
#2506 = CARTESIAN_POINT('',(271.19485119776,-171.8130951201,19.6));
#2507 = VECTOR('',#2508,1.);
#2508 = DIRECTION('',(-0.659671375349,0.751554174059,0.));
#2509 = PCURVE('',#506,#2510);
#2510 = DEFINITIONAL_REPRESENTATION('',(#2511),#2514);
#2511 = B_SPLINE_CURVE_WITH_KNOTS('',1,(#2512,#2513),.UNSPECIFIED.,.F.,
  .F.,(2,2),(28.933747883423,30.667802585122),.PIECEWISE_BEZIER_KNOTS.);
#2512 = CARTESIAN_POINT('',(12.1080859375,89.932183872768));
#2513 = CARTESIAN_POINT('',(10.9641796875,91.235419921875));
#2514 = ( GEOMETRIC_REPRESENTATION_CONTEXT(2) 
PARAMETRIC_REPRESENTATION_CONTEXT() REPRESENTATION_CONTEXT('2D SPACE',''
  ) );
#2515 = PCURVE('',#2516,#2521);
#2516 = PLANE('',#2517);
#2517 = AXIS2_PLACEMENT_3D('',#2518,#2519,#2520);
#2518 = CARTESIAN_POINT('',(250.9641796875,-148.7645800781,18.2));
#2519 = DIRECTION('',(0.751554174059,0.659671375349,0.));
#2520 = DIRECTION('',(0.659671375349,-0.751554174059,0.));
#2521 = DEFINITIONAL_REPRESENTATION('',(#2522),#2525);
#2522 = B_SPLINE_CURVE_WITH_KNOTS('',1,(#2523,#2524),.UNSPECIFIED.,.F.,
  .F.,(2,2),(28.933747883423,30.667802585122),.PIECEWISE_BEZIER_KNOTS.);
#2523 = CARTESIAN_POINT('',(1.734054701698,-1.4));
#2524 = CARTESIAN_POINT('',(0.,-1.4));
#2525 = ( GEOMETRIC_REPRESENTATION_CONTEXT(2) 
PARAMETRIC_REPRESENTATION_CONTEXT() REPRESENTATION_CONTEXT('2D SPACE',''
  ) );
#2526 = FACE_BOUND('',#2527,.T.);
#2527 = EDGE_LOOP('',(#2528,#2556,#2582,#2608,#2634,#2660,#2686,#2712,
    #2738,#2764,#2790));
#2528 = ORIENTED_EDGE('',*,*,#2529,.F.);
#2529 = EDGE_CURVE('',#2530,#2532,#2534,.T.);
#2530 = VERTEX_POINT('',#2531);
#2531 = CARTESIAN_POINT('',(245.6090625,-30.30084960937,19.6));
#2532 = VERTEX_POINT('',#2533);
#2533 = CARTESIAN_POINT('',(250.39470703125,-33.51276367187,19.6));
#2534 = SURFACE_CURVE('',#2535,(#2539,#2545),.PCURVE_S1.);
#2535 = LINE('',#2536,#2537);
#2536 = CARTESIAN_POINT('',(294.58458179001,-63.17106345385,19.6));
#2537 = VECTOR('',#2538,1.);
#2538 = DIRECTION('',(0.830325855404,-0.557278183537,0.));
#2539 = PCURVE('',#506,#2540);
#2540 = DEFINITIONAL_REPRESENTATION('',(#2541),#2544);
#2541 = B_SPLINE_CURVE_WITH_KNOTS('',1,(#2542,#2543),.UNSPECIFIED.,.F.,
  .F.,(2,2),(-58.9834930121,-53.2199189886),.PIECEWISE_BEZIER_KNOTS.);
#2542 = CARTESIAN_POINT('',(5.6090625,209.69915039062));
#2543 = CARTESIAN_POINT('',(10.39470703125,206.48723632812));
#2544 = ( GEOMETRIC_REPRESENTATION_CONTEXT(2) 
PARAMETRIC_REPRESENTATION_CONTEXT() REPRESENTATION_CONTEXT('2D SPACE',''
  ) );
#2545 = PCURVE('',#2546,#2551);
#2546 = PLANE('',#2547);
#2547 = AXIS2_PLACEMENT_3D('',#2548,#2549,#2550);
#2548 = CARTESIAN_POINT('',(250.39470703125,-33.51276367187,18.2));
#2549 = DIRECTION('',(-0.557278183537,-0.830325855404,0.));
#2550 = DIRECTION('',(-0.830325855404,0.557278183537,0.));
#2551 = DEFINITIONAL_REPRESENTATION('',(#2552),#2555);
#2552 = B_SPLINE_CURVE_WITH_KNOTS('',1,(#2553,#2554),.UNSPECIFIED.,.F.,
  .F.,(2,2),(-58.9834930121,-53.2199189886),.PIECEWISE_BEZIER_KNOTS.);
#2553 = CARTESIAN_POINT('',(5.7635740235,-1.4));
#2554 = CARTESIAN_POINT('',(0.,-1.4));
#2555 = ( GEOMETRIC_REPRESENTATION_CONTEXT(2) 
PARAMETRIC_REPRESENTATION_CONTEXT() REPRESENTATION_CONTEXT('2D SPACE',''
  ) );
#2556 = ORIENTED_EDGE('',*,*,#2557,.F.);
#2557 = EDGE_CURVE('',#2558,#2530,#2560,.T.);
#2558 = VERTEX_POINT('',#2559);
#2559 = CARTESIAN_POINT('',(245.6090625,-27.64202148437,19.6));
#2560 = SURFACE_CURVE('',#2561,(#2565,#2571),.PCURVE_S1.);
#2561 = LINE('',#2562,#2563);
#2562 = CARTESIAN_POINT('',(245.6090625,-135.1504248046,19.6));
#2563 = VECTOR('',#2564,1.);
#2564 = DIRECTION('',(-2.22044604925E-16,-1.,0.));
#2565 = PCURVE('',#506,#2566);
#2566 = DEFINITIONAL_REPRESENTATION('',(#2567),#2570);
#2567 = B_SPLINE_CURVE_WITH_KNOTS('',1,(#2568,#2569),.UNSPECIFIED.,.F.,
  .F.,(2,2),(-107.5084033203,-104.8495751953),.PIECEWISE_BEZIER_KNOTS.);
#2568 = CARTESIAN_POINT('',(5.6090625,212.35797851562));
#2569 = CARTESIAN_POINT('',(5.6090625,209.69915039062));
#2570 = ( GEOMETRIC_REPRESENTATION_CONTEXT(2) 
PARAMETRIC_REPRESENTATION_CONTEXT() REPRESENTATION_CONTEXT('2D SPACE',''
  ) );
#2571 = PCURVE('',#2572,#2577);
#2572 = PLANE('',#2573);
#2573 = AXIS2_PLACEMENT_3D('',#2574,#2575,#2576);
#2574 = CARTESIAN_POINT('',(245.6090625,-30.30084960937,18.2));
#2575 = DIRECTION('',(-1.,2.22044604925E-16,0.));
#2576 = DIRECTION('',(2.22044604925E-16,1.,0.));
#2577 = DEFINITIONAL_REPRESENTATION('',(#2578),#2581);
#2578 = B_SPLINE_CURVE_WITH_KNOTS('',1,(#2579,#2580),.UNSPECIFIED.,.F.,
  .F.,(2,2),(-107.5084033203,-104.8495751953),.PIECEWISE_BEZIER_KNOTS.);
#2579 = CARTESIAN_POINT('',(2.658828125,-1.4));
#2580 = CARTESIAN_POINT('',(0.,-1.4));
#2581 = ( GEOMETRIC_REPRESENTATION_CONTEXT(2) 
PARAMETRIC_REPRESENTATION_CONTEXT() REPRESENTATION_CONTEXT('2D SPACE',''
  ) );
#2582 = ORIENTED_EDGE('',*,*,#2583,.F.);
#2583 = EDGE_CURVE('',#2584,#2558,#2586,.T.);
#2584 = VERTEX_POINT('',#2585);
#2585 = CARTESIAN_POINT('',(250.6686328125,-27.64202148437,19.6));
#2586 = SURFACE_CURVE('',#2587,(#2591,#2597),.PCURVE_S1.);
#2587 = LINE('',#2588,#2589);
#2588 = CARTESIAN_POINT('',(242.98453125,-27.64202148437,19.6));
#2589 = VECTOR('',#2590,1.);
#2590 = DIRECTION('',(-1.,2.22044604925E-16,0.));
#2591 = PCURVE('',#506,#2592);
#2592 = DEFINITIONAL_REPRESENTATION('',(#2593),#2596);
#2593 = B_SPLINE_CURVE_WITH_KNOTS('',1,(#2594,#2595),.UNSPECIFIED.,.F.,
  .F.,(2,2),(-7.6841015625,-2.62453125),.PIECEWISE_BEZIER_KNOTS.);
#2594 = CARTESIAN_POINT('',(10.6686328125,212.35797851562));
#2595 = CARTESIAN_POINT('',(5.6090625,212.35797851562));
#2596 = ( GEOMETRIC_REPRESENTATION_CONTEXT(2) 
PARAMETRIC_REPRESENTATION_CONTEXT() REPRESENTATION_CONTEXT('2D SPACE',''
  ) );
#2597 = PCURVE('',#2598,#2603);
#2598 = PLANE('',#2599);
#2599 = AXIS2_PLACEMENT_3D('',#2600,#2601,#2602);
#2600 = CARTESIAN_POINT('',(245.9690625,-27.64202148437,18.2));
#2601 = DIRECTION('',(2.22044604925E-16,1.,0.));
#2602 = DIRECTION('',(1.,-2.22044604925E-16,0.));
#2603 = DEFINITIONAL_REPRESENTATION('',(#2604),#2607);
#2604 = B_SPLINE_CURVE_WITH_KNOTS('',1,(#2605,#2606),.UNSPECIFIED.,.F.,
  .F.,(2,2),(-7.6841015625,-2.62453125),.PIECEWISE_BEZIER_KNOTS.);
#2605 = CARTESIAN_POINT('',(4.6995703125,-1.4));
#2606 = CARTESIAN_POINT('',(-0.36,-1.4));
#2607 = ( GEOMETRIC_REPRESENTATION_CONTEXT(2) 
PARAMETRIC_REPRESENTATION_CONTEXT() REPRESENTATION_CONTEXT('2D SPACE',''
  ) );
#2608 = ORIENTED_EDGE('',*,*,#2609,.F.);
#2609 = EDGE_CURVE('',#2610,#2584,#2612,.T.);
#2610 = VERTEX_POINT('',#2611);
#2611 = CARTESIAN_POINT('',(250.6686328125,-26.49797851562,19.6));
#2612 = SURFACE_CURVE('',#2613,(#2617,#2623),.PCURVE_S1.);
#2613 = LINE('',#2614,#2615);
#2614 = CARTESIAN_POINT('',(250.6686328125,-133.8210107421,19.6));
#2615 = VECTOR('',#2616,1.);
#2616 = DIRECTION('',(-2.22044604925E-16,-1.,0.));
#2617 = PCURVE('',#506,#2618);
#2618 = DEFINITIONAL_REPRESENTATION('',(#2619),#2622);
#2619 = B_SPLINE_CURVE_WITH_KNOTS('',1,(#2620,#2621),.UNSPECIFIED.,.F.,
  .F.,(2,2),(-107.3230322265,-106.1789892578),.PIECEWISE_BEZIER_KNOTS.);
#2620 = CARTESIAN_POINT('',(10.6686328125,213.50202148437));
#2621 = CARTESIAN_POINT('',(10.6686328125,212.35797851562));
#2622 = ( GEOMETRIC_REPRESENTATION_CONTEXT(2) 
PARAMETRIC_REPRESENTATION_CONTEXT() REPRESENTATION_CONTEXT('2D SPACE',''
  ) );
#2623 = PCURVE('',#2624,#2629);
#2624 = PLANE('',#2625);
#2625 = AXIS2_PLACEMENT_3D('',#2626,#2627,#2628);
#2626 = CARTESIAN_POINT('',(250.6686328125,-27.64202148437,18.2));
#2627 = DIRECTION('',(-1.,2.22044604925E-16,0.));
#2628 = DIRECTION('',(2.22044604925E-16,1.,0.));
#2629 = DEFINITIONAL_REPRESENTATION('',(#2630),#2633);
#2630 = B_SPLINE_CURVE_WITH_KNOTS('',1,(#2631,#2632),.UNSPECIFIED.,.F.,
  .F.,(2,2),(-107.3230322265,-106.1789892578),.PIECEWISE_BEZIER_KNOTS.);
#2631 = CARTESIAN_POINT('',(1.14404296875,-1.4));
#2632 = CARTESIAN_POINT('',(0.,-1.4));
#2633 = ( GEOMETRIC_REPRESENTATION_CONTEXT(2) 
PARAMETRIC_REPRESENTATION_CONTEXT() REPRESENTATION_CONTEXT('2D SPACE',''
  ) );
#2634 = ORIENTED_EDGE('',*,*,#2635,.F.);
#2635 = EDGE_CURVE('',#2636,#2610,#2638,.T.);
#2636 = VERTEX_POINT('',#2637);
#2637 = CARTESIAN_POINT('',(252.52716796875,-26.49797851562,19.6));
#2638 = SURFACE_CURVE('',#2639,(#2643,#2649),.PCURVE_S1.);
#2639 = LINE('',#2640,#2641);
#2640 = CARTESIAN_POINT('',(245.51431640625,-26.49797851562,19.6));
#2641 = VECTOR('',#2642,1.);
#2642 = DIRECTION('',(-1.,2.22044604925E-16,0.));
#2643 = PCURVE('',#506,#2644);
#2644 = DEFINITIONAL_REPRESENTATION('',(#2645),#2648);
#2645 = B_SPLINE_CURVE_WITH_KNOTS('',1,(#2646,#2647),.UNSPECIFIED.,.F.,
  .F.,(2,2),(-7.0128515625,-5.15431640625),.PIECEWISE_BEZIER_KNOTS.);
#2646 = CARTESIAN_POINT('',(12.52716796875,213.50202148437));
#2647 = CARTESIAN_POINT('',(10.6686328125,213.50202148437));
#2648 = ( GEOMETRIC_REPRESENTATION_CONTEXT(2) 
PARAMETRIC_REPRESENTATION_CONTEXT() REPRESENTATION_CONTEXT('2D SPACE',''
  ) );
#2649 = PCURVE('',#2650,#2655);
#2650 = PLANE('',#2651);
#2651 = AXIS2_PLACEMENT_3D('',#2652,#2653,#2654);
#2652 = CARTESIAN_POINT('',(251.0286328125,-26.49797851562,18.2));
#2653 = DIRECTION('',(2.22044604925E-16,1.,0.));
#2654 = DIRECTION('',(1.,-2.22044604925E-16,0.));
#2655 = DEFINITIONAL_REPRESENTATION('',(#2656),#2659);
#2656 = B_SPLINE_CURVE_WITH_KNOTS('',1,(#2657,#2658),.UNSPECIFIED.,.F.,
  .F.,(2,2),(-7.0128515625,-5.15431640625),.PIECEWISE_BEZIER_KNOTS.);
#2657 = CARTESIAN_POINT('',(1.49853515625,-1.4));
#2658 = CARTESIAN_POINT('',(-0.36,-1.4));
#2659 = ( GEOMETRIC_REPRESENTATION_CONTEXT(2) 
PARAMETRIC_REPRESENTATION_CONTEXT() REPRESENTATION_CONTEXT('2D SPACE',''
  ) );
#2660 = ORIENTED_EDGE('',*,*,#2661,.F.);
#2661 = EDGE_CURVE('',#2662,#2636,#2664,.T.);
#2662 = VERTEX_POINT('',#2663);
#2663 = CARTESIAN_POINT('',(252.52716796875,-27.64202148437,19.6));
#2664 = SURFACE_CURVE('',#2665,(#2669,#2675),.PCURVE_S1.);
#2665 = LINE('',#2666,#2667);
#2666 = CARTESIAN_POINT('',(252.52716796875,-133.2489892578,19.6));
#2667 = VECTOR('',#2668,1.);
#2668 = DIRECTION('',(2.22044604925E-16,1.,-0.));
#2669 = PCURVE('',#506,#2670);
#2670 = DEFINITIONAL_REPRESENTATION('',(#2671),#2674);
#2671 = B_SPLINE_CURVE_WITH_KNOTS('',1,(#2672,#2673),.UNSPECIFIED.,.F.,
  .F.,(2,2),(105.60696777343,106.75101074218),.PIECEWISE_BEZIER_KNOTS.);
#2672 = CARTESIAN_POINT('',(12.52716796875,212.35797851562));
#2673 = CARTESIAN_POINT('',(12.52716796875,213.50202148437));
#2674 = ( GEOMETRIC_REPRESENTATION_CONTEXT(2) 
PARAMETRIC_REPRESENTATION_CONTEXT() REPRESENTATION_CONTEXT('2D SPACE',''
  ) );
#2675 = PCURVE('',#2676,#2681);
#2676 = PLANE('',#2677);
#2677 = AXIS2_PLACEMENT_3D('',#2678,#2679,#2680);
#2678 = CARTESIAN_POINT('',(252.52716796875,-26.49797851562,18.2));
#2679 = DIRECTION('',(1.,-2.22044604925E-16,-0.));
#2680 = DIRECTION('',(-2.22044604925E-16,-1.,0.));
#2681 = DEFINITIONAL_REPRESENTATION('',(#2682),#2685);
#2682 = B_SPLINE_CURVE_WITH_KNOTS('',1,(#2683,#2684),.UNSPECIFIED.,.F.,
  .F.,(2,2),(105.60696777343,106.75101074218),.PIECEWISE_BEZIER_KNOTS.);
#2683 = CARTESIAN_POINT('',(1.14404296875,-1.4));
#2684 = CARTESIAN_POINT('',(0.,-1.4));
#2685 = ( GEOMETRIC_REPRESENTATION_CONTEXT(2) 
PARAMETRIC_REPRESENTATION_CONTEXT() REPRESENTATION_CONTEXT('2D SPACE',''
  ) );
#2686 = ORIENTED_EDGE('',*,*,#2687,.F.);
#2687 = EDGE_CURVE('',#2688,#2662,#2690,.T.);
#2688 = VERTEX_POINT('',#2689);
#2689 = CARTESIAN_POINT('',(253.98810546875,-27.64202148437,19.6));
#2690 = SURFACE_CURVE('',#2691,(#2695,#2701),.PCURVE_S1.);
#2691 = LINE('',#2692,#2693);
#2692 = CARTESIAN_POINT('',(246.26358398437,-27.64202148437,19.6));
#2693 = VECTOR('',#2694,1.);
#2694 = DIRECTION('',(-1.,2.22044604925E-16,0.));
#2695 = PCURVE('',#506,#2696);
#2696 = DEFINITIONAL_REPRESENTATION('',(#2697),#2700);
#2697 = B_SPLINE_CURVE_WITH_KNOTS('',1,(#2698,#2699),.UNSPECIFIED.,.F.,
  .F.,(2,2),(-7.724521484375,-6.263583984375),.PIECEWISE_BEZIER_KNOTS.);
#2698 = CARTESIAN_POINT('',(13.98810546875,212.35797851562));
#2699 = CARTESIAN_POINT('',(12.52716796875,212.35797851562));
#2700 = ( GEOMETRIC_REPRESENTATION_CONTEXT(2) 
PARAMETRIC_REPRESENTATION_CONTEXT() REPRESENTATION_CONTEXT('2D SPACE',''
  ) );
#2701 = PCURVE('',#2702,#2707);
#2702 = PLANE('',#2703);
#2703 = AXIS2_PLACEMENT_3D('',#2704,#2705,#2706);
#2704 = CARTESIAN_POINT('',(252.52716796875,-27.64202148437,18.2));
#2705 = DIRECTION('',(2.22044604925E-16,1.,0.));
#2706 = DIRECTION('',(1.,-2.22044604925E-16,0.));
#2707 = DEFINITIONAL_REPRESENTATION('',(#2708),#2711);
#2708 = B_SPLINE_CURVE_WITH_KNOTS('',1,(#2709,#2710),.UNSPECIFIED.,.F.,
  .F.,(2,2),(-7.724521484375,-6.263583984375),.PIECEWISE_BEZIER_KNOTS.);
#2709 = CARTESIAN_POINT('',(1.4609375,-1.4));
#2710 = CARTESIAN_POINT('',(0.,-1.4));
#2711 = ( GEOMETRIC_REPRESENTATION_CONTEXT(2) 
PARAMETRIC_REPRESENTATION_CONTEXT() REPRESENTATION_CONTEXT('2D SPACE',''
  ) );
#2712 = ORIENTED_EDGE('',*,*,#2713,.F.);
#2713 = EDGE_CURVE('',#2714,#2688,#2716,.T.);
#2714 = VERTEX_POINT('',#2715);
#2715 = CARTESIAN_POINT('',(253.98810546875,-29.95709960937,19.6));
#2716 = SURFACE_CURVE('',#2717,(#2721,#2727),.PCURVE_S1.);
#2717 = LINE('',#2718,#2719);
#2718 = CARTESIAN_POINT('',(253.98810546875,-133.8210107421,19.6));
#2719 = VECTOR('',#2720,1.);
#2720 = DIRECTION('',(2.22044604925E-16,1.,-0.));
#2721 = PCURVE('',#506,#2722);
#2722 = DEFINITIONAL_REPRESENTATION('',(#2723),#2726);
#2723 = B_SPLINE_CURVE_WITH_KNOTS('',1,(#2724,#2725),.UNSPECIFIED.,.F.,
  .F.,(2,2),(103.86391113281,106.17898925781),.PIECEWISE_BEZIER_KNOTS.);
#2724 = CARTESIAN_POINT('',(13.98810546875,210.04290039062));
#2725 = CARTESIAN_POINT('',(13.98810546875,212.35797851562));
#2726 = ( GEOMETRIC_REPRESENTATION_CONTEXT(2) 
PARAMETRIC_REPRESENTATION_CONTEXT() REPRESENTATION_CONTEXT('2D SPACE',''
  ) );
#2727 = PCURVE('',#2728,#2733);
#2728 = PLANE('',#2729);
#2729 = AXIS2_PLACEMENT_3D('',#2730,#2731,#2732);
#2730 = CARTESIAN_POINT('',(253.98810546875,-27.64202148437,18.2));
#2731 = DIRECTION('',(1.,-2.22044604925E-16,-0.));
#2732 = DIRECTION('',(-2.22044604925E-16,-1.,0.));
#2733 = DEFINITIONAL_REPRESENTATION('',(#2734),#2737);
#2734 = B_SPLINE_CURVE_WITH_KNOTS('',1,(#2735,#2736),.UNSPECIFIED.,.F.,
  .F.,(2,2),(103.86391113281,106.17898925781),.PIECEWISE_BEZIER_KNOTS.);
#2735 = CARTESIAN_POINT('',(2.315078125,-1.4));
#2736 = CARTESIAN_POINT('',(0.,-1.4));
#2737 = ( GEOMETRIC_REPRESENTATION_CONTEXT(2) 
PARAMETRIC_REPRESENTATION_CONTEXT() REPRESENTATION_CONTEXT('2D SPACE',''
  ) );
#2738 = ORIENTED_EDGE('',*,*,#2739,.F.);
#2739 = EDGE_CURVE('',#2740,#2714,#2742,.T.);
#2740 = VERTEX_POINT('',#2741);
#2741 = CARTESIAN_POINT('',(252.52716796875,-29.95709960937,19.6));
#2742 = SURFACE_CURVE('',#2743,(#2747,#2753),.PCURVE_S1.);
#2743 = LINE('',#2744,#2745);
#2744 = CARTESIAN_POINT('',(246.99405273437,-29.95709960937,19.6));
#2745 = VECTOR('',#2746,1.);
#2746 = DIRECTION('',(1.,-2.22044604925E-16,0.));
#2747 = PCURVE('',#506,#2748);
#2748 = DEFINITIONAL_REPRESENTATION('',(#2749),#2752);
#2749 = B_SPLINE_CURVE_WITH_KNOTS('',1,(#2750,#2751),.UNSPECIFIED.,.F.,
  .F.,(2,2),(5.533115234375,6.994052734375),.PIECEWISE_BEZIER_KNOTS.);
#2750 = CARTESIAN_POINT('',(12.52716796875,210.04290039062));
#2751 = CARTESIAN_POINT('',(13.98810546875,210.04290039062));
#2752 = ( GEOMETRIC_REPRESENTATION_CONTEXT(2) 
PARAMETRIC_REPRESENTATION_CONTEXT() REPRESENTATION_CONTEXT('2D SPACE',''
  ) );
#2753 = PCURVE('',#2754,#2759);
#2754 = PLANE('',#2755);
#2755 = AXIS2_PLACEMENT_3D('',#2756,#2757,#2758);
#2756 = CARTESIAN_POINT('',(253.98810546875,-29.95709960937,18.2));
#2757 = DIRECTION('',(-2.22044604925E-16,-1.,0.));
#2758 = DIRECTION('',(-1.,2.22044604925E-16,0.));
#2759 = DEFINITIONAL_REPRESENTATION('',(#2760),#2763);
#2760 = B_SPLINE_CURVE_WITH_KNOTS('',1,(#2761,#2762),.UNSPECIFIED.,.F.,
  .F.,(2,2),(5.533115234375,6.994052734375),.PIECEWISE_BEZIER_KNOTS.);
#2761 = CARTESIAN_POINT('',(1.4609375,-1.4));
#2762 = CARTESIAN_POINT('',(0.,-1.4));
#2763 = ( GEOMETRIC_REPRESENTATION_CONTEXT(2) 
PARAMETRIC_REPRESENTATION_CONTEXT() REPRESENTATION_CONTEXT('2D SPACE',''
  ) );
#2764 = ORIENTED_EDGE('',*,*,#2765,.F.);
#2765 = EDGE_CURVE('',#2766,#2740,#2768,.T.);
#2766 = VERTEX_POINT('',#2767);
#2767 = CARTESIAN_POINT('',(252.52716796875,-33.51276367187,19.6));
#2768 = SURFACE_CURVE('',#2769,(#2773,#2779),.PCURVE_S1.);
#2769 = LINE('',#2770,#2771);
#2770 = CARTESIAN_POINT('',(252.52716796875,-134.9785498046,19.6));
#2771 = VECTOR('',#2772,1.);
#2772 = DIRECTION('',(2.22044604925E-16,1.,-0.));
#2773 = PCURVE('',#506,#2774);
#2774 = DEFINITIONAL_REPRESENTATION('',(#2775),#2778);
#2775 = B_SPLINE_CURVE_WITH_KNOTS('',1,(#2776,#2777),.UNSPECIFIED.,.F.,
  .F.,(2,2),(101.46578613281,105.02145019531),.PIECEWISE_BEZIER_KNOTS.);
#2776 = CARTESIAN_POINT('',(12.52716796875,206.48723632812));
#2777 = CARTESIAN_POINT('',(12.52716796875,210.04290039062));
#2778 = ( GEOMETRIC_REPRESENTATION_CONTEXT(2) 
PARAMETRIC_REPRESENTATION_CONTEXT() REPRESENTATION_CONTEXT('2D SPACE',''
  ) );
#2779 = PCURVE('',#2780,#2785);
#2780 = PLANE('',#2781);
#2781 = AXIS2_PLACEMENT_3D('',#2782,#2783,#2784);
#2782 = CARTESIAN_POINT('',(252.52716796875,-29.95709960937,18.2));
#2783 = DIRECTION('',(1.,-2.22044604925E-16,-0.));
#2784 = DIRECTION('',(-2.22044604925E-16,-1.,0.));
#2785 = DEFINITIONAL_REPRESENTATION('',(#2786),#2789);
#2786 = B_SPLINE_CURVE_WITH_KNOTS('',1,(#2787,#2788),.UNSPECIFIED.,.F.,
  .F.,(2,2),(101.46578613281,105.02145019531),.PIECEWISE_BEZIER_KNOTS.);
#2787 = CARTESIAN_POINT('',(3.5556640625,-1.4));
#2788 = CARTESIAN_POINT('',(0.,-1.4));
#2789 = ( GEOMETRIC_REPRESENTATION_CONTEXT(2) 
PARAMETRIC_REPRESENTATION_CONTEXT() REPRESENTATION_CONTEXT('2D SPACE',''
  ) );
#2790 = ORIENTED_EDGE('',*,*,#2791,.F.);
#2791 = EDGE_CURVE('',#2532,#2766,#2792,.T.);
#2792 = SURFACE_CURVE('',#2793,(#2797,#2803),.PCURVE_S1.);
#2793 = LINE('',#2794,#2795);
#2794 = CARTESIAN_POINT('',(246.26358398437,-33.51276367187,19.6));
#2795 = VECTOR('',#2796,1.);
#2796 = DIRECTION('',(1.,-2.22044604925E-16,0.));
#2797 = PCURVE('',#506,#2798);
#2798 = DEFINITIONAL_REPRESENTATION('',(#2799),#2802);
#2799 = B_SPLINE_CURVE_WITH_KNOTS('',1,(#2800,#2801),.UNSPECIFIED.,.F.,
  .F.,(2,2),(4.131123046875,6.263583984375),.PIECEWISE_BEZIER_KNOTS.);
#2800 = CARTESIAN_POINT('',(10.39470703125,206.48723632812));
#2801 = CARTESIAN_POINT('',(12.52716796875,206.48723632812));
#2802 = ( GEOMETRIC_REPRESENTATION_CONTEXT(2) 
PARAMETRIC_REPRESENTATION_CONTEXT() REPRESENTATION_CONTEXT('2D SPACE',''
  ) );
#2803 = PCURVE('',#2804,#2809);
#2804 = PLANE('',#2805);
#2805 = AXIS2_PLACEMENT_3D('',#2806,#2807,#2808);
#2806 = CARTESIAN_POINT('',(252.52716796875,-33.51276367187,18.2));
#2807 = DIRECTION('',(-2.22044604925E-16,-1.,0.));
#2808 = DIRECTION('',(-1.,2.22044604925E-16,0.));
#2809 = DEFINITIONAL_REPRESENTATION('',(#2810),#2813);
#2810 = B_SPLINE_CURVE_WITH_KNOTS('',1,(#2811,#2812),.UNSPECIFIED.,.F.,
  .F.,(2,2),(4.131123046875,6.263583984375),.PIECEWISE_BEZIER_KNOTS.);
#2811 = CARTESIAN_POINT('',(2.1324609375,-1.4));
#2812 = CARTESIAN_POINT('',(0.,-1.4));
#2813 = ( GEOMETRIC_REPRESENTATION_CONTEXT(2) 
PARAMETRIC_REPRESENTATION_CONTEXT() REPRESENTATION_CONTEXT('2D SPACE',''
  ) );
#2814 = FACE_BOUND('',#2815,.T.);
#2815 = EDGE_LOOP('',(#2816,#2854,#2880,#2919,#2958,#3015,#3072,#3123,
    #3180,#3206,#3232,#3258,#3315,#3366,#3417,#3468,#3507,#3546,#3572,
    #3608,#3634,#3673,#3712,#3748,#3784,#3856,#3943,#3979,#4015,#4072,
    #4114,#4165,#4237,#4273,#4309,#4396,#4468,#4504,#4540,#4579,#4618));
#2816 = ORIENTED_EDGE('',*,*,#2817,.F.);
#2817 = EDGE_CURVE('',#2818,#2820,#2822,.T.);
#2818 = VERTEX_POINT('',#2819);
#2819 = CARTESIAN_POINT('',(251.95781652959,-92.91106445312,19.6));
#2820 = VERTEX_POINT('',#2821);
#2821 = CARTESIAN_POINT('',(251.79119140625,-93.27106445312,19.6));
#2822 = SURFACE_CURVE('',#2823,(#2829,#2838),.PCURVE_S1.);
#2823 = B_SPLINE_CURVE_WITH_KNOTS('',4,(#2824,#2825,#2826,#2827,#2828),
  .UNSPECIFIED.,.F.,.F.,(5,5),(0.,1.),.PIECEWISE_BEZIER_KNOTS.);
#2824 = CARTESIAN_POINT('',(251.95781682452,-92.91106376003,19.6));
#2825 = CARTESIAN_POINT('',(251.91921902608,-93.00176817932,19.6));
#2826 = CARTESIAN_POINT('',(251.87852964804,-93.09202057588,19.6));
#2827 = CARTESIAN_POINT('',(251.83582726682,-93.18179273197,19.6));
#2828 = CARTESIAN_POINT('',(251.79119140625,-93.27106445312,19.6));
#2829 = PCURVE('',#506,#2830);
#2830 = DEFINITIONAL_REPRESENTATION('',(#2831),#2837);
#2831 = B_SPLINE_CURVE_WITH_KNOTS('',4,(#2832,#2833,#2834,#2835,#2836),
  .UNSPECIFIED.,.F.,.F.,(5,5),(0.,1.),.PIECEWISE_BEZIER_KNOTS.);
#2832 = CARTESIAN_POINT('',(11.957816824523,147.08893623996));
#2833 = CARTESIAN_POINT('',(11.919219026082,146.99823182067));
#2834 = CARTESIAN_POINT('',(11.878529648044,146.90797942412));
#2835 = CARTESIAN_POINT('',(11.835827266824,146.81820726802));
#2836 = CARTESIAN_POINT('',(11.79119140625,146.72893554687));
#2837 = ( GEOMETRIC_REPRESENTATION_CONTEXT(2) 
PARAMETRIC_REPRESENTATION_CONTEXT() REPRESENTATION_CONTEXT('2D SPACE',''
  ) );
#2838 = PCURVE('',#2839,#2846);
#2839 = SURFACE_OF_LINEAR_EXTRUSION('',#2840,#2844);
#2840 = B_SPLINE_CURVE_WITH_KNOTS('',2,(#2841,#2842,#2843),
  .UNSPECIFIED.,.F.,.F.,(3,3),(0.,1.),.PIECEWISE_BEZIER_KNOTS.);
#2841 = CARTESIAN_POINT('',(251.79119140625,-93.27106445312,18.2));
#2842 = CARTESIAN_POINT('',(252.08123046875,-92.69098632812,18.2));
#2843 = CARTESIAN_POINT('',(252.22893554687,-92.11896484375,18.2));
#2844 = VECTOR('',#2845,1.);
#2845 = DIRECTION('',(-0.,0.,-1.));
#2846 = DEFINITIONAL_REPRESENTATION('',(#2847),#2853);
#2847 = B_SPLINE_CURVE_WITH_KNOTS('',4,(#2848,#2849,#2850,#2851,#2852),
  .UNSPECIFIED.,.F.,.F.,(5,5),(0.,1.),.PIECEWISE_BEZIER_KNOTS.);
#2848 = CARTESIAN_POINT('',(0.31097519418,-1.4));
#2849 = CARTESIAN_POINT('',(0.23245311568,-1.4));
#2850 = CARTESIAN_POINT('',(0.154437027672,-1.4));
#2851 = CARTESIAN_POINT('',(7.69480155345E-02,-1.4));
#2852 = CARTESIAN_POINT('',(0.,-1.4));
#2853 = ( GEOMETRIC_REPRESENTATION_CONTEXT(2) 
PARAMETRIC_REPRESENTATION_CONTEXT() REPRESENTATION_CONTEXT('2D SPACE',''
  ) );
#2854 = ORIENTED_EDGE('',*,*,#2855,.F.);
#2855 = EDGE_CURVE('',#2856,#2818,#2858,.T.);
#2856 = VERTEX_POINT('',#2857);
#2857 = CARTESIAN_POINT('',(251.79119140625,-92.91106445312,19.6));
#2858 = SURFACE_CURVE('',#2859,(#2863,#2869),.PCURVE_S1.);
#2859 = LINE('',#2860,#2861);
#2860 = CARTESIAN_POINT('',(246.693203125,-92.91106445312,19.6));
#2861 = VECTOR('',#2862,1.);
#2862 = DIRECTION('',(1.,-2.22044604925E-16,0.));
#2863 = PCURVE('',#506,#2864);
#2864 = DEFINITIONAL_REPRESENTATION('',(#2865),#2868);
#2865 = B_SPLINE_CURVE_WITH_KNOTS('',1,(#2866,#2867),.UNSPECIFIED.,.F.,
  .F.,(2,2),(5.09798828125,5.264613404591),.PIECEWISE_BEZIER_KNOTS.);
#2866 = CARTESIAN_POINT('',(11.79119140625,147.08893554687));
#2867 = CARTESIAN_POINT('',(11.957816529591,147.08893554687));
#2868 = ( GEOMETRIC_REPRESENTATION_CONTEXT(2) 
PARAMETRIC_REPRESENTATION_CONTEXT() REPRESENTATION_CONTEXT('2D SPACE',''
  ) );
#2869 = PCURVE('',#2870,#2875);
#2870 = PLANE('',#2871);
#2871 = AXIS2_PLACEMENT_3D('',#2872,#2873,#2874);
#2872 = CARTESIAN_POINT('',(253.38640625,-92.91106445312,18.2));
#2873 = DIRECTION('',(-2.22044604925E-16,-1.,0.));
#2874 = DIRECTION('',(-1.,2.22044604925E-16,0.));
#2875 = DEFINITIONAL_REPRESENTATION('',(#2876),#2879);
#2876 = B_SPLINE_CURVE_WITH_KNOTS('',1,(#2877,#2878),.UNSPECIFIED.,.F.,
  .F.,(2,2),(5.09798828125,5.264613404591),.PIECEWISE_BEZIER_KNOTS.);
#2877 = CARTESIAN_POINT('',(1.59521484375,-1.4));
#2878 = CARTESIAN_POINT('',(1.428589720409,-1.4));
#2879 = ( GEOMETRIC_REPRESENTATION_CONTEXT(2) 
PARAMETRIC_REPRESENTATION_CONTEXT() REPRESENTATION_CONTEXT('2D SPACE',''
  ) );
#2880 = ORIENTED_EDGE('',*,*,#2881,.F.);
#2881 = EDGE_CURVE('',#2882,#2856,#2884,.T.);
#2882 = VERTEX_POINT('',#2883);
#2883 = CARTESIAN_POINT('',(252.22893554687,-91.75896484375,19.6));
#2884 = SURFACE_CURVE('',#2885,(#2892,#2902),.PCURVE_S1.);
#2885 = B_SPLINE_CURVE_WITH_KNOTS('',5,(#2886,#2887,#2888,#2889,#2890,
    #2891),.UNSPECIFIED.,.F.,.F.,(6,6),(0.,1.),
  .PIECEWISE_BEZIER_KNOTS.);
#2886 = CARTESIAN_POINT('',(252.22893554687,-91.75896484375,19.6));
#2887 = CARTESIAN_POINT('',(252.16828451557,-91.99384974679,19.6));
#2888 = CARTESIAN_POINT('',(252.09329955981,-92.2270048926,19.6));
#2889 = CARTESIAN_POINT('',(252.00478513819,-92.45783841145,19.6));
#2890 = CARTESIAN_POINT('',(251.90375122316,-92.68594481929,19.6));
#2891 = CARTESIAN_POINT('',(251.79119140625,-92.91106445312,19.6));
#2892 = PCURVE('',#506,#2893);
#2893 = DEFINITIONAL_REPRESENTATION('',(#2894),#2901);
#2894 = B_SPLINE_CURVE_WITH_KNOTS('',5,(#2895,#2896,#2897,#2898,#2899,
    #2900),.UNSPECIFIED.,.F.,.F.,(6,6),(0.,1.),
  .PIECEWISE_BEZIER_KNOTS.);
#2895 = CARTESIAN_POINT('',(12.228935546875,148.24103515625));
#2896 = CARTESIAN_POINT('',(12.168284515573,148.0061502532));
#2897 = CARTESIAN_POINT('',(12.09329955981,147.7729951074));
#2898 = CARTESIAN_POINT('',(12.004785138189,147.54216158855));
#2899 = CARTESIAN_POINT('',(11.903751223163,147.3140551807));
#2900 = CARTESIAN_POINT('',(11.79119140625,147.08893554687));
#2901 = ( GEOMETRIC_REPRESENTATION_CONTEXT(2) 
PARAMETRIC_REPRESENTATION_CONTEXT() REPRESENTATION_CONTEXT('2D SPACE',''
  ) );
#2902 = PCURVE('',#2903,#2910);
#2903 = SURFACE_OF_LINEAR_EXTRUSION('',#2904,#2908);
#2904 = B_SPLINE_CURVE_WITH_KNOTS('',2,(#2905,#2906,#2907),
  .UNSPECIFIED.,.F.,.F.,(3,3),(0.,1.),.PIECEWISE_BEZIER_KNOTS.);
#2905 = CARTESIAN_POINT('',(251.79119140625,-92.91106445312,18.2));
#2906 = CARTESIAN_POINT('',(252.08123046875,-92.33098632812,18.2));
#2907 = CARTESIAN_POINT('',(252.22893554687,-91.75896484375,18.2));
#2908 = VECTOR('',#2909,1.);
#2909 = DIRECTION('',(-0.,0.,-1.));
#2910 = DEFINITIONAL_REPRESENTATION('',(#2911),#2918);
#2911 = B_SPLINE_CURVE_WITH_KNOTS('',5,(#2912,#2913,#2914,#2915,#2916,
    #2917),.UNSPECIFIED.,.F.,.F.,(6,6),(0.,1.),
  .PIECEWISE_BEZIER_KNOTS.);
#2912 = CARTESIAN_POINT('',(1.,-1.4));
#2913 = CARTESIAN_POINT('',(0.794688740318,-1.4));
#2914 = CARTESIAN_POINT('',(0.591631594604,-1.4));
#2915 = CARTESIAN_POINT('',(0.391313193247,-1.4));
#2916 = CARTESIAN_POINT('',(0.194042512658,-1.4));
#2917 = CARTESIAN_POINT('',(0.,-1.4));
#2918 = ( GEOMETRIC_REPRESENTATION_CONTEXT(2) 
PARAMETRIC_REPRESENTATION_CONTEXT() REPRESENTATION_CONTEXT('2D SPACE',''
  ) );
#2919 = ORIENTED_EDGE('',*,*,#2920,.F.);
#2920 = EDGE_CURVE('',#2921,#2882,#2923,.T.);
#2921 = VERTEX_POINT('',#2922);
#2922 = CARTESIAN_POINT('',(252.37289810649,-90.81031927095,19.6));
#2923 = SURFACE_CURVE('',#2924,(#2931,#2941),.PCURVE_S1.);
#2924 = B_SPLINE_CURVE_WITH_KNOTS('',5,(#2925,#2926,#2927,#2928,#2929,
    #2930),.UNSPECIFIED.,.F.,.F.,(6,6),(0.,1.),
  .PIECEWISE_BEZIER_KNOTS.);
#2925 = CARTESIAN_POINT('',(252.3728981347,-90.81031860349,19.6));
#2926 = CARTESIAN_POINT('',(252.36487228924,-91.00018820787,19.6));
#2927 = CARTESIAN_POINT('',(252.34613158766,-91.19042232519,19.6));
#2928 = CARTESIAN_POINT('',(252.31692273652,-91.38055330972,19.6));
#2929 = CARTESIAN_POINT('',(252.27768282226,-91.57017994086,19.6));
#2930 = CARTESIAN_POINT('',(252.22893554687,-91.75896484375,19.6));
#2931 = PCURVE('',#506,#2932);
#2932 = DEFINITIONAL_REPRESENTATION('',(#2933),#2940);
#2933 = B_SPLINE_CURVE_WITH_KNOTS('',5,(#2934,#2935,#2936,#2937,#2938,
    #2939),.UNSPECIFIED.,.F.,.F.,(6,6),(0.,1.),
  .PIECEWISE_BEZIER_KNOTS.);
#2934 = CARTESIAN_POINT('',(12.372898134704,149.1896813965));
#2935 = CARTESIAN_POINT('',(12.364872289241,148.99981179212));
#2936 = CARTESIAN_POINT('',(12.34613158766,148.8095776748));
#2937 = CARTESIAN_POINT('',(12.316922736525,148.61944669027));
#2938 = CARTESIAN_POINT('',(12.277682822269,148.42982005913));
#2939 = CARTESIAN_POINT('',(12.228935546875,148.24103515625));
#2940 = ( GEOMETRIC_REPRESENTATION_CONTEXT(2) 
PARAMETRIC_REPRESENTATION_CONTEXT() REPRESENTATION_CONTEXT('2D SPACE',''
  ) );
#2941 = PCURVE('',#2942,#2949);
#2942 = SURFACE_OF_LINEAR_EXTRUSION('',#2943,#2947);
#2943 = B_SPLINE_CURVE_WITH_KNOTS('',2,(#2944,#2945,#2946),
  .UNSPECIFIED.,.F.,.F.,(3,3),(0.,1.),.PIECEWISE_BEZIER_KNOTS.);
#2944 = CARTESIAN_POINT('',(252.22893554687,-91.75896484375,18.2));
#2945 = CARTESIAN_POINT('',(252.376640625,-91.18694335937,18.2));
#2946 = CARTESIAN_POINT('',(252.376640625,-90.63372070312,18.2));
#2947 = VECTOR('',#2948,1.);
#2948 = DIRECTION('',(-0.,0.,-1.));
#2949 = DEFINITIONAL_REPRESENTATION('',(#2950),#2957);
#2950 = B_SPLINE_CURVE_WITH_KNOTS('',5,(#2951,#2952,#2953,#2954,#2955,
    #2956),.UNSPECIFIED.,.F.,.F.,(6,6),(0.,1.),
  .PIECEWISE_BEZIER_KNOTS.);
#2951 = CARTESIAN_POINT('',(0.840822152318,-1.4));
#2952 = CARTESIAN_POINT('',(0.670142109655,-1.4));
#2953 = CARTESIAN_POINT('',(0.500365135595,-1.4));
#2954 = CARTESIAN_POINT('',(0.33188550784,-1.4));
#2955 = CARTESIAN_POINT('',(0.165015570258,-1.4));
#2956 = CARTESIAN_POINT('',(0.,-1.4));
#2957 = ( GEOMETRIC_REPRESENTATION_CONTEXT(2) 
PARAMETRIC_REPRESENTATION_CONTEXT() REPRESENTATION_CONTEXT('2D SPACE',''
  ) );
#2958 = ORIENTED_EDGE('',*,*,#2959,.F.);
#2959 = EDGE_CURVE('',#2960,#2921,#2962,.T.);
#2960 = VERTEX_POINT('',#2961);
#2961 = CARTESIAN_POINT('',(252.09197265625,-89.73419921875,19.6));
#2962 = SURFACE_CURVE('',#2963,(#2976,#2992),.PCURVE_S1.);
#2963 = B_SPLINE_CURVE_WITH_KNOTS('',6,(#2964,#2965,#2966,#2967,#2968,
    #2969,#2970,#2971,#2972,#2973,#2974,#2975),.UNSPECIFIED.,.F.,.F.,(7,
    5,7),(0.,0.47034664247,1.),.UNSPECIFIED.);
#2964 = CARTESIAN_POINT('',(252.09197265625,-89.73419921875,19.6));
#2965 = CARTESIAN_POINT('',(252.13624102278,-89.80227227294,19.6));
#2966 = CARTESIAN_POINT('',(252.17568812774,-89.87485541704,19.6));
#2967 = CARTESIAN_POINT('',(252.21040031731,-89.95138301443,19.6));
#2968 = CARTESIAN_POINT('',(252.2406207779,-90.03127246189,19.6));
#2969 = CARTESIAN_POINT('',(252.26664471052,-90.11400551014,19.6));
#2970 = CARTESIAN_POINT('',(252.31370426588,-90.29505004332,19.6));
#2971 = CARTESIAN_POINT('',(252.3336939035,-90.39400014766,19.6));
#2972 = CARTESIAN_POINT('',(252.34919647995,-90.4954284405,19.6));
#2973 = CARTESIAN_POINT('',(252.36064409201,-90.59885266891,19.6));
#2974 = CARTESIAN_POINT('',(252.36843198307,-90.70390043024,19.6));
#2975 = CARTESIAN_POINT('',(252.37289814565,-90.81032020424,19.6));
#2976 = PCURVE('',#506,#2977);
#2977 = DEFINITIONAL_REPRESENTATION('',(#2978),#2991);
#2978 = B_SPLINE_CURVE_WITH_KNOTS('',6,(#2979,#2980,#2981,#2982,#2983,
    #2984,#2985,#2986,#2987,#2988,#2989,#2990),.UNSPECIFIED.,.F.,.F.,(7,
    5,7),(0.,0.47034664247,1.),.UNSPECIFIED.);
#2979 = CARTESIAN_POINT('',(12.09197265625,150.26580078125));
#2980 = CARTESIAN_POINT('',(12.13624102278,150.19772772705));
#2981 = CARTESIAN_POINT('',(12.175688127742,150.12514458295));
#2982 = CARTESIAN_POINT('',(12.21040031731,150.04861698556));
#2983 = CARTESIAN_POINT('',(12.240620777906,149.9687275381));
#2984 = CARTESIAN_POINT('',(12.266644710528,149.88599448985));
#2985 = CARTESIAN_POINT('',(12.313704265883,149.70494995668));
#2986 = CARTESIAN_POINT('',(12.333693903505,149.60599985233));
#2987 = CARTESIAN_POINT('',(12.349196479954,149.5045715595));
#2988 = CARTESIAN_POINT('',(12.360644092012,149.40114733108));
#2989 = CARTESIAN_POINT('',(12.368431983071,149.29609956975));
#2990 = CARTESIAN_POINT('',(12.372898145658,149.18967979575));
#2991 = ( GEOMETRIC_REPRESENTATION_CONTEXT(2) 
PARAMETRIC_REPRESENTATION_CONTEXT() REPRESENTATION_CONTEXT('2D SPACE',''
  ) );
#2992 = PCURVE('',#2993,#3000);
#2993 = SURFACE_OF_LINEAR_EXTRUSION('',#2994,#2998);
#2994 = B_SPLINE_CURVE_WITH_KNOTS('',2,(#2995,#2996,#2997),
  .UNSPECIFIED.,.F.,.F.,(3,3),(0.,1.),.PIECEWISE_BEZIER_KNOTS.);
#2995 = CARTESIAN_POINT('',(252.376640625,-90.99372070312,18.2));
#2996 = CARTESIAN_POINT('',(252.376640625,-90.17194335937,18.2));
#2997 = CARTESIAN_POINT('',(252.09197265625,-89.73419921875,18.2));
#2998 = VECTOR('',#2999,1.);
#2999 = DIRECTION('',(-0.,0.,-1.));
#3000 = DEFINITIONAL_REPRESENTATION('',(#3001),#3014);
#3001 = B_SPLINE_CURVE_WITH_KNOTS('',6,(#3002,#3003,#3004,#3005,#3006,
    #3007,#3008,#3009,#3010,#3011,#3012,#3013),.UNSPECIFIED.,.F.,.F.,(7,
    5,7),(0.,0.47034664247,1.),.UNSPECIFIED.);
#3002 = CARTESIAN_POINT('',(1.,-1.4));
#3003 = CARTESIAN_POINT('',(0.922245613504,-1.4));
#3004 = CARTESIAN_POINT('',(0.84570449047,-1.4));
#3005 = CARTESIAN_POINT('',(0.770649910967,-1.4));
#3006 = CARTESIAN_POINT('',(0.697236741141,-1.4));
#3007 = CARTESIAN_POINT('',(0.625537997369,-1.4));
#3008 = CARTESIAN_POINT('',(0.476756494109,-1.4));
#3009 = CARTESIAN_POINT('',(0.400143736444,-1.4));
#3010 = CARTESIAN_POINT('',(0.325706209721,-1.4));
#3011 = CARTESIAN_POINT('',(0.253382662495,-1.4));
#3012 = CARTESIAN_POINT('',(0.183075256195,-1.4));
#3013 = CARTESIAN_POINT('',(0.114659595317,-1.4));
#3014 = ( GEOMETRIC_REPRESENTATION_CONTEXT(2) 
PARAMETRIC_REPRESENTATION_CONTEXT() REPRESENTATION_CONTEXT('2D SPACE',''
  ) );
#3015 = ORIENTED_EDGE('',*,*,#3016,.F.);
#3016 = EDGE_CURVE('',#3017,#2960,#3019,.T.);
#3017 = VERTEX_POINT('',#3018);
#3018 = CARTESIAN_POINT('',(251.45409219883,-89.30985847133,19.6));
#3019 = SURFACE_CURVE('',#3020,(#3033,#3049),.PCURVE_S1.);
#3020 = B_SPLINE_CURVE_WITH_KNOTS('',6,(#3021,#3022,#3023,#3024,#3025,
    #3026,#3027,#3028,#3029,#3030,#3031,#3032),.UNSPECIFIED.,.F.,.F.,(7,
    5,7),(0.,0.415655919149,1.),.UNSPECIFIED.);
#3021 = CARTESIAN_POINT('',(251.45409161262,-89.30985837941,19.6));
#3022 = CARTESIAN_POINT('',(251.5090920455,-89.31848246356,19.6));
#3023 = CARTESIAN_POINT('',(251.56287506437,-89.33053972048,19.6));
#3024 = CARTESIAN_POINT('',(251.61522188195,-89.34615928215,19.6));
#3025 = CARTESIAN_POINT('',(251.66592194005,-89.36541626493,19.6));
#3026 = CARTESIAN_POINT('',(251.71478236373,-89.38831100564,19.6));
#3027 = CARTESIAN_POINT('',(251.82750793681,-89.45191479642,19.6));
#3028 = CARTESIAN_POINT('',(251.88944262824,-89.49609817056,19.6));
#3029 = CARTESIAN_POINT('',(251.94695421855,-89.54703381968,19.6));
#3030 = CARTESIAN_POINT('',(251.9998533031,-89.60417133859,19.6));
#3031 = CARTESIAN_POINT('',(252.04814866434,-89.66680949535,19.6));
#3032 = CARTESIAN_POINT('',(252.09197265625,-89.73419921875,19.6));
#3033 = PCURVE('',#506,#3034);
#3034 = DEFINITIONAL_REPRESENTATION('',(#3035),#3048);
#3035 = B_SPLINE_CURVE_WITH_KNOTS('',6,(#3036,#3037,#3038,#3039,#3040,
    #3041,#3042,#3043,#3044,#3045,#3046,#3047),.UNSPECIFIED.,.F.,.F.,(7,
    5,7),(0.,0.415655919149,1.),.UNSPECIFIED.);
#3036 = CARTESIAN_POINT('',(11.454091612627,150.69014162058));
#3037 = CARTESIAN_POINT('',(11.509092045504,150.68151753643));
#3038 = CARTESIAN_POINT('',(11.562875064378,150.66946027952));
#3039 = CARTESIAN_POINT('',(11.615221881952,150.65384071784));
#3040 = CARTESIAN_POINT('',(11.66592194005,150.63458373507));
#3041 = CARTESIAN_POINT('',(11.714782363733,150.61168899435));
#3042 = CARTESIAN_POINT('',(11.827507936812,150.54808520357));
#3043 = CARTESIAN_POINT('',(11.88944262824,150.50390182943));
#3044 = CARTESIAN_POINT('',(11.946954218555,150.45296618031));
#3045 = CARTESIAN_POINT('',(11.999853303105,150.3958286614));
#3046 = CARTESIAN_POINT('',(12.048148664346,150.33319050465));
#3047 = CARTESIAN_POINT('',(12.09197265625,150.26580078125));
#3048 = ( GEOMETRIC_REPRESENTATION_CONTEXT(2) 
PARAMETRIC_REPRESENTATION_CONTEXT() REPRESENTATION_CONTEXT('2D SPACE',''
  ) );
#3049 = PCURVE('',#3050,#3057);
#3050 = SURFACE_OF_LINEAR_EXTRUSION('',#3051,#3055);
#3051 = B_SPLINE_CURVE_WITH_KNOTS('',2,(#3052,#3053,#3054),
  .UNSPECIFIED.,.F.,.F.,(3,3),(0.,1.),.PIECEWISE_BEZIER_KNOTS.);
#3052 = CARTESIAN_POINT('',(252.09197265625,-89.73419921875,18.2));
#3053 = CARTESIAN_POINT('',(251.8073046875,-89.29645507812,18.2));
#3054 = CARTESIAN_POINT('',(251.27556640625,-89.29645507812,18.2));
#3055 = VECTOR('',#3056,1.);
#3056 = DIRECTION('',(-0.,0.,-1.));
#3057 = DEFINITIONAL_REPRESENTATION('',(#3058),#3071);
#3058 = B_SPLINE_CURVE_WITH_KNOTS('',6,(#3059,#3060,#3061,#3062,#3063,
    #3064,#3065,#3066,#3067,#3068,#3069,#3070),.UNSPECIFIED.,.F.,.F.,(7,
    5,7),(0.,0.415655919149,1.),.UNSPECIFIED.);
#3059 = CARTESIAN_POINT('',(0.825017055921,-1.4));
#3060 = CARTESIAN_POINT('',(0.768722431075,-1.4));
#3061 = CARTESIAN_POINT('',(0.71175047332,-1.4));
#3062 = CARTESIAN_POINT('',(0.654238377003,-1.4));
#3063 = CARTESIAN_POINT('',(0.596344266174,-1.4));
#3064 = CARTESIAN_POINT('',(0.53824932473,-1.4));
#3065 = CARTESIAN_POINT('',(0.398495755714,-1.4));
#3066 = CARTESIAN_POINT('',(0.316808439007,-1.4));
#3067 = CARTESIAN_POINT('',(0.23569659443,-1.4));
#3068 = CARTESIAN_POINT('',(0.155630437141,-1.4));
#3069 = CARTESIAN_POINT('',(7.69738725727E-02,-1.4));
#3070 = CARTESIAN_POINT('',(0.,-1.4));
#3071 = ( GEOMETRIC_REPRESENTATION_CONTEXT(2) 
PARAMETRIC_REPRESENTATION_CONTEXT() REPRESENTATION_CONTEXT('2D SPACE',''
  ) );
#3072 = ORIENTED_EDGE('',*,*,#3073,.F.);
#3073 = EDGE_CURVE('',#3074,#3017,#3076,.T.);
#3074 = VERTEX_POINT('',#3075);
#3075 = CARTESIAN_POINT('',(250.80573242187,-89.74494140625,19.6));
#3076 = SURFACE_CURVE('',#3077,(#3088,#3102),.PCURVE_S1.);
#3077 = B_SPLINE_CURVE_WITH_KNOTS('',5,(#3078,#3079,#3080,#3081,#3082,
    #3083,#3084,#3085,#3086,#3087),.UNSPECIFIED.,.F.,.F.,(6,4,6),(0.,
    0.563871212976,1.),.UNSPECIFIED.);
#3078 = CARTESIAN_POINT('',(250.80573242187,-89.74494140625,19.6));
#3079 = CARTESIAN_POINT('',(250.85618143487,-89.66470345224,19.6));
#3080 = CARTESIAN_POINT('',(250.91331730497,-89.59126316875,19.6));
#3081 = CARTESIAN_POINT('',(250.97741552476,-89.52606196806,19.6));
#3082 = CARTESIAN_POINT('',(251.04840127885,-89.47042732454,19.6));
#3083 = CARTESIAN_POINT('',(251.18484409575,-89.38968265584,19.6));
#3084 = CARTESIAN_POINT('',(251.24793542501,-89.36049752207,19.6));
#3085 = CARTESIAN_POINT('',(251.31419639874,-89.33759182945,19.6));
#3086 = CARTESIAN_POINT('',(251.38309918853,-89.3208254735,19.6));
#3087 = CARTESIAN_POINT('',(251.4540928011,-89.30985837829,19.6));
#3088 = PCURVE('',#506,#3089);
#3089 = DEFINITIONAL_REPRESENTATION('',(#3090),#3101);
#3090 = B_SPLINE_CURVE_WITH_KNOTS('',5,(#3091,#3092,#3093,#3094,#3095,
    #3096,#3097,#3098,#3099,#3100),.UNSPECIFIED.,.F.,.F.,(6,4,6),(0.,
    0.563871212976,1.),.UNSPECIFIED.);
#3091 = CARTESIAN_POINT('',(10.805732421875,150.25505859375));
#3092 = CARTESIAN_POINT('',(10.85618143487,150.33529654775));
#3093 = CARTESIAN_POINT('',(10.913317304972,150.40873683124));
#3094 = CARTESIAN_POINT('',(10.977415524768,150.47393803193));
#3095 = CARTESIAN_POINT('',(11.048401278854,150.52957267545));
#3096 = CARTESIAN_POINT('',(11.184844095752,150.61031734415));
#3097 = CARTESIAN_POINT('',(11.247935425016,150.63950247792));
#3098 = CARTESIAN_POINT('',(11.314196398741,150.66240817054));
#3099 = CARTESIAN_POINT('',(11.383099188533,150.67917452649));
#3100 = CARTESIAN_POINT('',(11.4540928011,150.6901416217));
#3101 = ( GEOMETRIC_REPRESENTATION_CONTEXT(2) 
PARAMETRIC_REPRESENTATION_CONTEXT() REPRESENTATION_CONTEXT('2D SPACE',''
  ) );
#3102 = PCURVE('',#3103,#3110);
#3103 = SURFACE_OF_LINEAR_EXTRUSION('',#3104,#3108);
#3104 = B_SPLINE_CURVE_WITH_KNOTS('',2,(#3105,#3106,#3107),
  .UNSPECIFIED.,.F.,.F.,(3,3),(0.,1.),.PIECEWISE_BEZIER_KNOTS.);
#3105 = CARTESIAN_POINT('',(251.63556640625,-89.29645507812,18.2));
#3106 = CARTESIAN_POINT('',(251.08771484375,-89.29645507812,18.2));
#3107 = CARTESIAN_POINT('',(250.80573242187,-89.74494140625,18.2));
#3108 = VECTOR('',#3109,1.);
#3109 = DIRECTION('',(-0.,0.,-1.));
#3110 = DEFINITIONAL_REPRESENTATION('',(#3111),#3122);
#3111 = B_SPLINE_CURVE_WITH_KNOTS('',5,(#3112,#3113,#3114,#3115,#3116,
    #3117,#3118,#3119,#3120,#3121),.UNSPECIFIED.,.F.,.F.,(6,4,6),(0.,
    0.563871212976,1.),.UNSPECIFIED.);
#3112 = CARTESIAN_POINT('',(1.,-1.4));
#3113 = CARTESIAN_POINT('',(0.910545819382,-1.4));
#3114 = CARTESIAN_POINT('',(0.818666620272,-1.4));
#3115 = CARTESIAN_POINT('',(0.724890828052,-1.4));
#3116 = CARTESIAN_POINT('',(0.630004934297,-1.4));
#3117 = CARTESIAN_POINT('',(0.461793844357,-1.4));
#3118 = CARTESIAN_POINT('',(0.388422970297,-1.4));
#3119 = CARTESIAN_POINT('',(0.315556702353,-1.4));
#3120 = CARTESIAN_POINT('',(0.243600964752,-1.4));
#3121 = CARTESIAN_POINT('',(0.172874631631,-1.4));
#3122 = ( GEOMETRIC_REPRESENTATION_CONTEXT(2) 
PARAMETRIC_REPRESENTATION_CONTEXT() REPRESENTATION_CONTEXT('2D SPACE',''
  ) );
#3123 = ORIENTED_EDGE('',*,*,#3124,.F.);
#3124 = EDGE_CURVE('',#3125,#3074,#3127,.T.);
#3125 = VERTEX_POINT('',#3126);
#3126 = CARTESIAN_POINT('',(250.52375,-91.06891601562,19.6));
#3127 = SURFACE_CURVE('',#3128,(#3141,#3157),.PCURVE_S1.);
#3128 = B_SPLINE_CURVE_WITH_KNOTS('',6,(#3129,#3130,#3131,#3132,#3133,
    #3134,#3135,#3136,#3137,#3138,#3139,#3140),.UNSPECIFIED.,.F.,.F.,(7,
    5,7),(0.,0.541790584338,1.),.UNSPECIFIED.);
#3129 = CARTESIAN_POINT('',(250.52375,-91.06891601562,19.6));
#3130 = CARTESIAN_POINT('',(250.52375,-90.93554943127,19.6));
#3131 = CARTESIAN_POINT('',(250.52767609425,-90.8036764652,19.6));
#3132 = CARTESIAN_POINT('',(250.5360199805,-90.67358663757,19.6));
#3133 = CARTESIAN_POINT('',(250.54938921134,-90.5457862054,19.6));
#3134 = CARTESIAN_POINT('',(250.56851259655,-90.42100082639,19.6));
#3135 = CARTESIAN_POINT('',(250.61600882416,-90.19799472914,19.6));
#3136 = CARTESIAN_POINT('',(250.6424931482,-90.09867538763,19.6));
#3137 = CARTESIAN_POINT('',(250.67420858459,-90.00280903301,19.6));
#3138 = CARTESIAN_POINT('',(250.71169047214,-89.91121795144,19.6));
#3139 = CARTESIAN_POINT('',(250.75544735124,-89.82491861382,19.6));
#3140 = CARTESIAN_POINT('',(250.80573242187,-89.74494140625,19.6));
#3141 = PCURVE('',#506,#3142);
#3142 = DEFINITIONAL_REPRESENTATION('',(#3143),#3156);
#3143 = B_SPLINE_CURVE_WITH_KNOTS('',6,(#3144,#3145,#3146,#3147,#3148,
    #3149,#3150,#3151,#3152,#3153,#3154,#3155),.UNSPECIFIED.,.F.,.F.,(7,
    5,7),(0.,0.541790584338,1.),.UNSPECIFIED.);
#3144 = CARTESIAN_POINT('',(10.52375,148.93108398437));
#3145 = CARTESIAN_POINT('',(10.52375,149.06445056872));
#3146 = CARTESIAN_POINT('',(10.527676094254,149.19632353479));
#3147 = CARTESIAN_POINT('',(10.536019980504,149.32641336243));
#3148 = CARTESIAN_POINT('',(10.549389211344,149.45421379459));
#3149 = CARTESIAN_POINT('',(10.568512596558,149.5789991736));
#3150 = CARTESIAN_POINT('',(10.616008824168,149.80200527085));
#3151 = CARTESIAN_POINT('',(10.642493148209,149.90132461236));
#3152 = CARTESIAN_POINT('',(10.674208584596,149.99719096698));
#3153 = CARTESIAN_POINT('',(10.71169047214,150.08878204855));
#3154 = CARTESIAN_POINT('',(10.755447351243,150.17508138617));
#3155 = CARTESIAN_POINT('',(10.805732421875,150.25505859375));
#3156 = ( GEOMETRIC_REPRESENTATION_CONTEXT(2) 
PARAMETRIC_REPRESENTATION_CONTEXT() REPRESENTATION_CONTEXT('2D SPACE',''
  ) );
#3157 = PCURVE('',#3158,#3165);
#3158 = SURFACE_OF_LINEAR_EXTRUSION('',#3159,#3163);
#3159 = B_SPLINE_CURVE_WITH_KNOTS('',2,(#3160,#3161,#3162),
  .UNSPECIFIED.,.F.,.F.,(3,3),(0.,1.),.PIECEWISE_BEZIER_KNOTS.);
#3160 = CARTESIAN_POINT('',(250.80573242187,-89.74494140625,18.2));
#3161 = CARTESIAN_POINT('',(250.52375,-90.19342773437,18.2));
#3162 = CARTESIAN_POINT('',(250.52375,-91.06891601562,18.2));
#3163 = VECTOR('',#3164,1.);
#3164 = DIRECTION('',(-0.,0.,-1.));
#3165 = DEFINITIONAL_REPRESENTATION('',(#3166),#3179);
#3166 = B_SPLINE_CURVE_WITH_KNOTS('',6,(#3167,#3168,#3169,#3170,#3171,
    #3172,#3173,#3174,#3175,#3176,#3177,#3178),.UNSPECIFIED.,.F.,.F.,(7,
    5,7),(0.,0.541790584338,1.),.UNSPECIFIED.);
#3167 = CARTESIAN_POINT('',(1.,-1.4));
#3168 = CARTESIAN_POINT('',(0.923833027119,-1.4));
#3169 = CARTESIAN_POINT('',(0.84512369573,-1.4));
#3170 = CARTESIAN_POINT('',(0.76361212188,-1.4));
#3171 = CARTESIAN_POINT('',(0.679062008187,-1.4));
#3172 = CARTESIAN_POINT('',(0.591257493071,-1.4));
#3173 = CARTESIAN_POINT('',(0.422820654726,-1.4));
#3174 = CARTESIAN_POINT('',(0.343194131993,-1.4));
#3175 = CARTESIAN_POINT('',(0.261015655166,-1.4));
#3176 = CARTESIAN_POINT('',(0.176291866396,-1.4));
#3177 = CARTESIAN_POINT('',(8.916348454853E-02,-1.4));
#3178 = CARTESIAN_POINT('',(0.,-1.4));
#3179 = ( GEOMETRIC_REPRESENTATION_CONTEXT(2) 
PARAMETRIC_REPRESENTATION_CONTEXT() REPRESENTATION_CONTEXT('2D SPACE',''
  ) );
#3180 = ORIENTED_EDGE('',*,*,#3181,.F.);
#3181 = EDGE_CURVE('',#3182,#3125,#3184,.T.);
#3182 = VERTEX_POINT('',#3183);
#3183 = CARTESIAN_POINT('',(250.52375,-91.89606445312,19.6));
#3184 = SURFACE_CURVE('',#3185,(#3189,#3195),.PCURVE_S1.);
#3185 = LINE('',#3186,#3187);
#3186 = CARTESIAN_POINT('',(250.52375,-165.3544580078,19.6));
#3187 = VECTOR('',#3188,1.);
#3188 = DIRECTION('',(2.22044604925E-16,1.,-0.));
#3189 = PCURVE('',#506,#3190);
#3190 = DEFINITIONAL_REPRESENTATION('',(#3191),#3194);
#3191 = B_SPLINE_CURVE_WITH_KNOTS('',1,(#3192,#3193),.UNSPECIFIED.,.F.,
  .F.,(2,2),(73.458393554688,74.285541992188),.PIECEWISE_BEZIER_KNOTS.);
#3192 = CARTESIAN_POINT('',(10.52375,148.10393554687));
#3193 = CARTESIAN_POINT('',(10.52375,148.93108398437));
#3194 = ( GEOMETRIC_REPRESENTATION_CONTEXT(2) 
PARAMETRIC_REPRESENTATION_CONTEXT() REPRESENTATION_CONTEXT('2D SPACE',''
  ) );
#3195 = PCURVE('',#3196,#3201);
#3196 = PLANE('',#3197);
#3197 = AXIS2_PLACEMENT_3D('',#3198,#3199,#3200);
#3198 = CARTESIAN_POINT('',(250.52375,-90.70891601562,18.2));
#3199 = DIRECTION('',(1.,-2.22044604925E-16,-0.));
#3200 = DIRECTION('',(-2.22044604925E-16,-1.,0.));
#3201 = DEFINITIONAL_REPRESENTATION('',(#3202),#3205);
#3202 = B_SPLINE_CURVE_WITH_KNOTS('',1,(#3203,#3204),.UNSPECIFIED.,.F.,
  .F.,(2,2),(73.458393554688,74.285541992188),.PIECEWISE_BEZIER_KNOTS.);
#3203 = CARTESIAN_POINT('',(1.1871484375,-1.4));
#3204 = CARTESIAN_POINT('',(0.36,-1.4));
#3205 = ( GEOMETRIC_REPRESENTATION_CONTEXT(2) 
PARAMETRIC_REPRESENTATION_CONTEXT() REPRESENTATION_CONTEXT('2D SPACE',''
  ) );
#3206 = ORIENTED_EDGE('',*,*,#3207,.F.);
#3207 = EDGE_CURVE('',#3208,#3182,#3210,.T.);
#3208 = VERTEX_POINT('',#3209);
#3209 = CARTESIAN_POINT('',(248.83171875,-91.89606445312,19.6));
#3210 = SURFACE_CURVE('',#3211,(#3215,#3221),.PCURVE_S1.);
#3211 = LINE('',#3212,#3213);
#3212 = CARTESIAN_POINT('',(245.261875,-91.89606445312,19.6));
#3213 = VECTOR('',#3214,1.);
#3214 = DIRECTION('',(1.,-2.22044604925E-16,0.));
#3215 = PCURVE('',#506,#3216);
#3216 = DEFINITIONAL_REPRESENTATION('',(#3217),#3220);
#3217 = B_SPLINE_CURVE_WITH_KNOTS('',1,(#3218,#3219),.UNSPECIFIED.,.F.,
  .F.,(2,2),(3.56984375,5.261875),.PIECEWISE_BEZIER_KNOTS.);
#3218 = CARTESIAN_POINT('',(8.83171875,148.10393554687));
#3219 = CARTESIAN_POINT('',(10.52375,148.10393554687));
#3220 = ( GEOMETRIC_REPRESENTATION_CONTEXT(2) 
PARAMETRIC_REPRESENTATION_CONTEXT() REPRESENTATION_CONTEXT('2D SPACE',''
  ) );
#3221 = PCURVE('',#3222,#3227);
#3222 = PLANE('',#3223);
#3223 = AXIS2_PLACEMENT_3D('',#3224,#3225,#3226);
#3224 = CARTESIAN_POINT('',(250.52375,-91.89606445312,18.2));
#3225 = DIRECTION('',(-2.22044604925E-16,-1.,0.));
#3226 = DIRECTION('',(-1.,2.22044604925E-16,0.));
#3227 = DEFINITIONAL_REPRESENTATION('',(#3228),#3231);
#3228 = B_SPLINE_CURVE_WITH_KNOTS('',1,(#3229,#3230),.UNSPECIFIED.,.F.,
  .F.,(2,2),(3.56984375,5.261875),.PIECEWISE_BEZIER_KNOTS.);
#3229 = CARTESIAN_POINT('',(1.69203125,-1.4));
#3230 = CARTESIAN_POINT('',(0.,-1.4));
#3231 = ( GEOMETRIC_REPRESENTATION_CONTEXT(2) 
PARAMETRIC_REPRESENTATION_CONTEXT() REPRESENTATION_CONTEXT('2D SPACE',''
  ) );
#3232 = ORIENTED_EDGE('',*,*,#3233,.F.);
#3233 = EDGE_CURVE('',#3234,#3208,#3236,.T.);
#3234 = VERTEX_POINT('',#3235);
#3235 = CARTESIAN_POINT('',(248.83171875,-91.02594726562,19.6));
#3236 = SURFACE_CURVE('',#3237,(#3241,#3247),.PCURVE_S1.);
#3237 = LINE('',#3238,#3239);
#3238 = CARTESIAN_POINT('',(248.83171875,-165.7680322265,19.6));
#3239 = VECTOR('',#3240,1.);
#3240 = DIRECTION('',(-2.22044604925E-16,-1.,0.));
#3241 = PCURVE('',#506,#3242);
#3242 = DEFINITIONAL_REPRESENTATION('',(#3243),#3246);
#3243 = B_SPLINE_CURVE_WITH_KNOTS('',1,(#3244,#3245),.UNSPECIFIED.,.F.,
  .F.,(2,2),(-74.74208496093,-73.87196777343),.PIECEWISE_BEZIER_KNOTS.);
#3244 = CARTESIAN_POINT('',(8.83171875,148.97405273437));
#3245 = CARTESIAN_POINT('',(8.83171875,148.10393554687));
#3246 = ( GEOMETRIC_REPRESENTATION_CONTEXT(2) 
PARAMETRIC_REPRESENTATION_CONTEXT() REPRESENTATION_CONTEXT('2D SPACE',''
  ) );
#3247 = PCURVE('',#3248,#3253);
#3248 = PLANE('',#3249);
#3249 = AXIS2_PLACEMENT_3D('',#3250,#3251,#3252);
#3250 = CARTESIAN_POINT('',(248.83171875,-91.53606445312,18.2));
#3251 = DIRECTION('',(-1.,2.22044604925E-16,0.));
#3252 = DIRECTION('',(2.22044604925E-16,1.,0.));
#3253 = DEFINITIONAL_REPRESENTATION('',(#3254),#3257);
#3254 = B_SPLINE_CURVE_WITH_KNOTS('',1,(#3255,#3256),.UNSPECIFIED.,.F.,
  .F.,(2,2),(-74.74208496093,-73.87196777343),.PIECEWISE_BEZIER_KNOTS.);
#3255 = CARTESIAN_POINT('',(0.5101171875,-1.4));
#3256 = CARTESIAN_POINT('',(-0.36,-1.4));
#3257 = ( GEOMETRIC_REPRESENTATION_CONTEXT(2) 
PARAMETRIC_REPRESENTATION_CONTEXT() REPRESENTATION_CONTEXT('2D SPACE',''
  ) );
#3258 = ORIENTED_EDGE('',*,*,#3259,.F.);
#3259 = EDGE_CURVE('',#3260,#3234,#3262,.T.);
#3260 = VERTEX_POINT('',#3261);
#3261 = CARTESIAN_POINT('',(248.58733398437,-89.86579101562,19.6));
#3262 = SURFACE_CURVE('',#3263,(#3276,#3292),.PCURVE_S1.);
#3263 = B_SPLINE_CURVE_WITH_KNOTS('',6,(#3264,#3265,#3266,#3267,#3268,
    #3269,#3270,#3271,#3272,#3273,#3274,#3275),.UNSPECIFIED.,.F.,.F.,(7,
    5,7),(0.,0.461319416669,1.),.UNSPECIFIED.);
#3264 = CARTESIAN_POINT('',(248.58733398437,-89.86579101562,19.6));
#3265 = CARTESIAN_POINT('',(248.63099201079,-89.93391672717,19.6));
#3266 = CARTESIAN_POINT('',(248.66901651604,-90.00816495435,19.6));
#3267 = CARTESIAN_POINT('',(248.70160759015,-90.08762341398,19.6));
#3268 = CARTESIAN_POINT('',(248.72918821783,-90.17136486769,19.6));
#3269 = CARTESIAN_POINT('',(248.75221087828,-90.258621469,19.6));
#3270 = CARTESIAN_POINT('',(248.79317917838,-90.4541570054,19.6));
#3271 = CARTESIAN_POINT('',(248.80961890409,-90.56347552123,19.6));
#3272 = CARTESIAN_POINT('',(248.82113291571,-90.67590189529,19.6));
#3273 = CARTESIAN_POINT('',(248.8283288815,-90.79075091389,19.6));
#3274 = CARTESIAN_POINT('',(248.83171875,-90.90753161049,19.6));
#3275 = CARTESIAN_POINT('',(248.83171875,-91.02594726562,19.6));
#3276 = PCURVE('',#506,#3277);
#3277 = DEFINITIONAL_REPRESENTATION('',(#3278),#3291);
#3278 = B_SPLINE_CURVE_WITH_KNOTS('',6,(#3279,#3280,#3281,#3282,#3283,
    #3284,#3285,#3286,#3287,#3288,#3289,#3290),.UNSPECIFIED.,.F.,.F.,(7,
    5,7),(0.,0.461319416669,1.),.UNSPECIFIED.);
#3279 = CARTESIAN_POINT('',(8.587333984375,150.13420898437));
#3280 = CARTESIAN_POINT('',(8.63099201079,150.06608327282));
#3281 = CARTESIAN_POINT('',(8.669016516047,149.99183504564));
#3282 = CARTESIAN_POINT('',(8.701607590153,149.91237658601));
#3283 = CARTESIAN_POINT('',(8.729188217836,149.8286351323));
#3284 = CARTESIAN_POINT('',(8.752210878281,149.74137853099));
#3285 = CARTESIAN_POINT('',(8.793179178382,149.54584299459));
#3286 = CARTESIAN_POINT('',(8.809618904094,149.43652447876));
#3287 = CARTESIAN_POINT('',(8.821132915714,149.3240981047));
#3288 = CARTESIAN_POINT('',(8.828328881505,149.2092490861));
#3289 = CARTESIAN_POINT('',(8.83171875,149.09246838951));
#3290 = CARTESIAN_POINT('',(8.83171875,148.97405273437));
#3291 = ( GEOMETRIC_REPRESENTATION_CONTEXT(2) 
PARAMETRIC_REPRESENTATION_CONTEXT() REPRESENTATION_CONTEXT('2D SPACE',''
  ) );
#3292 = PCURVE('',#3293,#3300);
#3293 = SURFACE_OF_LINEAR_EXTRUSION('',#3294,#3298);
#3294 = B_SPLINE_CURVE_WITH_KNOTS('',2,(#3295,#3296,#3297),
  .UNSPECIFIED.,.F.,.F.,(3,3),(0.,1.),.PIECEWISE_BEZIER_KNOTS.);
#3295 = CARTESIAN_POINT('',(248.83171875,-91.02594726562,18.2));
#3296 = CARTESIAN_POINT('',(248.83171875,-90.24713867187,18.2));
#3297 = CARTESIAN_POINT('',(248.58733398437,-89.86579101562,18.2));
#3298 = VECTOR('',#3299,1.);
#3299 = DIRECTION('',(-0.,0.,-1.));
#3300 = DEFINITIONAL_REPRESENTATION('',(#3301),#3314);
#3301 = B_SPLINE_CURVE_WITH_KNOTS('',6,(#3302,#3303,#3304,#3305,#3306,
    #3307,#3308,#3309,#3310,#3311,#3312,#3313),.UNSPECIFIED.,.F.,.F.,(7,
    5,7),(0.,0.461319416669,1.),.UNSPECIFIED.);
#3302 = CARTESIAN_POINT('',(1.,-1.4));
#3303 = CARTESIAN_POINT('',(0.910677684218,-1.4));
#3304 = CARTESIAN_POINT('',(0.823306871426,-1.4));
#3305 = CARTESIAN_POINT('',(0.738264330762,-1.4));
#3306 = CARTESIAN_POINT('',(0.655703698918,-1.4));
#3307 = CARTESIAN_POINT('',(0.575645485598,-1.4));
#3308 = CARTESIAN_POINT('',(0.40733371984,-1.4));
#3309 = CARTESIAN_POINT('',(0.319985138143,-1.4));
#3310 = CARTESIAN_POINT('',(0.235784437264,-1.4));
#3311 = CARTESIAN_POINT('',(0.154537036683,-1.4));
#3312 = CARTESIAN_POINT('',(7.60235930148E-02,-1.4));
#3313 = CARTESIAN_POINT('',(0.,-1.4));
#3314 = ( GEOMETRIC_REPRESENTATION_CONTEXT(2) 
PARAMETRIC_REPRESENTATION_CONTEXT() REPRESENTATION_CONTEXT('2D SPACE',''
  ) );
#3315 = ORIENTED_EDGE('',*,*,#3316,.F.);
#3316 = EDGE_CURVE('',#3317,#3260,#3319,.T.);
#3317 = VERTEX_POINT('',#3318);
#3318 = CARTESIAN_POINT('',(248.02872502035,-89.49897374153,19.6));
#3319 = SURFACE_CURVE('',#3320,(#3331,#3345),.PCURVE_S1.);
#3320 = B_SPLINE_CURVE_WITH_KNOTS('',5,(#3321,#3322,#3323,#3324,#3325,
    #3326,#3327,#3328,#3329,#3330),.UNSPECIFIED.,.F.,.F.,(6,4,6),(0.,
    0.510244710785,1.),.UNSPECIFIED.);
#3321 = CARTESIAN_POINT('',(248.0287244807,-89.4989736522,19.6));
#3322 = CARTESIAN_POINT('',(248.10061791044,-89.5108738211,19.6));
#3323 = CARTESIAN_POINT('',(248.16980928845,-89.52909273087,19.6));
#3324 = CARTESIAN_POINT('',(248.23564044401,-89.55403749514,19.6));
#3325 = CARTESIAN_POINT('',(248.29749004433,-89.58588390163,19.6));
#3326 = CARTESIAN_POINT('',(248.41002532282,-89.66122241556,19.6));
#3327 = CARTESIAN_POINT('',(248.46107900033,-89.70420849889,19.6));
#3328 = CARTESIAN_POINT('',(248.50767246074,-89.75302119577,19.6));
#3329 = CARTESIAN_POINT('',(248.54972559297,-89.80710539388,19.6));
#3330 = CARTESIAN_POINT('',(248.58733398437,-89.86579101562,19.6));
#3331 = PCURVE('',#506,#3332);
#3332 = DEFINITIONAL_REPRESENTATION('',(#3333),#3344);
#3333 = B_SPLINE_CURVE_WITH_KNOTS('',5,(#3334,#3335,#3336,#3337,#3338,
    #3339,#3340,#3341,#3342,#3343),.UNSPECIFIED.,.F.,.F.,(6,4,6),(0.,
    0.510244710785,1.),.UNSPECIFIED.);
#3334 = CARTESIAN_POINT('',(8.028724480702,150.50102634779));
#3335 = CARTESIAN_POINT('',(8.100617910443,150.48912617889));
#3336 = CARTESIAN_POINT('',(8.169809288455,150.47090726912));
#3337 = CARTESIAN_POINT('',(8.235640444015,150.44596250485));
#3338 = CARTESIAN_POINT('',(8.29749004433,150.41411609836));
#3339 = CARTESIAN_POINT('',(8.410025322821,150.33877758443));
#3340 = CARTESIAN_POINT('',(8.461079000334,150.29579150111));
#3341 = CARTESIAN_POINT('',(8.507672460744,150.24697880422));
#3342 = CARTESIAN_POINT('',(8.549725592977,150.19289460611));
#3343 = CARTESIAN_POINT('',(8.587333984375,150.13420898437));
#3344 = ( GEOMETRIC_REPRESENTATION_CONTEXT(2) 
PARAMETRIC_REPRESENTATION_CONTEXT() REPRESENTATION_CONTEXT('2D SPACE',''
  ) );
#3345 = PCURVE('',#3346,#3353);
#3346 = SURFACE_OF_LINEAR_EXTRUSION('',#3347,#3351);
#3347 = B_SPLINE_CURVE_WITH_KNOTS('',2,(#3348,#3349,#3350),
  .UNSPECIFIED.,.F.,.F.,(3,3),(0.,1.),.PIECEWISE_BEZIER_KNOTS.);
#3348 = CARTESIAN_POINT('',(248.58733398437,-89.86579101562,18.2));
#3349 = CARTESIAN_POINT('',(248.34294921875,-89.48444335937,18.2));
#3350 = CARTESIAN_POINT('',(247.8434375,-89.48444335937,18.2));
#3351 = VECTOR('',#3352,1.);
#3352 = DIRECTION('',(-0.,0.,-1.));
#3353 = DEFINITIONAL_REPRESENTATION('',(#3354),#3365);
#3354 = B_SPLINE_CURVE_WITH_KNOTS('',5,(#3355,#3356,#3357,#3358,#3359,
    #3360,#3361,#3362,#3363,#3364),.UNSPECIFIED.,.F.,.F.,(6,4,6),(0.,
    0.510244710785,1.),.UNSPECIFIED.);
#3355 = CARTESIAN_POINT('',(0.804801425135,-1.4));
#3356 = CARTESIAN_POINT('',(0.724868555351,-1.4));
#3357 = CARTESIAN_POINT('',(0.643408919668,-1.4));
#3358 = CARTESIAN_POINT('',(0.560808701204,-1.4));
#3359 = CARTESIAN_POINT('',(0.477572120685,-1.4));
#3360 = CARTESIAN_POINT('',(0.314475040775,-1.4));
#3361 = CARTESIAN_POINT('',(0.23458505051,-1.4));
#3362 = CARTESIAN_POINT('',(0.155257740304,-1.4));
#3363 = CARTESIAN_POINT('',(7.694504054276E-02,-1.4));
#3364 = CARTESIAN_POINT('',(0.,-1.4));
#3365 = ( GEOMETRIC_REPRESENTATION_CONTEXT(2) 
PARAMETRIC_REPRESENTATION_CONTEXT() REPRESENTATION_CONTEXT('2D SPACE',''
  ) );
#3366 = ORIENTED_EDGE('',*,*,#3367,.F.);
#3367 = EDGE_CURVE('',#3368,#3317,#3370,.T.);
#3368 = VERTEX_POINT('',#3369);
#3369 = CARTESIAN_POINT('',(247.48908203125,-89.85504882812,19.6));
#3370 = SURFACE_CURVE('',#3371,(#3382,#3396),.PCURVE_S1.);
#3371 = B_SPLINE_CURVE_WITH_KNOTS('',5,(#3372,#3373,#3374,#3375,#3376,
    #3377,#3378,#3379,#3380,#3381),.UNSPECIFIED.,.F.,.F.,(6,4,6),(0.,
    0.5837868834,1.),.UNSPECIFIED.);
#3372 = CARTESIAN_POINT('',(247.48908203125,-89.85504882812,19.6));
#3373 = CARTESIAN_POINT('',(247.53481277113,-89.78791220999,19.6));
#3374 = CARTESIAN_POINT('',(247.58582451514,-89.72693183298,19.6));
#3375 = CARTESIAN_POINT('',(247.64224737198,-89.67311121144,19.6));
#3376 = CARTESIAN_POINT('',(247.70396759591,-89.62729760738,19.6));
#3377 = CARTESIAN_POINT('',(247.81772500805,-89.56310574652,19.6));
#3378 = CARTESIAN_POINT('',(247.86746781465,-89.54062043261,19.6));
#3379 = CARTESIAN_POINT('',(247.91939633526,-89.52248699822,19.6));
#3380 = CARTESIAN_POINT('',(247.97324593911,-89.50865699965,19.6));
#3381 = CARTESIAN_POINT('',(248.02872552488,-89.49897365347,19.6));
#3382 = PCURVE('',#506,#3383);
#3383 = DEFINITIONAL_REPRESENTATION('',(#3384),#3395);
#3384 = B_SPLINE_CURVE_WITH_KNOTS('',5,(#3385,#3386,#3387,#3388,#3389,
    #3390,#3391,#3392,#3393,#3394),.UNSPECIFIED.,.F.,.F.,(6,4,6),(0.,
    0.5837868834,1.),.UNSPECIFIED.);
#3385 = CARTESIAN_POINT('',(7.48908203125,150.14495117187));
#3386 = CARTESIAN_POINT('',(7.534812771136,150.21208779));
#3387 = CARTESIAN_POINT('',(7.585824515142,150.27306816701));
#3388 = CARTESIAN_POINT('',(7.642247371989,150.32688878855));
#3389 = CARTESIAN_POINT('',(7.703967595914,150.37270239261));
#3390 = CARTESIAN_POINT('',(7.817725008051,150.43689425347));
#3391 = CARTESIAN_POINT('',(7.86746781465,150.45937956738));
#3392 = CARTESIAN_POINT('',(7.919396335266,150.47751300177));
#3393 = CARTESIAN_POINT('',(7.973245939112,150.49134300034));
#3394 = CARTESIAN_POINT('',(8.02872552488,150.50102634652));
#3395 = ( GEOMETRIC_REPRESENTATION_CONTEXT(2) 
PARAMETRIC_REPRESENTATION_CONTEXT() REPRESENTATION_CONTEXT('2D SPACE',''
  ) );
#3396 = PCURVE('',#3397,#3404);
#3397 = SURFACE_OF_LINEAR_EXTRUSION('',#3398,#3402);
#3398 = B_SPLINE_CURVE_WITH_KNOTS('',2,(#3399,#3400,#3401),
  .UNSPECIFIED.,.F.,.F.,(3,3),(0.,1.),.PIECEWISE_BEZIER_KNOTS.);
#3399 = CARTESIAN_POINT('',(248.2034375,-89.48444335937,18.2));
#3400 = CARTESIAN_POINT('',(247.7415234375,-89.48444335937,18.2));
#3401 = CARTESIAN_POINT('',(247.48908203125,-89.85504882812,18.2));
#3402 = VECTOR('',#3403,1.);
#3403 = DIRECTION('',(-0.,0.,-1.));
#3404 = DEFINITIONAL_REPRESENTATION('',(#3405),#3416);
#3405 = B_SPLINE_CURVE_WITH_KNOTS('',5,(#3406,#3407,#3408,#3409,#3410,
    #3411,#3412,#3413,#3414,#3415),.UNSPECIFIED.,.F.,.F.,(6,4,6),(0.,
    0.5837868834,1.),.UNSPECIFIED.);
#3406 = CARTESIAN_POINT('',(1.,-1.4));
#3407 = CARTESIAN_POINT('',(0.909423060651,-1.4));
#3408 = CARTESIAN_POINT('',(0.816896202777,-1.4));
#3409 = CARTESIAN_POINT('',(0.722892560973,-1.4));
#3410 = CARTESIAN_POINT('',(0.628053632251,-1.4));
#3411 = CARTESIAN_POINT('',(0.465642720294,-1.4));
#3412 = CARTESIAN_POINT('',(0.39804151247,-1.4));
#3413 = CARTESIAN_POINT('',(0.330736944215,-1.4));
#3414 = CARTESIAN_POINT('',(0.26398582689,-1.4));
#3415 = CARTESIAN_POINT('',(0.198007340429,-1.4));
#3416 = ( GEOMETRIC_REPRESENTATION_CONTEXT(2) 
PARAMETRIC_REPRESENTATION_CONTEXT() REPRESENTATION_CONTEXT('2D SPACE',''
  ) );
#3417 = ORIENTED_EDGE('',*,*,#3418,.F.);
#3418 = EDGE_CURVE('',#3419,#3368,#3421,.T.);
#3419 = VERTEX_POINT('',#3420);
#3420 = CARTESIAN_POINT('',(247.24077820148,-90.73414700628,19.6));
#3421 = SURFACE_CURVE('',#3422,(#3433,#3447),.PCURVE_S1.);
#3422 = B_SPLINE_CURVE_WITH_KNOTS('',5,(#3423,#3424,#3425,#3426,#3427,
    #3428,#3429,#3430,#3431,#3432),.UNSPECIFIED.,.F.,.F.,(6,4,6),(0.,
    0.524142021781,1.),.UNSPECIFIED.);
#3423 = CARTESIAN_POINT('',(247.2407781627,-90.73414777136,19.6));
#3424 = CARTESIAN_POINT('',(247.24609598566,-90.62924046842,19.6));
#3425 = CARTESIAN_POINT('',(247.25584132552,-90.52645155229,19.6));
#3426 = CARTESIAN_POINT('',(247.27051707679,-90.42623945498,19.6));
#3427 = CARTESIAN_POINT('',(247.29070997626,-90.32928466605,19.6));
#3428 = CARTESIAN_POINT('',(247.34076251294,-90.15207787359,19.6));
#3429 = CARTESIAN_POINT('',(247.36955992073,-90.07111155784,19.6));
#3430 = CARTESIAN_POINT('',(247.40371565701,-89.99413576247,19.6));
#3431 = CARTESIAN_POINT('',(247.44354938295,-89.92189463093,19.6));
#3432 = CARTESIAN_POINT('',(247.48908203125,-89.85504882812,19.6));
#3433 = PCURVE('',#506,#3434);
#3434 = DEFINITIONAL_REPRESENTATION('',(#3435),#3446);
#3435 = B_SPLINE_CURVE_WITH_KNOTS('',5,(#3436,#3437,#3438,#3439,#3440,
    #3441,#3442,#3443,#3444,#3445),.UNSPECIFIED.,.F.,.F.,(6,4,6),(0.,
    0.524142021781,1.),.UNSPECIFIED.);
#3436 = CARTESIAN_POINT('',(7.240778162703,149.26585222863));
#3437 = CARTESIAN_POINT('',(7.24609598566,149.37075953157));
#3438 = CARTESIAN_POINT('',(7.255841325525,149.4735484477));
#3439 = CARTESIAN_POINT('',(7.270517076793,149.57376054501));
#3440 = CARTESIAN_POINT('',(7.290709976265,149.67071533394));
#3441 = CARTESIAN_POINT('',(7.340762512943,149.8479221264));
#3442 = CARTESIAN_POINT('',(7.369559920739,149.92888844215));
#3443 = CARTESIAN_POINT('',(7.403715657016,150.00586423752));
#3444 = CARTESIAN_POINT('',(7.443549382958,150.07810536906));
#3445 = CARTESIAN_POINT('',(7.48908203125,150.14495117187));
#3446 = ( GEOMETRIC_REPRESENTATION_CONTEXT(2) 
PARAMETRIC_REPRESENTATION_CONTEXT() REPRESENTATION_CONTEXT('2D SPACE',''
  ) );
#3447 = PCURVE('',#3448,#3455);
#3448 = SURFACE_OF_LINEAR_EXTRUSION('',#3449,#3453);
#3449 = B_SPLINE_CURVE_WITH_KNOTS('',2,(#3450,#3451,#3452),
  .UNSPECIFIED.,.F.,.F.,(3,3),(0.,1.),.PIECEWISE_BEZIER_KNOTS.);
#3450 = CARTESIAN_POINT('',(247.48908203125,-89.85504882812,18.2));
#3451 = CARTESIAN_POINT('',(247.236640625,-90.22565429687,18.2));
#3452 = CARTESIAN_POINT('',(247.236640625,-90.90241210937,18.2));
#3453 = VECTOR('',#3454,1.);
#3454 = DIRECTION('',(-0.,0.,-1.));
#3455 = DEFINITIONAL_REPRESENTATION('',(#3456),#3467);
#3456 = B_SPLINE_CURVE_WITH_KNOTS('',5,(#3457,#3458,#3459,#3460,#3461,
    #3462,#3463,#3464,#3465,#3466),.UNSPECIFIED.,.F.,.F.,(6,4,6),(0.,
    0.524142021781,1.),.UNSPECIFIED.);
#3457 = CARTESIAN_POINT('',(0.87197620797,-1.4));
#3458 = CARTESIAN_POINT('',(0.789704104468,-1.4));
#3459 = CARTESIAN_POINT('',(0.705029993253,-1.4));
#3460 = CARTESIAN_POINT('',(0.617841972171,-1.4));
#3461 = CARTESIAN_POINT('',(0.528117075209,-1.4));
#3462 = CARTESIAN_POINT('',(0.352346067743,-1.4));
#3463 = CARTESIAN_POINT('',(0.266723981493,-1.4));
#3464 = CARTESIAN_POINT('',(0.179249033003,-1.4));
#3465 = CARTESIAN_POINT('',(9.018458771874E-02,-1.4));
#3466 = CARTESIAN_POINT('',(0.,-1.4));
#3467 = ( GEOMETRIC_REPRESENTATION_CONTEXT(2) 
PARAMETRIC_REPRESENTATION_CONTEXT() REPRESENTATION_CONTEXT('2D SPACE',''
  ) );
#3468 = ORIENTED_EDGE('',*,*,#3469,.F.);
#3469 = EDGE_CURVE('',#3470,#3419,#3472,.T.);
#3470 = VERTEX_POINT('',#3471);
#3471 = CARTESIAN_POINT('',(247.34943359375,-91.55217773437,19.6));
#3472 = SURFACE_CURVE('',#3473,(#3480,#3490),.PCURVE_S1.);
#3473 = B_SPLINE_CURVE_WITH_KNOTS('',5,(#3474,#3475,#3476,#3477,#3478,
    #3479),.UNSPECIFIED.,.F.,.F.,(6,6),(0.,1.),
  .PIECEWISE_BEZIER_KNOTS.);
#3474 = CARTESIAN_POINT('',(247.34943359375,-91.55217773437,19.6));
#3475 = CARTESIAN_POINT('',(247.31337630588,-91.38906143211,19.6));
#3476 = CARTESIAN_POINT('',(247.28427215886,-91.22549557866,19.6));
#3477 = CARTESIAN_POINT('',(247.26236039138,-91.06167422257,19.6));
#3478 = CARTESIAN_POINT('',(247.2478273812,-90.89781234774,19.6));
#3479 = CARTESIAN_POINT('',(247.24077817556,-90.7341464044,19.6));
#3480 = PCURVE('',#506,#3481);
#3481 = DEFINITIONAL_REPRESENTATION('',(#3482),#3489);
#3482 = B_SPLINE_CURVE_WITH_KNOTS('',5,(#3483,#3484,#3485,#3486,#3487,
    #3488),.UNSPECIFIED.,.F.,.F.,(6,6),(0.,1.),
  .PIECEWISE_BEZIER_KNOTS.);
#3483 = CARTESIAN_POINT('',(7.34943359375,148.44782226562));
#3484 = CARTESIAN_POINT('',(7.313376305882,148.61093856788));
#3485 = CARTESIAN_POINT('',(7.284272158865,148.77450442133));
#3486 = CARTESIAN_POINT('',(7.26236039138,148.93832577742));
#3487 = CARTESIAN_POINT('',(7.247827381207,149.10218765225));
#3488 = CARTESIAN_POINT('',(7.240778175562,149.26585359559));
#3489 = ( GEOMETRIC_REPRESENTATION_CONTEXT(2) 
PARAMETRIC_REPRESENTATION_CONTEXT() REPRESENTATION_CONTEXT('2D SPACE',''
  ) );
#3490 = PCURVE('',#3491,#3498);
#3491 = SURFACE_OF_LINEAR_EXTRUSION('',#3492,#3496);
#3492 = B_SPLINE_CURVE_WITH_KNOTS('',2,(#3493,#3494,#3495),
  .UNSPECIFIED.,.F.,.F.,(3,3),(0.,1.),.PIECEWISE_BEZIER_KNOTS.);
#3493 = CARTESIAN_POINT('',(247.236640625,-90.54241210937,18.2));
#3494 = CARTESIAN_POINT('',(247.236640625,-91.04192382812,18.2));
#3495 = CARTESIAN_POINT('',(247.34943359375,-91.55217773437,18.2));
#3496 = VECTOR('',#3497,1.);
#3497 = DIRECTION('',(-0.,0.,-1.));
#3498 = DEFINITIONAL_REPRESENTATION('',(#3499),#3506);
#3499 = B_SPLINE_CURVE_WITH_KNOTS('',5,(#3500,#3501,#3502,#3503,#3504,
    #3505),.UNSPECIFIED.,.F.,.F.,(6,6),(0.,1.),
  .PIECEWISE_BEZIER_KNOTS.);
#3500 = CARTESIAN_POINT('',(1.,-1.4));
#3501 = CARTESIAN_POINT('',(0.840161633,-1.4));
#3502 = CARTESIAN_POINT('',(0.679210424162,-1.4));
#3503 = CARTESIAN_POINT('',(0.517317804806,-1.4));
#3504 = CARTESIAN_POINT('',(0.354681201381,-1.4));
#3505 = CARTESIAN_POINT('',(0.191527280957,-1.4));
#3506 = ( GEOMETRIC_REPRESENTATION_CONTEXT(2) 
PARAMETRIC_REPRESENTATION_CONTEXT() REPRESENTATION_CONTEXT('2D SPACE',''
  ) );
#3507 = ORIENTED_EDGE('',*,*,#3508,.F.);
#3508 = EDGE_CURVE('',#3509,#3470,#3511,.T.);
#3509 = VERTEX_POINT('',#3510);
#3510 = CARTESIAN_POINT('',(247.68244140625,-92.56731445312,19.6));
#3511 = SURFACE_CURVE('',#3512,(#3519,#3529),.PCURVE_S1.);
#3512 = B_SPLINE_CURVE_WITH_KNOTS('',5,(#3513,#3514,#3515,#3516,#3517,
    #3518),.UNSPECIFIED.,.F.,.F.,(6,6),(0.,1.),
  .PIECEWISE_BEZIER_KNOTS.);
#3513 = CARTESIAN_POINT('',(247.68244140625,-92.56731445312,19.6));
#3514 = CARTESIAN_POINT('',(247.59572932613,-92.3685111475,19.6));
#3515 = CARTESIAN_POINT('',(247.51861810873,-92.16733280951,19.6));
#3516 = CARTESIAN_POINT('',(247.45160530274,-91.96401089513,19.6));
#3517 = CARTESIAN_POINT('',(247.39511623343,-91.75883729486,19.6));
#3518 = CARTESIAN_POINT('',(247.34943359375,-91.55217773437,19.6));
#3519 = PCURVE('',#506,#3520);
#3520 = DEFINITIONAL_REPRESENTATION('',(#3521),#3528);
#3521 = B_SPLINE_CURVE_WITH_KNOTS('',5,(#3522,#3523,#3524,#3525,#3526,
    #3527),.UNSPECIFIED.,.F.,.F.,(6,6),(0.,1.),
  .PIECEWISE_BEZIER_KNOTS.);
#3522 = CARTESIAN_POINT('',(7.68244140625,147.43268554687));
#3523 = CARTESIAN_POINT('',(7.595729326137,147.63148885249));
#3524 = CARTESIAN_POINT('',(7.518618108734,147.83266719049));
#3525 = CARTESIAN_POINT('',(7.451605302748,148.03598910486));
#3526 = CARTESIAN_POINT('',(7.395116233438,148.24116270513));
#3527 = CARTESIAN_POINT('',(7.34943359375,148.44782226562));
#3528 = ( GEOMETRIC_REPRESENTATION_CONTEXT(2) 
PARAMETRIC_REPRESENTATION_CONTEXT() REPRESENTATION_CONTEXT('2D SPACE',''
  ) );
#3529 = PCURVE('',#3530,#3537);
#3530 = SURFACE_OF_LINEAR_EXTRUSION('',#3531,#3535);
#3531 = B_SPLINE_CURVE_WITH_KNOTS('',2,(#3532,#3533,#3534),
  .UNSPECIFIED.,.F.,.F.,(3,3),(0.,1.),.PIECEWISE_BEZIER_KNOTS.);
#3532 = CARTESIAN_POINT('',(247.34943359375,-91.55217773437,18.2));
#3533 = CARTESIAN_POINT('',(247.4622265625,-92.06243164062,18.2));
#3534 = CARTESIAN_POINT('',(247.68244140625,-92.56731445312,18.2));
#3535 = VECTOR('',#3536,1.);
#3536 = DIRECTION('',(-0.,0.,-1.));
#3537 = DEFINITIONAL_REPRESENTATION('',(#3538),#3545);
#3538 = B_SPLINE_CURVE_WITH_KNOTS('',5,(#3539,#3540,#3541,#3542,#3543,
    #3544),.UNSPECIFIED.,.F.,.F.,(6,6),(0.,1.),
  .PIECEWISE_BEZIER_KNOTS.);
#3539 = CARTESIAN_POINT('',(1.,-1.4));
#3540 = CARTESIAN_POINT('',(0.803119356906,-1.4));
#3541 = CARTESIAN_POINT('',(0.604402105064,-1.4));
#3542 = CARTESIAN_POINT('',(0.404096680823,-1.4));
#3543 = CARTESIAN_POINT('',(0.202506593248,-1.4));
#3544 = CARTESIAN_POINT('',(0.,-1.4));
#3545 = ( GEOMETRIC_REPRESENTATION_CONTEXT(2) 
PARAMETRIC_REPRESENTATION_CONTEXT() REPRESENTATION_CONTEXT('2D SPACE',''
  ) );
#3546 = ORIENTED_EDGE('',*,*,#3547,.F.);
#3547 = EDGE_CURVE('',#3548,#3509,#3550,.T.);
#3548 = VERTEX_POINT('',#3549);
#3549 = CARTESIAN_POINT('',(247.53931913037,-92.56731445312,19.6));
#3550 = SURFACE_CURVE('',#3551,(#3555,#3561),.PCURVE_S1.);
#3551 = LINE('',#3552,#3553);
#3552 = CARTESIAN_POINT('',(243.84122070312,-92.56731445312,19.6));
#3553 = VECTOR('',#3554,1.);
#3554 = DIRECTION('',(1.,-2.22044604925E-16,0.));
#3555 = PCURVE('',#506,#3556);
#3556 = DEFINITIONAL_REPRESENTATION('',(#3557),#3560);
#3557 = B_SPLINE_CURVE_WITH_KNOTS('',1,(#3558,#3559),.UNSPECIFIED.,.F.,
  .F.,(2,2),(3.698098427249,3.841220703125),.PIECEWISE_BEZIER_KNOTS.);
#3558 = CARTESIAN_POINT('',(7.539319130374,147.43268554687));
#3559 = CARTESIAN_POINT('',(7.68244140625,147.43268554687));
#3560 = ( GEOMETRIC_REPRESENTATION_CONTEXT(2) 
PARAMETRIC_REPRESENTATION_CONTEXT() REPRESENTATION_CONTEXT('2D SPACE',''
  ) );
#3561 = PCURVE('',#3562,#3567);
#3562 = PLANE('',#3563);
#3563 = AXIS2_PLACEMENT_3D('',#3564,#3565,#3566);
#3564 = CARTESIAN_POINT('',(247.68244140625,-92.56731445312,18.2));
#3565 = DIRECTION('',(-2.22044604925E-16,-1.,0.));
#3566 = DIRECTION('',(-1.,2.22044604925E-16,0.));
#3567 = DEFINITIONAL_REPRESENTATION('',(#3568),#3571);
#3568 = B_SPLINE_CURVE_WITH_KNOTS('',1,(#3569,#3570),.UNSPECIFIED.,.F.,
  .F.,(2,2),(3.698098427249,3.841220703125),.PIECEWISE_BEZIER_KNOTS.);
#3569 = CARTESIAN_POINT('',(0.143122275876,-1.4));
#3570 = CARTESIAN_POINT('',(0.,-1.4));
#3571 = ( GEOMETRIC_REPRESENTATION_CONTEXT(2) 
PARAMETRIC_REPRESENTATION_CONTEXT() REPRESENTATION_CONTEXT('2D SPACE',''
  ) );
#3572 = ORIENTED_EDGE('',*,*,#3573,.F.);
#3573 = EDGE_CURVE('',#3574,#3548,#3576,.T.);
#3574 = VERTEX_POINT('',#3575);
#3575 = CARTESIAN_POINT('',(247.68244140625,-92.92731445312,19.6));
#3576 = SURFACE_CURVE('',#3577,(#3583,#3592),.PCURVE_S1.);
#3577 = B_SPLINE_CURVE_WITH_KNOTS('',4,(#3578,#3579,#3580,#3581,#3582),
  .UNSPECIFIED.,.F.,.F.,(5,5),(0.,1.),.PIECEWISE_BEZIER_KNOTS.);
#3578 = CARTESIAN_POINT('',(247.68244140625,-92.92731445312,19.6));
#3579 = CARTESIAN_POINT('',(247.64350775976,-92.83805194653,19.6));
#3580 = CARTESIAN_POINT('',(247.60663889935,-92.74827932196,19.6));
#3581 = CARTESIAN_POINT('',(247.57189233433,-92.65802259338,19.6));
#3582 = CARTESIAN_POINT('',(247.53931891198,-92.56731384497,19.6));
#3583 = PCURVE('',#506,#3584);
#3584 = DEFINITIONAL_REPRESENTATION('',(#3585),#3591);
#3585 = B_SPLINE_CURVE_WITH_KNOTS('',4,(#3586,#3587,#3588,#3589,#3590),
  .UNSPECIFIED.,.F.,.F.,(5,5),(0.,1.),.PIECEWISE_BEZIER_KNOTS.);
#3586 = CARTESIAN_POINT('',(7.68244140625,147.07268554687));
#3587 = CARTESIAN_POINT('',(7.64350775976,147.16194805346));
#3588 = CARTESIAN_POINT('',(7.606638899352,147.25172067803));
#3589 = CARTESIAN_POINT('',(7.571892334332,147.34197740661));
#3590 = CARTESIAN_POINT('',(7.539318911987,147.43268615502));
#3591 = ( GEOMETRIC_REPRESENTATION_CONTEXT(2) 
PARAMETRIC_REPRESENTATION_CONTEXT() REPRESENTATION_CONTEXT('2D SPACE',''
  ) );
#3592 = PCURVE('',#3593,#3600);
#3593 = SURFACE_OF_LINEAR_EXTRUSION('',#3594,#3598);
#3594 = B_SPLINE_CURVE_WITH_KNOTS('',2,(#3595,#3596,#3597),
  .UNSPECIFIED.,.F.,.F.,(3,3),(0.,1.),.PIECEWISE_BEZIER_KNOTS.);
#3595 = CARTESIAN_POINT('',(247.34943359375,-91.91217773437,18.2));
#3596 = CARTESIAN_POINT('',(247.4622265625,-92.42243164062,18.2));
#3597 = CARTESIAN_POINT('',(247.68244140625,-92.92731445312,18.2));
#3598 = VECTOR('',#3599,1.);
#3599 = DIRECTION('',(-0.,0.,-1.));
#3600 = DEFINITIONAL_REPRESENTATION('',(#3601),#3607);
#3601 = B_SPLINE_CURVE_WITH_KNOTS('',4,(#3602,#3603,#3604,#3605,#3606),
  .UNSPECIFIED.,.F.,.F.,(5,5),(0.,1.),.PIECEWISE_BEZIER_KNOTS.);
#3602 = CARTESIAN_POINT('',(1.,-1.4));
#3603 = CARTESIAN_POINT('',(0.911600767172,-1.4));
#3604 = CARTESIAN_POINT('',(0.822807190707,-1.4));
#3605 = CARTESIAN_POINT('',(0.733647270025,-1.4));
#3606 = CARTESIAN_POINT('',(0.6441545649,-1.4));
#3607 = ( GEOMETRIC_REPRESENTATION_CONTEXT(2) 
PARAMETRIC_REPRESENTATION_CONTEXT() REPRESENTATION_CONTEXT('2D SPACE',''
  ) );
#3608 = ORIENTED_EDGE('',*,*,#3609,.F.);
#3609 = EDGE_CURVE('',#3610,#3574,#3612,.T.);
#3610 = VERTEX_POINT('',#3611);
#3611 = CARTESIAN_POINT('',(245.80779296875,-92.92731445312,19.6));
#3612 = SURFACE_CURVE('',#3613,(#3617,#3623),.PCURVE_S1.);
#3613 = LINE('',#3614,#3615);
#3614 = CARTESIAN_POINT('',(243.84122070312,-92.92731445312,19.6));
#3615 = VECTOR('',#3616,1.);
#3616 = DIRECTION('',(1.,-2.22044604925E-16,0.));
#3617 = PCURVE('',#506,#3618);
#3618 = DEFINITIONAL_REPRESENTATION('',(#3619),#3622);
#3619 = B_SPLINE_CURVE_WITH_KNOTS('',1,(#3620,#3621),.UNSPECIFIED.,.F.,
  .F.,(2,2),(1.966572265625,3.841220703125),.PIECEWISE_BEZIER_KNOTS.);
#3620 = CARTESIAN_POINT('',(5.80779296875,147.07268554687));
#3621 = CARTESIAN_POINT('',(7.68244140625,147.07268554687));
#3622 = ( GEOMETRIC_REPRESENTATION_CONTEXT(2) 
PARAMETRIC_REPRESENTATION_CONTEXT() REPRESENTATION_CONTEXT('2D SPACE',''
  ) );
#3623 = PCURVE('',#3624,#3629);
#3624 = PLANE('',#3625);
#3625 = AXIS2_PLACEMENT_3D('',#3626,#3627,#3628);
#3626 = CARTESIAN_POINT('',(247.68244140625,-92.92731445312,18.2));
#3627 = DIRECTION('',(-2.22044604925E-16,-1.,0.));
#3628 = DIRECTION('',(-1.,2.22044604925E-16,0.));
#3629 = DEFINITIONAL_REPRESENTATION('',(#3630),#3633);
#3630 = B_SPLINE_CURVE_WITH_KNOTS('',1,(#3631,#3632),.UNSPECIFIED.,.F.,
  .F.,(2,2),(1.966572265625,3.841220703125),.PIECEWISE_BEZIER_KNOTS.);
#3631 = CARTESIAN_POINT('',(1.8746484375,-1.4));
#3632 = CARTESIAN_POINT('',(0.,-1.4));
#3633 = ( GEOMETRIC_REPRESENTATION_CONTEXT(2) 
PARAMETRIC_REPRESENTATION_CONTEXT() REPRESENTATION_CONTEXT('2D SPACE',''
  ) );
#3634 = ORIENTED_EDGE('',*,*,#3635,.F.);
#3635 = EDGE_CURVE('',#3636,#3610,#3638,.T.);
#3636 = VERTEX_POINT('',#3637);
#3637 = CARTESIAN_POINT('',(245.54998046875,-91.71344726562,19.6));
#3638 = SURFACE_CURVE('',#3639,(#3646,#3656),.PCURVE_S1.);
#3639 = B_SPLINE_CURVE_WITH_KNOTS('',5,(#3640,#3641,#3642,#3643,#3644,
    #3645),.UNSPECIFIED.,.F.,.F.,(6,6),(0.,1.),
  .PIECEWISE_BEZIER_KNOTS.);
#3640 = CARTESIAN_POINT('',(245.54998046875,-91.71344726562,19.6));
#3641 = CARTESIAN_POINT('',(245.58480510903,-91.9572197476,19.6));
#3642 = CARTESIAN_POINT('',(245.6282526625,-92.20071469251,19.6));
#3643 = CARTESIAN_POINT('',(245.68009287441,-92.4436944094,19.6));
#3644 = CARTESIAN_POINT('',(245.74004239118,-92.68595302055,19.6));
#3645 = CARTESIAN_POINT('',(245.80779296875,-92.92731445312,19.6));
#3646 = PCURVE('',#506,#3647);
#3647 = DEFINITIONAL_REPRESENTATION('',(#3648),#3655);
#3648 = B_SPLINE_CURVE_WITH_KNOTS('',5,(#3649,#3650,#3651,#3652,#3653,
    #3654),.UNSPECIFIED.,.F.,.F.,(6,6),(0.,1.),
  .PIECEWISE_BEZIER_KNOTS.);
#3649 = CARTESIAN_POINT('',(5.54998046875,148.28655273437));
#3650 = CARTESIAN_POINT('',(5.584805109032,148.04278025239));
#3651 = CARTESIAN_POINT('',(5.628252662506,147.79928530748));
#3652 = CARTESIAN_POINT('',(5.680092874419,147.55630559059));
#3653 = CARTESIAN_POINT('',(5.740042391186,147.31404697944));
#3654 = CARTESIAN_POINT('',(5.80779296875,147.07268554687));
#3655 = ( GEOMETRIC_REPRESENTATION_CONTEXT(2) 
PARAMETRIC_REPRESENTATION_CONTEXT() REPRESENTATION_CONTEXT('2D SPACE',''
  ) );
#3656 = PCURVE('',#3657,#3664);
#3657 = SURFACE_OF_LINEAR_EXTRUSION('',#3658,#3662);
#3658 = B_SPLINE_CURVE_WITH_KNOTS('',2,(#3659,#3660,#3661),
  .UNSPECIFIED.,.F.,.F.,(3,3),(0.,1.),.PIECEWISE_BEZIER_KNOTS.);
#3659 = CARTESIAN_POINT('',(245.80779296875,-92.92731445312,18.2));
#3660 = CARTESIAN_POINT('',(245.63591796875,-92.31500976562,18.2));
#3661 = CARTESIAN_POINT('',(245.54998046875,-91.71344726562,18.2));
#3662 = VECTOR('',#3663,1.);
#3663 = DIRECTION('',(-0.,0.,-1.));
#3664 = DEFINITIONAL_REPRESENTATION('',(#3665),#3672);
#3665 = B_SPLINE_CURVE_WITH_KNOTS('',5,(#3666,#3667,#3668,#3669,#3670,
    #3671),.UNSPECIFIED.,.F.,.F.,(6,6),(0.,1.),
  .PIECEWISE_BEZIER_KNOTS.);
#3666 = CARTESIAN_POINT('',(1.,-1.4));
#3667 = CARTESIAN_POINT('',(0.797383911084,-1.4));
#3668 = CARTESIAN_POINT('',(0.595914872452,-1.4));
#3669 = CARTESIAN_POINT('',(0.395769679915,-1.4));
#3670 = CARTESIAN_POINT('',(0.197092589276,-1.4));
#3671 = CARTESIAN_POINT('',(0.,-1.4));
#3672 = ( GEOMETRIC_REPRESENTATION_CONTEXT(2) 
PARAMETRIC_REPRESENTATION_CONTEXT() REPRESENTATION_CONTEXT('2D SPACE',''
  ) );
#3673 = ORIENTED_EDGE('',*,*,#3674,.F.);
#3674 = EDGE_CURVE('',#3675,#3636,#3677,.T.);
#3675 = VERTEX_POINT('',#3676);
#3676 = CARTESIAN_POINT('',(245.46404296875,-90.53180664062,19.6));
#3677 = SURFACE_CURVE('',#3678,(#3685,#3695),.PCURVE_S1.);
#3678 = B_SPLINE_CURVE_WITH_KNOTS('',5,(#3679,#3680,#3681,#3682,#3683,
    #3684),.UNSPECIFIED.,.F.,.F.,(6,6),(0.,1.),
  .PIECEWISE_BEZIER_KNOTS.);
#3679 = CARTESIAN_POINT('',(245.46404296875,-90.53180664062,19.6));
#3680 = CARTESIAN_POINT('',(245.46404296875,-90.76679422807,19.6));
#3681 = CARTESIAN_POINT('',(245.47285712394,-91.00272181799,19.6));
#3682 = CARTESIAN_POINT('',(245.49029571634,-91.23930706544,19.6));
#3683 = CARTESIAN_POINT('',(245.51610120518,-91.4762924207,19.6));
#3684 = CARTESIAN_POINT('',(245.54998046875,-91.71344726562,19.6));
#3685 = PCURVE('',#506,#3686);
#3686 = DEFINITIONAL_REPRESENTATION('',(#3687),#3694);
#3687 = B_SPLINE_CURVE_WITH_KNOTS('',5,(#3688,#3689,#3690,#3691,#3692,
    #3693),.UNSPECIFIED.,.F.,.F.,(6,6),(0.,1.),
  .PIECEWISE_BEZIER_KNOTS.);
#3688 = CARTESIAN_POINT('',(5.46404296875,149.46819335937));
#3689 = CARTESIAN_POINT('',(5.46404296875,149.23320577192));
#3690 = CARTESIAN_POINT('',(5.472857123941,148.997278182));
#3691 = CARTESIAN_POINT('',(5.490295716346,148.76069293455));
#3692 = CARTESIAN_POINT('',(5.516101205189,148.52370757929));
#3693 = CARTESIAN_POINT('',(5.54998046875,148.28655273437));
#3694 = ( GEOMETRIC_REPRESENTATION_CONTEXT(2) 
PARAMETRIC_REPRESENTATION_CONTEXT() REPRESENTATION_CONTEXT('2D SPACE',''
  ) );
#3695 = PCURVE('',#3696,#3703);
#3696 = SURFACE_OF_LINEAR_EXTRUSION('',#3697,#3701);
#3697 = B_SPLINE_CURVE_WITH_KNOTS('',2,(#3698,#3699,#3700),
  .UNSPECIFIED.,.F.,.F.,(3,3),(0.,1.),.PIECEWISE_BEZIER_KNOTS.);
#3698 = CARTESIAN_POINT('',(245.54998046875,-91.71344726562,18.2));
#3699 = CARTESIAN_POINT('',(245.46404296875,-91.11188476562,18.2));
#3700 = CARTESIAN_POINT('',(245.46404296875,-90.53180664062,18.2));
#3701 = VECTOR('',#3702,1.);
#3702 = DIRECTION('',(-0.,0.,-1.));
#3703 = DEFINITIONAL_REPRESENTATION('',(#3704),#3711);
#3704 = B_SPLINE_CURVE_WITH_KNOTS('',5,(#3705,#3706,#3707,#3708,#3709,
    #3710),.UNSPECIFIED.,.F.,.F.,(6,6),(0.,1.),
  .PIECEWISE_BEZIER_KNOTS.);
#3705 = CARTESIAN_POINT('',(1.,-1.4));
#3706 = CARTESIAN_POINT('',(0.797451776475,-1.4));
#3707 = CARTESIAN_POINT('',(0.595992661702,-1.4));
#3708 = CARTESIAN_POINT('',(0.395825141725,-1.4));
#3709 = CARTESIAN_POINT('',(0.197115715261,-1.4));
#3710 = CARTESIAN_POINT('',(0.,-1.4));
#3711 = ( GEOMETRIC_REPRESENTATION_CONTEXT(2) 
PARAMETRIC_REPRESENTATION_CONTEXT() REPRESENTATION_CONTEXT('2D SPACE',''
  ) );
#3712 = ORIENTED_EDGE('',*,*,#3713,.F.);
#3713 = EDGE_CURVE('',#3714,#3675,#3716,.T.);
#3714 = VERTEX_POINT('',#3715);
#3715 = CARTESIAN_POINT('',(245.46593959859,-90.34463283356,19.6));
#3716 = SURFACE_CURVE('',#3717,(#3723,#3732),.PCURVE_S1.);
#3717 = B_SPLINE_CURVE_WITH_KNOTS('',4,(#3718,#3719,#3720,#3721,#3722),
  .UNSPECIFIED.,.F.,.F.,(5,5),(0.,1.),.PIECEWISE_BEZIER_KNOTS.);
#3718 = CARTESIAN_POINT('',(245.46593963602,-90.34463101539,19.6));
#3719 = CARTESIAN_POINT('',(245.46497790892,-90.39134813951,19.6));
#3720 = CARTESIAN_POINT('',(245.46435041232,-90.43812044001,19.6));
#3721 = CARTESIAN_POINT('',(245.46404296875,-90.48494164548,19.6));
#3722 = CARTESIAN_POINT('',(245.46404296875,-90.53180664062,19.6));
#3723 = PCURVE('',#506,#3724);
#3724 = DEFINITIONAL_REPRESENTATION('',(#3725),#3731);
#3725 = B_SPLINE_CURVE_WITH_KNOTS('',4,(#3726,#3727,#3728,#3729,#3730),
  .UNSPECIFIED.,.F.,.F.,(5,5),(0.,1.),.PIECEWISE_BEZIER_KNOTS.);
#3726 = CARTESIAN_POINT('',(5.465939636028,149.6553689846));
#3727 = CARTESIAN_POINT('',(5.464977908926,149.60865186048));
#3728 = CARTESIAN_POINT('',(5.464350412326,149.56187955998));
#3729 = CARTESIAN_POINT('',(5.46404296875,149.51505835451));
#3730 = CARTESIAN_POINT('',(5.46404296875,149.46819335937));
#3731 = ( GEOMETRIC_REPRESENTATION_CONTEXT(2) 
PARAMETRIC_REPRESENTATION_CONTEXT() REPRESENTATION_CONTEXT('2D SPACE',''
  ) );
#3732 = PCURVE('',#3733,#3740);
#3733 = SURFACE_OF_LINEAR_EXTRUSION('',#3734,#3738);
#3734 = B_SPLINE_CURVE_WITH_KNOTS('',2,(#3735,#3736,#3737),
  .UNSPECIFIED.,.F.,.F.,(3,3),(0.,1.),.PIECEWISE_BEZIER_KNOTS.);
#3735 = CARTESIAN_POINT('',(245.46404296875,-90.53180664062,18.2));
#3736 = CARTESIAN_POINT('',(245.46404296875,-88.96881835937,18.2));
#3737 = CARTESIAN_POINT('',(245.97698242187,-88.1926953125,18.2));
#3738 = VECTOR('',#3739,1.);
#3739 = DIRECTION('',(-0.,0.,-1.));
#3740 = DEFINITIONAL_REPRESENTATION('',(#3741),#3747);
#3741 = B_SPLINE_CURVE_WITH_KNOTS('',4,(#3742,#3743,#3744,#3745,#3746),
  .UNSPECIFIED.,.F.,.F.,(5,5),(0.,1.),.PIECEWISE_BEZIER_KNOTS.);
#3742 = CARTESIAN_POINT('',(6.080825259386E-02,-1.4));
#3743 = CARTESIAN_POINT('',(4.539148834823E-02,-1.4));
#3744 = CARTESIAN_POINT('',(3.012109234724E-02,-1.4));
#3745 = CARTESIAN_POINT('',(1.499211340904E-02,-1.4));
#3746 = CARTESIAN_POINT('',(0.,-1.4));
#3747 = ( GEOMETRIC_REPRESENTATION_CONTEXT(2) 
PARAMETRIC_REPRESENTATION_CONTEXT() REPRESENTATION_CONTEXT('2D SPACE',''
  ) );
#3748 = ORIENTED_EDGE('',*,*,#3749,.F.);
#3749 = EDGE_CURVE('',#3750,#3714,#3752,.T.);
#3750 = VERTEX_POINT('',#3751);
#3751 = CARTESIAN_POINT('',(245.46404296875,-90.17180664062,19.6));
#3752 = SURFACE_CURVE('',#3753,(#3759,#3768),.PCURVE_S1.);
#3753 = B_SPLINE_CURVE_WITH_KNOTS('',4,(#3754,#3755,#3756,#3757,#3758),
  .UNSPECIFIED.,.F.,.F.,(5,5),(0.,1.),.PIECEWISE_BEZIER_KNOTS.);
#3754 = CARTESIAN_POINT('',(245.46404296875,-90.17180664062,19.6));
#3755 = CARTESIAN_POINT('',(245.46404296875,-90.21496487835,19.6));
#3756 = CARTESIAN_POINT('',(245.46436010517,-90.25815691218,19.6));
#3757 = CARTESIAN_POINT('',(245.46499287282,-90.30138052218,19.6));
#3758 = CARTESIAN_POINT('',(245.46593961391,-90.34463353348,19.6));
#3759 = PCURVE('',#506,#3760);
#3760 = DEFINITIONAL_REPRESENTATION('',(#3761),#3767);
#3761 = B_SPLINE_CURVE_WITH_KNOTS('',4,(#3762,#3763,#3764,#3765,#3766),
  .UNSPECIFIED.,.F.,.F.,(5,5),(0.,1.),.PIECEWISE_BEZIER_KNOTS.);
#3762 = CARTESIAN_POINT('',(5.46404296875,149.82819335937));
#3763 = CARTESIAN_POINT('',(5.46404296875,149.78503512164));
#3764 = CARTESIAN_POINT('',(5.464360105174,149.74184308781));
#3765 = CARTESIAN_POINT('',(5.464992872823,149.69861947781));
#3766 = CARTESIAN_POINT('',(5.465939613919,149.65536646651));
#3767 = ( GEOMETRIC_REPRESENTATION_CONTEXT(2) 
PARAMETRIC_REPRESENTATION_CONTEXT() REPRESENTATION_CONTEXT('2D SPACE',''
  ) );
#3768 = PCURVE('',#3769,#3776);
#3769 = SURFACE_OF_LINEAR_EXTRUSION('',#3770,#3774);
#3770 = B_SPLINE_CURVE_WITH_KNOTS('',2,(#3771,#3772,#3773),
  .UNSPECIFIED.,.F.,.F.,(3,3),(0.,1.),.PIECEWISE_BEZIER_KNOTS.);
#3771 = CARTESIAN_POINT('',(245.54998046875,-91.35344726562,18.2));
#3772 = CARTESIAN_POINT('',(245.46404296875,-90.75188476562,18.2));
#3773 = CARTESIAN_POINT('',(245.46404296875,-90.17180664062,18.2));
#3774 = VECTOR('',#3775,1.);
#3775 = DIRECTION('',(-0.,0.,-1.));
#3776 = DEFINITIONAL_REPRESENTATION('',(#3777),#3783);
#3777 = B_SPLINE_CURVE_WITH_KNOTS('',4,(#3778,#3779,#3780,#3781,#3782),
  .UNSPECIFIED.,.F.,.F.,(5,5),(0.,1.),.PIECEWISE_BEZIER_KNOTS.);
#3778 = CARTESIAN_POINT('',(1.,-1.4));
#3779 = CARTESIAN_POINT('',(0.962799633475,-1.4));
#3780 = CARTESIAN_POINT('',(0.92563847546,-1.4));
#3781 = CARTESIAN_POINT('',(0.888518115091,-1.4));
#3782 = CARTESIAN_POINT('',(0.851440069757,-1.4));
#3783 = ( GEOMETRIC_REPRESENTATION_CONTEXT(2) 
PARAMETRIC_REPRESENTATION_CONTEXT() REPRESENTATION_CONTEXT('2D SPACE',''
  ) );
#3784 = ORIENTED_EDGE('',*,*,#3785,.F.);
#3785 = EDGE_CURVE('',#3786,#3750,#3788,.T.);
#3786 = VERTEX_POINT('',#3787);
#3787 = CARTESIAN_POINT('',(245.97698242187,-87.8326953125,19.6));
#3788 = SURFACE_CURVE('',#3789,(#3807,#3828),.PCURVE_S1.);
#3789 = B_SPLINE_CURVE_WITH_KNOTS('',6,(#3790,#3791,#3792,#3793,#3794,
    #3795,#3796,#3797,#3798,#3799,#3800,#3801,#3802,#3803,#3804,#3805,
    #3806),.UNSPECIFIED.,.F.,.F.,(7,5,5,7),(0.,0.366709714928,
    0.807435676434,1.),.UNSPECIFIED.);
#3790 = CARTESIAN_POINT('',(245.97698242187,-87.8326953125,19.6));
#3791 = CARTESIAN_POINT('',(245.89894270615,-87.95077634832,19.6));
#3792 = CARTESIAN_POINT('',(245.83027934644,-88.07637838216,19.6));
#3793 = CARTESIAN_POINT('',(245.77048662459,-88.20791081598,19.6));
#3794 = CARTESIAN_POINT('',(245.7187213062,-88.34394066339,19.6));
#3795 = CARTESIAN_POINT('',(245.67415056217,-88.48340863031,19.6));
#3796 = CARTESIAN_POINT('',(245.59015204546,-88.7966137444,19.6));
#3797 = CARTESIAN_POINT('',(245.5536037083,-88.97149221027,19.6));
#3798 = CARTESIAN_POINT('',(245.525002724,-89.14913553261,19.6));
#3799 = CARTESIAN_POINT('',(245.50328474348,-89.32871220497,19.6));
#3800 = CARTESIAN_POINT('',(245.48757439513,-89.50968215149,19.6));
#3801 = CARTESIAN_POINT('',(245.47263011854,-89.77136347636,19.6));
#3802 = CARTESIAN_POINT('',(245.4691001305,-89.85114045275,19.6));
#3803 = CARTESIAN_POINT('',(245.46652652656,-89.93109611424,19.6));
#3804 = CARTESIAN_POINT('',(245.46485666066,-90.01120557107,19.6));
#3805 = CARTESIAN_POINT('',(245.46404296875,-90.09144799927,19.6));
#3806 = CARTESIAN_POINT('',(245.46404296875,-90.17180664062,19.6));
#3807 = PCURVE('',#506,#3808);
#3808 = DEFINITIONAL_REPRESENTATION('',(#3809),#3827);
#3809 = B_SPLINE_CURVE_WITH_KNOTS('',6,(#3810,#3811,#3812,#3813,#3814,
    #3815,#3816,#3817,#3818,#3819,#3820,#3821,#3822,#3823,#3824,#3825,
    #3826),.UNSPECIFIED.,.F.,.F.,(7,5,5,7),(0.,0.366709714928,
    0.807435676434,1.),.UNSPECIFIED.);
#3810 = CARTESIAN_POINT('',(5.976982421875,152.1673046875));
#3811 = CARTESIAN_POINT('',(5.898942706156,152.04922365167));
#3812 = CARTESIAN_POINT('',(5.830279346447,151.92362161783));
#3813 = CARTESIAN_POINT('',(5.770486624592,151.79208918401));
#3814 = CARTESIAN_POINT('',(5.718721306206,151.6560593366));
#3815 = CARTESIAN_POINT('',(5.674150562178,151.51659136968));
#3816 = CARTESIAN_POINT('',(5.590152045464,151.20338625559));
#3817 = CARTESIAN_POINT('',(5.553603708301,151.02850778972));
#3818 = CARTESIAN_POINT('',(5.525002724002,150.85086446739));
#3819 = CARTESIAN_POINT('',(5.503284743482,150.67128779502));
#3820 = CARTESIAN_POINT('',(5.487574395136,150.4903178485));
#3821 = CARTESIAN_POINT('',(5.472630118548,150.22863652363));
#3822 = CARTESIAN_POINT('',(5.469100130503,150.14885954724));
#3823 = CARTESIAN_POINT('',(5.466526526562,150.06890388575));
#3824 = CARTESIAN_POINT('',(5.464856660665,149.98879442892));
#3825 = CARTESIAN_POINT('',(5.46404296875,149.90855200072));
#3826 = CARTESIAN_POINT('',(5.46404296875,149.82819335937));
#3827 = ( GEOMETRIC_REPRESENTATION_CONTEXT(2) 
PARAMETRIC_REPRESENTATION_CONTEXT() REPRESENTATION_CONTEXT('2D SPACE',''
  ) );
#3828 = PCURVE('',#3829,#3836);
#3829 = SURFACE_OF_LINEAR_EXTRUSION('',#3830,#3834);
#3830 = B_SPLINE_CURVE_WITH_KNOTS('',2,(#3831,#3832,#3833),
  .UNSPECIFIED.,.F.,.F.,(3,3),(0.,1.),.PIECEWISE_BEZIER_KNOTS.);
#3831 = CARTESIAN_POINT('',(245.46404296875,-90.17180664062,18.2));
#3832 = CARTESIAN_POINT('',(245.46404296875,-88.60881835937,18.2));
#3833 = CARTESIAN_POINT('',(245.97698242187,-87.8326953125,18.2));
#3834 = VECTOR('',#3835,1.);
#3835 = DIRECTION('',(-0.,0.,-1.));
#3836 = DEFINITIONAL_REPRESENTATION('',(#3837),#3855);
#3837 = B_SPLINE_CURVE_WITH_KNOTS('',6,(#3838,#3839,#3840,#3841,#3842,
    #3843,#3844,#3845,#3846,#3847,#3848,#3849,#3850,#3851,#3852,#3853,
    #3854),.UNSPECIFIED.,.F.,.F.,(7,5,5,7),(0.,0.366709714928,
    0.807435676434,1.),.UNSPECIFIED.);
#3838 = CARTESIAN_POINT('',(1.,-1.4));
#3839 = CARTESIAN_POINT('',(0.923928920613,-1.4));
#3840 = CARTESIAN_POINT('',(0.850053195706,-1.4));
#3841 = CARTESIAN_POINT('',(0.778633483183,-1.4));
#3842 = CARTESIAN_POINT('',(0.709714389376,-1.4));
#3843 = CARTESIAN_POINT('',(0.643226082686,-1.4));
#3844 = CARTESIAN_POINT('',(0.501810602247,-1.4));
#3845 = CARTESIAN_POINT('',(0.427931365289,-1.4));
#3846 = CARTESIAN_POINT('',(0.357067708353,-1.4));
#3847 = CARTESIAN_POINT('',(0.288963315224,-1.4));
#3848 = CARTESIAN_POINT('',(0.223361379223,-1.4));
#3849 = CARTESIAN_POINT('',(0.132315810286,-1.4));
#3850 = CARTESIAN_POINT('',(0.105062858374,-1.4));
#3851 = CARTESIAN_POINT('',(7.822207786744E-02,-1.4));
#3852 = CARTESIAN_POINT('',(5.177559564804E-02,-1.4));
#3853 = CARTESIAN_POINT('',(2.570673187825E-02,-1.4));
#3854 = CARTESIAN_POINT('',(0.,-1.4));
#3855 = ( GEOMETRIC_REPRESENTATION_CONTEXT(2) 
PARAMETRIC_REPRESENTATION_CONTEXT() REPRESENTATION_CONTEXT('2D SPACE',''
  ) );
#3856 = ORIENTED_EDGE('',*,*,#3857,.F.);
#3857 = EDGE_CURVE('',#3858,#3786,#3860,.T.);
#3858 = VERTEX_POINT('',#3859);
#3859 = CARTESIAN_POINT('',(247.521171875,-87.05657226562,19.6));
#3860 = SURFACE_CURVE('',#3861,(#3884,#3910),.PCURVE_S1.);
#3861 = B_SPLINE_CURVE_WITH_KNOTS('',6,(#3862,#3863,#3864,#3865,#3866,
    #3867,#3868,#3869,#3870,#3871,#3872,#3873,#3874,#3875,#3876,#3877,
    #3878,#3879,#3880,#3881,#3882,#3883),.UNSPECIFIED.,.F.,.F.,(7,5,5,5,
    7),(0.,0.235175450396,0.361976655158,0.621155083191,1.),
  .UNSPECIFIED.);
#3862 = CARTESIAN_POINT('',(247.521171875,-87.05657226562,19.6));
#3863 = CARTESIAN_POINT('',(247.44829053188,-87.05657226562,19.6));
#3864 = CARTESIAN_POINT('',(247.37570541926,-87.05889827042,19.6));
#3865 = CARTESIAN_POINT('',(247.30351507224,-87.06370011431,19.6));
#3866 = CARTESIAN_POINT('',(247.23184421479,-87.07113407236,19.6));
#3867 = CARTESIAN_POINT('',(247.16084098833,-87.08135006979,19.6));
#3868 = CARTESIAN_POINT('',(247.05284184816,-87.10155765059,19.6));
#3869 = CARTESIAN_POINT('',(247.01525288777,-87.10948292896,19.6));
#3870 = CARTESIAN_POINT('',(246.97793441065,-87.11827553727,19.6));
#3871 = CARTESIAN_POINT('',(246.940914904,-87.12795355405,19.6));
#3872 = CARTESIAN_POINT('',(246.90422423075,-87.13853232551,19.6));
#3873 = CARTESIAN_POINT('',(246.79363480768,-87.17351410671,19.6));
#3874 = CARTESIAN_POINT('',(246.72087121405,-87.20082167065,19.6));
#3875 = CARTESIAN_POINT('',(246.64988463445,-87.2320465885,19.6));
#3876 = CARTESIAN_POINT('',(246.58094752237,-87.26722671015,19.6));
#3877 = CARTESIAN_POINT('',(246.51431183648,-87.30631688618,19.6));
#3878 = CARTESIAN_POINT('',(246.35648156256,-87.4118029945,19.6));
#3879 = CARTESIAN_POINT('',(246.26811244776,-87.48250027566,19.6));
#3880 = CARTESIAN_POINT('',(246.18582142422,-87.56078341648,19.6));
#3881 = CARTESIAN_POINT('',(246.10989850942,-87.64586750893,19.6));
#3882 = CARTESIAN_POINT('',(246.04034471094,-87.73682252956,19.6));
#3883 = CARTESIAN_POINT('',(245.97698242187,-87.8326953125,19.6));
#3884 = PCURVE('',#506,#3885);
#3885 = DEFINITIONAL_REPRESENTATION('',(#3886),#3909);
#3886 = B_SPLINE_CURVE_WITH_KNOTS('',6,(#3887,#3888,#3889,#3890,#3891,
    #3892,#3893,#3894,#3895,#3896,#3897,#3898,#3899,#3900,#3901,#3902,
    #3903,#3904,#3905,#3906,#3907,#3908),.UNSPECIFIED.,.F.,.F.,(7,5,5,5,
    7),(0.,0.235175450396,0.361976655158,0.621155083191,1.),
  .UNSPECIFIED.);
#3887 = CARTESIAN_POINT('',(7.521171875,152.94342773437));
#3888 = CARTESIAN_POINT('',(7.448290531885,152.94342773437));
#3889 = CARTESIAN_POINT('',(7.375705419261,152.94110172957));
#3890 = CARTESIAN_POINT('',(7.303515072246,152.93629988568));
#3891 = CARTESIAN_POINT('',(7.231844214793,152.92886592763));
#3892 = CARTESIAN_POINT('',(7.160840988333,152.9186499302));
#3893 = CARTESIAN_POINT('',(7.052841848164,152.8984423494));
#3894 = CARTESIAN_POINT('',(7.015252887772,152.89051707103));
#3895 = CARTESIAN_POINT('',(6.977934410657,152.88172446272));
#3896 = CARTESIAN_POINT('',(6.940914904004,152.87204644594));
#3897 = CARTESIAN_POINT('',(6.904224230759,152.86146767448));
#3898 = CARTESIAN_POINT('',(6.793634807686,152.82648589328));
#3899 = CARTESIAN_POINT('',(6.720871214059,152.79917832934));
#3900 = CARTESIAN_POINT('',(6.649884634452,152.76795341149));
#3901 = CARTESIAN_POINT('',(6.580947522375,152.73277328984));
#3902 = CARTESIAN_POINT('',(6.514311836488,152.69368311381));
#3903 = CARTESIAN_POINT('',(6.356481562568,152.5881970055));
#3904 = CARTESIAN_POINT('',(6.268112447765,152.51749972434));
#3905 = CARTESIAN_POINT('',(6.185821424226,152.43921658351));
#3906 = CARTESIAN_POINT('',(6.109898509427,152.35413249106));
#3907 = CARTESIAN_POINT('',(6.040344710945,152.26317747043));
#3908 = CARTESIAN_POINT('',(5.976982421875,152.1673046875));
#3909 = ( GEOMETRIC_REPRESENTATION_CONTEXT(2) 
PARAMETRIC_REPRESENTATION_CONTEXT() REPRESENTATION_CONTEXT('2D SPACE',''
  ) );
#3910 = PCURVE('',#3911,#3918);
#3911 = SURFACE_OF_LINEAR_EXTRUSION('',#3912,#3916);
#3912 = B_SPLINE_CURVE_WITH_KNOTS('',2,(#3913,#3914,#3915),
  .UNSPECIFIED.,.F.,.F.,(3,3),(0.,1.),.PIECEWISE_BEZIER_KNOTS.);
#3913 = CARTESIAN_POINT('',(245.97698242187,-87.8326953125,18.2));
#3914 = CARTESIAN_POINT('',(246.489921875,-87.05657226562,18.2));
#3915 = CARTESIAN_POINT('',(247.521171875,-87.05657226562,18.2));
#3916 = VECTOR('',#3917,1.);
#3917 = DIRECTION('',(-0.,0.,-1.));
#3918 = DEFINITIONAL_REPRESENTATION('',(#3919),#3942);
#3919 = B_SPLINE_CURVE_WITH_KNOTS('',6,(#3920,#3921,#3922,#3923,#3924,
    #3925,#3926,#3927,#3928,#3929,#3930,#3931,#3932,#3933,#3934,#3935,
    #3936,#3937,#3938,#3939,#3940,#3941),.UNSPECIFIED.,.F.,.F.,(7,5,5,5,
    7),(0.,0.235175450396,0.361976655158,0.621155083191,1.),
  .UNSPECIFIED.);
#3920 = CARTESIAN_POINT('',(1.,-1.4));
#3921 = CARTESIAN_POINT('',(0.964663591217,-1.4));
#3922 = CARTESIAN_POINT('',(0.928717668643,-1.4));
#3923 = CARTESIAN_POINT('',(0.892161491802,-1.4));
#3924 = CARTESIAN_POINT('',(0.855004932368,-1.4));
#3925 = CARTESIAN_POINT('',(0.817271271971,-1.4));
#3926 = CARTESIAN_POINT('',(0.758365008612,-1.4));
#3927 = CARTESIAN_POINT('',(0.737573919961,-1.4));
#3928 = CARTESIAN_POINT('',(0.716633140611,-1.4));
#3929 = CARTESIAN_POINT('',(0.69555062886,-1.4));
#3930 = CARTESIAN_POINT('',(0.674335894736,-1.4));
#3931 = CARTESIAN_POINT('',(0.609389975405,-1.4));
#3932 = CARTESIAN_POINT('',(0.565268698867,-1.4));
#3933 = CARTESIAN_POINT('',(0.52074059879,-1.4));
#3934 = CARTESIAN_POINT('',(0.475925518376,-1.4));
#3935 = CARTESIAN_POINT('',(0.430960238402,-1.4));
#3936 = CARTESIAN_POINT('',(0.32028095885,-1.4));
#3937 = CARTESIAN_POINT('',(0.254544145274,-1.4));
#3938 = CARTESIAN_POINT('',(0.189298047789,-1.4));
#3939 = CARTESIAN_POINT('',(0.124937427518,-1.4));
#3940 = CARTESIAN_POINT('',(6.176390671868E-02,-1.4));
#3941 = CARTESIAN_POINT('',(0.,-1.4));
#3942 = ( GEOMETRIC_REPRESENTATION_CONTEXT(2) 
PARAMETRIC_REPRESENTATION_CONTEXT() REPRESENTATION_CONTEXT('2D SPACE',''
  ) );
#3943 = ORIENTED_EDGE('',*,*,#3944,.F.);
#3944 = EDGE_CURVE('',#3945,#3858,#3947,.T.);
#3945 = VERTEX_POINT('',#3946);
#3946 = CARTESIAN_POINT('',(247.69993624743,-87.06284531571,19.6));
#3947 = SURFACE_CURVE('',#3948,(#3954,#3963),.PCURVE_S1.);
#3948 = B_SPLINE_CURVE_WITH_KNOTS('',4,(#3949,#3950,#3951,#3952,#3953),
  .UNSPECIFIED.,.F.,.F.,(5,5),(0.,1.),.PIECEWISE_BEZIER_KNOTS.);
#3949 = CARTESIAN_POINT('',(247.69993705194,-87.06284537357,19.6));
#3950 = CARTESIAN_POINT('',(247.65567716312,-87.05966220063,19.6));
#3951 = CARTESIAN_POINT('',(247.61110115937,-87.05758648749,19.6));
#3952 = CARTESIAN_POINT('',(247.56625365818,-87.05657226562,19.6));
#3953 = CARTESIAN_POINT('',(247.521171875,-87.05657226562,19.6));
#3954 = PCURVE('',#506,#3955);
#3955 = DEFINITIONAL_REPRESENTATION('',(#3956),#3962);
#3956 = B_SPLINE_CURVE_WITH_KNOTS('',4,(#3957,#3958,#3959,#3960,#3961),
  .UNSPECIFIED.,.F.,.F.,(5,5),(0.,1.),.PIECEWISE_BEZIER_KNOTS.);
#3957 = CARTESIAN_POINT('',(7.69993705194,152.93715462642));
#3958 = CARTESIAN_POINT('',(7.655677163121,152.94033779937));
#3959 = CARTESIAN_POINT('',(7.611101159377,152.9424135125));
#3960 = CARTESIAN_POINT('',(7.566253658188,152.94342773437));
#3961 = CARTESIAN_POINT('',(7.521171875,152.94342773437));
#3962 = ( GEOMETRIC_REPRESENTATION_CONTEXT(2) 
PARAMETRIC_REPRESENTATION_CONTEXT() REPRESENTATION_CONTEXT('2D SPACE',''
  ) );
#3963 = PCURVE('',#3964,#3971);
#3964 = SURFACE_OF_LINEAR_EXTRUSION('',#3965,#3969);
#3965 = B_SPLINE_CURVE_WITH_KNOTS('',2,(#3966,#3967,#3968),
  .UNSPECIFIED.,.F.,.F.,(3,3),(0.,1.),.PIECEWISE_BEZIER_KNOTS.);
#3966 = CARTESIAN_POINT('',(247.521171875,-87.05657226562,18.2));
#3967 = CARTESIAN_POINT('',(248.22478515625,-87.05657226562,18.2));
#3968 = CARTESIAN_POINT('',(248.67327148437,-87.42717773437,18.2));
#3969 = VECTOR('',#3970,1.);
#3970 = DIRECTION('',(-0.,0.,-1.));
#3971 = DEFINITIONAL_REPRESENTATION('',(#3972),#3978);
#3972 = B_SPLINE_CURVE_WITH_KNOTS('',4,(#3973,#3974,#3975,#3976,#3977),
  .UNSPECIFIED.,.F.,.F.,(5,5),(0.,1.),.PIECEWISE_BEZIER_KNOTS.);
#3973 = CARTESIAN_POINT('',(0.130102448102,-1.4));
#3974 = CARTESIAN_POINT('',(9.709340409858E-02,-1.4));
#3975 = CARTESIAN_POINT('',(6.440148516543E-02,-1.4));
#3976 = CARTESIAN_POINT('',(3.203590977411E-02,-1.4));
#3977 = CARTESIAN_POINT('',(0.,-1.4));
#3978 = ( GEOMETRIC_REPRESENTATION_CONTEXT(2) 
PARAMETRIC_REPRESENTATION_CONTEXT() REPRESENTATION_CONTEXT('2D SPACE',''
  ) );
#3979 = ORIENTED_EDGE('',*,*,#3980,.F.);
#3980 = EDGE_CURVE('',#3981,#3945,#3983,.T.);
#3981 = VERTEX_POINT('',#3982);
#3982 = CARTESIAN_POINT('',(247.881171875,-87.05657226562,19.6));
#3983 = SURFACE_CURVE('',#3984,(#3990,#3999),.PCURVE_S1.);
#3984 = B_SPLINE_CURVE_WITH_KNOTS('',4,(#3985,#3986,#3987,#3988,#3989),
  .UNSPECIFIED.,.F.,.F.,(5,5),(0.,1.),.PIECEWISE_BEZIER_KNOTS.);
#3985 = CARTESIAN_POINT('',(247.881171875,-87.05657226562,19.6));
#3986 = CARTESIAN_POINT('',(247.83563139815,-87.05657226562,19.6));
#3987 = CARTESIAN_POINT('',(247.79021920053,-87.05758124186,19.6));
#3988 = CARTESIAN_POINT('',(247.74497154959,-87.05965394049,19.6));
#3989 = CARTESIAN_POINT('',(247.69993506585,-87.06284539944,19.6));
#3990 = PCURVE('',#506,#3991);
#3991 = DEFINITIONAL_REPRESENTATION('',(#3992),#3998);
#3992 = B_SPLINE_CURVE_WITH_KNOTS('',4,(#3993,#3994,#3995,#3996,#3997),
  .UNSPECIFIED.,.F.,.F.,(5,5),(0.,1.),.PIECEWISE_BEZIER_KNOTS.);
#3993 = CARTESIAN_POINT('',(7.881171875,152.94342773437));
#3994 = CARTESIAN_POINT('',(7.83563139815,152.94342773437));
#3995 = CARTESIAN_POINT('',(7.790219200538,152.94241875813));
#3996 = CARTESIAN_POINT('',(7.744971549591,152.9403460595));
#3997 = CARTESIAN_POINT('',(7.699935065852,152.93715460055));
#3998 = ( GEOMETRIC_REPRESENTATION_CONTEXT(2) 
PARAMETRIC_REPRESENTATION_CONTEXT() REPRESENTATION_CONTEXT('2D SPACE',''
  ) );
#3999 = PCURVE('',#4000,#4007);
#4000 = SURFACE_OF_LINEAR_EXTRUSION('',#4001,#4005);
#4001 = B_SPLINE_CURVE_WITH_KNOTS('',2,(#4002,#4003,#4004),
  .UNSPECIFIED.,.F.,.F.,(3,3),(0.,1.),.PIECEWISE_BEZIER_KNOTS.);
#4002 = CARTESIAN_POINT('',(246.33698242187,-87.8326953125,18.2));
#4003 = CARTESIAN_POINT('',(246.849921875,-87.05657226562,18.2));
#4004 = CARTESIAN_POINT('',(247.881171875,-87.05657226562,18.2));
#4005 = VECTOR('',#4006,1.);
#4006 = DIRECTION('',(-0.,0.,-1.));
#4007 = DEFINITIONAL_REPRESENTATION('',(#4008),#4014);
#4008 = B_SPLINE_CURVE_WITH_KNOTS('',4,(#4009,#4010,#4011,#4012,#4013),
  .UNSPECIFIED.,.F.,.F.,(5,5),(0.,1.),.PIECEWISE_BEZIER_KNOTS.);
#4009 = CARTESIAN_POINT('',(1.,-1.4));
#4010 = CARTESIAN_POINT('',(0.9779197688,-1.4));
#4011 = CARTESIAN_POINT('',(0.955575035614,-1.4));
#4012 = CARTESIAN_POINT('',(0.93296565831,-1.4));
#4013 = CARTESIAN_POINT('',(0.910096419972,-1.4));
#4014 = ( GEOMETRIC_REPRESENTATION_CONTEXT(2) 
PARAMETRIC_REPRESENTATION_CONTEXT() REPRESENTATION_CONTEXT('2D SPACE',''
  ) );
#4015 = ORIENTED_EDGE('',*,*,#4016,.F.);
#4016 = EDGE_CURVE('',#4017,#3981,#4019,.T.);
#4017 = VERTEX_POINT('',#4018);
#4018 = CARTESIAN_POINT('',(249.03327148437,-87.42717773437,19.6));
#4019 = SURFACE_CURVE('',#4020,(#4033,#4049),.PCURVE_S1.);
#4020 = B_SPLINE_CURVE_WITH_KNOTS('',6,(#4021,#4022,#4023,#4024,#4025,
    #4026,#4027,#4028,#4029,#4030,#4031,#4032),.UNSPECIFIED.,.F.,.F.,(7,
    5,7),(0.,0.109821192665,1.),.UNSPECIFIED.);
#4021 = CARTESIAN_POINT('',(249.03327148437,-87.42717773437,19.6));
#4022 = CARTESIAN_POINT('',(249.01625417758,-87.41311552876,19.6));
#4023 = CARTESIAN_POINT('',(248.99900137759,-87.39936098376,19.6));
#4024 = CARTESIAN_POINT('',(248.98151609611,-87.38591826952,19.6));
#4025 = CARTESIAN_POINT('',(248.963801711,-87.37279110709,19.6));
#4026 = CARTESIAN_POINT('',(248.94586196617,-87.35998276837,19.6));
#4027 = CARTESIAN_POINT('',(248.78049320579,-87.24628256259,19.6));
#4028 = CARTESIAN_POINT('',(248.61867882734,-87.16615339831,19.6));
#4029 = CARTESIAN_POINT('',(248.44478216338,-87.10889700192,19.6));
#4030 = CARTESIAN_POINT('',(248.26201755555,-87.07316278591,19.6));
#4031 = CARTESIAN_POINT('',(248.07336319086,-87.05657226562,19.6));
#4032 = CARTESIAN_POINT('',(247.881171875,-87.05657226562,19.6));
#4033 = PCURVE('',#506,#4034);
#4034 = DEFINITIONAL_REPRESENTATION('',(#4035),#4048);
#4035 = B_SPLINE_CURVE_WITH_KNOTS('',6,(#4036,#4037,#4038,#4039,#4040,
    #4041,#4042,#4043,#4044,#4045,#4046,#4047),.UNSPECIFIED.,.F.,.F.,(7,
    5,7),(0.,0.109821192665,1.),.UNSPECIFIED.);
#4036 = CARTESIAN_POINT('',(9.033271484375,152.57282226562));
#4037 = CARTESIAN_POINT('',(9.016254177588,152.58688447123));
#4038 = CARTESIAN_POINT('',(8.999001377592,152.60063901623));
#4039 = CARTESIAN_POINT('',(8.981516096118,152.61408173047));
#4040 = CARTESIAN_POINT('',(8.963801711,152.62720889291));
#4041 = CARTESIAN_POINT('',(8.945861966174,152.64001723162));
#4042 = CARTESIAN_POINT('',(8.780493205794,152.7537174374));
#4043 = CARTESIAN_POINT('',(8.618678827344,152.83384660168));
#4044 = CARTESIAN_POINT('',(8.444782163383,152.89110299807));
#4045 = CARTESIAN_POINT('',(8.26201755555,152.92683721409));
#4046 = CARTESIAN_POINT('',(8.07336319086,152.94342773437));
#4047 = CARTESIAN_POINT('',(7.881171875,152.94342773437));
#4048 = ( GEOMETRIC_REPRESENTATION_CONTEXT(2) 
PARAMETRIC_REPRESENTATION_CONTEXT() REPRESENTATION_CONTEXT('2D SPACE',''
  ) );
#4049 = PCURVE('',#4050,#4057);
#4050 = SURFACE_OF_LINEAR_EXTRUSION('',#4051,#4055);
#4051 = B_SPLINE_CURVE_WITH_KNOTS('',2,(#4052,#4053,#4054),
  .UNSPECIFIED.,.F.,.F.,(3,3),(0.,1.),.PIECEWISE_BEZIER_KNOTS.);
#4052 = CARTESIAN_POINT('',(247.881171875,-87.05657226562,18.2));
#4053 = CARTESIAN_POINT('',(248.58478515625,-87.05657226562,18.2));
#4054 = CARTESIAN_POINT('',(249.03327148437,-87.42717773437,18.2));
#4055 = VECTOR('',#4056,1.);
#4056 = DIRECTION('',(-0.,0.,-1.));
#4057 = DEFINITIONAL_REPRESENTATION('',(#4058),#4071);
#4058 = B_SPLINE_CURVE_WITH_KNOTS('',6,(#4059,#4060,#4061,#4062,#4063,
    #4064,#4065,#4066,#4067,#4068,#4069,#4070),.UNSPECIFIED.,.F.,.F.,(7,
    5,7),(0.,0.109821192665,1.),.UNSPECIFIED.);
#4059 = CARTESIAN_POINT('',(1.,-1.4));
#4060 = CARTESIAN_POINT('',(0.981028065161,-1.4));
#4061 = CARTESIAN_POINT('',(0.9620392902,-1.4));
#4062 = CARTESIAN_POINT('',(0.943037855323,-1.4));
#4063 = CARTESIAN_POINT('',(0.924027981186,-1.4));
#4064 = CARTESIAN_POINT('',(0.905013928893,-1.4));
#4065 = CARTESIAN_POINT('',(0.731878594708,-1.4));
#4066 = CARTESIAN_POINT('',(0.57769179534,-1.4));
#4067 = CARTESIAN_POINT('',(0.426108315578,-1.4));
#4068 = CARTESIAN_POINT('',(0.278751624894,-1.4));
#4069 = CARTESIAN_POINT('',(0.136574536739,-1.4));
#4070 = CARTESIAN_POINT('',(0.,-1.4));
#4071 = ( GEOMETRIC_REPRESENTATION_CONTEXT(2) 
PARAMETRIC_REPRESENTATION_CONTEXT() REPRESENTATION_CONTEXT('2D SPACE',''
  ) );
#4072 = ORIENTED_EDGE('',*,*,#4073,.F.);
#4073 = EDGE_CURVE('',#4074,#4017,#4076,.T.);
#4074 = VERTEX_POINT('',#4075);
#4075 = CARTESIAN_POINT('',(249.48324647207,-88.01482161618,19.6));
#4076 = SURFACE_CURVE('',#4077,(#4085,#4096),.PCURVE_S1.);
#4077 = B_SPLINE_CURVE_WITH_KNOTS('',6,(#4078,#4079,#4080,#4081,#4082,
    #4083,#4084),.UNSPECIFIED.,.F.,.F.,(7,7),(0.,1.),
  .PIECEWISE_BEZIER_KNOTS.);
#4078 = CARTESIAN_POINT('',(249.48324681466,-88.01482232169,19.6));
#4079 = CARTESIAN_POINT('',(249.42741837333,-87.89985108741,19.6));
#4080 = CARTESIAN_POINT('',(249.36418668059,-87.79033007207,19.6));
#4081 = CARTESIAN_POINT('',(249.29318155398,-87.6873077047,19.6));
#4082 = CARTESIAN_POINT('',(249.21420396473,-87.59185377317,19.6));
#4083 = CARTESIAN_POINT('',(249.12736035689,-87.50492782065,19.6));
#4084 = CARTESIAN_POINT('',(249.03327148437,-87.42717773437,19.6));
#4085 = PCURVE('',#506,#4086);
#4086 = DEFINITIONAL_REPRESENTATION('',(#4087),#4095);
#4087 = B_SPLINE_CURVE_WITH_KNOTS('',6,(#4088,#4089,#4090,#4091,#4092,
    #4093,#4094),.UNSPECIFIED.,.F.,.F.,(7,7),(0.,1.),
  .PIECEWISE_BEZIER_KNOTS.);
#4088 = CARTESIAN_POINT('',(9.483246814664,151.9851776783));
#4089 = CARTESIAN_POINT('',(9.427418373335,152.10014891258));
#4090 = CARTESIAN_POINT('',(9.36418668059,152.20966992792));
#4091 = CARTESIAN_POINT('',(9.293181553984,152.31269229529));
#4092 = CARTESIAN_POINT('',(9.214203964738,152.40814622682));
#4093 = CARTESIAN_POINT('',(9.127360356896,152.49507217935));
#4094 = CARTESIAN_POINT('',(9.033271484375,152.57282226562));
#4095 = ( GEOMETRIC_REPRESENTATION_CONTEXT(2) 
PARAMETRIC_REPRESENTATION_CONTEXT() REPRESENTATION_CONTEXT('2D SPACE',''
  ) );
#4096 = PCURVE('',#4097,#4104);
#4097 = SURFACE_OF_LINEAR_EXTRUSION('',#4098,#4102);
#4098 = B_SPLINE_CURVE_WITH_KNOTS('',2,(#4099,#4100,#4101),
  .UNSPECIFIED.,.F.,.F.,(3,3),(0.,1.),.PIECEWISE_BEZIER_KNOTS.);
#4099 = CARTESIAN_POINT('',(249.03327148437,-87.42717773437,18.2));
#4100 = CARTESIAN_POINT('',(249.4817578125,-87.79778320312,18.2));
#4101 = CARTESIAN_POINT('',(249.664375,-88.52288085937,18.2));
#4102 = VECTOR('',#4103,1.);
#4103 = DIRECTION('',(-0.,0.,-1.));
#4104 = DEFINITIONAL_REPRESENTATION('',(#4105),#4113);
#4105 = B_SPLINE_CURVE_WITH_KNOTS('',6,(#4106,#4107,#4108,#4109,#4110,
    #4111,#4112),.UNSPECIFIED.,.F.,.F.,(7,7),(0.,1.),
  .PIECEWISE_BEZIER_KNOTS.);
#4106 = CARTESIAN_POINT('',(0.61306387584,-1.4));
#4107 = CARTESIAN_POINT('',(0.515287884006,-1.4));
#4108 = CARTESIAN_POINT('',(0.415229814336,-1.4));
#4109 = CARTESIAN_POINT('',(0.313176090402,-1.4));
#4110 = CARTESIAN_POINT('',(0.209541964501,-1.4));
#4111 = CARTESIAN_POINT('',(0.104896032076,-1.4));
#4112 = CARTESIAN_POINT('',(0.,-1.4));
#4113 = ( GEOMETRIC_REPRESENTATION_CONTEXT(2) 
PARAMETRIC_REPRESENTATION_CONTEXT() REPRESENTATION_CONTEXT('2D SPACE',''
  ) );
#4114 = ORIENTED_EDGE('',*,*,#4115,.F.);
#4115 = EDGE_CURVE('',#4116,#4074,#4118,.T.);
#4116 = VERTEX_POINT('',#4117);
#4117 = CARTESIAN_POINT('',(250.03215820312,-87.29021484375,19.6));
#4118 = SURFACE_CURVE('',#4119,(#4130,#4144),.PCURVE_S1.);
#4119 = B_SPLINE_CURVE_WITH_KNOTS('',5,(#4120,#4121,#4122,#4123,#4124,
    #4125,#4126,#4127,#4128,#4129),.UNSPECIFIED.,.F.,.F.,(6,4,6),(0.,
    0.492427770586,1.),.UNSPECIFIED.);
#4120 = CARTESIAN_POINT('',(250.03215820312,-87.29021484375,19.6));
#4121 = CARTESIAN_POINT('',(249.96308150115,-87.34640677229,19.6));
#4122 = CARTESIAN_POINT('',(249.89746374763,-87.40689663624,19.6));
#4123 = CARTESIAN_POINT('',(249.83553630308,-87.47148376376,19.6));
#4124 = CARTESIAN_POINT('',(249.77740593787,-87.53987277904,19.6));
#4125 = CARTESIAN_POINT('',(249.66710402835,-87.68575844184,19.6));
#4126 = CARTESIAN_POINT('',(249.61516705476,-87.76347562027,19.6));
#4127 = CARTESIAN_POINT('',(249.56729255127,-87.84448500883,19.6));
#4128 = CARTESIAN_POINT('',(249.52337156199,-87.92838796652,19.6));
#4129 = CARTESIAN_POINT('',(249.48324609427,-88.01482243,19.6));
#4130 = PCURVE('',#506,#4131);
#4131 = DEFINITIONAL_REPRESENTATION('',(#4132),#4143);
#4132 = B_SPLINE_CURVE_WITH_KNOTS('',5,(#4133,#4134,#4135,#4136,#4137,
    #4138,#4139,#4140,#4141,#4142),.UNSPECIFIED.,.F.,.F.,(6,4,6),(0.,
    0.492427770586,1.),.UNSPECIFIED.);
#4133 = CARTESIAN_POINT('',(10.032158203125,152.70978515625));
#4134 = CARTESIAN_POINT('',(9.963081501152,152.6535932277));
#4135 = CARTESIAN_POINT('',(9.897463747636,152.59310336375));
#4136 = CARTESIAN_POINT('',(9.83553630308,152.52851623623));
#4137 = CARTESIAN_POINT('',(9.77740593787,152.46012722095));
#4138 = CARTESIAN_POINT('',(9.667104028353,152.31424155815));
#4139 = CARTESIAN_POINT('',(9.61516705476,152.23652437972));
#4140 = CARTESIAN_POINT('',(9.56729255127,152.15551499116));
#4141 = CARTESIAN_POINT('',(9.523371561996,152.07161203347));
#4142 = CARTESIAN_POINT('',(9.483246094272,151.98517756999));
#4143 = ( GEOMETRIC_REPRESENTATION_CONTEXT(2) 
PARAMETRIC_REPRESENTATION_CONTEXT() REPRESENTATION_CONTEXT('2D SPACE',''
  ) );
#4144 = PCURVE('',#4145,#4152);
#4145 = SURFACE_OF_LINEAR_EXTRUSION('',#4146,#4150);
#4146 = B_SPLINE_CURVE_WITH_KNOTS('',2,(#4147,#4148,#4149),
  .UNSPECIFIED.,.F.,.F.,(3,3),(0.,1.),.PIECEWISE_BEZIER_KNOTS.);
#4147 = CARTESIAN_POINT('',(249.304375,-88.52288085937,18.2));
#4148 = CARTESIAN_POINT('',(249.51384765625,-87.71184570312,18.2));
#4149 = CARTESIAN_POINT('',(250.03215820312,-87.29021484375,18.2));
#4150 = VECTOR('',#4151,1.);
#4151 = DIRECTION('',(-0.,0.,-1.));
#4152 = DEFINITIONAL_REPRESENTATION('',(#4153),#4164);
#4153 = B_SPLINE_CURVE_WITH_KNOTS('',5,(#4154,#4155,#4156,#4157,#4158,
    #4159,#4160,#4161,#4162,#4163),.UNSPECIFIED.,.F.,.F.,(6,4,6),(0.,
    0.492427770586,1.),.UNSPECIFIED.);
#4154 = CARTESIAN_POINT('',(1.,-1.4));
#4155 = CARTESIAN_POINT('',(0.933363596024,-1.4));
#4156 = CARTESIAN_POINT('',(0.866756651784,-1.4));
#4157 = CARTESIAN_POINT('',(0.800408152044,-1.4));
#4158 = CARTESIAN_POINT('',(0.73451806806,-1.4));
#4159 = CARTESIAN_POINT('',(0.60199645375,-1.4));
#4160 = CARTESIAN_POINT('',(0.535399910145,-1.4));
#4161 = CARTESIAN_POINT('',(0.4696544245,-1.4));
#4162 = CARTESIAN_POINT('',(0.404881496673,-1.4));
#4163 = CARTESIAN_POINT('',(0.341156862492,-1.4));
#4164 = ( GEOMETRIC_REPRESENTATION_CONTEXT(2) 
PARAMETRIC_REPRESENTATION_CONTEXT() REPRESENTATION_CONTEXT('2D SPACE',''
  ) );
#4165 = ORIENTED_EDGE('',*,*,#4166,.F.);
#4166 = EDGE_CURVE('',#4167,#4116,#4169,.T.);
#4167 = VERTEX_POINT('',#4168);
#4168 = CARTESIAN_POINT('',(251.35076171875,-86.86858398437,19.6));
#4169 = SURFACE_CURVE('',#4170,(#4188,#4209),.PCURVE_S1.);
#4170 = B_SPLINE_CURVE_WITH_KNOTS('',6,(#4171,#4172,#4173,#4174,#4175,
    #4176,#4177,#4178,#4179,#4180,#4181,#4182,#4183,#4184,#4185,#4186,
    #4187),.UNSPECIFIED.,.F.,.F.,(7,5,5,7),(0.,0.565249417915,
    0.88165322872,1.),.UNSPECIFIED.);
#4171 = CARTESIAN_POINT('',(251.35076171875,-86.86858398437,19.6));
#4172 = CARTESIAN_POINT('',(251.21243957075,-86.86858398437,19.6));
#4173 = CARTESIAN_POINT('',(251.07552238714,-86.8761412229,19.6));
#4174 = CARTESIAN_POINT('',(250.94057831449,-86.89200409304,19.6));
#4175 = CARTESIAN_POINT('',(250.80835866343,-86.91692593849,19.6));
#4176 = CARTESIAN_POINT('',(250.67976170909,-86.95155146414,19.6));
#4177 = CARTESIAN_POINT('',(250.4863163047,-87.02107908399,19.6));
#4178 = CARTESIAN_POINT('',(250.41832473164,-87.04914927969,19.6));
#4179 = CARTESIAN_POINT('',(250.35193668279,-87.08037955975,19.6));
#4180 = CARTESIAN_POINT('',(250.28731350057,-87.1147760682,19.6));
#4181 = CARTESIAN_POINT('',(250.22460164077,-87.15230239074,19.6));
#4182 = CARTESIAN_POINT('',(250.1412347811,-87.20804723468,19.6));
#4183 = CARTESIAN_POINT('',(250.11882574891,-87.22364804876,19.6));
#4184 = CARTESIAN_POINT('',(250.09670804568,-87.23967063381,19.6));
#4185 = CARTESIAN_POINT('',(250.07488750183,-87.25610994042,19.6));
#4186 = CARTESIAN_POINT('',(250.05336934561,-87.27296018379,19.6));
#4187 = CARTESIAN_POINT('',(250.03215820312,-87.29021484375,19.6));
#4188 = PCURVE('',#506,#4189);
#4189 = DEFINITIONAL_REPRESENTATION('',(#4190),#4208);
#4190 = B_SPLINE_CURVE_WITH_KNOTS('',6,(#4191,#4192,#4193,#4194,#4195,
    #4196,#4197,#4198,#4199,#4200,#4201,#4202,#4203,#4204,#4205,#4206,
    #4207),.UNSPECIFIED.,.F.,.F.,(7,5,5,7),(0.,0.565249417915,
    0.88165322872,1.),.UNSPECIFIED.);
#4191 = CARTESIAN_POINT('',(11.35076171875,153.13141601562));
#4192 = CARTESIAN_POINT('',(11.212439570757,153.13141601562));
#4193 = CARTESIAN_POINT('',(11.075522387143,153.12385877709));
#4194 = CARTESIAN_POINT('',(10.940578314494,153.10799590695));
#4195 = CARTESIAN_POINT('',(10.808358663439,153.0830740615));
#4196 = CARTESIAN_POINT('',(10.679761709098,153.04844853585));
#4197 = CARTESIAN_POINT('',(10.486316304702,152.978920916));
#4198 = CARTESIAN_POINT('',(10.418324731644,152.9508507203));
#4199 = CARTESIAN_POINT('',(10.351936682796,152.91962044024));
#4200 = CARTESIAN_POINT('',(10.287313500577,152.88522393179));
#4201 = CARTESIAN_POINT('',(10.224601640773,152.84769760925));
#4202 = CARTESIAN_POINT('',(10.141234781106,152.79195276531));
#4203 = CARTESIAN_POINT('',(10.118825748913,152.77635195123));
#4204 = CARTESIAN_POINT('',(10.096708045689,152.76032936618));
#4205 = CARTESIAN_POINT('',(10.074887501839,152.74389005957));
#4206 = CARTESIAN_POINT('',(10.053369345617,152.7270398162));
#4207 = CARTESIAN_POINT('',(10.032158203125,152.70978515625));
#4208 = ( GEOMETRIC_REPRESENTATION_CONTEXT(2) 
PARAMETRIC_REPRESENTATION_CONTEXT() REPRESENTATION_CONTEXT('2D SPACE',''
  ) );
#4209 = PCURVE('',#4210,#4217);
#4210 = SURFACE_OF_LINEAR_EXTRUSION('',#4211,#4215);
#4211 = B_SPLINE_CURVE_WITH_KNOTS('',2,(#4212,#4213,#4214),
  .UNSPECIFIED.,.F.,.F.,(3,3),(0.,1.),.PIECEWISE_BEZIER_KNOTS.);
#4212 = CARTESIAN_POINT('',(250.03215820312,-87.29021484375,18.2));
#4213 = CARTESIAN_POINT('',(250.55046875,-86.86858398437,18.2));
#4214 = CARTESIAN_POINT('',(251.35076171875,-86.86858398437,18.2));
#4215 = VECTOR('',#4216,1.);
#4216 = DIRECTION('',(-0.,0.,-1.));
#4217 = DEFINITIONAL_REPRESENTATION('',(#4218),#4236);
#4218 = B_SPLINE_CURVE_WITH_KNOTS('',6,(#4219,#4220,#4221,#4222,#4223,
    #4224,#4225,#4226,#4227,#4228,#4229,#4230,#4231,#4232,#4233,#4234,
    #4235),.UNSPECIFIED.,.F.,.F.,(7,5,5,7),(0.,0.565249417915,
    0.88165322872,1.),.UNSPECIFIED.);
#4219 = CARTESIAN_POINT('',(1.,-1.4));
#4220 = CARTESIAN_POINT('',(0.913580305342,-1.4));
#4221 = CARTESIAN_POINT('',(0.824880670789,-1.4));
#4222 = CARTESIAN_POINT('',(0.733943348944,-1.4));
#4223 = CARTESIAN_POINT('',(0.640922959459,-1.4));
#4224 = CARTESIAN_POINT('',(0.546111334872,-1.4));
#4225 = CARTESIAN_POINT('',(0.396200753772,-1.4));
#4226 = CARTESIAN_POINT('',(0.341992709178,-1.4));
#4227 = CARTESIAN_POINT('',(0.287466088749,-1.4));
#4228 = CARTESIAN_POINT('',(0.232719127351,-1.4));
#4229 = CARTESIAN_POINT('',(0.177858541721,-1.4));
#4230 = CARTESIAN_POINT('',(0.102480868851,-1.4));
#4231 = CARTESIAN_POINT('',(8.196169716019E-02,-1.4));
#4232 = CARTESIAN_POINT('',(6.144830637729E-02,-1.4));
#4233 = CARTESIAN_POINT('',(4.094644902127E-02,-1.4));
#4234 = CARTESIAN_POINT('',(2.046180867785E-02,-1.4));
#4235 = CARTESIAN_POINT('',(0.,-1.4));
#4236 = ( GEOMETRIC_REPRESENTATION_CONTEXT(2) 
PARAMETRIC_REPRESENTATION_CONTEXT() REPRESENTATION_CONTEXT('2D SPACE',''
  ) );
#4237 = ORIENTED_EDGE('',*,*,#4238,.F.);
#4238 = EDGE_CURVE('',#4239,#4167,#4241,.T.);
#4239 = VERTEX_POINT('',#4240);
#4240 = CARTESIAN_POINT('',(251.53201383697,-86.87406010359,19.6));
#4241 = SURFACE_CURVE('',#4242,(#4248,#4257),.PCURVE_S1.);
#4242 = B_SPLINE_CURVE_WITH_KNOTS('',4,(#4243,#4244,#4245,#4246,#4247),
  .UNSPECIFIED.,.F.,.F.,(5,5),(0.,1.),.PIECEWISE_BEZIER_KNOTS.);
#4243 = CARTESIAN_POINT('',(251.53201521467,-86.87406018844,19.6));
#4244 = CARTESIAN_POINT('',(251.48688559954,-86.87128057907,19.6));
#4245 = CARTESIAN_POINT('',(251.44161195038,-86.86946901042,19.6));
#4246 = CARTESIAN_POINT('',(251.39622829902,-86.86858398437,19.6));
#4247 = CARTESIAN_POINT('',(251.35076171875,-86.86858398437,19.6));
#4248 = PCURVE('',#506,#4249);
#4249 = DEFINITIONAL_REPRESENTATION('',(#4250),#4256);
#4250 = B_SPLINE_CURVE_WITH_KNOTS('',4,(#4251,#4252,#4253,#4254,#4255),
  .UNSPECIFIED.,.F.,.F.,(5,5),(0.,1.),.PIECEWISE_BEZIER_KNOTS.);
#4251 = CARTESIAN_POINT('',(11.532015214676,153.12593981155));
#4252 = CARTESIAN_POINT('',(11.486885599543,153.12871942093));
#4253 = CARTESIAN_POINT('',(11.441611950382,153.13053098957));
#4254 = CARTESIAN_POINT('',(11.396228299021,153.13141601562));
#4255 = CARTESIAN_POINT('',(11.35076171875,153.13141601562));
#4256 = ( GEOMETRIC_REPRESENTATION_CONTEXT(2) 
PARAMETRIC_REPRESENTATION_CONTEXT() REPRESENTATION_CONTEXT('2D SPACE',''
  ) );
#4257 = PCURVE('',#4258,#4265);
#4258 = SURFACE_OF_LINEAR_EXTRUSION('',#4259,#4263);
#4259 = B_SPLINE_CURVE_WITH_KNOTS('',2,(#4260,#4261,#4262),
  .UNSPECIFIED.,.F.,.F.,(3,3),(0.,1.),.PIECEWISE_BEZIER_KNOTS.);
#4260 = CARTESIAN_POINT('',(251.35076171875,-86.86858398437,18.2));
#4261 = CARTESIAN_POINT('',(252.54314453125,-86.86858398437,18.2));
#4262 = CARTESIAN_POINT('',(253.16350585937,-87.78166992187,18.2));
#4263 = VECTOR('',#4264,1.);
#4264 = DIRECTION('',(-0.,0.,-1.));
#4265 = DEFINITIONAL_REPRESENTATION('',(#4266),#4272);
#4266 = B_SPLINE_CURVE_WITH_KNOTS('',4,(#4267,#4268,#4269,#4270,#4271),
  .UNSPECIFIED.,.F.,.F.,(5,5),(0.,1.),.PIECEWISE_BEZIER_KNOTS.);
#4267 = CARTESIAN_POINT('',(7.744332389574E-02,-1.4));
#4268 = CARTESIAN_POINT('',(5.77889988906E-02,-1.4));
#4269 = CARTESIAN_POINT('',(3.832857764483E-02,-1.4));
#4270 = CARTESIAN_POINT('',(1.906542923737E-02,-1.4));
#4271 = CARTESIAN_POINT('',(0.,-1.4));
#4272 = ( GEOMETRIC_REPRESENTATION_CONTEXT(2) 
PARAMETRIC_REPRESENTATION_CONTEXT() REPRESENTATION_CONTEXT('2D SPACE',''
  ) );
#4273 = ORIENTED_EDGE('',*,*,#4274,.F.);
#4274 = EDGE_CURVE('',#4275,#4239,#4277,.T.);
#4275 = VERTEX_POINT('',#4276);
#4276 = CARTESIAN_POINT('',(251.71076171875,-86.86858398437,19.6));
#4277 = SURFACE_CURVE('',#4278,(#4284,#4293),.PCURVE_S1.);
#4278 = B_SPLINE_CURVE_WITH_KNOTS('',4,(#4279,#4280,#4281,#4282,#4283),
  .UNSPECIFIED.,.F.,.F.,(5,5),(0.,1.),.PIECEWISE_BEZIER_KNOTS.);
#4279 = CARTESIAN_POINT('',(251.71076171875,-86.86858398437,19.6));
#4280 = CARTESIAN_POINT('',(251.66579479646,-86.86858398437,19.6));
#4281 = CARTESIAN_POINT('',(251.62099450374,-86.86947137328,19.6));
#4282 = CARTESIAN_POINT('',(251.57638920607,-86.87128424686,19.6));
#4283 = CARTESIAN_POINT('',(251.53201291518,-86.87406016125,19.6));
#4284 = PCURVE('',#506,#4285);
#4285 = DEFINITIONAL_REPRESENTATION('',(#4286),#4292);
#4286 = B_SPLINE_CURVE_WITH_KNOTS('',4,(#4287,#4288,#4289,#4290,#4291),
  .UNSPECIFIED.,.F.,.F.,(5,5),(0.,1.),.PIECEWISE_BEZIER_KNOTS.);
#4287 = CARTESIAN_POINT('',(11.71076171875,153.13141601562));
#4288 = CARTESIAN_POINT('',(11.665794796467,153.13141601562));
#4289 = CARTESIAN_POINT('',(11.620994503748,153.13052862671));
#4290 = CARTESIAN_POINT('',(11.576389206077,153.12871575313));
#4291 = CARTESIAN_POINT('',(11.532012915188,153.12593983874));
#4292 = ( GEOMETRIC_REPRESENTATION_CONTEXT(2) 
PARAMETRIC_REPRESENTATION_CONTEXT() REPRESENTATION_CONTEXT('2D SPACE',''
  ) );
#4293 = PCURVE('',#4294,#4301);
#4294 = SURFACE_OF_LINEAR_EXTRUSION('',#4295,#4299);
#4295 = B_SPLINE_CURVE_WITH_KNOTS('',2,(#4296,#4297,#4298),
  .UNSPECIFIED.,.F.,.F.,(3,3),(0.,1.),.PIECEWISE_BEZIER_KNOTS.);
#4296 = CARTESIAN_POINT('',(250.39215820312,-87.29021484375,18.2));
#4297 = CARTESIAN_POINT('',(250.91046875,-86.86858398437,18.2));
#4298 = CARTESIAN_POINT('',(251.71076171875,-86.86858398437,18.2));
#4299 = VECTOR('',#4300,1.);
#4300 = DIRECTION('',(-0.,0.,-1.));
#4301 = DEFINITIONAL_REPRESENTATION('',(#4302),#4308);
#4302 = B_SPLINE_CURVE_WITH_KNOTS('',4,(#4303,#4304,#4305,#4306,#4307),
  .UNSPECIFIED.,.F.,.F.,(5,5),(0.,1.),.PIECEWISE_BEZIER_KNOTS.);
#4303 = CARTESIAN_POINT('',(1.,-1.4));
#4304 = CARTESIAN_POINT('',(0.971905961917,-1.4));
#4305 = CARTESIAN_POINT('',(0.943545242062,-1.4));
#4306 = CARTESIAN_POINT('',(0.914919644416,-1.4));
#4307 = CARTESIAN_POINT('',(0.886034726048,-1.4));
#4308 = ( GEOMETRIC_REPRESENTATION_CONTEXT(2) 
PARAMETRIC_REPRESENTATION_CONTEXT() REPRESENTATION_CONTEXT('2D SPACE',''
  ) );
#4309 = ORIENTED_EDGE('',*,*,#4310,.F.);
#4310 = EDGE_CURVE('',#4311,#4275,#4313,.T.);
#4311 = VERTEX_POINT('',#4312);
#4312 = CARTESIAN_POINT('',(253.52350585937,-87.78166992187,19.6));
#4313 = SURFACE_CURVE('',#4314,(#4337,#4363),.PCURVE_S1.);
#4314 = B_SPLINE_CURVE_WITH_KNOTS('',6,(#4315,#4316,#4317,#4318,#4319,
    #4320,#4321,#4322,#4323,#4324,#4325,#4326,#4327,#4328,#4329,#4330,
    #4331,#4332,#4333,#4334,#4335,#4336),.UNSPECIFIED.,.F.,.F.,(7,5,5,5,
    7),(0.,0.136760162854,0.406193230756,0.778385286697,1.),
  .UNSPECIFIED.);
#4315 = CARTESIAN_POINT('',(253.52350585937,-87.78166992187,19.6));
#4316 = CARTESIAN_POINT('',(253.49614418138,-87.74139732223,19.6));
#4317 = CARTESIAN_POINT('',(253.46787866072,-87.70184287638,19.6));
#4318 = CARTESIAN_POINT('',(253.43869655379,-87.66305406754,19.6));
#4319 = CARTESIAN_POINT('',(253.40858861118,-87.62508025293,19.6));
#4320 = CARTESIAN_POINT('',(253.3775503305,-87.58797154787,19.6));
#4321 = CARTESIAN_POINT('',(253.28260434625,-87.4804717347,19.6));
#4322 = CARTESIAN_POINT('',(253.21601110397,-87.41270624,19.6));
#4323 = CARTESIAN_POINT('',(253.14582956342,-87.3488817374,19.6));
#4324 = CARTESIAN_POINT('',(253.07215756605,-87.2893581206,19.6));
#4325 = CARTESIAN_POINT('',(252.99518780396,-87.23442598858,19.6));
#4326 = CARTESIAN_POINT('',(252.80477928325,-87.11500401233,19.6));
#4327 = CARTESIAN_POINT('',(252.68857764279,-87.05482787137,19.6));
#4328 = CARTESIAN_POINT('',(252.56746972087,-87.00429514064,19.6));
#4329 = CARTESIAN_POINT('',(252.44240539336,-86.9633616584,19.6));
#4330 = CARTESIAN_POINT('',(252.31434584536,-86.93162037641,19.6));
#4331 = CARTESIAN_POINT('',(252.1066931825,-86.89468313948,19.6));
#4332 = CARTESIAN_POINT('',(252.02843219652,-86.88393957674,19.6));
#4333 = CARTESIAN_POINT('',(251.94957462461,-86.87610870296,19.6));
#4334 = CARTESIAN_POINT('',(251.87026608013,-86.87104204504,19.6));
#4335 = CARTESIAN_POINT('',(251.79062925756,-86.86858398437,19.6));
#4336 = CARTESIAN_POINT('',(251.71076171875,-86.86858398437,19.6));
#4337 = PCURVE('',#506,#4338);
#4338 = DEFINITIONAL_REPRESENTATION('',(#4339),#4362);
#4339 = B_SPLINE_CURVE_WITH_KNOTS('',6,(#4340,#4341,#4342,#4343,#4344,
    #4345,#4346,#4347,#4348,#4349,#4350,#4351,#4352,#4353,#4354,#4355,
    #4356,#4357,#4358,#4359,#4360,#4361),.UNSPECIFIED.,.F.,.F.,(7,5,5,5,
    7),(0.,0.136760162854,0.406193230756,0.778385286697,1.),
  .UNSPECIFIED.);
#4340 = CARTESIAN_POINT('',(13.523505859375,152.21833007812));
#4341 = CARTESIAN_POINT('',(13.496144181386,152.25860267776));
#4342 = CARTESIAN_POINT('',(13.46787866072,152.29815712362));
#4343 = CARTESIAN_POINT('',(13.43869655379,152.33694593245));
#4344 = CARTESIAN_POINT('',(13.408588611183,152.37491974706));
#4345 = CARTESIAN_POINT('',(13.377550330504,152.41202845212));
#4346 = CARTESIAN_POINT('',(13.28260434625,152.51952826529));
#4347 = CARTESIAN_POINT('',(13.216011103973,152.58729375999));
#4348 = CARTESIAN_POINT('',(13.145829563425,152.65111826259));
#4349 = CARTESIAN_POINT('',(13.072157566052,152.71064187939));
#4350 = CARTESIAN_POINT('',(12.995187803961,152.76557401141));
#4351 = CARTESIAN_POINT('',(12.804779283251,152.88499598766));
#4352 = CARTESIAN_POINT('',(12.688577642797,152.94517212862));
#4353 = CARTESIAN_POINT('',(12.567469720879,152.99570485935));
#4354 = CARTESIAN_POINT('',(12.442405393364,153.03663834159));
#4355 = CARTESIAN_POINT('',(12.314345845365,153.06837962358));
#4356 = CARTESIAN_POINT('',(12.106693182502,153.10531686051));
#4357 = CARTESIAN_POINT('',(12.028432196527,153.11606042326));
#4358 = CARTESIAN_POINT('',(11.949574624611,153.12389129704));
#4359 = CARTESIAN_POINT('',(11.870266080138,153.12895795495));
#4360 = CARTESIAN_POINT('',(11.790629257565,153.13141601562));
#4361 = CARTESIAN_POINT('',(11.71076171875,153.13141601562));
#4362 = ( GEOMETRIC_REPRESENTATION_CONTEXT(2) 
PARAMETRIC_REPRESENTATION_CONTEXT() REPRESENTATION_CONTEXT('2D SPACE',''
  ) );
#4363 = PCURVE('',#4364,#4371);
#4364 = SURFACE_OF_LINEAR_EXTRUSION('',#4365,#4369);
#4365 = B_SPLINE_CURVE_WITH_KNOTS('',2,(#4366,#4367,#4368),
  .UNSPECIFIED.,.F.,.F.,(3,3),(0.,1.),.PIECEWISE_BEZIER_KNOTS.);
#4366 = CARTESIAN_POINT('',(251.71076171875,-86.86858398437,18.2));
#4367 = CARTESIAN_POINT('',(252.90314453125,-86.86858398437,18.2));
#4368 = CARTESIAN_POINT('',(253.52350585937,-87.78166992187,18.2));
#4369 = VECTOR('',#4370,1.);
#4370 = DIRECTION('',(-0.,0.,-1.));
#4371 = DEFINITIONAL_REPRESENTATION('',(#4372),#4395);
#4372 = B_SPLINE_CURVE_WITH_KNOTS('',6,(#4373,#4374,#4375,#4376,#4377,
    #4378,#4379,#4380,#4381,#4382,#4383,#4384,#4385,#4386,#4387,#4388,
    #4389,#4390,#4391,#4392,#4393,#4394),.UNSPECIFIED.,.F.,.F.,(7,5,5,5,
    7),(0.,0.136760162854,0.406193230756,0.778385286697,1.),
  .UNSPECIFIED.);
#4373 = CARTESIAN_POINT('',(1.,-1.4));
#4374 = CARTESIAN_POINT('',(0.977946982873,-1.4));
#4375 = CARTESIAN_POINT('',(0.955703615611,-1.4));
#4376 = CARTESIAN_POINT('',(0.933277028169,-1.4));
#4377 = CARTESIAN_POINT('',(0.91067630799,-1.4));
#4378 = CARTESIAN_POINT('',(0.887912732233,-1.4));
#4379 = CARTESIAN_POINT('',(0.819859312751,-1.4));
#4380 = CARTESIAN_POINT('',(0.774133086885,-1.4));
#4381 = CARTESIAN_POINT('',(0.727937472071,-1.4));
#4382 = CARTESIAN_POINT('',(0.681408038973,-1.4));
#4383 = CARTESIAN_POINT('',(0.634701928324,-1.4));
#4384 = CARTESIAN_POINT('',(0.523486438786,-1.4));
#4385 = CARTESIAN_POINT('',(0.458951701591,-1.4));
#4386 = CARTESIAN_POINT('',(0.394892915327,-1.4));
#4387 = CARTESIAN_POINT('',(0.331696788783,-1.4));
#4388 = CARTESIAN_POINT('',(0.269659443879,-1.4));
#4389 = CARTESIAN_POINT('',(0.172881482558,-1.4));
#4390 = CARTESIAN_POINT('',(0.137242126156,-1.4));
#4391 = CARTESIAN_POINT('',(0.102117758738,-1.4));
#4392 = CARTESIAN_POINT('',(6.753043670706E-02,-1.4));
#4393 = CARTESIAN_POINT('',(3.349072880709E-02,-1.4));
#4394 = CARTESIAN_POINT('',(0.,-1.4));
#4395 = ( GEOMETRIC_REPRESENTATION_CONTEXT(2) 
PARAMETRIC_REPRESENTATION_CONTEXT() REPRESENTATION_CONTEXT('2D SPACE',''
  ) );
#4396 = ORIENTED_EDGE('',*,*,#4397,.F.);
#4397 = EDGE_CURVE('',#4398,#4311,#4400,.T.);
#4398 = VERTEX_POINT('',#4399);
#4399 = CARTESIAN_POINT('',(254.1438671875,-90.44573242187,19.6));
#4400 = SURFACE_CURVE('',#4401,(#4419,#4440),.PCURVE_S1.);
#4401 = B_SPLINE_CURVE_WITH_KNOTS('',6,(#4402,#4403,#4404,#4405,#4406,
    #4407,#4408,#4409,#4410,#4411,#4412,#4413,#4414,#4415,#4416,#4417,
    #4418),.UNSPECIFIED.,.F.,.F.,(7,5,5,7),(0.,0.484558259035,
    0.886167865898,1.),.UNSPECIFIED.);
#4402 = CARTESIAN_POINT('',(254.1438671875,-90.44573242187,19.6));
#4403 = CARTESIAN_POINT('',(254.1438671875,-90.21646679895,19.6));
#4404 = CARTESIAN_POINT('',(254.13748561255,-89.98790818893,19.6));
#4405 = CARTESIAN_POINT('',(254.12389805643,-89.76026238397,19.6));
#4406 = CARTESIAN_POINT('',(254.10205784338,-89.5340257151,19.6));
#4407 = CARTESIAN_POINT('',(254.07068025395,-89.30998702375,19.6));
#4408 = CARTESIAN_POINT('',(253.99279577666,-88.90631641078,19.6));
#4409 = CARTESIAN_POINT('',(253.94981463105,-88.72573156258,19.6));
#4410 = CARTESIAN_POINT('',(253.89820187546,-88.54811018472,19.6));
#4411 = CARTESIAN_POINT('',(253.83688806947,-88.37450194138,19.6));
#4412 = CARTESIAN_POINT('',(253.76471944923,-88.20638640796,19.6));
#4413 = CARTESIAN_POINT('',(253.6569753073,-87.99993294633,19.6));
#4414 = CARTESIAN_POINT('',(253.6322368857,-87.95492694123,19.6));
#4415 = CARTESIAN_POINT('',(253.60653552805,-87.91055154719,19.6));
#4416 = CARTESIAN_POINT('',(253.5798545353,-87.86685201973,19.6));
#4417 = CARTESIAN_POINT('',(253.5521807845,-87.82387543938,19.6));
#4418 = CARTESIAN_POINT('',(253.52350585937,-87.78166992187,19.6));
#4419 = PCURVE('',#506,#4420);
#4420 = DEFINITIONAL_REPRESENTATION('',(#4421),#4439);
#4421 = B_SPLINE_CURVE_WITH_KNOTS('',6,(#4422,#4423,#4424,#4425,#4426,
    #4427,#4428,#4429,#4430,#4431,#4432,#4433,#4434,#4435,#4436,#4437,
    #4438),.UNSPECIFIED.,.F.,.F.,(7,5,5,7),(0.,0.484558259035,
    0.886167865898,1.),.UNSPECIFIED.);
#4422 = CARTESIAN_POINT('',(14.1438671875,149.55426757812));
#4423 = CARTESIAN_POINT('',(14.1438671875,149.78353320105));
#4424 = CARTESIAN_POINT('',(14.137485612555,150.01209181106));
#4425 = CARTESIAN_POINT('',(14.123898056434,150.23973761602));
#4426 = CARTESIAN_POINT('',(14.102057843381,150.46597428489));
#4427 = CARTESIAN_POINT('',(14.070680253957,150.69001297624));
#4428 = CARTESIAN_POINT('',(13.992795776661,151.09368358921));
#4429 = CARTESIAN_POINT('',(13.949814631056,151.27426843741));
#4430 = CARTESIAN_POINT('',(13.898201875462,151.45188981528));
#4431 = CARTESIAN_POINT('',(13.836888069477,151.62549805862));
#4432 = CARTESIAN_POINT('',(13.764719449232,151.79361359204));
#4433 = CARTESIAN_POINT('',(13.656975307307,152.00006705366));
#4434 = CARTESIAN_POINT('',(13.632236885704,152.04507305876));
#4435 = CARTESIAN_POINT('',(13.606535528059,152.0894484528));
#4436 = CARTESIAN_POINT('',(13.579854535308,152.13314798026));
#4437 = CARTESIAN_POINT('',(13.552180784508,152.17612456061));
#4438 = CARTESIAN_POINT('',(13.523505859375,152.21833007812));
#4439 = ( GEOMETRIC_REPRESENTATION_CONTEXT(2) 
PARAMETRIC_REPRESENTATION_CONTEXT() REPRESENTATION_CONTEXT('2D SPACE',''
  ) );
#4440 = PCURVE('',#4441,#4448);
#4441 = SURFACE_OF_LINEAR_EXTRUSION('',#4442,#4446);
#4442 = B_SPLINE_CURVE_WITH_KNOTS('',2,(#4443,#4444,#4445),
  .UNSPECIFIED.,.F.,.F.,(3,3),(0.,1.),.PIECEWISE_BEZIER_KNOTS.);
#4443 = CARTESIAN_POINT('',(253.52350585937,-87.78166992187,18.2));
#4444 = CARTESIAN_POINT('',(254.1438671875,-88.69475585937,18.2));
#4445 = CARTESIAN_POINT('',(254.1438671875,-90.44573242187,18.2));
#4446 = VECTOR('',#4447,1.);
#4447 = DIRECTION('',(-0.,0.,-1.));
#4448 = DEFINITIONAL_REPRESENTATION('',(#4449),#4467);
#4449 = B_SPLINE_CURVE_WITH_KNOTS('',6,(#4450,#4451,#4452,#4453,#4454,
    #4455,#4456,#4457,#4458,#4459,#4460,#4461,#4462,#4463,#4464,#4465,
    #4466),.UNSPECIFIED.,.F.,.F.,(7,5,5,7),(0.,0.484558259035,
    0.886167865898,1.),.UNSPECIFIED.);
#4450 = CARTESIAN_POINT('',(1.,-1.4));
#4451 = CARTESIAN_POINT('',(0.93453206975,-1.4));
#4452 = CARTESIAN_POINT('',(0.866804755419,-1.4));
#4453 = CARTESIAN_POINT('',(0.796558861191,-1.4));
#4454 = CARTESIAN_POINT('',(0.723532430133,-1.4));
#4455 = CARTESIAN_POINT('',(0.647455223323,-1.4));
#4456 = CARTESIAN_POINT('',(0.502146244736,-1.4));
#4457 = CARTESIAN_POINT('',(0.434002184527,-1.4));
#4458 = CARTESIAN_POINT('',(0.363375278949,-1.4));
#4459 = CARTESIAN_POINT('',(0.290152798114,-1.4));
#4460 = CARTESIAN_POINT('',(0.214312253136,-1.4));
#4461 = CARTESIAN_POINT('',(0.11380319308,-1.4));
#4462 = CARTESIAN_POINT('',(9.141027821987E-02,-1.4));
#4463 = CARTESIAN_POINT('',(6.882604786882E-02,-1.4));
#4464 = CARTESIAN_POINT('',(4.605698439119E-02,-1.4));
#4465 = CARTESIAN_POINT('',(2.311147055163E-02,-1.4));
#4466 = CARTESIAN_POINT('',(0.,-1.4));
#4467 = ( GEOMETRIC_REPRESENTATION_CONTEXT(2) 
PARAMETRIC_REPRESENTATION_CONTEXT() REPRESENTATION_CONTEXT('2D SPACE',''
  ) );
#4468 = ORIENTED_EDGE('',*,*,#4469,.F.);
#4469 = EDGE_CURVE('',#4470,#4398,#4472,.T.);
#4470 = VERTEX_POINT('',#4471);
#4471 = CARTESIAN_POINT('',(254.14198946564,-90.61560322262,19.6));
#4472 = SURFACE_CURVE('',#4473,(#4479,#4488),.PCURVE_S1.);
#4473 = B_SPLINE_CURVE_WITH_KNOTS('',4,(#4474,#4475,#4476,#4477,#4478),
  .UNSPECIFIED.,.F.,.F.,(5,5),(0.,1.),.PIECEWISE_BEZIER_KNOTS.);
#4474 = CARTESIAN_POINT('',(254.14198944925,-90.61560396428,19.6));
#4475 = CARTESIAN_POINT('',(254.14292805656,-90.57313523745,19.6));
#4476 = CARTESIAN_POINT('',(254.14355408725,-90.530665679,19.6));
#4477 = CARTESIAN_POINT('',(254.1438671875,-90.48819737538,19.6));
#4478 = CARTESIAN_POINT('',(254.1438671875,-90.44573242187,19.6));
#4479 = PCURVE('',#506,#4480);
#4480 = DEFINITIONAL_REPRESENTATION('',(#4481),#4487);
#4481 = B_SPLINE_CURVE_WITH_KNOTS('',4,(#4482,#4483,#4484,#4485,#4486),
  .UNSPECIFIED.,.F.,.F.,(5,5),(0.,1.),.PIECEWISE_BEZIER_KNOTS.);
#4482 = CARTESIAN_POINT('',(14.141989449258,149.38439603571));
#4483 = CARTESIAN_POINT('',(14.142928056565,149.42686476255));
#4484 = CARTESIAN_POINT('',(14.143554087259,149.46933432099));
#4485 = CARTESIAN_POINT('',(14.1438671875,149.51180262461));
#4486 = CARTESIAN_POINT('',(14.1438671875,149.55426757812));
#4487 = ( GEOMETRIC_REPRESENTATION_CONTEXT(2) 
PARAMETRIC_REPRESENTATION_CONTEXT() REPRESENTATION_CONTEXT('2D SPACE',''
  ) );
#4488 = PCURVE('',#4489,#4496);
#4489 = SURFACE_OF_LINEAR_EXTRUSION('',#4490,#4494);
#4490 = B_SPLINE_CURVE_WITH_KNOTS('',2,(#4491,#4492,#4493),
  .UNSPECIFIED.,.F.,.F.,(3,3),(0.,1.),.PIECEWISE_BEZIER_KNOTS.);
#4491 = CARTESIAN_POINT('',(254.1438671875,-90.44573242187,18.2));
#4492 = CARTESIAN_POINT('',(254.1438671875,-91.06340820312,18.2));
#4493 = CARTESIAN_POINT('',(254.04450195312,-91.68376953125,18.2));
#4494 = VECTOR('',#4495,1.);
#4495 = DIRECTION('',(-0.,0.,-1.));
#4496 = DEFINITIONAL_REPRESENTATION('',(#4497),#4503);
#4497 = B_SPLINE_CURVE_WITH_KNOTS('',4,(#4498,#4499,#4500,#4501,#4502),
  .UNSPECIFIED.,.F.,.F.,(5,5),(0.,1.),.PIECEWISE_BEZIER_KNOTS.);
#4498 = CARTESIAN_POINT('',(0.137467582411,-1.4));
#4499 = CARTESIAN_POINT('',(0.103110270408,-1.4));
#4500 = CARTESIAN_POINT('',(6.874544667498E-02,-1.4));
#4501 = CARTESIAN_POINT('',(3.437479240463E-02,-1.4));
#4502 = CARTESIAN_POINT('',(0.,-1.4));
#4503 = ( GEOMETRIC_REPRESENTATION_CONTEXT(2) 
PARAMETRIC_REPRESENTATION_CONTEXT() REPRESENTATION_CONTEXT('2D SPACE',''
  ) );
#4504 = ORIENTED_EDGE('',*,*,#4505,.F.);
#4505 = EDGE_CURVE('',#4506,#4470,#4508,.T.);
#4506 = VERTEX_POINT('',#4507);
#4507 = CARTESIAN_POINT('',(254.1438671875,-90.80573242187,19.6));
#4508 = SURFACE_CURVE('',#4509,(#4515,#4524),.PCURVE_S1.);
#4509 = B_SPLINE_CURVE_WITH_KNOTS('',4,(#4510,#4511,#4512,#4513,#4514),
  .UNSPECIFIED.,.F.,.F.,(5,5),(0.,1.),.PIECEWISE_BEZIER_KNOTS.);
#4510 = CARTESIAN_POINT('',(254.1438671875,-90.80573242187,19.6));
#4511 = CARTESIAN_POINT('',(254.1438671875,-90.75814853885,19.6));
#4512 = CARTESIAN_POINT('',(254.14356175491,-90.71059576221,19.6));
#4513 = CARTESIAN_POINT('',(254.14293988428,-90.66307828883,19.6));
#4514 = CARTESIAN_POINT('',(254.14198942469,-90.61560117677,19.6));
#4515 = PCURVE('',#506,#4516);
#4516 = DEFINITIONAL_REPRESENTATION('',(#4517),#4523);
#4517 = B_SPLINE_CURVE_WITH_KNOTS('',4,(#4518,#4519,#4520,#4521,#4522),
  .UNSPECIFIED.,.F.,.F.,(5,5),(0.,1.),.PIECEWISE_BEZIER_KNOTS.);
#4518 = CARTESIAN_POINT('',(14.1438671875,149.19426757812));
#4519 = CARTESIAN_POINT('',(14.1438671875,149.24185146114));
#4520 = CARTESIAN_POINT('',(14.143561754914,149.28940423778));
#4521 = CARTESIAN_POINT('',(14.142939884283,149.33692171116));
#4522 = CARTESIAN_POINT('',(14.141989424693,149.38439882322));
#4523 = ( GEOMETRIC_REPRESENTATION_CONTEXT(2) 
PARAMETRIC_REPRESENTATION_CONTEXT() REPRESENTATION_CONTEXT('2D SPACE',''
  ) );
#4524 = PCURVE('',#4525,#4532);
#4525 = SURFACE_OF_LINEAR_EXTRUSION('',#4526,#4530);
#4526 = B_SPLINE_CURVE_WITH_KNOTS('',2,(#4527,#4528,#4529),
  .UNSPECIFIED.,.F.,.F.,(3,3),(0.,1.),.PIECEWISE_BEZIER_KNOTS.);
#4527 = CARTESIAN_POINT('',(253.52350585937,-88.14166992187,18.2));
#4528 = CARTESIAN_POINT('',(254.1438671875,-89.05475585937,18.2));
#4529 = CARTESIAN_POINT('',(254.1438671875,-90.80573242187,18.2));
#4530 = VECTOR('',#4531,1.);
#4531 = DIRECTION('',(-0.,0.,-1.));
#4532 = DEFINITIONAL_REPRESENTATION('',(#4533),#4539);
#4533 = B_SPLINE_CURVE_WITH_KNOTS('',4,(#4534,#4535,#4536,#4537,#4538),
  .UNSPECIFIED.,.F.,.F.,(5,5),(0.,1.),.PIECEWISE_BEZIER_KNOTS.);
#4534 = CARTESIAN_POINT('',(1.,-1.4));
#4535 = CARTESIAN_POINT('',(0.986412187335,-1.4));
#4536 = CARTESIAN_POINT('',(0.972715456611,-1.4));
#4537 = CARTESIAN_POINT('',(0.958906761628,-1.4));
#4538 = CARTESIAN_POINT('',(0.944982860324,-1.4));
#4539 = ( GEOMETRIC_REPRESENTATION_CONTEXT(2) 
PARAMETRIC_REPRESENTATION_CONTEXT() REPRESENTATION_CONTEXT('2D SPACE',''
  ) );
#4540 = ORIENTED_EDGE('',*,*,#4541,.F.);
#4541 = EDGE_CURVE('',#4542,#4506,#4544,.T.);
#4542 = VERTEX_POINT('',#4543);
#4543 = CARTESIAN_POINT('',(254.04450195312,-92.04376953125,19.6));
#4544 = SURFACE_CURVE('',#4545,(#4552,#4562),.PCURVE_S1.);
#4545 = B_SPLINE_CURVE_WITH_KNOTS('',5,(#4546,#4547,#4548,#4549,#4550,
    #4551),.UNSPECIFIED.,.F.,.F.,(6,6),(0.,1.),
  .PIECEWISE_BEZIER_KNOTS.);
#4546 = CARTESIAN_POINT('',(254.04450195312,-92.04376953125,19.6));
#4547 = CARTESIAN_POINT('',(254.08399278463,-91.79721866424,19.6));
#4548 = CARTESIAN_POINT('',(254.11385026767,-91.54983443672,19.6));
#4549 = CARTESIAN_POINT('',(254.13385288126,-91.30191288055,19.6));
#4550 = CARTESIAN_POINT('',(254.1438671875,-91.05376797761,19.6));
#4551 = CARTESIAN_POINT('',(254.1438671875,-90.80573242187,19.6));
#4552 = PCURVE('',#506,#4553);
#4553 = DEFINITIONAL_REPRESENTATION('',(#4554),#4561);
#4554 = B_SPLINE_CURVE_WITH_KNOTS('',5,(#4555,#4556,#4557,#4558,#4559,
    #4560),.UNSPECIFIED.,.F.,.F.,(6,6),(0.,1.),
  .PIECEWISE_BEZIER_KNOTS.);
#4555 = CARTESIAN_POINT('',(14.044501953125,147.95623046875));
#4556 = CARTESIAN_POINT('',(14.083992784637,148.20278133575));
#4557 = CARTESIAN_POINT('',(14.113850267677,148.45016556327));
#4558 = CARTESIAN_POINT('',(14.133852881268,148.69808711945));
#4559 = CARTESIAN_POINT('',(14.1438671875,148.94623202238));
#4560 = CARTESIAN_POINT('',(14.1438671875,149.19426757812));
#4561 = ( GEOMETRIC_REPRESENTATION_CONTEXT(2) 
PARAMETRIC_REPRESENTATION_CONTEXT() REPRESENTATION_CONTEXT('2D SPACE',''
  ) );
#4562 = PCURVE('',#4563,#4570);
#4563 = SURFACE_OF_LINEAR_EXTRUSION('',#4564,#4568);
#4564 = B_SPLINE_CURVE_WITH_KNOTS('',2,(#4565,#4566,#4567),
  .UNSPECIFIED.,.F.,.F.,(3,3),(0.,1.),.PIECEWISE_BEZIER_KNOTS.);
#4565 = CARTESIAN_POINT('',(254.1438671875,-90.80573242187,18.2));
#4566 = CARTESIAN_POINT('',(254.1438671875,-91.42340820312,18.2));
#4567 = CARTESIAN_POINT('',(254.04450195312,-92.04376953125,18.2));
#4568 = VECTOR('',#4569,1.);
#4569 = DIRECTION('',(-0.,0.,-1.));
#4570 = DEFINITIONAL_REPRESENTATION('',(#4571),#4578);
#4571 = B_SPLINE_CURVE_WITH_KNOTS('',5,(#4572,#4573,#4574,#4575,#4576,
    #4577),.UNSPECIFIED.,.F.,.F.,(6,6),(0.,1.),
  .PIECEWISE_BEZIER_KNOTS.);
#4572 = CARTESIAN_POINT('',(1.,-1.4));
#4573 = CARTESIAN_POINT('',(0.801284464531,-1.4));
#4574 = CARTESIAN_POINT('',(0.60168357681,-1.4));
#4575 = CARTESIAN_POINT('',(0.401432124104,-1.4));
#4576 = CARTESIAN_POINT('',(0.200781351046,-1.4));
#4577 = CARTESIAN_POINT('',(0.,-1.4));
#4578 = ( GEOMETRIC_REPRESENTATION_CONTEXT(2) 
PARAMETRIC_REPRESENTATION_CONTEXT() REPRESENTATION_CONTEXT('2D SPACE',''
  ) );
#4579 = ORIENTED_EDGE('',*,*,#4580,.F.);
#4580 = EDGE_CURVE('',#4581,#4542,#4583,.T.);
#4581 = VERTEX_POINT('',#4582);
#4582 = CARTESIAN_POINT('',(253.74640625,-93.27106445312,19.6));
#4583 = SURFACE_CURVE('',#4584,(#4591,#4601),.PCURVE_S1.);
#4584 = B_SPLINE_CURVE_WITH_KNOTS('',5,(#4585,#4586,#4587,#4588,#4589,
    #4590),.UNSPECIFIED.,.F.,.F.,(6,6),(0.,1.),
  .PIECEWISE_BEZIER_KNOTS.);
#4585 = CARTESIAN_POINT('',(253.74640625,-93.27106445312,19.6));
#4586 = CARTESIAN_POINT('',(253.82539815,-93.02981892066,19.6));
#4587 = CARTESIAN_POINT('',(253.89492489869,-92.78618866551,19.6));
#4588 = CARTESIAN_POINT('',(253.95472087882,-92.54043540226,19.6));
#4589 = CARTESIAN_POINT('',(254.00460552204,-92.29285265503,19.6));
#4590 = CARTESIAN_POINT('',(254.04450195312,-92.04376953125,19.6));
#4591 = PCURVE('',#506,#4592);
#4592 = DEFINITIONAL_REPRESENTATION('',(#4593),#4600);
#4593 = B_SPLINE_CURVE_WITH_KNOTS('',5,(#4594,#4595,#4596,#4597,#4598,
    #4599),.UNSPECIFIED.,.F.,.F.,(6,6),(0.,1.),
  .PIECEWISE_BEZIER_KNOTS.);
#4594 = CARTESIAN_POINT('',(13.74640625,146.72893554687));
#4595 = CARTESIAN_POINT('',(13.825398150008,146.97018107933));
#4596 = CARTESIAN_POINT('',(13.894924898691,147.21381133448));
#4597 = CARTESIAN_POINT('',(13.954720878822,147.45956459773));
#4598 = CARTESIAN_POINT('',(14.004605522043,147.70714734496));
#4599 = CARTESIAN_POINT('',(14.044501953125,147.95623046875));
#4600 = ( GEOMETRIC_REPRESENTATION_CONTEXT(2) 
PARAMETRIC_REPRESENTATION_CONTEXT() REPRESENTATION_CONTEXT('2D SPACE',''
  ) );
#4601 = PCURVE('',#4602,#4609);
#4602 = SURFACE_OF_LINEAR_EXTRUSION('',#4603,#4607);
#4603 = B_SPLINE_CURVE_WITH_KNOTS('',2,(#4604,#4605,#4606),
  .UNSPECIFIED.,.F.,.F.,(3,3),(0.,1.),.PIECEWISE_BEZIER_KNOTS.);
#4604 = CARTESIAN_POINT('',(254.04450195312,-92.04376953125,18.2));
#4605 = CARTESIAN_POINT('',(253.94513671875,-92.66413085937,18.2));
#4606 = CARTESIAN_POINT('',(253.74640625,-93.27106445312,18.2));
#4607 = VECTOR('',#4608,1.);
#4608 = DIRECTION('',(-0.,0.,-1.));
#4609 = DEFINITIONAL_REPRESENTATION('',(#4610),#4617);
#4610 = B_SPLINE_CURVE_WITH_KNOTS('',5,(#4611,#4612,#4613,#4614,#4615,
    #4616),.UNSPECIFIED.,.F.,.F.,(6,6),(0.,1.),
  .PIECEWISE_BEZIER_KNOTS.);
#4611 = CARTESIAN_POINT('',(1.,-1.4));
#4612 = CARTESIAN_POINT('',(0.801258708579,-1.4));
#4613 = CARTESIAN_POINT('',(0.601645164653,-1.4));
#4614 = CARTESIAN_POINT('',(0.401394153612,-1.4));
#4615 = CARTESIAN_POINT('',(0.200756488592,-1.4));
#4616 = CARTESIAN_POINT('',(0.,-1.4));
#4617 = ( GEOMETRIC_REPRESENTATION_CONTEXT(2) 
PARAMETRIC_REPRESENTATION_CONTEXT() REPRESENTATION_CONTEXT('2D SPACE',''
  ) );
#4618 = ORIENTED_EDGE('',*,*,#4619,.F.);
#4619 = EDGE_CURVE('',#2820,#4581,#4620,.T.);
#4620 = SURFACE_CURVE('',#4621,(#4625,#4631),.PCURVE_S1.);
#4621 = LINE('',#4622,#4623);
#4622 = CARTESIAN_POINT('',(246.873203125,-93.27106445312,19.6));
#4623 = VECTOR('',#4624,1.);
#4624 = DIRECTION('',(1.,-2.22044604925E-16,0.));
#4625 = PCURVE('',#506,#4626);
#4626 = DEFINITIONAL_REPRESENTATION('',(#4627),#4630);
#4627 = B_SPLINE_CURVE_WITH_KNOTS('',1,(#4628,#4629),.UNSPECIFIED.,.F.,
  .F.,(2,2),(4.91798828125,6.873203125),.PIECEWISE_BEZIER_KNOTS.);
#4628 = CARTESIAN_POINT('',(11.79119140625,146.72893554687));
#4629 = CARTESIAN_POINT('',(13.74640625,146.72893554687));
#4630 = ( GEOMETRIC_REPRESENTATION_CONTEXT(2) 
PARAMETRIC_REPRESENTATION_CONTEXT() REPRESENTATION_CONTEXT('2D SPACE',''
  ) );
#4631 = PCURVE('',#4632,#4637);
#4632 = PLANE('',#4633);
#4633 = AXIS2_PLACEMENT_3D('',#4634,#4635,#4636);
#4634 = CARTESIAN_POINT('',(253.74640625,-93.27106445312,18.2));
#4635 = DIRECTION('',(-2.22044604925E-16,-1.,0.));
#4636 = DIRECTION('',(-1.,2.22044604925E-16,0.));
#4637 = DEFINITIONAL_REPRESENTATION('',(#4638),#4641);
#4638 = B_SPLINE_CURVE_WITH_KNOTS('',1,(#4639,#4640),.UNSPECIFIED.,.F.,
  .F.,(2,2),(4.91798828125,6.873203125),.PIECEWISE_BEZIER_KNOTS.);
#4639 = CARTESIAN_POINT('',(1.95521484375,-1.4));
#4640 = CARTESIAN_POINT('',(0.,-1.4));
#4641 = ( GEOMETRIC_REPRESENTATION_CONTEXT(2) 
PARAMETRIC_REPRESENTATION_CONTEXT() REPRESENTATION_CONTEXT('2D SPACE',''
  ) );
#4642 = ADVANCED_FACE('',(#4643),#290,.T.);
#4643 = FACE_BOUND('',#4644,.T.);
#4644 = EDGE_LOOP('',(#4645,#4668,#4669,#4670,#4693));
#4645 = ORIENTED_EDGE('',*,*,#4646,.F.);
#4646 = EDGE_CURVE('',#718,#4647,#4649,.T.);
#4647 = VERTEX_POINT('',#4648);
#4648 = CARTESIAN_POINT('',(254.,-246.55,16.));
#4649 = SURFACE_CURVE('',#4650,(#4654,#4661),.PCURVE_S1.);
#4650 = LINE('',#4651,#4652);
#4651 = CARTESIAN_POINT('',(252.83333333333,-245.3833333333,
    17.166666666667));
#4652 = VECTOR('',#4653,1.);
#4653 = DIRECTION('',(-0.57735026919,0.57735026919,0.57735026919));
#4654 = PCURVE('',#290,#4655);
#4655 = DEFINITIONAL_REPRESENTATION('',(#4656),#4660);
#4656 = LINE('',#4657,#4658);
#4657 = CARTESIAN_POINT('',(1.666666666667,2.003469213362));
#4658 = VECTOR('',#4659,1.);
#4659 = DIRECTION('',(0.57735026919,0.816496580928));
#4660 = ( GEOMETRIC_REPRESENTATION_CONTEXT(2) 
PARAMETRIC_REPRESENTATION_CONTEXT() REPRESENTATION_CONTEXT('2D SPACE',''
  ) );
#4661 = PCURVE('',#649,#4662);
#4662 = DEFINITIONAL_REPRESENTATION('',(#4663),#4667);
#4663 = LINE('',#4664,#4665);
#4664 = CARTESIAN_POINT('',(-7.333333333333,2.003469213362));
#4665 = VECTOR('',#4666,1.);
#4666 = DIRECTION('',(0.57735026919,0.816496580928));
#4667 = ( GEOMETRIC_REPRESENTATION_CONTEXT(2) 
PARAMETRIC_REPRESENTATION_CONTEXT() REPRESENTATION_CONTEXT('2D SPACE',''
  ) );
#4668 = ORIENTED_EDGE('',*,*,#1053,.T.);
#4669 = ORIENTED_EDGE('',*,*,#274,.F.);
#4670 = ORIENTED_EDGE('',*,*,#4671,.T.);
#4671 = EDGE_CURVE('',#275,#4672,#4674,.T.);
#4672 = VERTEX_POINT('',#4673);
#4673 = CARTESIAN_POINT('',(254.,-240.45,16.));
#4674 = SURFACE_CURVE('',#4675,(#4679,#4686),.PCURVE_S1.);
#4675 = LINE('',#4676,#4677);
#4676 = CARTESIAN_POINT('',(251.65,-242.8,18.35));
#4677 = VECTOR('',#4678,1.);
#4678 = DIRECTION('',(-0.57735026919,-0.57735026919,0.57735026919));
#4679 = PCURVE('',#290,#4680);
#4680 = DEFINITIONAL_REPRESENTATION('',(#4681),#4685);
#4681 = LINE('',#4682,#4683);
#4682 = CARTESIAN_POINT('',(4.25,3.67695526217));
#4683 = VECTOR('',#4684,1.);
#4684 = DIRECTION('',(-0.57735026919,0.816496580928));
#4685 = ( GEOMETRIC_REPRESENTATION_CONTEXT(2) 
PARAMETRIC_REPRESENTATION_CONTEXT() REPRESENTATION_CONTEXT('2D SPACE',''
  ) );
#4686 = PCURVE('',#317,#4687);
#4687 = DEFINITIONAL_REPRESENTATION('',(#4688),#4692);
#4688 = LINE('',#4689,#4690);
#4689 = CARTESIAN_POINT('',(-6.15,3.67695526217));
#4690 = VECTOR('',#4691,1.);
#4691 = DIRECTION('',(0.57735026919,0.816496580928));
#4692 = ( GEOMETRIC_REPRESENTATION_CONTEXT(2) 
PARAMETRIC_REPRESENTATION_CONTEXT() REPRESENTATION_CONTEXT('2D SPACE',''
  ) );
#4693 = ORIENTED_EDGE('',*,*,#4694,.F.);
#4694 = EDGE_CURVE('',#4647,#4672,#4695,.T.);
#4695 = SURFACE_CURVE('',#4696,(#4700,#4707),.PCURVE_S1.);
#4696 = LINE('',#4697,#4698);
#4697 = CARTESIAN_POINT('',(254.,-247.05,16.));
#4698 = VECTOR('',#4699,1.);
#4699 = DIRECTION('',(-0.,1.,0.));
#4700 = PCURVE('',#290,#4701);
#4701 = DEFINITIONAL_REPRESENTATION('',(#4702),#4706);
#4702 = LINE('',#4703,#4704);
#4703 = CARTESIAN_POINT('',(0.,0.353553390593));
#4704 = VECTOR('',#4705,1.);
#4705 = DIRECTION('',(1.,0.));
#4706 = ( GEOMETRIC_REPRESENTATION_CONTEXT(2) 
PARAMETRIC_REPRESENTATION_CONTEXT() REPRESENTATION_CONTEXT('2D SPACE',''
  ) );
#4707 = PCURVE('',#700,#4708);
#4708 = DEFINITIONAL_REPRESENTATION('',(#4709),#4713);
#4709 = LINE('',#4710,#4711);
#4710 = CARTESIAN_POINT('',(8.5,0.));
#4711 = VECTOR('',#4712,1.);
#4712 = DIRECTION('',(0.,1.));
#4713 = ( GEOMETRIC_REPRESENTATION_CONTEXT(2) 
PARAMETRIC_REPRESENTATION_CONTEXT() REPRESENTATION_CONTEXT('2D SPACE',''
  ) );
#4714 = ADVANCED_FACE('',(#4715),#478,.T.);
#4715 = FACE_BOUND('',#4716,.T.);
#4716 = EDGE_LOOP('',(#4717,#4718,#4719,#4743));
#4717 = ORIENTED_EDGE('',*,*,#461,.T.);
#4718 = ORIENTED_EDGE('',*,*,#1153,.T.);
#4719 = ORIENTED_EDGE('',*,*,#4720,.F.);
#4720 = EDGE_CURVE('',#4721,#1131,#4723,.T.);
#4721 = VERTEX_POINT('',#4722);
#4722 = CARTESIAN_POINT('',(240.,0.,17.6));
#4723 = SURFACE_CURVE('',#4724,(#4729,#4736),.PCURVE_S1.);
#4724 = CIRCLE('',#4725,2.);
#4725 = AXIS2_PLACEMENT_3D('',#4726,#4727,#4728);
#4726 = CARTESIAN_POINT('',(242.,0.,17.6));
#4727 = DIRECTION('',(-0.,1.,0.));
#4728 = DIRECTION('',(0.,0.,1.));
#4729 = PCURVE('',#478,#4730);
#4730 = DEFINITIONAL_REPRESENTATION('',(#4731),#4735);
#4731 = LINE('',#4732,#4733);
#4732 = CARTESIAN_POINT('',(-4.712388980385,240.));
#4733 = VECTOR('',#4734,1.);
#4734 = DIRECTION('',(1.,0.));
#4735 = ( GEOMETRIC_REPRESENTATION_CONTEXT(2) 
PARAMETRIC_REPRESENTATION_CONTEXT() REPRESENTATION_CONTEXT('2D SPACE',''
  ) );
#4736 = PCURVE('',#886,#4737);
#4737 = DEFINITIONAL_REPRESENTATION('',(#4738),#4742);
#4738 = CIRCLE('',#4739,2.);
#4739 = AXIS2_PLACEMENT_2D('',#4740,#4741);
#4740 = CARTESIAN_POINT('',(25.6,2.));
#4741 = DIRECTION('',(1.,0.));
#4742 = ( GEOMETRIC_REPRESENTATION_CONTEXT(2) 
PARAMETRIC_REPRESENTATION_CONTEXT() REPRESENTATION_CONTEXT('2D SPACE',''
  ) );
#4743 = ORIENTED_EDGE('',*,*,#4744,.F.);
#4744 = EDGE_CURVE('',#434,#4721,#4745,.T.);
#4745 = SURFACE_CURVE('',#4746,(#4750,#4757),.PCURVE_S1.);
#4746 = LINE('',#4747,#4748);
#4747 = CARTESIAN_POINT('',(240.,-240.,17.6));
#4748 = VECTOR('',#4749,1.);
#4749 = DIRECTION('',(-0.,1.,0.));
#4750 = PCURVE('',#478,#4751);
#4751 = DEFINITIONAL_REPRESENTATION('',(#4752),#4756);
#4752 = LINE('',#4753,#4754);
#4753 = CARTESIAN_POINT('',(0.,0.));
#4754 = VECTOR('',#4755,1.);
#4755 = DIRECTION('',(0.,1.));
#4756 = ( GEOMETRIC_REPRESENTATION_CONTEXT(2) 
PARAMETRIC_REPRESENTATION_CONTEXT() REPRESENTATION_CONTEXT('2D SPACE',''
  ) );
#4757 = PCURVE('',#449,#4758);
#4758 = DEFINITIONAL_REPRESENTATION('',(#4759),#4763);
#4759 = LINE('',#4760,#4761);
#4760 = CARTESIAN_POINT('',(25.6,0.));
#4761 = VECTOR('',#4762,1.);
#4762 = DIRECTION('',(0.,-1.));
#4763 = ( GEOMETRIC_REPRESENTATION_CONTEXT(2) 
PARAMETRIC_REPRESENTATION_CONTEXT() REPRESENTATION_CONTEXT('2D SPACE',''
  ) );
#4764 = ADVANCED_FACE('',(#4765),#317,.T.);
#4765 = FACE_BOUND('',#4766,.F.);
#4766 = EDGE_LOOP('',(#4767,#4768,#4769,#4770));
#4767 = ORIENTED_EDGE('',*,*,#663,.F.);
#4768 = ORIENTED_EDGE('',*,*,#301,.F.);
#4769 = ORIENTED_EDGE('',*,*,#4671,.T.);
#4770 = ORIENTED_EDGE('',*,*,#4771,.F.);
#4771 = EDGE_CURVE('',#664,#4672,#4772,.T.);
#4772 = SURFACE_CURVE('',#4773,(#4777,#4784),.PCURVE_S1.);
#4773 = LINE('',#4774,#4775);
#4774 = CARTESIAN_POINT('',(245.5,-240.45,16.));
#4775 = VECTOR('',#4776,1.);
#4776 = DIRECTION('',(1.,0.,-0.));
#4777 = PCURVE('',#317,#4778);
#4778 = DEFINITIONAL_REPRESENTATION('',(#4779),#4783);
#4779 = LINE('',#4780,#4781);
#4780 = CARTESIAN_POINT('',(-0.,0.353553390593));
#4781 = VECTOR('',#4782,1.);
#4782 = DIRECTION('',(-1.,0.));
#4783 = ( GEOMETRIC_REPRESENTATION_CONTEXT(2) 
PARAMETRIC_REPRESENTATION_CONTEXT() REPRESENTATION_CONTEXT('2D SPACE',''
  ) );
#4784 = PCURVE('',#700,#4785);
#4785 = DEFINITIONAL_REPRESENTATION('',(#4786),#4790);
#4786 = LINE('',#4787,#4788);
#4787 = CARTESIAN_POINT('',(0.,6.6));
#4788 = VECTOR('',#4789,1.);
#4789 = DIRECTION('',(1.,0.));
#4790 = ( GEOMETRIC_REPRESENTATION_CONTEXT(2) 
PARAMETRIC_REPRESENTATION_CONTEXT() REPRESENTATION_CONTEXT('2D SPACE',''
  ) );
#4791 = ADVANCED_FACE('',(#4792),#449,.F.);
#4792 = FACE_BOUND('',#4793,.F.);
#4793 = EDGE_LOOP('',(#4794,#4795,#4816,#4842,#4868,#4894,#4915,#4936));
#4794 = ORIENTED_EDGE('',*,*,#433,.F.);
#4795 = ORIENTED_EDGE('',*,*,#4796,.F.);
#4796 = EDGE_CURVE('',#4797,#406,#4799,.T.);
#4797 = VERTEX_POINT('',#4798);
#4798 = CARTESIAN_POINT('',(240.,-236.,0.));
#4799 = SURFACE_CURVE('',#4800,(#4804,#4810),.PCURVE_S1.);
#4800 = LINE('',#4801,#4802);
#4801 = CARTESIAN_POINT('',(240.,-240.,0.));
#4802 = VECTOR('',#4803,1.);
#4803 = DIRECTION('',(0.,-1.,0.));
#4804 = PCURVE('',#449,#4805);
#4805 = DEFINITIONAL_REPRESENTATION('',(#4806),#4809);
#4806 = B_SPLINE_CURVE_WITH_KNOTS('',1,(#4807,#4808),.UNSPECIFIED.,.F.,
  .F.,(2,2),(-240.,0.),.PIECEWISE_BEZIER_KNOTS.);
#4807 = CARTESIAN_POINT('',(8.,-240.));
#4808 = CARTESIAN_POINT('',(8.,0.));
#4809 = ( GEOMETRIC_REPRESENTATION_CONTEXT(2) 
PARAMETRIC_REPRESENTATION_CONTEXT() REPRESENTATION_CONTEXT('2D SPACE',''
  ) );
#4810 = PCURVE('',#421,#4811);
#4811 = DEFINITIONAL_REPRESENTATION('',(#4812),#4815);
#4812 = B_SPLINE_CURVE_WITH_KNOTS('',1,(#4813,#4814),.UNSPECIFIED.,.F.,
  .F.,(2,2),(-240.,0.),.PIECEWISE_BEZIER_KNOTS.);
#4813 = CARTESIAN_POINT('',(15.,240.));
#4814 = CARTESIAN_POINT('',(15.,0.));
#4815 = ( GEOMETRIC_REPRESENTATION_CONTEXT(2) 
PARAMETRIC_REPRESENTATION_CONTEXT() REPRESENTATION_CONTEXT('2D SPACE',''
  ) );
#4816 = ORIENTED_EDGE('',*,*,#4817,.T.);
#4817 = EDGE_CURVE('',#4797,#4818,#4820,.T.);
#4818 = VERTEX_POINT('',#4819);
#4819 = CARTESIAN_POINT('',(240.,-236.,2.5));
#4820 = SURFACE_CURVE('',#4821,(#4825,#4831),.PCURVE_S1.);
#4821 = LINE('',#4822,#4823);
#4822 = CARTESIAN_POINT('',(240.,-236.,-4.));
#4823 = VECTOR('',#4824,1.);
#4824 = DIRECTION('',(0.,0.,1.));
#4825 = PCURVE('',#449,#4826);
#4826 = DEFINITIONAL_REPRESENTATION('',(#4827),#4830);
#4827 = B_SPLINE_CURVE_WITH_KNOTS('',1,(#4828,#4829),.UNSPECIFIED.,.F.,
  .F.,(2,2),(4.,6.5),.PIECEWISE_BEZIER_KNOTS.);
#4828 = CARTESIAN_POINT('',(8.,-4.));
#4829 = CARTESIAN_POINT('',(10.5,-4.));
#4830 = ( GEOMETRIC_REPRESENTATION_CONTEXT(2) 
PARAMETRIC_REPRESENTATION_CONTEXT() REPRESENTATION_CONTEXT('2D SPACE',''
  ) );
#4831 = PCURVE('',#4832,#4837);
#4832 = PLANE('',#4833);
#4833 = AXIS2_PLACEMENT_3D('',#4834,#4835,#4836);
#4834 = CARTESIAN_POINT('',(236.,-236.,0.));
#4835 = DIRECTION('',(-0.,1.,0.));
#4836 = DIRECTION('',(0.,0.,1.));
#4837 = DEFINITIONAL_REPRESENTATION('',(#4838),#4841);
#4838 = B_SPLINE_CURVE_WITH_KNOTS('',1,(#4839,#4840),.UNSPECIFIED.,.F.,
  .F.,(2,2),(4.,6.5),.PIECEWISE_BEZIER_KNOTS.);
#4839 = CARTESIAN_POINT('',(0.,4.));
#4840 = CARTESIAN_POINT('',(2.5,4.));
#4841 = ( GEOMETRIC_REPRESENTATION_CONTEXT(2) 
PARAMETRIC_REPRESENTATION_CONTEXT() REPRESENTATION_CONTEXT('2D SPACE',''
  ) );
#4842 = ORIENTED_EDGE('',*,*,#4843,.F.);
#4843 = EDGE_CURVE('',#4844,#4818,#4846,.T.);
#4844 = VERTEX_POINT('',#4845);
#4845 = CARTESIAN_POINT('',(240.,-4.,2.5));
#4846 = SURFACE_CURVE('',#4847,(#4851,#4857),.PCURVE_S1.);
#4847 = LINE('',#4848,#4849);
#4848 = CARTESIAN_POINT('',(240.,-238.,2.5));
#4849 = VECTOR('',#4850,1.);
#4850 = DIRECTION('',(0.,-1.,0.));
#4851 = PCURVE('',#449,#4852);
#4852 = DEFINITIONAL_REPRESENTATION('',(#4853),#4856);
#4853 = B_SPLINE_CURVE_WITH_KNOTS('',1,(#4854,#4855),.UNSPECIFIED.,.F.,
  .F.,(2,2),(-234.,-2.),.PIECEWISE_BEZIER_KNOTS.);
#4854 = CARTESIAN_POINT('',(10.5,-236.));
#4855 = CARTESIAN_POINT('',(10.5,-4.));
#4856 = ( GEOMETRIC_REPRESENTATION_CONTEXT(2) 
PARAMETRIC_REPRESENTATION_CONTEXT() REPRESENTATION_CONTEXT('2D SPACE',''
  ) );
#4857 = PCURVE('',#4858,#4863);
#4858 = PLANE('',#4859);
#4859 = AXIS2_PLACEMENT_3D('',#4860,#4861,#4862);
#4860 = CARTESIAN_POINT('',(236.,-236.,2.5));
#4861 = DIRECTION('',(0.,0.,1.));
#4862 = DIRECTION('',(1.,0.,-0.));
#4863 = DEFINITIONAL_REPRESENTATION('',(#4864),#4867);
#4864 = B_SPLINE_CURVE_WITH_KNOTS('',1,(#4865,#4866),.UNSPECIFIED.,.F.,
  .F.,(2,2),(-234.,-2.),.PIECEWISE_BEZIER_KNOTS.);
#4865 = CARTESIAN_POINT('',(4.,232.));
#4866 = CARTESIAN_POINT('',(4.,0.));
#4867 = ( GEOMETRIC_REPRESENTATION_CONTEXT(2) 
PARAMETRIC_REPRESENTATION_CONTEXT() REPRESENTATION_CONTEXT('2D SPACE',''
  ) );
#4868 = ORIENTED_EDGE('',*,*,#4869,.F.);
#4869 = EDGE_CURVE('',#4870,#4844,#4872,.T.);
#4870 = VERTEX_POINT('',#4871);
#4871 = CARTESIAN_POINT('',(240.,-4.,0.));
#4872 = SURFACE_CURVE('',#4873,(#4877,#4883),.PCURVE_S1.);
#4873 = LINE('',#4874,#4875);
#4874 = CARTESIAN_POINT('',(240.,-4.,-4.));
#4875 = VECTOR('',#4876,1.);
#4876 = DIRECTION('',(0.,0.,1.));
#4877 = PCURVE('',#449,#4878);
#4878 = DEFINITIONAL_REPRESENTATION('',(#4879),#4882);
#4879 = B_SPLINE_CURVE_WITH_KNOTS('',1,(#4880,#4881),.UNSPECIFIED.,.F.,
  .F.,(2,2),(4.,6.5),.PIECEWISE_BEZIER_KNOTS.);
#4880 = CARTESIAN_POINT('',(8.,-236.));
#4881 = CARTESIAN_POINT('',(10.5,-236.));
#4882 = ( GEOMETRIC_REPRESENTATION_CONTEXT(2) 
PARAMETRIC_REPRESENTATION_CONTEXT() REPRESENTATION_CONTEXT('2D SPACE',''
  ) );
#4883 = PCURVE('',#4884,#4889);
#4884 = PLANE('',#4885);
#4885 = AXIS2_PLACEMENT_3D('',#4886,#4887,#4888);
#4886 = CARTESIAN_POINT('',(236.,-4.,0.));
#4887 = DIRECTION('',(-0.,1.,0.));
#4888 = DIRECTION('',(0.,0.,1.));
#4889 = DEFINITIONAL_REPRESENTATION('',(#4890),#4893);
#4890 = B_SPLINE_CURVE_WITH_KNOTS('',1,(#4891,#4892),.UNSPECIFIED.,.F.,
  .F.,(2,2),(4.,6.5),.PIECEWISE_BEZIER_KNOTS.);
#4891 = CARTESIAN_POINT('',(0.,4.));
#4892 = CARTESIAN_POINT('',(2.5,4.));
#4893 = ( GEOMETRIC_REPRESENTATION_CONTEXT(2) 
PARAMETRIC_REPRESENTATION_CONTEXT() REPRESENTATION_CONTEXT('2D SPACE',''
  ) );
#4894 = ORIENTED_EDGE('',*,*,#4895,.F.);
#4895 = EDGE_CURVE('',#4896,#4870,#4898,.T.);
#4896 = VERTEX_POINT('',#4897);
#4897 = CARTESIAN_POINT('',(240.,0.,0.));
#4898 = SURFACE_CURVE('',#4899,(#4903,#4909),.PCURVE_S1.);
#4899 = LINE('',#4900,#4901);
#4900 = CARTESIAN_POINT('',(240.,-240.,0.));
#4901 = VECTOR('',#4902,1.);
#4902 = DIRECTION('',(0.,-1.,0.));
#4903 = PCURVE('',#449,#4904);
#4904 = DEFINITIONAL_REPRESENTATION('',(#4905),#4908);
#4905 = B_SPLINE_CURVE_WITH_KNOTS('',1,(#4906,#4907),.UNSPECIFIED.,.F.,
  .F.,(2,2),(-240.,0.),.PIECEWISE_BEZIER_KNOTS.);
#4906 = CARTESIAN_POINT('',(8.,-240.));
#4907 = CARTESIAN_POINT('',(8.,0.));
#4908 = ( GEOMETRIC_REPRESENTATION_CONTEXT(2) 
PARAMETRIC_REPRESENTATION_CONTEXT() REPRESENTATION_CONTEXT('2D SPACE',''
  ) );
#4909 = PCURVE('',#421,#4910);
#4910 = DEFINITIONAL_REPRESENTATION('',(#4911),#4914);
#4911 = B_SPLINE_CURVE_WITH_KNOTS('',1,(#4912,#4913),.UNSPECIFIED.,.F.,
  .F.,(2,2),(-240.,0.),.PIECEWISE_BEZIER_KNOTS.);
#4912 = CARTESIAN_POINT('',(15.,240.));
#4913 = CARTESIAN_POINT('',(15.,0.));
#4914 = ( GEOMETRIC_REPRESENTATION_CONTEXT(2) 
PARAMETRIC_REPRESENTATION_CONTEXT() REPRESENTATION_CONTEXT('2D SPACE',''
  ) );
#4915 = ORIENTED_EDGE('',*,*,#4916,.T.);
#4916 = EDGE_CURVE('',#4896,#4721,#4917,.T.);
#4917 = SURFACE_CURVE('',#4918,(#4922,#4929),.PCURVE_S1.);
#4918 = LINE('',#4919,#4920);
#4919 = CARTESIAN_POINT('',(240.,0.,-8.));
#4920 = VECTOR('',#4921,1.);
#4921 = DIRECTION('',(0.,0.,1.));
#4922 = PCURVE('',#449,#4923);
#4923 = DEFINITIONAL_REPRESENTATION('',(#4924),#4928);
#4924 = LINE('',#4925,#4926);
#4925 = CARTESIAN_POINT('',(0.,-240.));
#4926 = VECTOR('',#4927,1.);
#4927 = DIRECTION('',(1.,0.));
#4928 = ( GEOMETRIC_REPRESENTATION_CONTEXT(2) 
PARAMETRIC_REPRESENTATION_CONTEXT() REPRESENTATION_CONTEXT('2D SPACE',''
  ) );
#4929 = PCURVE('',#886,#4930);
#4930 = DEFINITIONAL_REPRESENTATION('',(#4931),#4935);
#4931 = LINE('',#4932,#4933);
#4932 = CARTESIAN_POINT('',(0.,0.));
#4933 = VECTOR('',#4934,1.);
#4934 = DIRECTION('',(1.,0.));
#4935 = ( GEOMETRIC_REPRESENTATION_CONTEXT(2) 
PARAMETRIC_REPRESENTATION_CONTEXT() REPRESENTATION_CONTEXT('2D SPACE',''
  ) );
#4936 = ORIENTED_EDGE('',*,*,#4744,.F.);
#4937 = ADVANCED_FACE('',(#4938,#5059,#5090),#421,.T.);
#4938 = FACE_BOUND('',#4939,.T.);
#4939 = EDGE_LOOP('',(#4940,#4963,#4984,#4985,#4986,#5009,#5037,#5058));
#4940 = ORIENTED_EDGE('',*,*,#4941,.F.);
#4941 = EDGE_CURVE('',#4942,#4896,#4944,.T.);
#4942 = VERTEX_POINT('',#4943);
#4943 = CARTESIAN_POINT('',(225.,0.,0.));
#4944 = SURFACE_CURVE('',#4945,(#4949,#4956),.PCURVE_S1.);
#4945 = LINE('',#4946,#4947);
#4946 = CARTESIAN_POINT('',(225.,0.,0.));
#4947 = VECTOR('',#4948,1.);
#4948 = DIRECTION('',(1.,0.,-0.));
#4949 = PCURVE('',#421,#4950);
#4950 = DEFINITIONAL_REPRESENTATION('',(#4951),#4955);
#4951 = LINE('',#4952,#4953);
#4952 = CARTESIAN_POINT('',(0.,240.));
#4953 = VECTOR('',#4954,1.);
#4954 = DIRECTION('',(1.,0.));
#4955 = ( GEOMETRIC_REPRESENTATION_CONTEXT(2) 
PARAMETRIC_REPRESENTATION_CONTEXT() REPRESENTATION_CONTEXT('2D SPACE',''
  ) );
#4956 = PCURVE('',#886,#4957);
#4957 = DEFINITIONAL_REPRESENTATION('',(#4958),#4962);
#4958 = LINE('',#4959,#4960);
#4959 = CARTESIAN_POINT('',(8.,-15.));
#4960 = VECTOR('',#4961,1.);
#4961 = DIRECTION('',(0.,1.));
#4962 = ( GEOMETRIC_REPRESENTATION_CONTEXT(2) 
PARAMETRIC_REPRESENTATION_CONTEXT() REPRESENTATION_CONTEXT('2D SPACE',''
  ) );
#4963 = ORIENTED_EDGE('',*,*,#4964,.F.);
#4964 = EDGE_CURVE('',#378,#4942,#4965,.T.);
#4965 = SURFACE_CURVE('',#4966,(#4970,#4977),.PCURVE_S1.);
#4966 = LINE('',#4967,#4968);
#4967 = CARTESIAN_POINT('',(225.,-240.,0.));
#4968 = VECTOR('',#4969,1.);
#4969 = DIRECTION('',(-0.,1.,0.));
#4970 = PCURVE('',#421,#4971);
#4971 = DEFINITIONAL_REPRESENTATION('',(#4972),#4976);
#4972 = LINE('',#4973,#4974);
#4973 = CARTESIAN_POINT('',(0.,0.));
#4974 = VECTOR('',#4975,1.);
#4975 = DIRECTION('',(0.,1.));
#4976 = ( GEOMETRIC_REPRESENTATION_CONTEXT(2) 
PARAMETRIC_REPRESENTATION_CONTEXT() REPRESENTATION_CONTEXT('2D SPACE',''
  ) );
#4977 = PCURVE('',#393,#4978);
#4978 = DEFINITIONAL_REPRESENTATION('',(#4979),#4983);
#4979 = LINE('',#4980,#4981);
#4980 = CARTESIAN_POINT('',(8.,0.));
#4981 = VECTOR('',#4982,1.);
#4982 = DIRECTION('',(0.,-1.));
#4983 = ( GEOMETRIC_REPRESENTATION_CONTEXT(2) 
PARAMETRIC_REPRESENTATION_CONTEXT() REPRESENTATION_CONTEXT('2D SPACE',''
  ) );
#4984 = ORIENTED_EDGE('',*,*,#405,.T.);
#4985 = ORIENTED_EDGE('',*,*,#4796,.F.);
#4986 = ORIENTED_EDGE('',*,*,#4987,.F.);
#4987 = EDGE_CURVE('',#4988,#4797,#4990,.T.);
#4988 = VERTEX_POINT('',#4989);
#4989 = CARTESIAN_POINT('',(236.5,-236.,0.));
#4990 = SURFACE_CURVE('',#4991,(#4995,#5002),.PCURVE_S1.);
#4991 = LINE('',#4992,#4993);
#4992 = CARTESIAN_POINT('',(236.,-236.,0.));
#4993 = VECTOR('',#4994,1.);
#4994 = DIRECTION('',(1.,0.,-0.));
#4995 = PCURVE('',#421,#4996);
#4996 = DEFINITIONAL_REPRESENTATION('',(#4997),#5001);
#4997 = LINE('',#4998,#4999);
#4998 = CARTESIAN_POINT('',(11.,4.));
#4999 = VECTOR('',#5000,1.);
#5000 = DIRECTION('',(1.,0.));
#5001 = ( GEOMETRIC_REPRESENTATION_CONTEXT(2) 
PARAMETRIC_REPRESENTATION_CONTEXT() REPRESENTATION_CONTEXT('2D SPACE',''
  ) );
#5002 = PCURVE('',#4832,#5003);
#5003 = DEFINITIONAL_REPRESENTATION('',(#5004),#5008);
#5004 = LINE('',#5005,#5006);
#5005 = CARTESIAN_POINT('',(0.,0.));
#5006 = VECTOR('',#5007,1.);
#5007 = DIRECTION('',(0.,1.));
#5008 = ( GEOMETRIC_REPRESENTATION_CONTEXT(2) 
PARAMETRIC_REPRESENTATION_CONTEXT() REPRESENTATION_CONTEXT('2D SPACE',''
  ) );
#5009 = ORIENTED_EDGE('',*,*,#5010,.T.);
#5010 = EDGE_CURVE('',#4988,#5011,#5013,.T.);
#5011 = VERTEX_POINT('',#5012);
#5012 = CARTESIAN_POINT('',(236.5,-4.,0.));
#5013 = SURFACE_CURVE('',#5014,(#5018,#5025),.PCURVE_S1.);
#5014 = LINE('',#5015,#5016);
#5015 = CARTESIAN_POINT('',(236.5,-236.,0.));
#5016 = VECTOR('',#5017,1.);
#5017 = DIRECTION('',(-0.,1.,0.));
#5018 = PCURVE('',#421,#5019);
#5019 = DEFINITIONAL_REPRESENTATION('',(#5020),#5024);
#5020 = LINE('',#5021,#5022);
#5021 = CARTESIAN_POINT('',(11.5,4.));
#5022 = VECTOR('',#5023,1.);
#5023 = DIRECTION('',(0.,1.));
#5024 = ( GEOMETRIC_REPRESENTATION_CONTEXT(2) 
PARAMETRIC_REPRESENTATION_CONTEXT() REPRESENTATION_CONTEXT('2D SPACE',''
  ) );
#5025 = PCURVE('',#5026,#5031);
#5026 = PLANE('',#5027);
#5027 = AXIS2_PLACEMENT_3D('',#5028,#5029,#5030);
#5028 = CARTESIAN_POINT('',(236.25,-236.,0.25));
#5029 = DIRECTION('',(-0.707106781187,0.,-0.707106781187));
#5030 = DIRECTION('',(0.,1.,0.));
#5031 = DEFINITIONAL_REPRESENTATION('',(#5032),#5036);
#5032 = LINE('',#5033,#5034);
#5033 = CARTESIAN_POINT('',(0.,0.353553390593));
#5034 = VECTOR('',#5035,1.);
#5035 = DIRECTION('',(1.,0.));
#5036 = ( GEOMETRIC_REPRESENTATION_CONTEXT(2) 
PARAMETRIC_REPRESENTATION_CONTEXT() REPRESENTATION_CONTEXT('2D SPACE',''
  ) );
#5037 = ORIENTED_EDGE('',*,*,#5038,.T.);
#5038 = EDGE_CURVE('',#5011,#4870,#5039,.T.);
#5039 = SURFACE_CURVE('',#5040,(#5044,#5051),.PCURVE_S1.);
#5040 = LINE('',#5041,#5042);
#5041 = CARTESIAN_POINT('',(236.,-4.,0.));
#5042 = VECTOR('',#5043,1.);
#5043 = DIRECTION('',(1.,0.,-0.));
#5044 = PCURVE('',#421,#5045);
#5045 = DEFINITIONAL_REPRESENTATION('',(#5046),#5050);
#5046 = LINE('',#5047,#5048);
#5047 = CARTESIAN_POINT('',(11.,236.));
#5048 = VECTOR('',#5049,1.);
#5049 = DIRECTION('',(1.,0.));
#5050 = ( GEOMETRIC_REPRESENTATION_CONTEXT(2) 
PARAMETRIC_REPRESENTATION_CONTEXT() REPRESENTATION_CONTEXT('2D SPACE',''
  ) );
#5051 = PCURVE('',#4884,#5052);
#5052 = DEFINITIONAL_REPRESENTATION('',(#5053),#5057);
#5053 = LINE('',#5054,#5055);
#5054 = CARTESIAN_POINT('',(0.,0.));
#5055 = VECTOR('',#5056,1.);
#5056 = DIRECTION('',(0.,1.));
#5057 = ( GEOMETRIC_REPRESENTATION_CONTEXT(2) 
PARAMETRIC_REPRESENTATION_CONTEXT() REPRESENTATION_CONTEXT('2D SPACE',''
  ) );
#5058 = ORIENTED_EDGE('',*,*,#4895,.F.);
#5059 = FACE_BOUND('',#5060,.T.);
#5060 = EDGE_LOOP('',(#5061));
#5061 = ORIENTED_EDGE('',*,*,#5062,.F.);
#5062 = EDGE_CURVE('',#5063,#5063,#5065,.T.);
#5063 = VERTEX_POINT('',#5064);
#5064 = CARTESIAN_POINT('',(231.7,-180.,0.));
#5065 = SURFACE_CURVE('',#5066,(#5071,#5078),.PCURVE_S1.);
#5066 = CIRCLE('',#5067,1.7);
#5067 = AXIS2_PLACEMENT_3D('',#5068,#5069,#5070);
#5068 = CARTESIAN_POINT('',(230.,-180.,0.));
#5069 = DIRECTION('',(0.,0.,1.));
#5070 = DIRECTION('',(1.,0.,-0.));
#5071 = PCURVE('',#421,#5072);
#5072 = DEFINITIONAL_REPRESENTATION('',(#5073),#5077);
#5073 = CIRCLE('',#5074,1.7);
#5074 = AXIS2_PLACEMENT_2D('',#5075,#5076);
#5075 = CARTESIAN_POINT('',(5.,60.));
#5076 = DIRECTION('',(1.,0.));
#5077 = ( GEOMETRIC_REPRESENTATION_CONTEXT(2) 
PARAMETRIC_REPRESENTATION_CONTEXT() REPRESENTATION_CONTEXT('2D SPACE',''
  ) );
#5078 = PCURVE('',#5079,#5084);
#5079 = CYLINDRICAL_SURFACE('',#5080,1.7);
#5080 = AXIS2_PLACEMENT_3D('',#5081,#5082,#5083);
#5081 = CARTESIAN_POINT('',(230.,-180.,-8.1));
#5082 = DIRECTION('',(0.,0.,1.));
#5083 = DIRECTION('',(1.,0.,-0.));
#5084 = DEFINITIONAL_REPRESENTATION('',(#5085),#5089);
#5085 = LINE('',#5086,#5087);
#5086 = CARTESIAN_POINT('',(0.,8.1));
#5087 = VECTOR('',#5088,1.);
#5088 = DIRECTION('',(1.,0.));
#5089 = ( GEOMETRIC_REPRESENTATION_CONTEXT(2) 
PARAMETRIC_REPRESENTATION_CONTEXT() REPRESENTATION_CONTEXT('2D SPACE',''
  ) );
#5090 = FACE_BOUND('',#5091,.T.);
#5091 = EDGE_LOOP('',(#5092));
#5092 = ORIENTED_EDGE('',*,*,#5093,.F.);
#5093 = EDGE_CURVE('',#5094,#5094,#5096,.T.);
#5094 = VERTEX_POINT('',#5095);
#5095 = CARTESIAN_POINT('',(231.7,-60.,0.));
#5096 = SURFACE_CURVE('',#5097,(#5102,#5109),.PCURVE_S1.);
#5097 = CIRCLE('',#5098,1.7);
#5098 = AXIS2_PLACEMENT_3D('',#5099,#5100,#5101);
#5099 = CARTESIAN_POINT('',(230.,-60.,0.));
#5100 = DIRECTION('',(0.,0.,1.));
#5101 = DIRECTION('',(1.,0.,-0.));
#5102 = PCURVE('',#421,#5103);
#5103 = DEFINITIONAL_REPRESENTATION('',(#5104),#5108);
#5104 = CIRCLE('',#5105,1.7);
#5105 = AXIS2_PLACEMENT_2D('',#5106,#5107);
#5106 = CARTESIAN_POINT('',(5.,180.));
#5107 = DIRECTION('',(1.,0.));
#5108 = ( GEOMETRIC_REPRESENTATION_CONTEXT(2) 
PARAMETRIC_REPRESENTATION_CONTEXT() REPRESENTATION_CONTEXT('2D SPACE',''
  ) );
#5109 = PCURVE('',#5110,#5115);
#5110 = CYLINDRICAL_SURFACE('',#5111,1.7);
#5111 = AXIS2_PLACEMENT_3D('',#5112,#5113,#5114);
#5112 = CARTESIAN_POINT('',(230.,-60.,-8.1));
#5113 = DIRECTION('',(0.,0.,1.));
#5114 = DIRECTION('',(1.,0.,-0.));
#5115 = DEFINITIONAL_REPRESENTATION('',(#5116),#5120);
#5116 = LINE('',#5117,#5118);
#5117 = CARTESIAN_POINT('',(0.,8.1));
#5118 = VECTOR('',#5119,1.);
#5119 = DIRECTION('',(1.,0.));
#5120 = ( GEOMETRIC_REPRESENTATION_CONTEXT(2) 
PARAMETRIC_REPRESENTATION_CONTEXT() REPRESENTATION_CONTEXT('2D SPACE',''
  ) );
#5121 = ADVANCED_FACE('',(#5122),#393,.F.);
#5122 = FACE_BOUND('',#5123,.F.);
#5123 = EDGE_LOOP('',(#5124,#5125,#5153,#5174));
#5124 = ORIENTED_EDGE('',*,*,#377,.F.);
#5125 = ORIENTED_EDGE('',*,*,#5126,.T.);
#5126 = EDGE_CURVE('',#350,#5127,#5129,.T.);
#5127 = VERTEX_POINT('',#5128);
#5128 = CARTESIAN_POINT('',(225.,-4.996003610813E-16,-7.6));
#5129 = SURFACE_CURVE('',#5130,(#5134,#5141),.PCURVE_S1.);
#5130 = LINE('',#5131,#5132);
#5131 = CARTESIAN_POINT('',(225.,-240.,-7.6));
#5132 = VECTOR('',#5133,1.);
#5133 = DIRECTION('',(-0.,1.,0.));
#5134 = PCURVE('',#393,#5135);
#5135 = DEFINITIONAL_REPRESENTATION('',(#5136),#5140);
#5136 = LINE('',#5137,#5138);
#5137 = CARTESIAN_POINT('',(0.4,0.));
#5138 = VECTOR('',#5139,1.);
#5139 = DIRECTION('',(0.,-1.));
#5140 = ( GEOMETRIC_REPRESENTATION_CONTEXT(2) 
PARAMETRIC_REPRESENTATION_CONTEXT() REPRESENTATION_CONTEXT('2D SPACE',''
  ) );
#5141 = PCURVE('',#5142,#5147);
#5142 = PLANE('',#5143);
#5143 = AXIS2_PLACEMENT_3D('',#5144,#5145,#5146);
#5144 = CARTESIAN_POINT('',(225.2,-240.,-7.8));
#5145 = DIRECTION('',(-0.707106781187,-3.474993633276E-18,
    -0.707106781187));
#5146 = DIRECTION('',(2.457191562669E-18,-1.,2.457191562669E-18));
#5147 = DEFINITIONAL_REPRESENTATION('',(#5148),#5152);
#5148 = LINE('',#5149,#5150);
#5149 = CARTESIAN_POINT('',(-0.,0.282842712475));
#5150 = VECTOR('',#5151,1.);
#5151 = DIRECTION('',(-1.,0.));
#5152 = ( GEOMETRIC_REPRESENTATION_CONTEXT(2) 
PARAMETRIC_REPRESENTATION_CONTEXT() REPRESENTATION_CONTEXT('2D SPACE',''
  ) );
#5153 = ORIENTED_EDGE('',*,*,#5154,.T.);
#5154 = EDGE_CURVE('',#5127,#4942,#5155,.T.);
#5155 = SURFACE_CURVE('',#5156,(#5160,#5167),.PCURVE_S1.);
#5156 = LINE('',#5157,#5158);
#5157 = CARTESIAN_POINT('',(225.,0.,-8.));
#5158 = VECTOR('',#5159,1.);
#5159 = DIRECTION('',(0.,0.,1.));
#5160 = PCURVE('',#393,#5161);
#5161 = DEFINITIONAL_REPRESENTATION('',(#5162),#5166);
#5162 = LINE('',#5163,#5164);
#5163 = CARTESIAN_POINT('',(0.,-240.));
#5164 = VECTOR('',#5165,1.);
#5165 = DIRECTION('',(1.,0.));
#5166 = ( GEOMETRIC_REPRESENTATION_CONTEXT(2) 
PARAMETRIC_REPRESENTATION_CONTEXT() REPRESENTATION_CONTEXT('2D SPACE',''
  ) );
#5167 = PCURVE('',#886,#5168);
#5168 = DEFINITIONAL_REPRESENTATION('',(#5169),#5173);
#5169 = LINE('',#5170,#5171);
#5170 = CARTESIAN_POINT('',(0.,-15.));
#5171 = VECTOR('',#5172,1.);
#5172 = DIRECTION('',(1.,0.));
#5173 = ( GEOMETRIC_REPRESENTATION_CONTEXT(2) 
PARAMETRIC_REPRESENTATION_CONTEXT() REPRESENTATION_CONTEXT('2D SPACE',''
  ) );
#5174 = ORIENTED_EDGE('',*,*,#4964,.F.);
#5175 = ADVANCED_FACE('',(#5176),#365,.T.);
#5176 = FACE_BOUND('',#5177,.T.);
#5177 = EDGE_LOOP('',(#5178,#5201,#5222,#5223));
#5178 = ORIENTED_EDGE('',*,*,#5179,.F.);
#5179 = EDGE_CURVE('',#5180,#350,#5182,.T.);
#5180 = VERTEX_POINT('',#5181);
#5181 = CARTESIAN_POINT('',(225.4,-239.6,-8.));
#5182 = SURFACE_CURVE('',#5183,(#5187,#5194),.PCURVE_S1.);
#5183 = LINE('',#5184,#5185);
#5184 = CARTESIAN_POINT('',(225.13333333333,-239.8666666666,
    -7.733333333333));
#5185 = VECTOR('',#5186,1.);
#5186 = DIRECTION('',(-0.57735026919,-0.57735026919,0.57735026919));
#5187 = PCURVE('',#365,#5188);
#5188 = DEFINITIONAL_REPRESENTATION('',(#5189),#5193);
#5189 = LINE('',#5190,#5191);
#5190 = CARTESIAN_POINT('',(0.133333333333,9.428090415821E-02));
#5191 = VECTOR('',#5192,1.);
#5192 = DIRECTION('',(-0.57735026919,0.816496580928));
#5193 = ( GEOMETRIC_REPRESENTATION_CONTEXT(2) 
PARAMETRIC_REPRESENTATION_CONTEXT() REPRESENTATION_CONTEXT('2D SPACE',''
  ) );
#5194 = PCURVE('',#5142,#5195);
#5195 = DEFINITIONAL_REPRESENTATION('',(#5196),#5200);
#5196 = LINE('',#5197,#5198);
#5197 = CARTESIAN_POINT('',(-0.133333333333,9.428090415821E-02));
#5198 = VECTOR('',#5199,1.);
#5199 = DIRECTION('',(0.57735026919,0.816496580928));
#5200 = ( GEOMETRIC_REPRESENTATION_CONTEXT(2) 
PARAMETRIC_REPRESENTATION_CONTEXT() REPRESENTATION_CONTEXT('2D SPACE',''
  ) );
#5201 = ORIENTED_EDGE('',*,*,#5202,.T.);
#5202 = EDGE_CURVE('',#5180,#582,#5203,.T.);
#5203 = SURFACE_CURVE('',#5204,(#5208,#5215),.PCURVE_S1.);
#5204 = LINE('',#5205,#5206);
#5205 = CARTESIAN_POINT('',(225.,-239.6,-8.));
#5206 = VECTOR('',#5207,1.);
#5207 = DIRECTION('',(1.,0.,0.));
#5208 = PCURVE('',#365,#5209);
#5209 = DEFINITIONAL_REPRESENTATION('',(#5210),#5214);
#5210 = LINE('',#5211,#5212);
#5211 = CARTESIAN_POINT('',(0.,-0.282842712475));
#5212 = VECTOR('',#5213,1.);
#5213 = DIRECTION('',(1.,0.));
#5214 = ( GEOMETRIC_REPRESENTATION_CONTEXT(2) 
PARAMETRIC_REPRESENTATION_CONTEXT() REPRESENTATION_CONTEXT('2D SPACE',''
  ) );
#5215 = PCURVE('',#618,#5216);
#5216 = DEFINITIONAL_REPRESENTATION('',(#5217),#5221);
#5217 = LINE('',#5218,#5219);
#5218 = CARTESIAN_POINT('',(-20.5,7.45));
#5219 = VECTOR('',#5220,1.);
#5220 = DIRECTION('',(1.,0.));
#5221 = ( GEOMETRIC_REPRESENTATION_CONTEXT(2) 
PARAMETRIC_REPRESENTATION_CONTEXT() REPRESENTATION_CONTEXT('2D SPACE',''
  ) );
#5222 = ORIENTED_EDGE('',*,*,#581,.F.);
#5223 = ORIENTED_EDGE('',*,*,#349,.F.);
#5224 = ADVANCED_FACE('',(#5225),#568,.T.);
#5225 = FACE_BOUND('',#5226,.F.);
#5226 = EDGE_LOOP('',(#5227,#5228,#5229,#5252));
#5227 = ORIENTED_EDGE('',*,*,#552,.F.);
#5228 = ORIENTED_EDGE('',*,*,#740,.T.);
#5229 = ORIENTED_EDGE('',*,*,#5230,.T.);
#5230 = EDGE_CURVE('',#716,#5231,#5233,.T.);
#5231 = VERTEX_POINT('',#5232);
#5232 = CARTESIAN_POINT('',(254.1,-246.65,-8.));
#5233 = SURFACE_CURVE('',#5234,(#5238,#5245),.PCURVE_S1.);
#5234 = LINE('',#5235,#5236);
#5235 = CARTESIAN_POINT('',(252.86666666666,-245.4166666666,
    -9.233333333333));
#5236 = VECTOR('',#5237,1.);
#5237 = DIRECTION('',(-0.57735026919,0.57735026919,-0.57735026919));
#5238 = PCURVE('',#568,#5239);
#5239 = DEFINITIONAL_REPRESENTATION('',(#5240),#5244);
#5240 = LINE('',#5241,#5242);
#5241 = CARTESIAN_POINT('',(-7.366666666667,2.027039439401));
#5242 = VECTOR('',#5243,1.);
#5243 = DIRECTION('',(0.57735026919,0.816496580928));
#5244 = ( GEOMETRIC_REPRESENTATION_CONTEXT(2) 
PARAMETRIC_REPRESENTATION_CONTEXT() REPRESENTATION_CONTEXT('2D SPACE',''
  ) );
#5245 = PCURVE('',#938,#5246);
#5246 = DEFINITIONAL_REPRESENTATION('',(#5247),#5251);
#5247 = LINE('',#5248,#5249);
#5248 = CARTESIAN_POINT('',(1.633333333333,2.027039439401));
#5249 = VECTOR('',#5250,1.);
#5250 = DIRECTION('',(0.57735026919,0.816496580928));
#5251 = ( GEOMETRIC_REPRESENTATION_CONTEXT(2) 
PARAMETRIC_REPRESENTATION_CONTEXT() REPRESENTATION_CONTEXT('2D SPACE',''
  ) );
#5252 = ORIENTED_EDGE('',*,*,#5253,.F.);
#5253 = EDGE_CURVE('',#553,#5231,#5254,.T.);
#5254 = SURFACE_CURVE('',#5255,(#5259,#5266),.PCURVE_S1.);
#5255 = LINE('',#5256,#5257);
#5256 = CARTESIAN_POINT('',(245.5,-246.65,-8.));
#5257 = VECTOR('',#5258,1.);
#5258 = DIRECTION('',(1.,0.,-0.));
#5259 = PCURVE('',#568,#5260);
#5260 = DEFINITIONAL_REPRESENTATION('',(#5261),#5265);
#5261 = LINE('',#5262,#5263);
#5262 = CARTESIAN_POINT('',(-0.,0.282842712475));
#5263 = VECTOR('',#5264,1.);
#5264 = DIRECTION('',(-1.,0.));
#5265 = ( GEOMETRIC_REPRESENTATION_CONTEXT(2) 
PARAMETRIC_REPRESENTATION_CONTEXT() REPRESENTATION_CONTEXT('2D SPACE',''
  ) );
#5266 = PCURVE('',#618,#5267);
#5267 = DEFINITIONAL_REPRESENTATION('',(#5268),#5272);
#5268 = LINE('',#5269,#5270);
#5269 = CARTESIAN_POINT('',(0.,0.4));
#5270 = VECTOR('',#5271,1.);
#5271 = DIRECTION('',(1.,0.));
#5272 = ( GEOMETRIC_REPRESENTATION_CONTEXT(2) 
PARAMETRIC_REPRESENTATION_CONTEXT() REPRESENTATION_CONTEXT('2D SPACE',''
  ) );
#5273 = ADVANCED_FACE('',(#5274,#5373,#5404,#5510),#618,.F.);
#5274 = FACE_BOUND('',#5275,.F.);
#5275 = EDGE_LOOP('',(#5276,#5277,#5278,#5299,#5300,#5323,#5351,#5372));
#5276 = ORIENTED_EDGE('',*,*,#604,.F.);
#5277 = ORIENTED_EDGE('',*,*,#5253,.T.);
#5278 = ORIENTED_EDGE('',*,*,#5279,.T.);
#5279 = EDGE_CURVE('',#5231,#923,#5280,.T.);
#5280 = SURFACE_CURVE('',#5281,(#5285,#5292),.PCURVE_S1.);
#5281 = LINE('',#5282,#5283);
#5282 = CARTESIAN_POINT('',(254.1,-247.05,-8.));
#5283 = VECTOR('',#5284,1.);
#5284 = DIRECTION('',(-0.,1.,0.));
#5285 = PCURVE('',#618,#5286);
#5286 = DEFINITIONAL_REPRESENTATION('',(#5287),#5291);
#5287 = LINE('',#5288,#5289);
#5288 = CARTESIAN_POINT('',(8.6,0.));
#5289 = VECTOR('',#5290,1.);
#5290 = DIRECTION('',(0.,1.));
#5291 = ( GEOMETRIC_REPRESENTATION_CONTEXT(2) 
PARAMETRIC_REPRESENTATION_CONTEXT() REPRESENTATION_CONTEXT('2D SPACE',''
  ) );
#5292 = PCURVE('',#938,#5293);
#5293 = DEFINITIONAL_REPRESENTATION('',(#5294),#5298);
#5294 = LINE('',#5295,#5296);
#5295 = CARTESIAN_POINT('',(0.,0.282842712475));
#5296 = VECTOR('',#5297,1.);
#5297 = DIRECTION('',(1.,0.));
#5298 = ( GEOMETRIC_REPRESENTATION_CONTEXT(2) 
PARAMETRIC_REPRESENTATION_CONTEXT() REPRESENTATION_CONTEXT('2D SPACE',''
  ) );
#5299 = ORIENTED_EDGE('',*,*,#950,.T.);
#5300 = ORIENTED_EDGE('',*,*,#5301,.T.);
#5301 = EDGE_CURVE('',#951,#5302,#5304,.T.);
#5302 = VERTEX_POINT('',#5303);
#5303 = CARTESIAN_POINT('',(259.6,-0.4,-8.));
#5304 = SURFACE_CURVE('',#5305,(#5309,#5316),.PCURVE_S1.);
#5305 = LINE('',#5306,#5307);
#5306 = CARTESIAN_POINT('',(259.6,-240.,-8.));
#5307 = VECTOR('',#5308,1.);
#5308 = DIRECTION('',(-0.,1.,0.));
#5309 = PCURVE('',#618,#5310);
#5310 = DEFINITIONAL_REPRESENTATION('',(#5311),#5315);
#5311 = LINE('',#5312,#5313);
#5312 = CARTESIAN_POINT('',(14.1,7.05));
#5313 = VECTOR('',#5314,1.);
#5314 = DIRECTION('',(0.,1.));
#5315 = ( GEOMETRIC_REPRESENTATION_CONTEXT(2) 
PARAMETRIC_REPRESENTATION_CONTEXT() REPRESENTATION_CONTEXT('2D SPACE',''
  ) );
#5316 = PCURVE('',#858,#5317);
#5317 = DEFINITIONAL_REPRESENTATION('',(#5318),#5322);
#5318 = LINE('',#5319,#5320);
#5319 = CARTESIAN_POINT('',(-0.,-0.282842712475));
#5320 = VECTOR('',#5321,1.);
#5321 = DIRECTION('',(-1.,0.));
#5322 = ( GEOMETRIC_REPRESENTATION_CONTEXT(2) 
PARAMETRIC_REPRESENTATION_CONTEXT() REPRESENTATION_CONTEXT('2D SPACE',''
  ) );
#5323 = ORIENTED_EDGE('',*,*,#5324,.F.);
#5324 = EDGE_CURVE('',#5325,#5302,#5327,.T.);
#5325 = VERTEX_POINT('',#5326);
#5326 = CARTESIAN_POINT('',(225.4,-0.4,-8.));
#5327 = SURFACE_CURVE('',#5328,(#5332,#5339),.PCURVE_S1.);
#5328 = LINE('',#5329,#5330);
#5329 = CARTESIAN_POINT('',(225.,-0.4,-8.));
#5330 = VECTOR('',#5331,1.);
#5331 = DIRECTION('',(1.,0.,0.));
#5332 = PCURVE('',#618,#5333);
#5333 = DEFINITIONAL_REPRESENTATION('',(#5334),#5338);
#5334 = LINE('',#5335,#5336);
#5335 = CARTESIAN_POINT('',(-20.5,246.65));
#5336 = VECTOR('',#5337,1.);
#5337 = DIRECTION('',(1.,0.));
#5338 = ( GEOMETRIC_REPRESENTATION_CONTEXT(2) 
PARAMETRIC_REPRESENTATION_CONTEXT() REPRESENTATION_CONTEXT('2D SPACE',''
  ) );
#5339 = PCURVE('',#5340,#5345);
#5340 = PLANE('',#5341);
#5341 = AXIS2_PLACEMENT_3D('',#5342,#5343,#5344);
#5342 = CARTESIAN_POINT('',(225.,-0.2,-7.8));
#5343 = DIRECTION('',(-3.474993633276E-18,-0.707106781187,0.707106781187
    ));
#5344 = DIRECTION('',(1.,-2.457191562669E-18,2.457191562669E-18));
#5345 = DEFINITIONAL_REPRESENTATION('',(#5346),#5350);
#5346 = LINE('',#5347,#5348);
#5347 = CARTESIAN_POINT('',(0.,-0.282842712475));
#5348 = VECTOR('',#5349,1.);
#5349 = DIRECTION('',(1.,0.));
#5350 = ( GEOMETRIC_REPRESENTATION_CONTEXT(2) 
PARAMETRIC_REPRESENTATION_CONTEXT() REPRESENTATION_CONTEXT('2D SPACE',''
  ) );
#5351 = ORIENTED_EDGE('',*,*,#5352,.F.);
#5352 = EDGE_CURVE('',#5180,#5325,#5353,.T.);
#5353 = SURFACE_CURVE('',#5354,(#5358,#5365),.PCURVE_S1.);
#5354 = LINE('',#5355,#5356);
#5355 = CARTESIAN_POINT('',(225.4,-240.,-8.));
#5356 = VECTOR('',#5357,1.);
#5357 = DIRECTION('',(-0.,1.,0.));
#5358 = PCURVE('',#618,#5359);
#5359 = DEFINITIONAL_REPRESENTATION('',(#5360),#5364);
#5360 = LINE('',#5361,#5362);
#5361 = CARTESIAN_POINT('',(-20.1,7.05));
#5362 = VECTOR('',#5363,1.);
#5363 = DIRECTION('',(0.,1.));
#5364 = ( GEOMETRIC_REPRESENTATION_CONTEXT(2) 
PARAMETRIC_REPRESENTATION_CONTEXT() REPRESENTATION_CONTEXT('2D SPACE',''
  ) );
#5365 = PCURVE('',#5142,#5366);
#5366 = DEFINITIONAL_REPRESENTATION('',(#5367),#5371);
#5367 = LINE('',#5368,#5369);
#5368 = CARTESIAN_POINT('',(-0.,-0.282842712475));
#5369 = VECTOR('',#5370,1.);
#5370 = DIRECTION('',(-1.,0.));
#5371 = ( GEOMETRIC_REPRESENTATION_CONTEXT(2) 
PARAMETRIC_REPRESENTATION_CONTEXT() REPRESENTATION_CONTEXT('2D SPACE',''
  ) );
#5372 = ORIENTED_EDGE('',*,*,#5202,.T.);
#5373 = FACE_BOUND('',#5374,.F.);
#5374 = EDGE_LOOP('',(#5375));
#5375 = ORIENTED_EDGE('',*,*,#5376,.F.);
#5376 = EDGE_CURVE('',#5377,#5377,#5379,.T.);
#5377 = VERTEX_POINT('',#5378);
#5378 = CARTESIAN_POINT('',(233.4,-180.,-8.));
#5379 = SURFACE_CURVE('',#5380,(#5385,#5392),.PCURVE_S1.);
#5380 = CIRCLE('',#5381,3.4);
#5381 = AXIS2_PLACEMENT_3D('',#5382,#5383,#5384);
#5382 = CARTESIAN_POINT('',(230.,-180.,-8.));
#5383 = DIRECTION('',(0.,0.,1.));
#5384 = DIRECTION('',(1.,0.,-0.));
#5385 = PCURVE('',#618,#5386);
#5386 = DEFINITIONAL_REPRESENTATION('',(#5387),#5391);
#5387 = CIRCLE('',#5388,3.4);
#5388 = AXIS2_PLACEMENT_2D('',#5389,#5390);
#5389 = CARTESIAN_POINT('',(-15.5,67.05));
#5390 = DIRECTION('',(1.,0.));
#5391 = ( GEOMETRIC_REPRESENTATION_CONTEXT(2) 
PARAMETRIC_REPRESENTATION_CONTEXT() REPRESENTATION_CONTEXT('2D SPACE',''
  ) );
#5392 = PCURVE('',#5393,#5398);
#5393 = CYLINDRICAL_SURFACE('',#5394,3.4);
#5394 = AXIS2_PLACEMENT_3D('',#5395,#5396,#5397);
#5395 = CARTESIAN_POINT('',(230.,-180.,-8.1));
#5396 = DIRECTION('',(0.,0.,1.));
#5397 = DIRECTION('',(1.,0.,-0.));
#5398 = DEFINITIONAL_REPRESENTATION('',(#5399),#5403);
#5399 = LINE('',#5400,#5401);
#5400 = CARTESIAN_POINT('',(0.,1.E-01));
#5401 = VECTOR('',#5402,1.);
#5402 = DIRECTION('',(1.,0.));
#5403 = ( GEOMETRIC_REPRESENTATION_CONTEXT(2) 
PARAMETRIC_REPRESENTATION_CONTEXT() REPRESENTATION_CONTEXT('2D SPACE',''
  ) );
#5404 = FACE_BOUND('',#5405,.F.);
#5405 = EDGE_LOOP('',(#5406,#5434,#5460,#5486));
#5406 = ORIENTED_EDGE('',*,*,#5407,.T.);
#5407 = EDGE_CURVE('',#5408,#5410,#5412,.T.);
#5408 = VERTEX_POINT('',#5409);
#5409 = CARTESIAN_POINT('',(256.,-135.,-8.));
#5410 = VERTEX_POINT('',#5411);
#5411 = CARTESIAN_POINT('',(244.,-135.,-8.));
#5412 = SURFACE_CURVE('',#5413,(#5417,#5423),.PCURVE_S1.);
#5413 = LINE('',#5414,#5415);
#5414 = CARTESIAN_POINT('',(244.75,-135.,-8.));
#5415 = VECTOR('',#5416,1.);
#5416 = DIRECTION('',(-1.,-0.,0.));
#5417 = PCURVE('',#618,#5418);
#5418 = DEFINITIONAL_REPRESENTATION('',(#5419),#5422);
#5419 = B_SPLINE_CURVE_WITH_KNOTS('',1,(#5420,#5421),.UNSPECIFIED.,.F.,
  .F.,(2,2),(-11.25,0.75),.PIECEWISE_BEZIER_KNOTS.);
#5420 = CARTESIAN_POINT('',(10.5,112.05));
#5421 = CARTESIAN_POINT('',(-1.5,112.05));
#5422 = ( GEOMETRIC_REPRESENTATION_CONTEXT(2) 
PARAMETRIC_REPRESENTATION_CONTEXT() REPRESENTATION_CONTEXT('2D SPACE',''
  ) );
#5423 = PCURVE('',#5424,#5429);
#5424 = PLANE('',#5425);
#5425 = AXIS2_PLACEMENT_3D('',#5426,#5427,#5428);
#5426 = CARTESIAN_POINT('',(244.,-135.,-8.05));
#5427 = DIRECTION('',(-0.,1.,0.));
#5428 = DIRECTION('',(0.,0.,1.));
#5429 = DEFINITIONAL_REPRESENTATION('',(#5430),#5433);
#5430 = B_SPLINE_CURVE_WITH_KNOTS('',1,(#5431,#5432),.UNSPECIFIED.,.F.,
  .F.,(2,2),(-11.25,0.75),.PIECEWISE_BEZIER_KNOTS.);
#5431 = CARTESIAN_POINT('',(5.E-02,12.));
#5432 = CARTESIAN_POINT('',(5.E-02,0.));
#5433 = ( GEOMETRIC_REPRESENTATION_CONTEXT(2) 
PARAMETRIC_REPRESENTATION_CONTEXT() REPRESENTATION_CONTEXT('2D SPACE',''
  ) );
#5434 = ORIENTED_EDGE('',*,*,#5435,.T.);
#5435 = EDGE_CURVE('',#5410,#5436,#5438,.T.);
#5436 = VERTEX_POINT('',#5437);
#5437 = CARTESIAN_POINT('',(244.,-105.,-8.));
#5438 = SURFACE_CURVE('',#5439,(#5443,#5449),.PCURVE_S1.);
#5439 = LINE('',#5440,#5441);
#5440 = CARTESIAN_POINT('',(244.,-191.025,-8.));
#5441 = VECTOR('',#5442,1.);
#5442 = DIRECTION('',(-0.,1.,0.));
#5443 = PCURVE('',#618,#5444);
#5444 = DEFINITIONAL_REPRESENTATION('',(#5445),#5448);
#5445 = B_SPLINE_CURVE_WITH_KNOTS('',1,(#5446,#5447),.UNSPECIFIED.,.F.,
  .F.,(2,2),(56.025,86.025),.PIECEWISE_BEZIER_KNOTS.);
#5446 = CARTESIAN_POINT('',(-1.5,112.05));
#5447 = CARTESIAN_POINT('',(-1.5,142.05));
#5448 = ( GEOMETRIC_REPRESENTATION_CONTEXT(2) 
PARAMETRIC_REPRESENTATION_CONTEXT() REPRESENTATION_CONTEXT('2D SPACE',''
  ) );
#5449 = PCURVE('',#5450,#5455);
#5450 = PLANE('',#5451);
#5451 = AXIS2_PLACEMENT_3D('',#5452,#5453,#5454);
#5452 = CARTESIAN_POINT('',(244.,-135.,-8.05));
#5453 = DIRECTION('',(1.,0.,-0.));
#5454 = DIRECTION('',(0.,0.,1.));
#5455 = DEFINITIONAL_REPRESENTATION('',(#5456),#5459);
#5456 = B_SPLINE_CURVE_WITH_KNOTS('',1,(#5457,#5458),.UNSPECIFIED.,.F.,
  .F.,(2,2),(56.025,86.025),.PIECEWISE_BEZIER_KNOTS.);
#5457 = CARTESIAN_POINT('',(5.E-02,0.));
#5458 = CARTESIAN_POINT('',(5.E-02,-30.));
#5459 = ( GEOMETRIC_REPRESENTATION_CONTEXT(2) 
PARAMETRIC_REPRESENTATION_CONTEXT() REPRESENTATION_CONTEXT('2D SPACE',''
  ) );
#5460 = ORIENTED_EDGE('',*,*,#5461,.F.);
#5461 = EDGE_CURVE('',#5462,#5436,#5464,.T.);
#5462 = VERTEX_POINT('',#5463);
#5463 = CARTESIAN_POINT('',(256.,-105.,-8.));
#5464 = SURFACE_CURVE('',#5465,(#5469,#5475),.PCURVE_S1.);
#5465 = LINE('',#5466,#5467);
#5466 = CARTESIAN_POINT('',(244.75,-105.,-8.));
#5467 = VECTOR('',#5468,1.);
#5468 = DIRECTION('',(-1.,-0.,0.));
#5469 = PCURVE('',#618,#5470);
#5470 = DEFINITIONAL_REPRESENTATION('',(#5471),#5474);
#5471 = B_SPLINE_CURVE_WITH_KNOTS('',1,(#5472,#5473),.UNSPECIFIED.,.F.,
  .F.,(2,2),(-11.25,0.75),.PIECEWISE_BEZIER_KNOTS.);
#5472 = CARTESIAN_POINT('',(10.5,142.05));
#5473 = CARTESIAN_POINT('',(-1.5,142.05));
#5474 = ( GEOMETRIC_REPRESENTATION_CONTEXT(2) 
PARAMETRIC_REPRESENTATION_CONTEXT() REPRESENTATION_CONTEXT('2D SPACE',''
  ) );
#5475 = PCURVE('',#5476,#5481);
#5476 = PLANE('',#5477);
#5477 = AXIS2_PLACEMENT_3D('',#5478,#5479,#5480);
#5478 = CARTESIAN_POINT('',(244.,-105.,-8.05));
#5479 = DIRECTION('',(-0.,1.,0.));
#5480 = DIRECTION('',(0.,0.,1.));
#5481 = DEFINITIONAL_REPRESENTATION('',(#5482),#5485);
#5482 = B_SPLINE_CURVE_WITH_KNOTS('',1,(#5483,#5484),.UNSPECIFIED.,.F.,
  .F.,(2,2),(-11.25,0.75),.PIECEWISE_BEZIER_KNOTS.);
#5483 = CARTESIAN_POINT('',(5.E-02,12.));
#5484 = CARTESIAN_POINT('',(5.E-02,0.));
#5485 = ( GEOMETRIC_REPRESENTATION_CONTEXT(2) 
PARAMETRIC_REPRESENTATION_CONTEXT() REPRESENTATION_CONTEXT('2D SPACE',''
  ) );
#5486 = ORIENTED_EDGE('',*,*,#5487,.F.);
#5487 = EDGE_CURVE('',#5408,#5462,#5488,.T.);
#5488 = SURFACE_CURVE('',#5489,(#5493,#5499),.PCURVE_S1.);
#5489 = LINE('',#5490,#5491);
#5490 = CARTESIAN_POINT('',(256.,-191.025,-8.));
#5491 = VECTOR('',#5492,1.);
#5492 = DIRECTION('',(-0.,1.,0.));
#5493 = PCURVE('',#618,#5494);
#5494 = DEFINITIONAL_REPRESENTATION('',(#5495),#5498);
#5495 = B_SPLINE_CURVE_WITH_KNOTS('',1,(#5496,#5497),.UNSPECIFIED.,.F.,
  .F.,(2,2),(56.025,86.025),.PIECEWISE_BEZIER_KNOTS.);
#5496 = CARTESIAN_POINT('',(10.5,112.05));
#5497 = CARTESIAN_POINT('',(10.5,142.05));
#5498 = ( GEOMETRIC_REPRESENTATION_CONTEXT(2) 
PARAMETRIC_REPRESENTATION_CONTEXT() REPRESENTATION_CONTEXT('2D SPACE',''
  ) );
#5499 = PCURVE('',#5500,#5505);
#5500 = PLANE('',#5501);
#5501 = AXIS2_PLACEMENT_3D('',#5502,#5503,#5504);
#5502 = CARTESIAN_POINT('',(256.,-135.,-8.05));
#5503 = DIRECTION('',(1.,0.,-0.));
#5504 = DIRECTION('',(0.,0.,1.));
#5505 = DEFINITIONAL_REPRESENTATION('',(#5506),#5509);
#5506 = B_SPLINE_CURVE_WITH_KNOTS('',1,(#5507,#5508),.UNSPECIFIED.,.F.,
  .F.,(2,2),(56.025,86.025),.PIECEWISE_BEZIER_KNOTS.);
#5507 = CARTESIAN_POINT('',(5.E-02,0.));
#5508 = CARTESIAN_POINT('',(5.E-02,-30.));
#5509 = ( GEOMETRIC_REPRESENTATION_CONTEXT(2) 
PARAMETRIC_REPRESENTATION_CONTEXT() REPRESENTATION_CONTEXT('2D SPACE',''
  ) );
#5510 = FACE_BOUND('',#5511,.F.);
#5511 = EDGE_LOOP('',(#5512));
#5512 = ORIENTED_EDGE('',*,*,#5513,.F.);
#5513 = EDGE_CURVE('',#5514,#5514,#5516,.T.);
#5514 = VERTEX_POINT('',#5515);
#5515 = CARTESIAN_POINT('',(233.4,-60.,-8.));
#5516 = SURFACE_CURVE('',#5517,(#5522,#5529),.PCURVE_S1.);
#5517 = CIRCLE('',#5518,3.4);
#5518 = AXIS2_PLACEMENT_3D('',#5519,#5520,#5521);
#5519 = CARTESIAN_POINT('',(230.,-60.,-8.));
#5520 = DIRECTION('',(0.,0.,1.));
#5521 = DIRECTION('',(1.,0.,-0.));
#5522 = PCURVE('',#618,#5523);
#5523 = DEFINITIONAL_REPRESENTATION('',(#5524),#5528);
#5524 = CIRCLE('',#5525,3.4);
#5525 = AXIS2_PLACEMENT_2D('',#5526,#5527);
#5526 = CARTESIAN_POINT('',(-15.5,187.05));
#5527 = DIRECTION('',(1.,0.));
#5528 = ( GEOMETRIC_REPRESENTATION_CONTEXT(2) 
PARAMETRIC_REPRESENTATION_CONTEXT() REPRESENTATION_CONTEXT('2D SPACE',''
  ) );
#5529 = PCURVE('',#5530,#5535);
#5530 = CYLINDRICAL_SURFACE('',#5531,3.4);
#5531 = AXIS2_PLACEMENT_3D('',#5532,#5533,#5534);
#5532 = CARTESIAN_POINT('',(230.,-60.,-8.1));
#5533 = DIRECTION('',(0.,0.,1.));
#5534 = DIRECTION('',(1.,0.,-0.));
#5535 = DEFINITIONAL_REPRESENTATION('',(#5536),#5540);
#5536 = LINE('',#5537,#5538);
#5537 = CARTESIAN_POINT('',(0.,1.E-01));
#5538 = VECTOR('',#5539,1.);
#5539 = DIRECTION('',(1.,0.));
#5540 = ( GEOMETRIC_REPRESENTATION_CONTEXT(2) 
PARAMETRIC_REPRESENTATION_CONTEXT() REPRESENTATION_CONTEXT('2D SPACE',''
  ) );
#5541 = ADVANCED_FACE('',(#5542),#649,.F.);
#5542 = FACE_BOUND('',#5543,.T.);
#5543 = EDGE_LOOP('',(#5544,#5545,#5546,#5547));
#5544 = ORIENTED_EDGE('',*,*,#633,.F.);
#5545 = ORIENTED_EDGE('',*,*,#762,.T.);
#5546 = ORIENTED_EDGE('',*,*,#4646,.T.);
#5547 = ORIENTED_EDGE('',*,*,#5548,.F.);
#5548 = EDGE_CURVE('',#634,#4647,#5549,.T.);
#5549 = SURFACE_CURVE('',#5550,(#5554,#5561),.PCURVE_S1.);
#5550 = LINE('',#5551,#5552);
#5551 = CARTESIAN_POINT('',(245.5,-246.55,16.));
#5552 = VECTOR('',#5553,1.);
#5553 = DIRECTION('',(1.,0.,-0.));
#5554 = PCURVE('',#649,#5555);
#5555 = DEFINITIONAL_REPRESENTATION('',(#5556),#5560);
#5556 = LINE('',#5557,#5558);
#5557 = CARTESIAN_POINT('',(-0.,0.353553390593));
#5558 = VECTOR('',#5559,1.);
#5559 = DIRECTION('',(-1.,0.));
#5560 = ( GEOMETRIC_REPRESENTATION_CONTEXT(2) 
PARAMETRIC_REPRESENTATION_CONTEXT() REPRESENTATION_CONTEXT('2D SPACE',''
  ) );
#5561 = PCURVE('',#700,#5562);
#5562 = DEFINITIONAL_REPRESENTATION('',(#5563),#5567);
#5563 = LINE('',#5564,#5565);
#5564 = CARTESIAN_POINT('',(0.,0.5));
#5565 = VECTOR('',#5566,1.);
#5566 = DIRECTION('',(1.,0.));
#5567 = ( GEOMETRIC_REPRESENTATION_CONTEXT(2) 
PARAMETRIC_REPRESENTATION_CONTEXT() REPRESENTATION_CONTEXT('2D SPACE',''
  ) );
#5568 = ADVANCED_FACE('',(#5569,#5575),#700,.T.);
#5569 = FACE_BOUND('',#5570,.T.);
#5570 = EDGE_LOOP('',(#5571,#5572,#5573,#5574));
#5571 = ORIENTED_EDGE('',*,*,#686,.F.);
#5572 = ORIENTED_EDGE('',*,*,#5548,.T.);
#5573 = ORIENTED_EDGE('',*,*,#4694,.T.);
#5574 = ORIENTED_EDGE('',*,*,#4771,.F.);
#5575 = FACE_BOUND('',#5576,.T.);
#5576 = EDGE_LOOP('',(#5577,#5605,#5627,#5653));
#5577 = ORIENTED_EDGE('',*,*,#5578,.T.);
#5578 = EDGE_CURVE('',#5579,#5581,#5583,.T.);
#5579 = VERTEX_POINT('',#5580);
#5580 = CARTESIAN_POINT('',(248.95,-245.975,16.));
#5581 = VERTEX_POINT('',#5582);
#5582 = CARTESIAN_POINT('',(247.05,-245.975,16.));
#5583 = SURFACE_CURVE('',#5584,(#5588,#5594),.PCURVE_S1.);
#5584 = LINE('',#5585,#5586);
#5585 = CARTESIAN_POINT('',(246.275,-245.975,16.));
#5586 = VECTOR('',#5587,1.);
#5587 = DIRECTION('',(-1.,-0.,0.));
#5588 = PCURVE('',#700,#5589);
#5589 = DEFINITIONAL_REPRESENTATION('',(#5590),#5593);
#5590 = B_SPLINE_CURVE_WITH_KNOTS('',1,(#5591,#5592),.UNSPECIFIED.,.F.,
  .F.,(2,2),(-2.675,-0.775),.PIECEWISE_BEZIER_KNOTS.);
#5591 = CARTESIAN_POINT('',(3.45,1.075));
#5592 = CARTESIAN_POINT('',(1.55,1.075));
#5593 = ( GEOMETRIC_REPRESENTATION_CONTEXT(2) 
PARAMETRIC_REPRESENTATION_CONTEXT() REPRESENTATION_CONTEXT('2D SPACE',''
  ) );
#5594 = PCURVE('',#5595,#5600);
#5595 = PLANE('',#5596);
#5596 = AXIS2_PLACEMENT_3D('',#5597,#5598,#5599);
#5597 = CARTESIAN_POINT('',(247.05,-245.975,1.875));
#5598 = DIRECTION('',(-0.,1.,0.));
#5599 = DIRECTION('',(0.,0.,1.));
#5600 = DEFINITIONAL_REPRESENTATION('',(#5601),#5604);
#5601 = B_SPLINE_CURVE_WITH_KNOTS('',1,(#5602,#5603),.UNSPECIFIED.,.F.,
  .F.,(2,2),(-2.675,-0.775),.PIECEWISE_BEZIER_KNOTS.);
#5602 = CARTESIAN_POINT('',(14.125,1.9));
#5603 = CARTESIAN_POINT('',(14.125,0.));
#5604 = ( GEOMETRIC_REPRESENTATION_CONTEXT(2) 
PARAMETRIC_REPRESENTATION_CONTEXT() REPRESENTATION_CONTEXT('2D SPACE',''
  ) );
#5605 = ORIENTED_EDGE('',*,*,#5606,.T.);
#5606 = EDGE_CURVE('',#5581,#5607,#5609,.T.);
#5607 = VERTEX_POINT('',#5608);
#5608 = CARTESIAN_POINT('',(247.05,-241.025,16.));
#5609 = SURFACE_CURVE('',#5610,(#5614,#5620),.PCURVE_S1.);
#5610 = LINE('',#5611,#5612);
#5611 = CARTESIAN_POINT('',(247.05,-246.5125,16.));
#5612 = VECTOR('',#5613,1.);
#5613 = DIRECTION('',(-0.,1.,0.));
#5614 = PCURVE('',#700,#5615);
#5615 = DEFINITIONAL_REPRESENTATION('',(#5616),#5619);
#5616 = B_SPLINE_CURVE_WITH_KNOTS('',1,(#5617,#5618),.UNSPECIFIED.,.F.,
  .F.,(2,2),(0.5375,5.4875),.PIECEWISE_BEZIER_KNOTS.);
#5617 = CARTESIAN_POINT('',(1.55,1.075));
#5618 = CARTESIAN_POINT('',(1.55,6.025));
#5619 = ( GEOMETRIC_REPRESENTATION_CONTEXT(2) 
PARAMETRIC_REPRESENTATION_CONTEXT() REPRESENTATION_CONTEXT('2D SPACE',''
  ) );
#5620 = PCURVE('',#803,#5621);
#5621 = DEFINITIONAL_REPRESENTATION('',(#5622),#5626);
#5622 = LINE('',#5623,#5624);
#5623 = CARTESIAN_POINT('',(-12.,-3.0125));
#5624 = VECTOR('',#5625,1.);
#5625 = DIRECTION('',(0.,1.));
#5626 = ( GEOMETRIC_REPRESENTATION_CONTEXT(2) 
PARAMETRIC_REPRESENTATION_CONTEXT() REPRESENTATION_CONTEXT('2D SPACE',''
  ) );
#5627 = ORIENTED_EDGE('',*,*,#5628,.F.);
#5628 = EDGE_CURVE('',#5629,#5607,#5631,.T.);
#5629 = VERTEX_POINT('',#5630);
#5630 = CARTESIAN_POINT('',(248.95,-241.025,16.));
#5631 = SURFACE_CURVE('',#5632,(#5636,#5642),.PCURVE_S1.);
#5632 = LINE('',#5633,#5634);
#5633 = CARTESIAN_POINT('',(246.275,-241.025,16.));
#5634 = VECTOR('',#5635,1.);
#5635 = DIRECTION('',(-1.,-0.,0.));
#5636 = PCURVE('',#700,#5637);
#5637 = DEFINITIONAL_REPRESENTATION('',(#5638),#5641);
#5638 = B_SPLINE_CURVE_WITH_KNOTS('',1,(#5639,#5640),.UNSPECIFIED.,.F.,
  .F.,(2,2),(-2.675,-0.775),.PIECEWISE_BEZIER_KNOTS.);
#5639 = CARTESIAN_POINT('',(3.45,6.025));
#5640 = CARTESIAN_POINT('',(1.55,6.025));
#5641 = ( GEOMETRIC_REPRESENTATION_CONTEXT(2) 
PARAMETRIC_REPRESENTATION_CONTEXT() REPRESENTATION_CONTEXT('2D SPACE',''
  ) );
#5642 = PCURVE('',#5643,#5648);
#5643 = PLANE('',#5644);
#5644 = AXIS2_PLACEMENT_3D('',#5645,#5646,#5647);
#5645 = CARTESIAN_POINT('',(247.05,-241.025,1.875));
#5646 = DIRECTION('',(-0.,1.,0.));
#5647 = DIRECTION('',(0.,0.,1.));
#5648 = DEFINITIONAL_REPRESENTATION('',(#5649),#5652);
#5649 = B_SPLINE_CURVE_WITH_KNOTS('',1,(#5650,#5651),.UNSPECIFIED.,.F.,
  .F.,(2,2),(-2.675,-0.775),.PIECEWISE_BEZIER_KNOTS.);
#5650 = CARTESIAN_POINT('',(14.125,1.9));
#5651 = CARTESIAN_POINT('',(14.125,0.));
#5652 = ( GEOMETRIC_REPRESENTATION_CONTEXT(2) 
PARAMETRIC_REPRESENTATION_CONTEXT() REPRESENTATION_CONTEXT('2D SPACE',''
  ) );
#5653 = ORIENTED_EDGE('',*,*,#5654,.F.);
#5654 = EDGE_CURVE('',#5579,#5629,#5655,.T.);
#5655 = SURFACE_CURVE('',#5656,(#5660,#5666),.PCURVE_S1.);
#5656 = LINE('',#5657,#5658);
#5657 = CARTESIAN_POINT('',(248.95,-246.5125,16.));
#5658 = VECTOR('',#5659,1.);
#5659 = DIRECTION('',(-0.,1.,0.));
#5660 = PCURVE('',#700,#5661);
#5661 = DEFINITIONAL_REPRESENTATION('',(#5662),#5665);
#5662 = B_SPLINE_CURVE_WITH_KNOTS('',1,(#5663,#5664),.UNSPECIFIED.,.F.,
  .F.,(2,2),(0.5375,5.4875),.PIECEWISE_BEZIER_KNOTS.);
#5663 = CARTESIAN_POINT('',(3.45,1.075));
#5664 = CARTESIAN_POINT('',(3.45,6.025));
#5665 = ( GEOMETRIC_REPRESENTATION_CONTEXT(2) 
PARAMETRIC_REPRESENTATION_CONTEXT() REPRESENTATION_CONTEXT('2D SPACE',''
  ) );
#5666 = PCURVE('',#5667,#5672);
#5667 = PLANE('',#5668);
#5668 = AXIS2_PLACEMENT_3D('',#5669,#5670,#5671);
#5669 = CARTESIAN_POINT('',(248.95,-245.975,1.875));
#5670 = DIRECTION('',(1.,0.,-0.));
#5671 = DIRECTION('',(0.,0.,1.));
#5672 = DEFINITIONAL_REPRESENTATION('',(#5673),#5677);
#5673 = LINE('',#5674,#5675);
#5674 = CARTESIAN_POINT('',(14.125,0.5375));
#5675 = VECTOR('',#5676,1.);
#5676 = DIRECTION('',(0.,-1.));
#5677 = ( GEOMETRIC_REPRESENTATION_CONTEXT(2) 
PARAMETRIC_REPRESENTATION_CONTEXT() REPRESENTATION_CONTEXT('2D SPACE',''
  ) );
#5678 = ADVANCED_FACE('',(#5679,#5682),#803,.T.);
#5679 = FACE_BOUND('',#5680,.T.);
#5680 = EDGE_LOOP('',(#5681));
#5681 = ORIENTED_EDGE('',*,*,#786,.F.);
#5682 = FACE_BOUND('',#5683,.T.);
#5683 = EDGE_LOOP('',(#5684,#5714,#5742,#5770,#5791,#5792,#5815));
#5684 = ORIENTED_EDGE('',*,*,#5685,.T.);
#5685 = EDGE_CURVE('',#5686,#5688,#5690,.T.);
#5686 = VERTEX_POINT('',#5687);
#5687 = CARTESIAN_POINT('',(247.05,-244.0693920339,1.875));
#5688 = VERTEX_POINT('',#5689);
#5689 = CARTESIAN_POINT('',(247.05,-243.5,1.546261355944));
#5690 = SURFACE_CURVE('',#5691,(#5695,#5702),.PCURVE_S1.);
#5691 = LINE('',#5692,#5693);
#5692 = CARTESIAN_POINT('',(247.05,-245.625,2.773130677972));
#5693 = VECTOR('',#5694,1.);
#5694 = DIRECTION('',(5.551115123126E-17,0.866025403784,-0.5));
#5695 = PCURVE('',#803,#5696);
#5696 = DEFINITIONAL_REPRESENTATION('',(#5697),#5701);
#5697 = LINE('',#5698,#5699);
#5698 = CARTESIAN_POINT('',(1.226869322028,-2.125));
#5699 = VECTOR('',#5700,1.);
#5700 = DIRECTION('',(0.5,0.866025403784));
#5701 = ( GEOMETRIC_REPRESENTATION_CONTEXT(2) 
PARAMETRIC_REPRESENTATION_CONTEXT() REPRESENTATION_CONTEXT('2D SPACE',''
  ) );
#5702 = PCURVE('',#5703,#5708);
#5703 = PLANE('',#5704);
#5704 = AXIS2_PLACEMENT_3D('',#5705,#5706,#5707);
#5705 = CARTESIAN_POINT('',(247.05,-245.625,2.773130677972));
#5706 = DIRECTION('',(-9.614813431918E-17,0.5,0.866025403784));
#5707 = DIRECTION('',(5.551115123126E-17,0.866025403784,-0.5));
#5708 = DEFINITIONAL_REPRESENTATION('',(#5709),#5713);
#5709 = LINE('',#5710,#5711);
#5710 = CARTESIAN_POINT('',(0.,0.));
#5711 = VECTOR('',#5712,1.);
#5712 = DIRECTION('',(1.,0.));
#5713 = ( GEOMETRIC_REPRESENTATION_CONTEXT(2) 
PARAMETRIC_REPRESENTATION_CONTEXT() REPRESENTATION_CONTEXT('2D SPACE',''
  ) );
#5714 = ORIENTED_EDGE('',*,*,#5715,.T.);
#5715 = EDGE_CURVE('',#5688,#5716,#5718,.T.);
#5716 = VERTEX_POINT('',#5717);
#5717 = CARTESIAN_POINT('',(247.05,-242.930607966,1.875));
#5718 = SURFACE_CURVE('',#5719,(#5723,#5730),.PCURVE_S1.);
#5719 = LINE('',#5720,#5721);
#5720 = CARTESIAN_POINT('',(247.05,-243.5,1.546261355944));
#5721 = VECTOR('',#5722,1.);
#5722 = DIRECTION('',(-5.551115123126E-17,0.866025403784,0.5));
#5723 = PCURVE('',#803,#5724);
#5724 = DEFINITIONAL_REPRESENTATION('',(#5725),#5729);
#5725 = LINE('',#5726,#5727);
#5726 = CARTESIAN_POINT('',(2.453738644056,0.));
#5727 = VECTOR('',#5728,1.);
#5728 = DIRECTION('',(-0.5,0.866025403784));
#5729 = ( GEOMETRIC_REPRESENTATION_CONTEXT(2) 
PARAMETRIC_REPRESENTATION_CONTEXT() REPRESENTATION_CONTEXT('2D SPACE',''
  ) );
#5730 = PCURVE('',#5731,#5736);
#5731 = PLANE('',#5732);
#5732 = AXIS2_PLACEMENT_3D('',#5733,#5734,#5735);
#5733 = CARTESIAN_POINT('',(247.05,-243.5,1.546261355944));
#5734 = DIRECTION('',(-9.614813431918E-17,-0.5,0.866025403784));
#5735 = DIRECTION('',(-5.551115123126E-17,0.866025403784,0.5));
#5736 = DEFINITIONAL_REPRESENTATION('',(#5737),#5741);
#5737 = LINE('',#5738,#5739);
#5738 = CARTESIAN_POINT('',(0.,0.));
#5739 = VECTOR('',#5740,1.);
#5740 = DIRECTION('',(1.,0.));
#5741 = ( GEOMETRIC_REPRESENTATION_CONTEXT(2) 
PARAMETRIC_REPRESENTATION_CONTEXT() REPRESENTATION_CONTEXT('2D SPACE',''
  ) );
#5742 = ORIENTED_EDGE('',*,*,#5743,.T.);
#5743 = EDGE_CURVE('',#5716,#5744,#5746,.T.);
#5744 = VERTEX_POINT('',#5745);
#5745 = CARTESIAN_POINT('',(247.05,-241.025,1.875));
#5746 = SURFACE_CURVE('',#5747,(#5751,#5758),.PCURVE_S1.);
#5747 = LINE('',#5748,#5749);
#5748 = CARTESIAN_POINT('',(247.05,-245.975,1.875));
#5749 = VECTOR('',#5750,1.);
#5750 = DIRECTION('',(-0.,1.,0.));
#5751 = PCURVE('',#803,#5752);
#5752 = DEFINITIONAL_REPRESENTATION('',(#5753),#5757);
#5753 = LINE('',#5754,#5755);
#5754 = CARTESIAN_POINT('',(2.125,-2.475));
#5755 = VECTOR('',#5756,1.);
#5756 = DIRECTION('',(0.,1.));
#5757 = ( GEOMETRIC_REPRESENTATION_CONTEXT(2) 
PARAMETRIC_REPRESENTATION_CONTEXT() REPRESENTATION_CONTEXT('2D SPACE',''
  ) );
#5758 = PCURVE('',#5759,#5764);
#5759 = PLANE('',#5760);
#5760 = AXIS2_PLACEMENT_3D('',#5761,#5762,#5763);
#5761 = CARTESIAN_POINT('',(247.05,-245.975,1.875));
#5762 = DIRECTION('',(0.,0.,1.));
#5763 = DIRECTION('',(1.,0.,-0.));
#5764 = DEFINITIONAL_REPRESENTATION('',(#5765),#5769);
#5765 = LINE('',#5766,#5767);
#5766 = CARTESIAN_POINT('',(0.,0.));
#5767 = VECTOR('',#5768,1.);
#5768 = DIRECTION('',(0.,1.));
#5769 = ( GEOMETRIC_REPRESENTATION_CONTEXT(2) 
PARAMETRIC_REPRESENTATION_CONTEXT() REPRESENTATION_CONTEXT('2D SPACE',''
  ) );
#5770 = ORIENTED_EDGE('',*,*,#5771,.T.);
#5771 = EDGE_CURVE('',#5744,#5607,#5772,.T.);
#5772 = SURFACE_CURVE('',#5773,(#5777,#5784),.PCURVE_S1.);
#5773 = LINE('',#5774,#5775);
#5774 = CARTESIAN_POINT('',(247.05,-241.025,1.875));
#5775 = VECTOR('',#5776,1.);
#5776 = DIRECTION('',(0.,0.,1.));
#5777 = PCURVE('',#803,#5778);
#5778 = DEFINITIONAL_REPRESENTATION('',(#5779),#5783);
#5779 = LINE('',#5780,#5781);
#5780 = CARTESIAN_POINT('',(2.125,2.475));
#5781 = VECTOR('',#5782,1.);
#5782 = DIRECTION('',(-1.,0.));
#5783 = ( GEOMETRIC_REPRESENTATION_CONTEXT(2) 
PARAMETRIC_REPRESENTATION_CONTEXT() REPRESENTATION_CONTEXT('2D SPACE',''
  ) );
#5784 = PCURVE('',#5643,#5785);
#5785 = DEFINITIONAL_REPRESENTATION('',(#5786),#5790);
#5786 = LINE('',#5787,#5788);
#5787 = CARTESIAN_POINT('',(0.,0.));
#5788 = VECTOR('',#5789,1.);
#5789 = DIRECTION('',(1.,0.));
#5790 = ( GEOMETRIC_REPRESENTATION_CONTEXT(2) 
PARAMETRIC_REPRESENTATION_CONTEXT() REPRESENTATION_CONTEXT('2D SPACE',''
  ) );
#5791 = ORIENTED_EDGE('',*,*,#5606,.F.);
#5792 = ORIENTED_EDGE('',*,*,#5793,.F.);
#5793 = EDGE_CURVE('',#5794,#5581,#5796,.T.);
#5794 = VERTEX_POINT('',#5795);
#5795 = CARTESIAN_POINT('',(247.05,-245.975,1.875));
#5796 = SURFACE_CURVE('',#5797,(#5801,#5808),.PCURVE_S1.);
#5797 = LINE('',#5798,#5799);
#5798 = CARTESIAN_POINT('',(247.05,-245.975,1.875));
#5799 = VECTOR('',#5800,1.);
#5800 = DIRECTION('',(0.,0.,1.));
#5801 = PCURVE('',#803,#5802);
#5802 = DEFINITIONAL_REPRESENTATION('',(#5803),#5807);
#5803 = LINE('',#5804,#5805);
#5804 = CARTESIAN_POINT('',(2.125,-2.475));
#5805 = VECTOR('',#5806,1.);
#5806 = DIRECTION('',(-1.,0.));
#5807 = ( GEOMETRIC_REPRESENTATION_CONTEXT(2) 
PARAMETRIC_REPRESENTATION_CONTEXT() REPRESENTATION_CONTEXT('2D SPACE',''
  ) );
#5808 = PCURVE('',#5595,#5809);
#5809 = DEFINITIONAL_REPRESENTATION('',(#5810),#5814);
#5810 = LINE('',#5811,#5812);
#5811 = CARTESIAN_POINT('',(0.,0.));
#5812 = VECTOR('',#5813,1.);
#5813 = DIRECTION('',(1.,0.));
#5814 = ( GEOMETRIC_REPRESENTATION_CONTEXT(2) 
PARAMETRIC_REPRESENTATION_CONTEXT() REPRESENTATION_CONTEXT('2D SPACE',''
  ) );
#5815 = ORIENTED_EDGE('',*,*,#5816,.T.);
#5816 = EDGE_CURVE('',#5794,#5686,#5817,.T.);
#5817 = SURFACE_CURVE('',#5818,(#5822,#5829),.PCURVE_S1.);
#5818 = LINE('',#5819,#5820);
#5819 = CARTESIAN_POINT('',(247.05,-245.975,1.875));
#5820 = VECTOR('',#5821,1.);
#5821 = DIRECTION('',(-0.,1.,0.));
#5822 = PCURVE('',#803,#5823);
#5823 = DEFINITIONAL_REPRESENTATION('',(#5824),#5828);
#5824 = LINE('',#5825,#5826);
#5825 = CARTESIAN_POINT('',(2.125,-2.475));
#5826 = VECTOR('',#5827,1.);
#5827 = DIRECTION('',(0.,1.));
#5828 = ( GEOMETRIC_REPRESENTATION_CONTEXT(2) 
PARAMETRIC_REPRESENTATION_CONTEXT() REPRESENTATION_CONTEXT('2D SPACE',''
  ) );
#5829 = PCURVE('',#5830,#5835);
#5830 = PLANE('',#5831);
#5831 = AXIS2_PLACEMENT_3D('',#5832,#5833,#5834);
#5832 = CARTESIAN_POINT('',(247.05,-245.975,1.875));
#5833 = DIRECTION('',(0.,0.,1.));
#5834 = DIRECTION('',(1.,0.,-0.));
#5835 = DEFINITIONAL_REPRESENTATION('',(#5836),#5840);
#5836 = LINE('',#5837,#5838);
#5837 = CARTESIAN_POINT('',(0.,0.));
#5838 = VECTOR('',#5839,1.);
#5839 = DIRECTION('',(0.,1.));
#5840 = ( GEOMETRIC_REPRESENTATION_CONTEXT(2) 
PARAMETRIC_REPRESENTATION_CONTEXT() REPRESENTATION_CONTEXT('2D SPACE',''
  ) );
#5841 = ADVANCED_FACE('',(#5842),#858,.F.);
#5842 = FACE_BOUND('',#5843,.T.);
#5843 = EDGE_LOOP('',(#5844,#5845,#5846,#5867));
#5844 = ORIENTED_EDGE('',*,*,#973,.F.);
#5845 = ORIENTED_EDGE('',*,*,#5301,.T.);
#5846 = ORIENTED_EDGE('',*,*,#5847,.T.);
#5847 = EDGE_CURVE('',#5302,#843,#5848,.T.);
#5848 = SURFACE_CURVE('',#5849,(#5853,#5860),.PCURVE_S1.);
#5849 = LINE('',#5850,#5851);
#5850 = CARTESIAN_POINT('',(214.03333333333,-45.96666666666,
    -53.56666666666));
#5851 = VECTOR('',#5852,1.);
#5852 = DIRECTION('',(0.57735026919,0.57735026919,0.57735026919));
#5853 = PCURVE('',#858,#5854);
#5854 = DEFINITIONAL_REPRESENTATION('',(#5855),#5859);
#5855 = LINE('',#5856,#5857);
#5856 = CARTESIAN_POINT('',(-194.0333333333,-64.7238407046));
#5857 = VECTOR('',#5858,1.);
#5858 = DIRECTION('',(-0.57735026919,0.816496580928));
#5859 = ( GEOMETRIC_REPRESENTATION_CONTEXT(2) 
PARAMETRIC_REPRESENTATION_CONTEXT() REPRESENTATION_CONTEXT('2D SPACE',''
  ) );
#5860 = PCURVE('',#5340,#5861);
#5861 = DEFINITIONAL_REPRESENTATION('',(#5862),#5866);
#5862 = LINE('',#5863,#5864);
#5863 = CARTESIAN_POINT('',(-10.96666666666,-64.72384070461));
#5864 = VECTOR('',#5865,1.);
#5865 = DIRECTION('',(0.57735026919,0.816496580928));
#5866 = ( GEOMETRIC_REPRESENTATION_CONTEXT(2) 
PARAMETRIC_REPRESENTATION_CONTEXT() REPRESENTATION_CONTEXT('2D SPACE',''
  ) );
#5867 = ORIENTED_EDGE('',*,*,#842,.F.);
#5868 = ADVANCED_FACE('',(#5869),#886,.T.);
#5869 = FACE_BOUND('',#5870,.T.);
#5870 = EDGE_LOOP('',(#5871,#5872,#5893,#5894,#5895,#5896,#5897,#5898));
#5871 = ORIENTED_EDGE('',*,*,#870,.F.);
#5872 = ORIENTED_EDGE('',*,*,#5873,.F.);
#5873 = EDGE_CURVE('',#5127,#843,#5874,.T.);
#5874 = SURFACE_CURVE('',#5875,(#5879,#5886),.PCURVE_S1.);
#5875 = LINE('',#5876,#5877);
#5876 = CARTESIAN_POINT('',(225.,0.,-7.6));
#5877 = VECTOR('',#5878,1.);
#5878 = DIRECTION('',(1.,0.,0.));
#5879 = PCURVE('',#886,#5880);
#5880 = DEFINITIONAL_REPRESENTATION('',(#5881),#5885);
#5881 = LINE('',#5882,#5883);
#5882 = CARTESIAN_POINT('',(0.4,-15.));
#5883 = VECTOR('',#5884,1.);
#5884 = DIRECTION('',(0.,1.));
#5885 = ( GEOMETRIC_REPRESENTATION_CONTEXT(2) 
PARAMETRIC_REPRESENTATION_CONTEXT() REPRESENTATION_CONTEXT('2D SPACE',''
  ) );
#5886 = PCURVE('',#5340,#5887);
#5887 = DEFINITIONAL_REPRESENTATION('',(#5888),#5892);
#5888 = LINE('',#5889,#5890);
#5889 = CARTESIAN_POINT('',(0.,0.282842712475));
#5890 = VECTOR('',#5891,1.);
#5891 = DIRECTION('',(1.,0.));
#5892 = ( GEOMETRIC_REPRESENTATION_CONTEXT(2) 
PARAMETRIC_REPRESENTATION_CONTEXT() REPRESENTATION_CONTEXT('2D SPACE',''
  ) );
#5893 = ORIENTED_EDGE('',*,*,#5154,.T.);
#5894 = ORIENTED_EDGE('',*,*,#4941,.T.);
#5895 = ORIENTED_EDGE('',*,*,#4916,.T.);
#5896 = ORIENTED_EDGE('',*,*,#4720,.T.);
#5897 = ORIENTED_EDGE('',*,*,#1130,.T.);
#5898 = ORIENTED_EDGE('',*,*,#1022,.F.);
#5899 = ADVANCED_FACE('',(#5900),#938,.F.);
#5900 = FACE_BOUND('',#5901,.F.);
#5901 = EDGE_LOOP('',(#5902,#5903,#5904,#5905));
#5902 = ORIENTED_EDGE('',*,*,#5230,.F.);
#5903 = ORIENTED_EDGE('',*,*,#1075,.T.);
#5904 = ORIENTED_EDGE('',*,*,#922,.T.);
#5905 = ORIENTED_EDGE('',*,*,#5279,.F.);
#5906 = ADVANCED_FACE('',(#5907),#1115,.F.);
#5907 = FACE_BOUND('',#5908,.F.);
#5908 = EDGE_LOOP('',(#5909,#5932,#5933,#5934));
#5909 = ORIENTED_EDGE('',*,*,#5910,.T.);
#5910 = EDGE_CURVE('',#5911,#1099,#5913,.T.);
#5911 = VERTEX_POINT('',#5912);
#5912 = CARTESIAN_POINT('',(248.95,-243.5,2.8));
#5913 = SEAM_CURVE('',#5914,(#5918,#5925),.PCURVE_S1.);
#5914 = LINE('',#5915,#5916);
#5915 = CARTESIAN_POINT('',(245.3,-243.5,2.8));
#5916 = VECTOR('',#5917,1.);
#5917 = DIRECTION('',(1.,0.,1.110223024625E-16));
#5918 = PCURVE('',#1115,#5919);
#5919 = DEFINITIONAL_REPRESENTATION('',(#5920),#5924);
#5920 = LINE('',#5921,#5922);
#5921 = CARTESIAN_POINT('',(6.28318530718,-0.));
#5922 = VECTOR('',#5923,1.);
#5923 = DIRECTION('',(0.,1.));
#5924 = ( GEOMETRIC_REPRESENTATION_CONTEXT(2) 
PARAMETRIC_REPRESENTATION_CONTEXT() REPRESENTATION_CONTEXT('2D SPACE',''
  ) );
#5925 = PCURVE('',#1115,#5926);
#5926 = DEFINITIONAL_REPRESENTATION('',(#5927),#5931);
#5927 = LINE('',#5928,#5929);
#5928 = CARTESIAN_POINT('',(0.,-0.));
#5929 = VECTOR('',#5930,1.);
#5930 = DIRECTION('',(0.,1.));
#5931 = ( GEOMETRIC_REPRESENTATION_CONTEXT(2) 
PARAMETRIC_REPRESENTATION_CONTEXT() REPRESENTATION_CONTEXT('2D SPACE',''
  ) );
#5932 = ORIENTED_EDGE('',*,*,#1098,.F.);
#5933 = ORIENTED_EDGE('',*,*,#5910,.F.);
#5934 = ORIENTED_EDGE('',*,*,#5935,.T.);
#5935 = EDGE_CURVE('',#5911,#5911,#5936,.T.);
#5936 = SURFACE_CURVE('',#5937,(#5942,#5949),.PCURVE_S1.);
#5937 = CIRCLE('',#5938,1.2);
#5938 = AXIS2_PLACEMENT_3D('',#5939,#5940,#5941);
#5939 = CARTESIAN_POINT('',(248.95,-243.5,4.));
#5940 = DIRECTION('',(1.,0.,1.110223024625E-16));
#5941 = DIRECTION('',(1.110223024625E-16,0.,-1.));
#5942 = PCURVE('',#1115,#5943);
#5943 = DEFINITIONAL_REPRESENTATION('',(#5944),#5948);
#5944 = LINE('',#5945,#5946);
#5945 = CARTESIAN_POINT('',(0.,3.65));
#5946 = VECTOR('',#5947,1.);
#5947 = DIRECTION('',(1.,0.));
#5948 = ( GEOMETRIC_REPRESENTATION_CONTEXT(2) 
PARAMETRIC_REPRESENTATION_CONTEXT() REPRESENTATION_CONTEXT('2D SPACE',''
  ) );
#5949 = PCURVE('',#5667,#5950);
#5950 = DEFINITIONAL_REPRESENTATION('',(#5951),#5955);
#5951 = CIRCLE('',#5952,1.2);
#5952 = AXIS2_PLACEMENT_2D('',#5953,#5954);
#5953 = CARTESIAN_POINT('',(2.125,-2.475));
#5954 = DIRECTION('',(-1.,0.));
#5955 = ( GEOMETRIC_REPRESENTATION_CONTEXT(2) 
PARAMETRIC_REPRESENTATION_CONTEXT() REPRESENTATION_CONTEXT('2D SPACE',''
  ) );
#5956 = ADVANCED_FACE('',(#5957),#1195,.F.);
#5957 = FACE_BOUND('',#5958,.F.);
#5958 = EDGE_LOOP('',(#5959,#5989,#6010,#6011));
#5959 = ORIENTED_EDGE('',*,*,#5960,.F.);
#5960 = EDGE_CURVE('',#5961,#5963,#5965,.T.);
#5961 = VERTEX_POINT('',#5962);
#5962 = CARTESIAN_POINT('',(252.19939453125,-212.7178417968,18.2));
#5963 = VERTEX_POINT('',#5964);
#5964 = CARTESIAN_POINT('',(252.19939453125,-210.8916699218,18.2));
#5965 = SURFACE_CURVE('',#5966,(#5970,#5977),.PCURVE_S1.);
#5966 = LINE('',#5967,#5968);
#5967 = CARTESIAN_POINT('',(252.19939453125,-212.7178417968,18.2));
#5968 = VECTOR('',#5969,1.);
#5969 = DIRECTION('',(0.,1.,0.));
#5970 = PCURVE('',#1195,#5971);
#5971 = DEFINITIONAL_REPRESENTATION('',(#5972),#5976);
#5972 = LINE('',#5973,#5974);
#5973 = CARTESIAN_POINT('',(4.440892098501E-16,0.));
#5974 = VECTOR('',#5975,1.);
#5975 = DIRECTION('',(1.,0.));
#5976 = ( GEOMETRIC_REPRESENTATION_CONTEXT(2) 
PARAMETRIC_REPRESENTATION_CONTEXT() REPRESENTATION_CONTEXT('2D SPACE',''
  ) );
#5977 = PCURVE('',#5978,#5983);
#5978 = PLANE('',#5979);
#5979 = AXIS2_PLACEMENT_3D('',#5980,#5981,#5982);
#5980 = CARTESIAN_POINT('',(253.80810546875,-213.8269042968,18.2));
#5981 = DIRECTION('',(0.,0.,1.));
#5982 = DIRECTION('',(2.22044604925E-16,1.,0.));
#5983 = DEFINITIONAL_REPRESENTATION('',(#5984),#5988);
#5984 = LINE('',#5985,#5986);
#5985 = CARTESIAN_POINT('',(1.1090625,1.6087109375));
#5986 = VECTOR('',#5987,1.);
#5987 = DIRECTION('',(1.,2.22044604925E-16));
#5988 = ( GEOMETRIC_REPRESENTATION_CONTEXT(2) 
PARAMETRIC_REPRESENTATION_CONTEXT() REPRESENTATION_CONTEXT('2D SPACE',''
  ) );
#5989 = ORIENTED_EDGE('',*,*,#5990,.T.);
#5990 = EDGE_CURVE('',#5961,#1181,#5991,.T.);
#5991 = SURFACE_CURVE('',#5992,(#5996,#6003),.PCURVE_S1.);
#5992 = LINE('',#5993,#5994);
#5993 = CARTESIAN_POINT('',(252.19939453125,-212.7178417968,18.2));
#5994 = VECTOR('',#5995,1.);
#5995 = DIRECTION('',(0.,-0.,1.));
#5996 = PCURVE('',#1195,#5997);
#5997 = DEFINITIONAL_REPRESENTATION('',(#5998),#6002);
#5998 = LINE('',#5999,#6000);
#5999 = CARTESIAN_POINT('',(0.,0.));
#6000 = VECTOR('',#6001,1.);
#6001 = DIRECTION('',(0.,-1.));
#6002 = ( GEOMETRIC_REPRESENTATION_CONTEXT(2) 
PARAMETRIC_REPRESENTATION_CONTEXT() REPRESENTATION_CONTEXT('2D SPACE',''
  ) );
#6003 = PCURVE('',#1505,#6004);
#6004 = DEFINITIONAL_REPRESENTATION('',(#6005),#6009);
#6005 = LINE('',#6006,#6007);
#6006 = CARTESIAN_POINT('',(1.7887109375,0.));
#6007 = VECTOR('',#6008,1.);
#6008 = DIRECTION('',(0.,-1.));
#6009 = ( GEOMETRIC_REPRESENTATION_CONTEXT(2) 
PARAMETRIC_REPRESENTATION_CONTEXT() REPRESENTATION_CONTEXT('2D SPACE',''
  ) );
#6010 = ORIENTED_EDGE('',*,*,#1178,.F.);
#6011 = ORIENTED_EDGE('',*,*,#6012,.F.);
#6012 = EDGE_CURVE('',#5963,#1179,#6013,.T.);
#6013 = SURFACE_CURVE('',#6014,(#6018,#6025),.PCURVE_S1.);
#6014 = LINE('',#6015,#6016);
#6015 = CARTESIAN_POINT('',(252.19939453125,-210.8916699218,18.2));
#6016 = VECTOR('',#6017,1.);
#6017 = DIRECTION('',(0.,-0.,1.));
#6018 = PCURVE('',#1195,#6019);
#6019 = DEFINITIONAL_REPRESENTATION('',(#6020),#6024);
#6020 = LINE('',#6021,#6022);
#6021 = CARTESIAN_POINT('',(1.826171875,0.));
#6022 = VECTOR('',#6023,1.);
#6023 = DIRECTION('',(0.,-1.));
#6024 = ( GEOMETRIC_REPRESENTATION_CONTEXT(2) 
PARAMETRIC_REPRESENTATION_CONTEXT() REPRESENTATION_CONTEXT('2D SPACE',''
  ) );
#6025 = PCURVE('',#1221,#6026);
#6026 = DEFINITIONAL_REPRESENTATION('',(#6027),#6031);
#6027 = LINE('',#6028,#6029);
#6028 = CARTESIAN_POINT('',(0.36,0.));
#6029 = VECTOR('',#6030,1.);
#6030 = DIRECTION('',(0.,-1.));
#6031 = ( GEOMETRIC_REPRESENTATION_CONTEXT(2) 
PARAMETRIC_REPRESENTATION_CONTEXT() REPRESENTATION_CONTEXT('2D SPACE',''
  ) );
#6032 = ADVANCED_FACE('',(#6033),#1221,.F.);
#6033 = FACE_BOUND('',#6034,.F.);
#6034 = EDGE_LOOP('',(#6035,#6058,#6059,#6060));
#6035 = ORIENTED_EDGE('',*,*,#6036,.F.);
#6036 = EDGE_CURVE('',#5963,#6037,#6039,.T.);
#6037 = VERTEX_POINT('',#6038);
#6038 = CARTESIAN_POINT('',(247.45055840347,-210.8916699218,18.2));
#6039 = SURFACE_CURVE('',#6040,(#6044,#6051),.PCURVE_S1.);
#6040 = LINE('',#6041,#6042);
#6041 = CARTESIAN_POINT('',(252.55939453125,-210.8916699218,18.2));
#6042 = VECTOR('',#6043,1.);
#6043 = DIRECTION('',(-1.,2.22044604925E-16,0.));
#6044 = PCURVE('',#1221,#6045);
#6045 = DEFINITIONAL_REPRESENTATION('',(#6046),#6050);
#6046 = LINE('',#6047,#6048);
#6047 = CARTESIAN_POINT('',(0.,0.));
#6048 = VECTOR('',#6049,1.);
#6049 = DIRECTION('',(1.,0.));
#6050 = ( GEOMETRIC_REPRESENTATION_CONTEXT(2) 
PARAMETRIC_REPRESENTATION_CONTEXT() REPRESENTATION_CONTEXT('2D SPACE',''
  ) );
#6051 = PCURVE('',#5978,#6052);
#6052 = DEFINITIONAL_REPRESENTATION('',(#6053),#6057);
#6053 = LINE('',#6054,#6055);
#6054 = CARTESIAN_POINT('',(2.935234375,1.2487109375));
#6055 = VECTOR('',#6056,1.);
#6056 = DIRECTION('',(0.,1.));
#6057 = ( GEOMETRIC_REPRESENTATION_CONTEXT(2) 
PARAMETRIC_REPRESENTATION_CONTEXT() REPRESENTATION_CONTEXT('2D SPACE',''
  ) );
#6058 = ORIENTED_EDGE('',*,*,#6012,.T.);
#6059 = ORIENTED_EDGE('',*,*,#1206,.F.);
#6060 = ORIENTED_EDGE('',*,*,#6061,.T.);
#6061 = EDGE_CURVE('',#1207,#6037,#6062,.T.);
#6062 = SURFACE_CURVE('',#6063,(#6067,#6074),.PCURVE_S1.);
#6063 = LINE('',#6064,#6065);
#6064 = CARTESIAN_POINT('',(247.45055840347,-210.8916699218,18.2));
#6065 = VECTOR('',#6066,1.);
#6066 = DIRECTION('',(0.,-0.,-1.));
#6067 = PCURVE('',#1221,#6068);
#6068 = DEFINITIONAL_REPRESENTATION('',(#6069),#6073);
#6069 = LINE('',#6070,#6071);
#6070 = CARTESIAN_POINT('',(5.108836127776,0.));
#6071 = VECTOR('',#6072,1.);
#6072 = DIRECTION('',(0.,1.));
#6073 = ( GEOMETRIC_REPRESENTATION_CONTEXT(2) 
PARAMETRIC_REPRESENTATION_CONTEXT() REPRESENTATION_CONTEXT('2D SPACE',''
  ) );
#6074 = PCURVE('',#1247,#6075);
#6075 = DEFINITIONAL_REPRESENTATION('',(#6076),#6079);
#6076 = B_SPLINE_CURVE_WITH_KNOTS('',1,(#6077,#6078),.UNSPECIFIED.,.F.,
  .F.,(2,2),(-1.6,0.),.PIECEWISE_BEZIER_KNOTS.);
#6077 = CARTESIAN_POINT('',(0.367581195124,-1.6));
#6078 = CARTESIAN_POINT('',(0.367581195124,0.));
#6079 = ( GEOMETRIC_REPRESENTATION_CONTEXT(2) 
PARAMETRIC_REPRESENTATION_CONTEXT() REPRESENTATION_CONTEXT('2D SPACE',''
  ) );
#6080 = ADVANCED_FACE('',(#6081),#1505,.F.);
#6081 = FACE_BOUND('',#6082,.F.);
#6082 = EDGE_LOOP('',(#6083,#6106,#6127,#6128));
#6083 = ORIENTED_EDGE('',*,*,#6084,.F.);
#6084 = EDGE_CURVE('',#6085,#5961,#6087,.T.);
#6085 = VERTEX_POINT('',#6086);
#6086 = CARTESIAN_POINT('',(253.98810546875,-212.7178417968,18.2));
#6087 = SURFACE_CURVE('',#6088,(#6092,#6099),.PCURVE_S1.);
#6088 = LINE('',#6089,#6090);
#6089 = CARTESIAN_POINT('',(253.98810546875,-212.7178417968,18.2));
#6090 = VECTOR('',#6091,1.);
#6091 = DIRECTION('',(-1.,0.,0.));
#6092 = PCURVE('',#1505,#6093);
#6093 = DEFINITIONAL_REPRESENTATION('',(#6094),#6098);
#6094 = LINE('',#6095,#6096);
#6095 = CARTESIAN_POINT('',(0.,0.));
#6096 = VECTOR('',#6097,1.);
#6097 = DIRECTION('',(1.,0.));
#6098 = ( GEOMETRIC_REPRESENTATION_CONTEXT(2) 
PARAMETRIC_REPRESENTATION_CONTEXT() REPRESENTATION_CONTEXT('2D SPACE',''
  ) );
#6099 = PCURVE('',#5978,#6100);
#6100 = DEFINITIONAL_REPRESENTATION('',(#6101),#6105);
#6101 = LINE('',#6102,#6103);
#6102 = CARTESIAN_POINT('',(1.1090625,-0.18));
#6103 = VECTOR('',#6104,1.);
#6104 = DIRECTION('',(-2.22044604925E-16,1.));
#6105 = ( GEOMETRIC_REPRESENTATION_CONTEXT(2) 
PARAMETRIC_REPRESENTATION_CONTEXT() REPRESENTATION_CONTEXT('2D SPACE',''
  ) );
#6106 = ORIENTED_EDGE('',*,*,#6107,.T.);
#6107 = EDGE_CURVE('',#6085,#1467,#6108,.T.);
#6108 = SURFACE_CURVE('',#6109,(#6113,#6120),.PCURVE_S1.);
#6109 = LINE('',#6110,#6111);
#6110 = CARTESIAN_POINT('',(253.98810546875,-212.7178417968,18.2));
#6111 = VECTOR('',#6112,1.);
#6112 = DIRECTION('',(0.,-0.,1.));
#6113 = PCURVE('',#1505,#6114);
#6114 = DEFINITIONAL_REPRESENTATION('',(#6115),#6119);
#6115 = LINE('',#6116,#6117);
#6116 = CARTESIAN_POINT('',(0.,0.));
#6117 = VECTOR('',#6118,1.);
#6118 = DIRECTION('',(0.,-1.));
#6119 = ( GEOMETRIC_REPRESENTATION_CONTEXT(2) 
PARAMETRIC_REPRESENTATION_CONTEXT() REPRESENTATION_CONTEXT('2D SPACE',''
  ) );
#6120 = PCURVE('',#1481,#6121);
#6121 = DEFINITIONAL_REPRESENTATION('',(#6122),#6126);
#6122 = LINE('',#6123,#6124);
#6123 = CARTESIAN_POINT('',(5.607421875,0.));
#6124 = VECTOR('',#6125,1.);
#6125 = DIRECTION('',(0.,-1.));
#6126 = ( GEOMETRIC_REPRESENTATION_CONTEXT(2) 
PARAMETRIC_REPRESENTATION_CONTEXT() REPRESENTATION_CONTEXT('2D SPACE',''
  ) );
#6127 = ORIENTED_EDGE('',*,*,#1492,.F.);
#6128 = ORIENTED_EDGE('',*,*,#5990,.F.);
#6129 = ADVANCED_FACE('',(#6130),#1247,.F.);
#6130 = FACE_BOUND('',#6131,.F.);
#6131 = EDGE_LOOP('',(#6132,#6155,#6156,#6157));
#6132 = ORIENTED_EDGE('',*,*,#6133,.F.);
#6133 = EDGE_CURVE('',#6037,#6134,#6136,.T.);
#6134 = VERTEX_POINT('',#6135);
#6135 = CARTESIAN_POINT('',(247.7630078125,-212.4061816406,18.2));
#6136 = SURFACE_CURVE('',#6137,(#6141,#6148),.PCURVE_S1.);
#6137 = LINE('',#6138,#6139);
#6138 = CARTESIAN_POINT('',(247.3762890625,-210.5316699218,18.2));
#6139 = VECTOR('',#6140,1.);
#6140 = DIRECTION('',(0.202048804344,-0.979375454391,0.));
#6141 = PCURVE('',#1247,#6142);
#6142 = DEFINITIONAL_REPRESENTATION('',(#6143),#6147);
#6143 = LINE('',#6144,#6145);
#6144 = CARTESIAN_POINT('',(0.,0.));
#6145 = VECTOR('',#6146,1.);
#6146 = DIRECTION('',(1.,0.));
#6147 = ( GEOMETRIC_REPRESENTATION_CONTEXT(2) 
PARAMETRIC_REPRESENTATION_CONTEXT() REPRESENTATION_CONTEXT('2D SPACE',''
  ) );
#6148 = PCURVE('',#5978,#6149);
#6149 = DEFINITIONAL_REPRESENTATION('',(#6150),#6154);
#6150 = LINE('',#6151,#6152);
#6151 = CARTESIAN_POINT('',(3.295234375,6.43181640625));
#6152 = VECTOR('',#6153,1.);
#6153 = DIRECTION('',(-0.979375454391,-0.202048804344));
#6154 = ( GEOMETRIC_REPRESENTATION_CONTEXT(2) 
PARAMETRIC_REPRESENTATION_CONTEXT() REPRESENTATION_CONTEXT('2D SPACE',''
  ) );
#6155 = ORIENTED_EDGE('',*,*,#6061,.F.);
#6156 = ORIENTED_EDGE('',*,*,#1232,.F.);
#6157 = ORIENTED_EDGE('',*,*,#6158,.F.);
#6158 = EDGE_CURVE('',#6134,#1233,#6159,.T.);
#6159 = SURFACE_CURVE('',#6160,(#6164,#6171),.PCURVE_S1.);
#6160 = LINE('',#6161,#6162);
#6161 = CARTESIAN_POINT('',(247.7630078125,-212.4061816406,18.2));
#6162 = VECTOR('',#6163,1.);
#6163 = DIRECTION('',(0.,-0.,1.));
#6164 = PCURVE('',#1247,#6165);
#6165 = DEFINITIONAL_REPRESENTATION('',(#6166),#6170);
#6166 = LINE('',#6167,#6168);
#6167 = CARTESIAN_POINT('',(1.913986827367,0.));
#6168 = VECTOR('',#6169,1.);
#6169 = DIRECTION('',(0.,-1.));
#6170 = ( GEOMETRIC_REPRESENTATION_CONTEXT(2) 
PARAMETRIC_REPRESENTATION_CONTEXT() REPRESENTATION_CONTEXT('2D SPACE',''
  ) );
#6171 = PCURVE('',#1273,#6172);
#6172 = DEFINITIONAL_REPRESENTATION('',(#6173),#6177);
#6173 = LINE('',#6174,#6175);
#6174 = CARTESIAN_POINT('',(0.,0.));
#6175 = VECTOR('',#6176,1.);
#6176 = DIRECTION('',(0.,-1.));
#6177 = ( GEOMETRIC_REPRESENTATION_CONTEXT(2) 
PARAMETRIC_REPRESENTATION_CONTEXT() REPRESENTATION_CONTEXT('2D SPACE',''
  ) );
#6178 = ADVANCED_FACE('',(#6179),#1481,.F.);
#6179 = FACE_BOUND('',#6180,.F.);
#6180 = EDGE_LOOP('',(#6181,#6204,#6225,#6226));
#6181 = ORIENTED_EDGE('',*,*,#6182,.F.);
#6182 = EDGE_CURVE('',#6183,#6085,#6185,.T.);
#6183 = VERTEX_POINT('',#6184);
#6184 = CARTESIAN_POINT('',(253.98810546875,-206.7504199218,18.2));
#6185 = SURFACE_CURVE('',#6186,(#6190,#6197),.PCURVE_S1.);
#6186 = LINE('',#6187,#6188);
#6187 = CARTESIAN_POINT('',(253.98810546875,-206.7504199218,18.2));
#6188 = VECTOR('',#6189,1.);
#6189 = DIRECTION('',(-1.488378797921E-16,-1.,0.));
#6190 = PCURVE('',#1481,#6191);
#6191 = DEFINITIONAL_REPRESENTATION('',(#6192),#6196);
#6192 = LINE('',#6193,#6194);
#6193 = CARTESIAN_POINT('',(-0.36,0.));
#6194 = VECTOR('',#6195,1.);
#6195 = DIRECTION('',(1.,0.));
#6196 = ( GEOMETRIC_REPRESENTATION_CONTEXT(2) 
PARAMETRIC_REPRESENTATION_CONTEXT() REPRESENTATION_CONTEXT('2D SPACE',''
  ) );
#6197 = PCURVE('',#5978,#6198);
#6198 = DEFINITIONAL_REPRESENTATION('',(#6199),#6203);
#6199 = LINE('',#6200,#6201);
#6200 = CARTESIAN_POINT('',(7.076484375,-0.18));
#6201 = VECTOR('',#6202,1.);
#6202 = DIRECTION('',(-1.,-7.320672513291E-17));
#6203 = ( GEOMETRIC_REPRESENTATION_CONTEXT(2) 
PARAMETRIC_REPRESENTATION_CONTEXT() REPRESENTATION_CONTEXT('2D SPACE',''
  ) );
#6204 = ORIENTED_EDGE('',*,*,#6205,.T.);
#6205 = EDGE_CURVE('',#6183,#1441,#6206,.T.);
#6206 = SURFACE_CURVE('',#6207,(#6211,#6218),.PCURVE_S1.);
#6207 = LINE('',#6208,#6209);
#6208 = CARTESIAN_POINT('',(253.98810546875,-206.7504199218,18.2));
#6209 = VECTOR('',#6210,1.);
#6210 = DIRECTION('',(0.,-0.,1.));
#6211 = PCURVE('',#1481,#6212);
#6212 = DEFINITIONAL_REPRESENTATION('',(#6213),#6217);
#6213 = LINE('',#6214,#6215);
#6214 = CARTESIAN_POINT('',(-0.36,0.));
#6215 = VECTOR('',#6216,1.);
#6216 = DIRECTION('',(0.,-1.));
#6217 = ( GEOMETRIC_REPRESENTATION_CONTEXT(2) 
PARAMETRIC_REPRESENTATION_CONTEXT() REPRESENTATION_CONTEXT('2D SPACE',''
  ) );
#6218 = PCURVE('',#1455,#6219);
#6219 = DEFINITIONAL_REPRESENTATION('',(#6220),#6224);
#6220 = LINE('',#6221,#6222);
#6221 = CARTESIAN_POINT('',(1.4287109375,0.));
#6222 = VECTOR('',#6223,1.);
#6223 = DIRECTION('',(0.,-1.));
#6224 = ( GEOMETRIC_REPRESENTATION_CONTEXT(2) 
PARAMETRIC_REPRESENTATION_CONTEXT() REPRESENTATION_CONTEXT('2D SPACE',''
  ) );
#6225 = ORIENTED_EDGE('',*,*,#1466,.F.);
#6226 = ORIENTED_EDGE('',*,*,#6107,.F.);
#6227 = ADVANCED_FACE('',(#6228),#1273,.F.);
#6228 = FACE_BOUND('',#6229,.F.);
#6229 = EDGE_LOOP('',(#6230,#6253,#6254,#6255));
#6230 = ORIENTED_EDGE('',*,*,#6231,.F.);
#6231 = EDGE_CURVE('',#6134,#6232,#6234,.T.);
#6232 = VERTEX_POINT('',#6233);
#6233 = CARTESIAN_POINT('',(247.68873847152,-212.4061816406,18.2));
#6234 = SURFACE_CURVE('',#6235,(#6239,#6246),.PCURVE_S1.);
#6235 = LINE('',#6236,#6237);
#6236 = CARTESIAN_POINT('',(247.7630078125,-212.4061816406,18.2));
#6237 = VECTOR('',#6238,1.);
#6238 = DIRECTION('',(-1.,2.22044604925E-16,0.));
#6239 = PCURVE('',#1273,#6240);
#6240 = DEFINITIONAL_REPRESENTATION('',(#6241),#6245);
#6241 = LINE('',#6242,#6243);
#6242 = CARTESIAN_POINT('',(0.,0.));
#6243 = VECTOR('',#6244,1.);
#6244 = DIRECTION('',(1.,0.));
#6245 = ( GEOMETRIC_REPRESENTATION_CONTEXT(2) 
PARAMETRIC_REPRESENTATION_CONTEXT() REPRESENTATION_CONTEXT('2D SPACE',''
  ) );
#6246 = PCURVE('',#5978,#6247);
#6247 = DEFINITIONAL_REPRESENTATION('',(#6248),#6252);
#6248 = LINE('',#6249,#6250);
#6249 = CARTESIAN_POINT('',(1.42072265625,6.04509765625));
#6250 = VECTOR('',#6251,1.);
#6251 = DIRECTION('',(0.,1.));
#6252 = ( GEOMETRIC_REPRESENTATION_CONTEXT(2) 
PARAMETRIC_REPRESENTATION_CONTEXT() REPRESENTATION_CONTEXT('2D SPACE',''
  ) );
#6253 = ORIENTED_EDGE('',*,*,#6158,.T.);
#6254 = ORIENTED_EDGE('',*,*,#1258,.F.);
#6255 = ORIENTED_EDGE('',*,*,#6256,.F.);
#6256 = EDGE_CURVE('',#6232,#1259,#6257,.T.);
#6257 = SURFACE_CURVE('',#6258,(#6262,#6268),.PCURVE_S1.);
#6258 = LINE('',#6259,#6260);
#6259 = CARTESIAN_POINT('',(247.68873847152,-212.4061816406,18.2));
#6260 = VECTOR('',#6261,1.);
#6261 = DIRECTION('',(-0.,0.,1.));
#6262 = PCURVE('',#1273,#6263);
#6263 = DEFINITIONAL_REPRESENTATION('',(#6264),#6267);
#6264 = B_SPLINE_CURVE_WITH_KNOTS('',1,(#6265,#6266),.UNSPECIFIED.,.F.,
  .F.,(2,2),(0.,1.6),.PIECEWISE_BEZIER_KNOTS.);
#6265 = CARTESIAN_POINT('',(7.426934097421E-02,0.));
#6266 = CARTESIAN_POINT('',(7.426934097421E-02,-1.6));
#6267 = ( GEOMETRIC_REPRESENTATION_CONTEXT(2) 
PARAMETRIC_REPRESENTATION_CONTEXT() REPRESENTATION_CONTEXT('2D SPACE',''
  ) );
#6268 = PCURVE('',#1299,#6269);
#6269 = DEFINITIONAL_REPRESENTATION('',(#6270),#6273);
#6270 = B_SPLINE_CURVE_WITH_KNOTS('',1,(#6271,#6272),.UNSPECIFIED.,.F.,
  .F.,(2,2),(0.,1.6),.PIECEWISE_BEZIER_KNOTS.);
#6271 = CARTESIAN_POINT('',(1.546405632243,0.));
#6272 = CARTESIAN_POINT('',(1.546405632243,-1.6));
#6273 = ( GEOMETRIC_REPRESENTATION_CONTEXT(2) 
PARAMETRIC_REPRESENTATION_CONTEXT() REPRESENTATION_CONTEXT('2D SPACE',''
  ) );
#6274 = ADVANCED_FACE('',(#6275),#1455,.F.);
#6275 = FACE_BOUND('',#6276,.F.);
#6276 = EDGE_LOOP('',(#6277,#6300,#6321,#6322));
#6277 = ORIENTED_EDGE('',*,*,#6278,.F.);
#6278 = EDGE_CURVE('',#6279,#6183,#6281,.T.);
#6279 = VERTEX_POINT('',#6280);
#6280 = CARTESIAN_POINT('',(252.19939453125,-206.7504199218,18.2));
#6281 = SURFACE_CURVE('',#6282,(#6286,#6293),.PCURVE_S1.);
#6282 = LINE('',#6283,#6284);
#6283 = CARTESIAN_POINT('',(252.19939453125,-206.7504199218,18.2));
#6284 = VECTOR('',#6285,1.);
#6285 = DIRECTION('',(1.,0.,0.));
#6286 = PCURVE('',#1455,#6287);
#6287 = DEFINITIONAL_REPRESENTATION('',(#6288),#6292);
#6288 = LINE('',#6289,#6290);
#6289 = CARTESIAN_POINT('',(-0.36,0.));
#6290 = VECTOR('',#6291,1.);
#6291 = DIRECTION('',(1.,0.));
#6292 = ( GEOMETRIC_REPRESENTATION_CONTEXT(2) 
PARAMETRIC_REPRESENTATION_CONTEXT() REPRESENTATION_CONTEXT('2D SPACE',''
  ) );
#6293 = PCURVE('',#5978,#6294);
#6294 = DEFINITIONAL_REPRESENTATION('',(#6295),#6299);
#6295 = LINE('',#6296,#6297);
#6296 = CARTESIAN_POINT('',(7.076484375,1.6087109375));
#6297 = VECTOR('',#6298,1.);
#6298 = DIRECTION('',(2.22044604925E-16,-1.));
#6299 = ( GEOMETRIC_REPRESENTATION_CONTEXT(2) 
PARAMETRIC_REPRESENTATION_CONTEXT() REPRESENTATION_CONTEXT('2D SPACE',''
  ) );
#6300 = ORIENTED_EDGE('',*,*,#6301,.T.);
#6301 = EDGE_CURVE('',#6279,#1415,#6302,.T.);
#6302 = SURFACE_CURVE('',#6303,(#6307,#6314),.PCURVE_S1.);
#6303 = LINE('',#6304,#6305);
#6304 = CARTESIAN_POINT('',(252.19939453125,-206.7504199218,18.2));
#6305 = VECTOR('',#6306,1.);
#6306 = DIRECTION('',(0.,-0.,1.));
#6307 = PCURVE('',#1455,#6308);
#6308 = DEFINITIONAL_REPRESENTATION('',(#6309),#6313);
#6309 = LINE('',#6310,#6311);
#6310 = CARTESIAN_POINT('',(-0.36,0.));
#6311 = VECTOR('',#6312,1.);
#6312 = DIRECTION('',(0.,-1.));
#6313 = ( GEOMETRIC_REPRESENTATION_CONTEXT(2) 
PARAMETRIC_REPRESENTATION_CONTEXT() REPRESENTATION_CONTEXT('2D SPACE',''
  ) );
#6314 = PCURVE('',#1429,#6315);
#6315 = DEFINITIONAL_REPRESENTATION('',(#6316),#6320);
#6316 = LINE('',#6317,#6318);
#6317 = CARTESIAN_POINT('',(1.826171875,0.));
#6318 = VECTOR('',#6319,1.);
#6319 = DIRECTION('',(0.,-1.));
#6320 = ( GEOMETRIC_REPRESENTATION_CONTEXT(2) 
PARAMETRIC_REPRESENTATION_CONTEXT() REPRESENTATION_CONTEXT('2D SPACE',''
  ) );
#6321 = ORIENTED_EDGE('',*,*,#1440,.F.);
#6322 = ORIENTED_EDGE('',*,*,#6205,.F.);
#6323 = ADVANCED_FACE('',(#6324),#1299,.F.);
#6324 = FACE_BOUND('',#6325,.F.);
#6325 = EDGE_LOOP('',(#6326,#6349,#6350,#6351));
#6326 = ORIENTED_EDGE('',*,*,#6327,.F.);
#6327 = EDGE_CURVE('',#6232,#6328,#6330,.T.);
#6328 = VERTEX_POINT('',#6329);
#6329 = CARTESIAN_POINT('',(247.7630078125,-212.7661816406,18.2));
#6330 = SURFACE_CURVE('',#6331,(#6335,#6342),.PCURVE_S1.);
#6331 = LINE('',#6332,#6333);
#6332 = CARTESIAN_POINT('',(247.3762890625,-210.8916699218,18.2));
#6333 = VECTOR('',#6334,1.);
#6334 = DIRECTION('',(0.202048804344,-0.979375454391,0.));
#6335 = PCURVE('',#1299,#6336);
#6336 = DEFINITIONAL_REPRESENTATION('',(#6337),#6341);
#6337 = LINE('',#6338,#6339);
#6338 = CARTESIAN_POINT('',(0.,0.));
#6339 = VECTOR('',#6340,1.);
#6340 = DIRECTION('',(1.,0.));
#6341 = ( GEOMETRIC_REPRESENTATION_CONTEXT(2) 
PARAMETRIC_REPRESENTATION_CONTEXT() REPRESENTATION_CONTEXT('2D SPACE',''
  ) );
#6342 = PCURVE('',#5978,#6343);
#6343 = DEFINITIONAL_REPRESENTATION('',(#6344),#6348);
#6344 = LINE('',#6345,#6346);
#6345 = CARTESIAN_POINT('',(2.935234375,6.43181640625));
#6346 = VECTOR('',#6347,1.);
#6347 = DIRECTION('',(-0.979375454391,-0.202048804344));
#6348 = ( GEOMETRIC_REPRESENTATION_CONTEXT(2) 
PARAMETRIC_REPRESENTATION_CONTEXT() REPRESENTATION_CONTEXT('2D SPACE',''
  ) );
#6349 = ORIENTED_EDGE('',*,*,#6256,.T.);
#6350 = ORIENTED_EDGE('',*,*,#1284,.F.);
#6351 = ORIENTED_EDGE('',*,*,#6352,.F.);
#6352 = EDGE_CURVE('',#6328,#1285,#6353,.T.);
#6353 = SURFACE_CURVE('',#6354,(#6358,#6365),.PCURVE_S1.);
#6354 = LINE('',#6355,#6356);
#6355 = CARTESIAN_POINT('',(247.7630078125,-212.7661816406,18.2));
#6356 = VECTOR('',#6357,1.);
#6357 = DIRECTION('',(0.,-0.,1.));
#6358 = PCURVE('',#1299,#6359);
#6359 = DEFINITIONAL_REPRESENTATION('',(#6360),#6364);
#6360 = LINE('',#6361,#6362);
#6361 = CARTESIAN_POINT('',(1.913986827367,0.));
#6362 = VECTOR('',#6363,1.);
#6363 = DIRECTION('',(0.,-1.));
#6364 = ( GEOMETRIC_REPRESENTATION_CONTEXT(2) 
PARAMETRIC_REPRESENTATION_CONTEXT() REPRESENTATION_CONTEXT('2D SPACE',''
  ) );
#6365 = PCURVE('',#1325,#6366);
#6366 = DEFINITIONAL_REPRESENTATION('',(#6367),#6371);
#6367 = LINE('',#6368,#6369);
#6368 = CARTESIAN_POINT('',(0.,0.));
#6369 = VECTOR('',#6370,1.);
#6370 = DIRECTION('',(0.,-1.));
#6371 = ( GEOMETRIC_REPRESENTATION_CONTEXT(2) 
PARAMETRIC_REPRESENTATION_CONTEXT() REPRESENTATION_CONTEXT('2D SPACE',''
  ) );
#6372 = ADVANCED_FACE('',(#6373),#1429,.F.);
#6373 = FACE_BOUND('',#6374,.F.);
#6374 = EDGE_LOOP('',(#6375,#6398,#6419,#6420));
#6375 = ORIENTED_EDGE('',*,*,#6376,.F.);
#6376 = EDGE_CURVE('',#6377,#6279,#6379,.T.);
#6377 = VERTEX_POINT('',#6378);
#6378 = CARTESIAN_POINT('',(252.19939453125,-208.5765917968,18.2));
#6379 = SURFACE_CURVE('',#6380,(#6384,#6391),.PCURVE_S1.);
#6380 = LINE('',#6381,#6382);
#6381 = CARTESIAN_POINT('',(252.19939453125,-208.5765917968,18.2));
#6382 = VECTOR('',#6383,1.);
#6383 = DIRECTION('',(0.,1.,0.));
#6384 = PCURVE('',#1429,#6385);
#6385 = DEFINITIONAL_REPRESENTATION('',(#6386),#6390);
#6386 = LINE('',#6387,#6388);
#6387 = CARTESIAN_POINT('',(2.22044604925E-16,0.));
#6388 = VECTOR('',#6389,1.);
#6389 = DIRECTION('',(1.,0.));
#6390 = ( GEOMETRIC_REPRESENTATION_CONTEXT(2) 
PARAMETRIC_REPRESENTATION_CONTEXT() REPRESENTATION_CONTEXT('2D SPACE',''
  ) );
#6391 = PCURVE('',#5978,#6392);
#6392 = DEFINITIONAL_REPRESENTATION('',(#6393),#6397);
#6393 = LINE('',#6394,#6395);
#6394 = CARTESIAN_POINT('',(5.2503125,1.6087109375));
#6395 = VECTOR('',#6396,1.);
#6396 = DIRECTION('',(1.,2.22044604925E-16));
#6397 = ( GEOMETRIC_REPRESENTATION_CONTEXT(2) 
PARAMETRIC_REPRESENTATION_CONTEXT() REPRESENTATION_CONTEXT('2D SPACE',''
  ) );
#6398 = ORIENTED_EDGE('',*,*,#6399,.T.);
#6399 = EDGE_CURVE('',#6377,#1389,#6400,.T.);
#6400 = SURFACE_CURVE('',#6401,(#6405,#6412),.PCURVE_S1.);
#6401 = LINE('',#6402,#6403);
#6402 = CARTESIAN_POINT('',(252.19939453125,-208.5765917968,18.2));
#6403 = VECTOR('',#6404,1.);
#6404 = DIRECTION('',(0.,-0.,1.));
#6405 = PCURVE('',#1429,#6406);
#6406 = DEFINITIONAL_REPRESENTATION('',(#6407),#6411);
#6407 = LINE('',#6408,#6409);
#6408 = CARTESIAN_POINT('',(0.,0.));
#6409 = VECTOR('',#6410,1.);
#6410 = DIRECTION('',(0.,-1.));
#6411 = ( GEOMETRIC_REPRESENTATION_CONTEXT(2) 
PARAMETRIC_REPRESENTATION_CONTEXT() REPRESENTATION_CONTEXT('2D SPACE',''
  ) );
#6412 = PCURVE('',#1403,#6413);
#6413 = DEFINITIONAL_REPRESENTATION('',(#6414),#6418);
#6414 = LINE('',#6415,#6416);
#6415 = CARTESIAN_POINT('',(6.23033203125,0.));
#6416 = VECTOR('',#6417,1.);
#6417 = DIRECTION('',(0.,-1.));
#6418 = ( GEOMETRIC_REPRESENTATION_CONTEXT(2) 
PARAMETRIC_REPRESENTATION_CONTEXT() REPRESENTATION_CONTEXT('2D SPACE',''
  ) );
#6419 = ORIENTED_EDGE('',*,*,#1414,.F.);
#6420 = ORIENTED_EDGE('',*,*,#6301,.F.);
#6421 = ADVANCED_FACE('',(#6422),#1325,.F.);
#6422 = FACE_BOUND('',#6423,.F.);
#6423 = EDGE_LOOP('',(#6424,#6447,#6448,#6449));
#6424 = ORIENTED_EDGE('',*,*,#6425,.F.);
#6425 = EDGE_CURVE('',#6328,#6426,#6428,.T.);
#6426 = VERTEX_POINT('',#6427);
#6427 = CARTESIAN_POINT('',(245.99578125,-212.7661816406,18.2));
#6428 = SURFACE_CURVE('',#6429,(#6433,#6440),.PCURVE_S1.);
#6429 = LINE('',#6430,#6431);
#6430 = CARTESIAN_POINT('',(247.7630078125,-212.7661816406,18.2));
#6431 = VECTOR('',#6432,1.);
#6432 = DIRECTION('',(-1.,2.512916109759E-16,0.));
#6433 = PCURVE('',#1325,#6434);
#6434 = DEFINITIONAL_REPRESENTATION('',(#6435),#6439);
#6435 = LINE('',#6436,#6437);
#6436 = CARTESIAN_POINT('',(0.,0.));
#6437 = VECTOR('',#6438,1.);
#6438 = DIRECTION('',(1.,0.));
#6439 = ( GEOMETRIC_REPRESENTATION_CONTEXT(2) 
PARAMETRIC_REPRESENTATION_CONTEXT() REPRESENTATION_CONTEXT('2D SPACE',''
  ) );
#6440 = PCURVE('',#5978,#6441);
#6441 = DEFINITIONAL_REPRESENTATION('',(#6442),#6446);
#6442 = LINE('',#6443,#6444);
#6443 = CARTESIAN_POINT('',(1.06072265625,6.04509765625));
#6444 = VECTOR('',#6445,1.);
#6445 = DIRECTION('',(2.924700605089E-17,1.));
#6446 = ( GEOMETRIC_REPRESENTATION_CONTEXT(2) 
PARAMETRIC_REPRESENTATION_CONTEXT() REPRESENTATION_CONTEXT('2D SPACE',''
  ) );
#6447 = ORIENTED_EDGE('',*,*,#6352,.T.);
#6448 = ORIENTED_EDGE('',*,*,#1310,.F.);
#6449 = ORIENTED_EDGE('',*,*,#6450,.F.);
#6450 = EDGE_CURVE('',#6426,#1311,#6451,.T.);
#6451 = SURFACE_CURVE('',#6452,(#6456,#6463),.PCURVE_S1.);
#6452 = LINE('',#6453,#6454);
#6453 = CARTESIAN_POINT('',(245.99578125,-212.7661816406,18.2));
#6454 = VECTOR('',#6455,1.);
#6455 = DIRECTION('',(0.,-0.,1.));
#6456 = PCURVE('',#1325,#6457);
#6457 = DEFINITIONAL_REPRESENTATION('',(#6458),#6462);
#6458 = LINE('',#6459,#6460);
#6459 = CARTESIAN_POINT('',(1.7672265625,0.));
#6460 = VECTOR('',#6461,1.);
#6461 = DIRECTION('',(0.,-1.));
#6462 = ( GEOMETRIC_REPRESENTATION_CONTEXT(2) 
PARAMETRIC_REPRESENTATION_CONTEXT() REPRESENTATION_CONTEXT('2D SPACE',''
  ) );
#6463 = PCURVE('',#1351,#6464);
#6464 = DEFINITIONAL_REPRESENTATION('',(#6465),#6469);
#6465 = LINE('',#6466,#6467);
#6466 = CARTESIAN_POINT('',(0.,0.));
#6467 = VECTOR('',#6468,1.);
#6468 = DIRECTION('',(0.,-1.));
#6469 = ( GEOMETRIC_REPRESENTATION_CONTEXT(2) 
PARAMETRIC_REPRESENTATION_CONTEXT() REPRESENTATION_CONTEXT('2D SPACE',''
  ) );
#6470 = ADVANCED_FACE('',(#6471),#1403,.F.);
#6471 = FACE_BOUND('',#6472,.F.);
#6472 = EDGE_LOOP('',(#6473,#6496,#6517,#6518));
#6473 = ORIENTED_EDGE('',*,*,#6474,.F.);
#6474 = EDGE_CURVE('',#6475,#6377,#6477,.T.);
#6475 = VERTEX_POINT('',#6476);
#6476 = CARTESIAN_POINT('',(245.6090625,-208.5765917968,18.2));
#6477 = SURFACE_CURVE('',#6478,(#6482,#6489),.PCURVE_S1.);
#6478 = LINE('',#6479,#6480);
#6479 = CARTESIAN_POINT('',(245.6090625,-208.5765917968,18.2));
#6480 = VECTOR('',#6481,1.);
#6481 = DIRECTION('',(1.,-2.695398093718E-16,0.));
#6482 = PCURVE('',#1403,#6483);
#6483 = DEFINITIONAL_REPRESENTATION('',(#6484),#6488);
#6484 = LINE('',#6485,#6486);
#6485 = CARTESIAN_POINT('',(-0.36,0.));
#6486 = VECTOR('',#6487,1.);
#6487 = DIRECTION('',(1.,0.));
#6488 = ( GEOMETRIC_REPRESENTATION_CONTEXT(2) 
PARAMETRIC_REPRESENTATION_CONTEXT() REPRESENTATION_CONTEXT('2D SPACE',''
  ) );
#6489 = PCURVE('',#5978,#6490);
#6490 = DEFINITIONAL_REPRESENTATION('',(#6491),#6495);
#6491 = LINE('',#6492,#6493);
#6492 = CARTESIAN_POINT('',(5.2503125,8.19904296875));
#6493 = VECTOR('',#6494,1.);
#6494 = DIRECTION('',(-4.749520444681E-17,-1.));
#6495 = ( GEOMETRIC_REPRESENTATION_CONTEXT(2) 
PARAMETRIC_REPRESENTATION_CONTEXT() REPRESENTATION_CONTEXT('2D SPACE',''
  ) );
#6496 = ORIENTED_EDGE('',*,*,#6497,.T.);
#6497 = EDGE_CURVE('',#6475,#1363,#6498,.T.);
#6498 = SURFACE_CURVE('',#6499,(#6503,#6510),.PCURVE_S1.);
#6499 = LINE('',#6500,#6501);
#6500 = CARTESIAN_POINT('',(245.6090625,-208.5765917968,18.2));
#6501 = VECTOR('',#6502,1.);
#6502 = DIRECTION('',(0.,-0.,1.));
#6503 = PCURVE('',#1403,#6504);
#6504 = DEFINITIONAL_REPRESENTATION('',(#6505),#6509);
#6505 = LINE('',#6506,#6507);
#6506 = CARTESIAN_POINT('',(-0.36,0.));
#6507 = VECTOR('',#6508,1.);
#6508 = DIRECTION('',(0.,-1.));
#6509 = ( GEOMETRIC_REPRESENTATION_CONTEXT(2) 
PARAMETRIC_REPRESENTATION_CONTEXT() REPRESENTATION_CONTEXT('2D SPACE',''
  ) );
#6510 = PCURVE('',#1377,#6511);
#6511 = DEFINITIONAL_REPRESENTATION('',(#6512),#6516);
#6512 = LINE('',#6513,#6514);
#6513 = CARTESIAN_POINT('',(1.9658203125,0.));
#6514 = VECTOR('',#6515,1.);
#6515 = DIRECTION('',(0.,-1.));
#6516 = ( GEOMETRIC_REPRESENTATION_CONTEXT(2) 
PARAMETRIC_REPRESENTATION_CONTEXT() REPRESENTATION_CONTEXT('2D SPACE',''
  ) );
#6517 = ORIENTED_EDGE('',*,*,#1388,.F.);
#6518 = ORIENTED_EDGE('',*,*,#6399,.F.);
#6519 = ADVANCED_FACE('',(#6520),#1351,.F.);
#6520 = FACE_BOUND('',#6521,.F.);
#6521 = EDGE_LOOP('',(#6522,#6545,#6546,#6547));
#6522 = ORIENTED_EDGE('',*,*,#6523,.F.);
#6523 = EDGE_CURVE('',#6426,#6524,#6526,.T.);
#6524 = VERTEX_POINT('',#6525);
#6525 = CARTESIAN_POINT('',(245.6090625,-210.9024121093,18.2));
#6526 = SURFACE_CURVE('',#6527,(#6531,#6538),.PCURVE_S1.);
#6527 = LINE('',#6528,#6529);
#6528 = CARTESIAN_POINT('',(245.99578125,-212.7661816406,18.2));
#6529 = VECTOR('',#6530,1.);
#6530 = DIRECTION('',(-0.203165414809,0.979144429707,0.));
#6531 = PCURVE('',#1351,#6532);
#6532 = DEFINITIONAL_REPRESENTATION('',(#6533),#6537);
#6533 = LINE('',#6534,#6535);
#6534 = CARTESIAN_POINT('',(0.,0.));
#6535 = VECTOR('',#6536,1.);
#6536 = DIRECTION('',(1.,0.));
#6537 = ( GEOMETRIC_REPRESENTATION_CONTEXT(2) 
PARAMETRIC_REPRESENTATION_CONTEXT() REPRESENTATION_CONTEXT('2D SPACE',''
  ) );
#6538 = PCURVE('',#5978,#6539);
#6539 = DEFINITIONAL_REPRESENTATION('',(#6540),#6544);
#6540 = LINE('',#6541,#6542);
#6541 = CARTESIAN_POINT('',(1.06072265625,7.81232421875));
#6542 = VECTOR('',#6543,1.);
#6543 = DIRECTION('',(0.979144429707,0.203165414809));
#6544 = ( GEOMETRIC_REPRESENTATION_CONTEXT(2) 
PARAMETRIC_REPRESENTATION_CONTEXT() REPRESENTATION_CONTEXT('2D SPACE',''
  ) );
#6545 = ORIENTED_EDGE('',*,*,#6450,.T.);
#6546 = ORIENTED_EDGE('',*,*,#1336,.F.);
#6547 = ORIENTED_EDGE('',*,*,#6548,.F.);
#6548 = EDGE_CURVE('',#6524,#1337,#6549,.T.);
#6549 = SURFACE_CURVE('',#6550,(#6554,#6561),.PCURVE_S1.);
#6550 = LINE('',#6551,#6552);
#6551 = CARTESIAN_POINT('',(245.6090625,-210.9024121093,18.2));
#6552 = VECTOR('',#6553,1.);
#6553 = DIRECTION('',(0.,-0.,1.));
#6554 = PCURVE('',#1351,#6555);
#6555 = DEFINITIONAL_REPRESENTATION('',(#6556),#6560);
#6556 = LINE('',#6557,#6558);
#6557 = CARTESIAN_POINT('',(1.903467430039,0.));
#6558 = VECTOR('',#6559,1.);
#6559 = DIRECTION('',(0.,-1.));
#6560 = ( GEOMETRIC_REPRESENTATION_CONTEXT(2) 
PARAMETRIC_REPRESENTATION_CONTEXT() REPRESENTATION_CONTEXT('2D SPACE',''
  ) );
#6561 = PCURVE('',#1377,#6562);
#6562 = DEFINITIONAL_REPRESENTATION('',(#6563),#6567);
#6563 = LINE('',#6564,#6565);
#6564 = CARTESIAN_POINT('',(-0.36,0.));
#6565 = VECTOR('',#6566,1.);
#6566 = DIRECTION('',(0.,-1.));
#6567 = ( GEOMETRIC_REPRESENTATION_CONTEXT(2) 
PARAMETRIC_REPRESENTATION_CONTEXT() REPRESENTATION_CONTEXT('2D SPACE',''
  ) );
#6568 = ADVANCED_FACE('',(#6569),#1377,.F.);
#6569 = FACE_BOUND('',#6570,.F.);
#6570 = EDGE_LOOP('',(#6571,#6592,#6593,#6594));
#6571 = ORIENTED_EDGE('',*,*,#6572,.F.);
#6572 = EDGE_CURVE('',#6524,#6475,#6573,.T.);
#6573 = SURFACE_CURVE('',#6574,(#6578,#6585),.PCURVE_S1.);
#6574 = LINE('',#6575,#6576);
#6575 = CARTESIAN_POINT('',(245.6090625,-210.9024121093,18.2));
#6576 = VECTOR('',#6577,1.);
#6577 = DIRECTION('',(7.637549770519E-16,1.,0.));
#6578 = PCURVE('',#1377,#6579);
#6579 = DEFINITIONAL_REPRESENTATION('',(#6580),#6584);
#6580 = LINE('',#6581,#6582);
#6581 = CARTESIAN_POINT('',(-0.36,0.));
#6582 = VECTOR('',#6583,1.);
#6583 = DIRECTION('',(1.,0.));
#6584 = ( GEOMETRIC_REPRESENTATION_CONTEXT(2) 
PARAMETRIC_REPRESENTATION_CONTEXT() REPRESENTATION_CONTEXT('2D SPACE',''
  ) );
#6585 = PCURVE('',#5978,#6586);
#6586 = DEFINITIONAL_REPRESENTATION('',(#6587),#6591);
#6587 = LINE('',#6588,#6589);
#6588 = CARTESIAN_POINT('',(2.9244921875,8.19904296875));
#6589 = VECTOR('',#6590,1.);
#6590 = DIRECTION('',(1.,-5.417103721269E-16));
#6591 = ( GEOMETRIC_REPRESENTATION_CONTEXT(2) 
PARAMETRIC_REPRESENTATION_CONTEXT() REPRESENTATION_CONTEXT('2D SPACE',''
  ) );
#6592 = ORIENTED_EDGE('',*,*,#6548,.T.);
#6593 = ORIENTED_EDGE('',*,*,#1362,.F.);
#6594 = ORIENTED_EDGE('',*,*,#6497,.F.);
#6595 = ADVANCED_FACE('',(#6596),#1535,.F.);
#6596 = FACE_BOUND('',#6597,.F.);
#6597 = EDGE_LOOP('',(#6598,#6628,#6648,#6649));
#6598 = ORIENTED_EDGE('',*,*,#6599,.F.);
#6599 = EDGE_CURVE('',#6600,#6602,#6604,.T.);
#6600 = VERTEX_POINT('',#6601);
#6601 = CARTESIAN_POINT('',(252.1080859375,-150.0678161272,18.2));
#6602 = VERTEX_POINT('',#6603);
#6603 = CARTESIAN_POINT('',(252.1080859375,-146.9491503906,18.2));
#6604 = SURFACE_CURVE('',#6605,(#6609,#6616),.PCURVE_S1.);
#6605 = LINE('',#6606,#6607);
#6606 = CARTESIAN_POINT('',(252.1080859375,-150.0678161272,18.2));
#6607 = VECTOR('',#6608,1.);
#6608 = DIRECTION('',(2.847943623052E-16,1.,0.));
#6609 = PCURVE('',#1535,#6610);
#6610 = DEFINITIONAL_REPRESENTATION('',(#6611),#6615);
#6611 = LINE('',#6612,#6613);
#6612 = CARTESIAN_POINT('',(0.410142857143,0.));
#6613 = VECTOR('',#6614,1.);
#6614 = DIRECTION('',(1.,0.));
#6615 = ( GEOMETRIC_REPRESENTATION_CONTEXT(2) 
PARAMETRIC_REPRESENTATION_CONTEXT() REPRESENTATION_CONTEXT('2D SPACE',''
  ) );
#6616 = PCURVE('',#6617,#6622);
#6617 = PLANE('',#6618);
#6618 = AXIS2_PLACEMENT_3D('',#6619,#6620,#6621);
#6619 = CARTESIAN_POINT('',(253.80810546875,-153.8269042968,18.2));
#6620 = DIRECTION('',(0.,0.,1.));
#6621 = DIRECTION('',(2.22044604925E-16,1.,0.));
#6622 = DEFINITIONAL_REPRESENTATION('',(#6623),#6627);
#6623 = LINE('',#6624,#6625);
#6624 = CARTESIAN_POINT('',(3.759088169643,1.70001953125));
#6625 = VECTOR('',#6626,1.);
#6626 = DIRECTION('',(1.,-6.274975738017E-17));
#6627 = ( GEOMETRIC_REPRESENTATION_CONTEXT(2) 
PARAMETRIC_REPRESENTATION_CONTEXT() REPRESENTATION_CONTEXT('2D SPACE',''
  ) );
#6628 = ORIENTED_EDGE('',*,*,#6629,.T.);
#6629 = EDGE_CURVE('',#6600,#1521,#6630,.T.);
#6630 = SURFACE_CURVE('',#6631,(#6635,#6642),.PCURVE_S1.);
#6631 = LINE('',#6632,#6633);
#6632 = CARTESIAN_POINT('',(252.1080859375,-150.0678161272,18.2));
#6633 = VECTOR('',#6634,1.);
#6634 = DIRECTION('',(0.,-0.,1.));
#6635 = PCURVE('',#1535,#6636);
#6636 = DEFINITIONAL_REPRESENTATION('',(#6637),#6641);
#6637 = LINE('',#6638,#6639);
#6638 = CARTESIAN_POINT('',(0.410142857143,0.));
#6639 = VECTOR('',#6640,1.);
#6640 = DIRECTION('',(0.,-1.));
#6641 = ( GEOMETRIC_REPRESENTATION_CONTEXT(2) 
PARAMETRIC_REPRESENTATION_CONTEXT() REPRESENTATION_CONTEXT('2D SPACE',''
  ) );
#6642 = PCURVE('',#2516,#6643);
#6643 = DEFINITIONAL_REPRESENTATION('',(#6644),#6647);
#6644 = B_SPLINE_CURVE_WITH_KNOTS('',1,(#6645,#6646),.UNSPECIFIED.,.F.,
  .F.,(2,2),(0.,1.6),.PIECEWISE_BEZIER_KNOTS.);
#6645 = CARTESIAN_POINT('',(1.734054701698,0.));
#6646 = CARTESIAN_POINT('',(1.734054701698,-1.6));
#6647 = ( GEOMETRIC_REPRESENTATION_CONTEXT(2) 
PARAMETRIC_REPRESENTATION_CONTEXT() REPRESENTATION_CONTEXT('2D SPACE',''
  ) );
#6648 = ORIENTED_EDGE('',*,*,#1518,.F.);
#6649 = ORIENTED_EDGE('',*,*,#6650,.F.);
#6650 = EDGE_CURVE('',#6602,#1519,#6651,.T.);
#6651 = SURFACE_CURVE('',#6652,(#6656,#6663),.PCURVE_S1.);
#6652 = LINE('',#6653,#6654);
#6653 = CARTESIAN_POINT('',(252.1080859375,-146.9491503906,18.2));
#6654 = VECTOR('',#6655,1.);
#6655 = DIRECTION('',(0.,-0.,1.));
#6656 = PCURVE('',#1535,#6657);
#6657 = DEFINITIONAL_REPRESENTATION('',(#6658),#6662);
#6658 = LINE('',#6659,#6660);
#6659 = CARTESIAN_POINT('',(3.52880859375,0.));
#6660 = VECTOR('',#6661,1.);
#6661 = DIRECTION('',(0.,-1.));
#6662 = ( GEOMETRIC_REPRESENTATION_CONTEXT(2) 
PARAMETRIC_REPRESENTATION_CONTEXT() REPRESENTATION_CONTEXT('2D SPACE',''
  ) );
#6663 = PCURVE('',#1561,#6664);
#6664 = DEFINITIONAL_REPRESENTATION('',(#6665),#6669);
#6665 = LINE('',#6666,#6667);
#6666 = CARTESIAN_POINT('',(-0.36,0.));
#6667 = VECTOR('',#6668,1.);
#6668 = DIRECTION('',(0.,-1.));
#6669 = ( GEOMETRIC_REPRESENTATION_CONTEXT(2) 
PARAMETRIC_REPRESENTATION_CONTEXT() REPRESENTATION_CONTEXT('2D SPACE',''
  ) );
#6670 = ADVANCED_FACE('',(#6671),#1561,.F.);
#6671 = FACE_BOUND('',#6672,.F.);
#6672 = EDGE_LOOP('',(#6673,#6696,#6697,#6698));
#6673 = ORIENTED_EDGE('',*,*,#6674,.F.);
#6674 = EDGE_CURVE('',#6602,#6675,#6677,.T.);
#6675 = VERTEX_POINT('',#6676);
#6676 = CARTESIAN_POINT('',(253.98810546875,-146.9491503906,18.2));
#6677 = SURFACE_CURVE('',#6678,(#6682,#6689),.PCURVE_S1.);
#6678 = LINE('',#6679,#6680);
#6679 = CARTESIAN_POINT('',(252.1080859375,-146.9491503906,18.2));
#6680 = VECTOR('',#6681,1.);
#6681 = DIRECTION('',(1.,0.,0.));
#6682 = PCURVE('',#1561,#6683);
#6683 = DEFINITIONAL_REPRESENTATION('',(#6684),#6688);
#6684 = LINE('',#6685,#6686);
#6685 = CARTESIAN_POINT('',(-0.36,0.));
#6686 = VECTOR('',#6687,1.);
#6687 = DIRECTION('',(1.,0.));
#6688 = ( GEOMETRIC_REPRESENTATION_CONTEXT(2) 
PARAMETRIC_REPRESENTATION_CONTEXT() REPRESENTATION_CONTEXT('2D SPACE',''
  ) );
#6689 = PCURVE('',#6617,#6690);
#6690 = DEFINITIONAL_REPRESENTATION('',(#6691),#6695);
#6691 = LINE('',#6692,#6693);
#6692 = CARTESIAN_POINT('',(6.87775390625,1.70001953125));
#6693 = VECTOR('',#6694,1.);
#6694 = DIRECTION('',(2.22044604925E-16,-1.));
#6695 = ( GEOMETRIC_REPRESENTATION_CONTEXT(2) 
PARAMETRIC_REPRESENTATION_CONTEXT() REPRESENTATION_CONTEXT('2D SPACE',''
  ) );
#6696 = ORIENTED_EDGE('',*,*,#6650,.T.);
#6697 = ORIENTED_EDGE('',*,*,#1546,.F.);
#6698 = ORIENTED_EDGE('',*,*,#6699,.F.);
#6699 = EDGE_CURVE('',#6675,#1547,#6700,.T.);
#6700 = SURFACE_CURVE('',#6701,(#6705,#6712),.PCURVE_S1.);
#6701 = LINE('',#6702,#6703);
#6702 = CARTESIAN_POINT('',(253.98810546875,-146.9491503906,18.2));
#6703 = VECTOR('',#6704,1.);
#6704 = DIRECTION('',(0.,-0.,1.));
#6705 = PCURVE('',#1561,#6706);
#6706 = DEFINITIONAL_REPRESENTATION('',(#6707),#6711);
#6707 = LINE('',#6708,#6709);
#6708 = CARTESIAN_POINT('',(1.52001953125,0.));
#6709 = VECTOR('',#6710,1.);
#6710 = DIRECTION('',(0.,-1.));
#6711 = ( GEOMETRIC_REPRESENTATION_CONTEXT(2) 
PARAMETRIC_REPRESENTATION_CONTEXT() REPRESENTATION_CONTEXT('2D SPACE',''
  ) );
#6712 = PCURVE('',#1587,#6713);
#6713 = DEFINITIONAL_REPRESENTATION('',(#6714),#6718);
#6714 = LINE('',#6715,#6716);
#6715 = CARTESIAN_POINT('',(0.,0.));
#6716 = VECTOR('',#6717,1.);
#6717 = DIRECTION('',(0.,-1.));
#6718 = ( GEOMETRIC_REPRESENTATION_CONTEXT(2) 
PARAMETRIC_REPRESENTATION_CONTEXT() REPRESENTATION_CONTEXT('2D SPACE',''
  ) );
#6719 = ADVANCED_FACE('',(#6720),#2516,.F.);
#6720 = FACE_BOUND('',#6721,.F.);
#6721 = EDGE_LOOP('',(#6722,#6745,#6766,#6767));
#6722 = ORIENTED_EDGE('',*,*,#6723,.F.);
#6723 = EDGE_CURVE('',#6724,#6600,#6726,.T.);
#6724 = VERTEX_POINT('',#6725);
#6725 = CARTESIAN_POINT('',(250.9641796875,-148.7645800781,18.2));
#6726 = SURFACE_CURVE('',#6727,(#6731,#6738),.PCURVE_S1.);
#6727 = LINE('',#6728,#6729);
#6728 = CARTESIAN_POINT('',(250.9641796875,-148.7645800781,18.2));
#6729 = VECTOR('',#6730,1.);
#6730 = DIRECTION('',(0.659671375349,-0.751554174059,0.));
#6731 = PCURVE('',#2516,#6732);
#6732 = DEFINITIONAL_REPRESENTATION('',(#6733),#6737);
#6733 = LINE('',#6734,#6735);
#6734 = CARTESIAN_POINT('',(0.,0.));
#6735 = VECTOR('',#6736,1.);
#6736 = DIRECTION('',(1.,0.));
#6737 = ( GEOMETRIC_REPRESENTATION_CONTEXT(2) 
PARAMETRIC_REPRESENTATION_CONTEXT() REPRESENTATION_CONTEXT('2D SPACE',''
  ) );
#6738 = PCURVE('',#6617,#6739);
#6739 = DEFINITIONAL_REPRESENTATION('',(#6740),#6744);
#6740 = LINE('',#6741,#6742);
#6741 = CARTESIAN_POINT('',(5.06232421875,2.84392578125));
#6742 = VECTOR('',#6743,1.);
#6743 = DIRECTION('',(-0.751554174059,-0.659671375349));
#6744 = ( GEOMETRIC_REPRESENTATION_CONTEXT(2) 
PARAMETRIC_REPRESENTATION_CONTEXT() REPRESENTATION_CONTEXT('2D SPACE',''
  ) );
#6745 = ORIENTED_EDGE('',*,*,#6746,.T.);
#6746 = EDGE_CURVE('',#6724,#2435,#6747,.T.);
#6747 = SURFACE_CURVE('',#6748,(#6752,#6759),.PCURVE_S1.);
#6748 = LINE('',#6749,#6750);
#6749 = CARTESIAN_POINT('',(250.9641796875,-148.7645800781,18.2));
#6750 = VECTOR('',#6751,1.);
#6751 = DIRECTION('',(0.,-0.,1.));
#6752 = PCURVE('',#2516,#6753);
#6753 = DEFINITIONAL_REPRESENTATION('',(#6754),#6758);
#6754 = LINE('',#6755,#6756);
#6755 = CARTESIAN_POINT('',(0.,0.));
#6756 = VECTOR('',#6757,1.);
#6757 = DIRECTION('',(0.,-1.));
#6758 = ( GEOMETRIC_REPRESENTATION_CONTEXT(2) 
PARAMETRIC_REPRESENTATION_CONTEXT() REPRESENTATION_CONTEXT('2D SPACE',''
  ) );
#6759 = PCURVE('',#2476,#6760);
#6760 = DEFINITIONAL_REPRESENTATION('',(#6761),#6765);
#6761 = LINE('',#6762,#6763);
#6762 = CARTESIAN_POINT('',(1.,0.));
#6763 = VECTOR('',#6764,1.);
#6764 = DIRECTION('',(0.,-1.));
#6765 = ( GEOMETRIC_REPRESENTATION_CONTEXT(2) 
PARAMETRIC_REPRESENTATION_CONTEXT() REPRESENTATION_CONTEXT('2D SPACE',''
  ) );
#6766 = ORIENTED_EDGE('',*,*,#2503,.F.);
#6767 = ORIENTED_EDGE('',*,*,#6629,.F.);
#6768 = ADVANCED_FACE('',(#6769),#1587,.F.);
#6769 = FACE_BOUND('',#6770,.F.);
#6770 = EDGE_LOOP('',(#6771,#6794,#6795,#6796));
#6771 = ORIENTED_EDGE('',*,*,#6772,.F.);
#6772 = EDGE_CURVE('',#6675,#6773,#6775,.T.);
#6773 = VERTEX_POINT('',#6774);
#6774 = CARTESIAN_POINT('',(253.98810546875,-153.1367871093,18.2));
#6775 = SURFACE_CURVE('',#6776,(#6780,#6787),.PCURVE_S1.);
#6776 = LINE('',#6777,#6778);
#6777 = CARTESIAN_POINT('',(253.98810546875,-146.9491503906,18.2));
#6778 = VECTOR('',#6779,1.);
#6779 = DIRECTION('',(-2.153112230253E-16,-1.,0.));
#6780 = PCURVE('',#1587,#6781);
#6781 = DEFINITIONAL_REPRESENTATION('',(#6782),#6786);
#6782 = LINE('',#6783,#6784);
#6783 = CARTESIAN_POINT('',(0.,0.));
#6784 = VECTOR('',#6785,1.);
#6785 = DIRECTION('',(1.,0.));
#6786 = ( GEOMETRIC_REPRESENTATION_CONTEXT(2) 
PARAMETRIC_REPRESENTATION_CONTEXT() REPRESENTATION_CONTEXT('2D SPACE',''
  ) );
#6787 = PCURVE('',#6617,#6788);
#6788 = DEFINITIONAL_REPRESENTATION('',(#6789),#6793);
#6789 = LINE('',#6790,#6791);
#6790 = CARTESIAN_POINT('',(6.87775390625,-0.18));
#6791 = VECTOR('',#6792,1.);
#6792 = DIRECTION('',(-1.,-6.733381899752E-18));
#6793 = ( GEOMETRIC_REPRESENTATION_CONTEXT(2) 
PARAMETRIC_REPRESENTATION_CONTEXT() REPRESENTATION_CONTEXT('2D SPACE',''
  ) );
#6794 = ORIENTED_EDGE('',*,*,#6699,.T.);
#6795 = ORIENTED_EDGE('',*,*,#1572,.F.);
#6796 = ORIENTED_EDGE('',*,*,#6797,.F.);
#6797 = EDGE_CURVE('',#6773,#1573,#6798,.T.);
#6798 = SURFACE_CURVE('',#6799,(#6803,#6810),.PCURVE_S1.);
#6799 = LINE('',#6800,#6801);
#6800 = CARTESIAN_POINT('',(253.98810546875,-153.1367871093,18.2));
#6801 = VECTOR('',#6802,1.);
#6802 = DIRECTION('',(0.,-0.,1.));
#6803 = PCURVE('',#1587,#6804);
#6804 = DEFINITIONAL_REPRESENTATION('',(#6805),#6809);
#6805 = LINE('',#6806,#6807);
#6806 = CARTESIAN_POINT('',(6.18763671875,0.));
#6807 = VECTOR('',#6808,1.);
#6808 = DIRECTION('',(0.,-1.));
#6809 = ( GEOMETRIC_REPRESENTATION_CONTEXT(2) 
PARAMETRIC_REPRESENTATION_CONTEXT() REPRESENTATION_CONTEXT('2D SPACE',''
  ) );
#6810 = PCURVE('',#1613,#6811);
#6811 = DEFINITIONAL_REPRESENTATION('',(#6812),#6816);
#6812 = LINE('',#6813,#6814);
#6813 = CARTESIAN_POINT('',(0.,0.));
#6814 = VECTOR('',#6815,1.);
#6815 = DIRECTION('',(0.,-1.));
#6816 = ( GEOMETRIC_REPRESENTATION_CONTEXT(2) 
PARAMETRIC_REPRESENTATION_CONTEXT() REPRESENTATION_CONTEXT('2D SPACE',''
  ) );
#6817 = ADVANCED_FACE('',(#6818),#2476,.F.);
#6818 = FACE_BOUND('',#6819,.F.);
#6819 = EDGE_LOOP('',(#6820,#6843,#6864,#6865));
#6820 = ORIENTED_EDGE('',*,*,#6821,.F.);
#6821 = EDGE_CURVE('',#6822,#6724,#6824,.T.);
#6822 = VERTEX_POINT('',#6823);
#6823 = CARTESIAN_POINT('',(249.44684570312,-147.3412402343,18.2));
#6824 = SURFACE_CURVE('',#6825,(#6829,#6836),.PCURVE_S1.);
#6825 = B_SPLINE_CURVE_WITH_KNOTS('',2,(#6826,#6827,#6828),
  .UNSPECIFIED.,.F.,.F.,(3,3),(0.,1.),.PIECEWISE_BEZIER_KNOTS.);
#6826 = CARTESIAN_POINT('',(249.44684570312,-147.3412402343,18.2));
#6827 = CARTESIAN_POINT('',(250.01349609375,-147.6796191406,18.2));
#6828 = CARTESIAN_POINT('',(250.9641796875,-148.7645800781,18.2));
#6829 = PCURVE('',#2476,#6830);
#6830 = DEFINITIONAL_REPRESENTATION('',(#6831),#6835);
#6831 = LINE('',#6832,#6833);
#6832 = CARTESIAN_POINT('',(0.,0.));
#6833 = VECTOR('',#6834,1.);
#6834 = DIRECTION('',(1.,0.));
#6835 = ( GEOMETRIC_REPRESENTATION_CONTEXT(2) 
PARAMETRIC_REPRESENTATION_CONTEXT() REPRESENTATION_CONTEXT('2D SPACE',''
  ) );
#6836 = PCURVE('',#6617,#6837);
#6837 = DEFINITIONAL_REPRESENTATION('',(#6838),#6842);
#6838 = B_SPLINE_CURVE_WITH_KNOTS('',2,(#6839,#6840,#6841),
  .UNSPECIFIED.,.F.,.F.,(3,3),(0.,1.),.PIECEWISE_BEZIER_KNOTS.);
#6839 = CARTESIAN_POINT('',(6.4856640625,4.361259765625));
#6840 = CARTESIAN_POINT('',(6.14728515625,3.794609375));
#6841 = CARTESIAN_POINT('',(5.06232421875,2.84392578125));
#6842 = ( GEOMETRIC_REPRESENTATION_CONTEXT(2) 
PARAMETRIC_REPRESENTATION_CONTEXT() REPRESENTATION_CONTEXT('2D SPACE',''
  ) );
#6843 = ORIENTED_EDGE('',*,*,#6844,.T.);
#6844 = EDGE_CURVE('',#6822,#2384,#6845,.T.);
#6845 = SURFACE_CURVE('',#6846,(#6850,#6857),.PCURVE_S1.);
#6846 = LINE('',#6847,#6848);
#6847 = CARTESIAN_POINT('',(249.44684570312,-147.3412402343,18.2));
#6848 = VECTOR('',#6849,1.);
#6849 = DIRECTION('',(0.,-0.,1.));
#6850 = PCURVE('',#2476,#6851);
#6851 = DEFINITIONAL_REPRESENTATION('',(#6852),#6856);
#6852 = LINE('',#6853,#6854);
#6853 = CARTESIAN_POINT('',(0.,0.));
#6854 = VECTOR('',#6855,1.);
#6855 = DIRECTION('',(0.,-1.));
#6856 = ( GEOMETRIC_REPRESENTATION_CONTEXT(2) 
PARAMETRIC_REPRESENTATION_CONTEXT() REPRESENTATION_CONTEXT('2D SPACE',''
  ) );
#6857 = PCURVE('',#2413,#6858);
#6858 = DEFINITIONAL_REPRESENTATION('',(#6859),#6863);
#6859 = LINE('',#6860,#6861);
#6860 = CARTESIAN_POINT('',(1.,0.));
#6861 = VECTOR('',#6862,1.);
#6862 = DIRECTION('',(0.,-1.));
#6863 = ( GEOMETRIC_REPRESENTATION_CONTEXT(2) 
PARAMETRIC_REPRESENTATION_CONTEXT() REPRESENTATION_CONTEXT('2D SPACE',''
  ) );
#6864 = ORIENTED_EDGE('',*,*,#2434,.F.);
#6865 = ORIENTED_EDGE('',*,*,#6746,.F.);
#6866 = ADVANCED_FACE('',(#6867),#1613,.F.);
#6867 = FACE_BOUND('',#6868,.F.);
#6868 = EDGE_LOOP('',(#6869,#6892,#6893,#6894));
#6869 = ORIENTED_EDGE('',*,*,#6870,.F.);
#6870 = EDGE_CURVE('',#6773,#6871,#6873,.T.);
#6871 = VERTEX_POINT('',#6872);
#6872 = CARTESIAN_POINT('',(252.1080859375,-153.1367871093,18.2));
#6873 = SURFACE_CURVE('',#6874,(#6878,#6885),.PCURVE_S1.);
#6874 = LINE('',#6875,#6876);
#6875 = CARTESIAN_POINT('',(253.98810546875,-153.1367871093,18.2));
#6876 = VECTOR('',#6877,1.);
#6877 = DIRECTION('',(-1.,2.362152107828E-16,0.));
#6878 = PCURVE('',#1613,#6879);
#6879 = DEFINITIONAL_REPRESENTATION('',(#6880),#6884);
#6880 = LINE('',#6881,#6882);
#6881 = CARTESIAN_POINT('',(0.,0.));
#6882 = VECTOR('',#6883,1.);
#6883 = DIRECTION('',(1.,0.));
#6884 = ( GEOMETRIC_REPRESENTATION_CONTEXT(2) 
PARAMETRIC_REPRESENTATION_CONTEXT() REPRESENTATION_CONTEXT('2D SPACE',''
  ) );
#6885 = PCURVE('',#6617,#6886);
#6886 = DEFINITIONAL_REPRESENTATION('',(#6887),#6891);
#6887 = LINE('',#6888,#6889);
#6888 = CARTESIAN_POINT('',(0.6901171875,-0.18));
#6889 = VECTOR('',#6890,1.);
#6890 = DIRECTION('',(1.41706058578E-17,1.));
#6891 = ( GEOMETRIC_REPRESENTATION_CONTEXT(2) 
PARAMETRIC_REPRESENTATION_CONTEXT() REPRESENTATION_CONTEXT('2D SPACE',''
  ) );
#6892 = ORIENTED_EDGE('',*,*,#6797,.T.);
#6893 = ORIENTED_EDGE('',*,*,#1598,.F.);
#6894 = ORIENTED_EDGE('',*,*,#6895,.F.);
#6895 = EDGE_CURVE('',#6871,#1599,#6896,.T.);
#6896 = SURFACE_CURVE('',#6897,(#6901,#6908),.PCURVE_S1.);
#6897 = LINE('',#6898,#6899);
#6898 = CARTESIAN_POINT('',(252.1080859375,-153.1367871093,18.2));
#6899 = VECTOR('',#6900,1.);
#6900 = DIRECTION('',(0.,-0.,1.));
#6901 = PCURVE('',#1613,#6902);
#6902 = DEFINITIONAL_REPRESENTATION('',(#6903),#6907);
#6903 = LINE('',#6904,#6905);
#6904 = CARTESIAN_POINT('',(1.88001953125,0.));
#6905 = VECTOR('',#6906,1.);
#6906 = DIRECTION('',(0.,-1.));
#6907 = ( GEOMETRIC_REPRESENTATION_CONTEXT(2) 
PARAMETRIC_REPRESENTATION_CONTEXT() REPRESENTATION_CONTEXT('2D SPACE',''
  ) );
#6908 = PCURVE('',#1639,#6909);
#6909 = DEFINITIONAL_REPRESENTATION('',(#6910),#6914);
#6910 = LINE('',#6911,#6912);
#6911 = CARTESIAN_POINT('',(0.,0.));
#6912 = VECTOR('',#6913,1.);
#6913 = DIRECTION('',(0.,-1.));
#6914 = ( GEOMETRIC_REPRESENTATION_CONTEXT(2) 
PARAMETRIC_REPRESENTATION_CONTEXT() REPRESENTATION_CONTEXT('2D SPACE',''
  ) );
#6915 = ADVANCED_FACE('',(#6916),#2413,.F.);
#6916 = FACE_BOUND('',#6917,.F.);
#6917 = EDGE_LOOP('',(#6918,#6941,#6962,#6963));
#6918 = ORIENTED_EDGE('',*,*,#6919,.F.);
#6919 = EDGE_CURVE('',#6920,#6822,#6922,.T.);
#6920 = VERTEX_POINT('',#6921);
#6921 = CARTESIAN_POINT('',(248.224921875,-147.0028613281,18.2));
#6922 = SURFACE_CURVE('',#6923,(#6927,#6934),.PCURVE_S1.);
#6923 = B_SPLINE_CURVE_WITH_KNOTS('',2,(#6924,#6925,#6926),
  .UNSPECIFIED.,.F.,.F.,(3,3),(0.,1.),.PIECEWISE_BEZIER_KNOTS.);
#6924 = CARTESIAN_POINT('',(248.224921875,-147.0028613281,18.2));
#6925 = CARTESIAN_POINT('',(248.8801953125,-147.0028613281,18.2));
#6926 = CARTESIAN_POINT('',(249.44684570312,-147.3412402343,18.2));
#6927 = PCURVE('',#2413,#6928);
#6928 = DEFINITIONAL_REPRESENTATION('',(#6929),#6933);
#6929 = LINE('',#6930,#6931);
#6930 = CARTESIAN_POINT('',(0.,0.));
#6931 = VECTOR('',#6932,1.);
#6932 = DIRECTION('',(1.,0.));
#6933 = ( GEOMETRIC_REPRESENTATION_CONTEXT(2) 
PARAMETRIC_REPRESENTATION_CONTEXT() REPRESENTATION_CONTEXT('2D SPACE',''
  ) );
#6934 = PCURVE('',#6617,#6935);
#6935 = DEFINITIONAL_REPRESENTATION('',(#6936),#6940);
#6936 = B_SPLINE_CURVE_WITH_KNOTS('',2,(#6937,#6938,#6939),
  .UNSPECIFIED.,.F.,.F.,(3,3),(0.,1.),.PIECEWISE_BEZIER_KNOTS.);
#6937 = CARTESIAN_POINT('',(6.82404296875,5.58318359375));
#6938 = CARTESIAN_POINT('',(6.82404296875,4.92791015625));
#6939 = CARTESIAN_POINT('',(6.4856640625,4.361259765625));
#6940 = ( GEOMETRIC_REPRESENTATION_CONTEXT(2) 
PARAMETRIC_REPRESENTATION_CONTEXT() REPRESENTATION_CONTEXT('2D SPACE',''
  ) );
#6941 = ORIENTED_EDGE('',*,*,#6942,.T.);
#6942 = EDGE_CURVE('',#6920,#2348,#6943,.T.);
#6943 = SURFACE_CURVE('',#6944,(#6948,#6955),.PCURVE_S1.);
#6944 = LINE('',#6945,#6946);
#6945 = CARTESIAN_POINT('',(248.224921875,-147.0028613281,18.2));
#6946 = VECTOR('',#6947,1.);
#6947 = DIRECTION('',(0.,-0.,1.));
#6948 = PCURVE('',#2413,#6949);
#6949 = DEFINITIONAL_REPRESENTATION('',(#6950),#6954);
#6950 = LINE('',#6951,#6952);
#6951 = CARTESIAN_POINT('',(0.,0.));
#6952 = VECTOR('',#6953,1.);
#6953 = DIRECTION('',(0.,-1.));
#6954 = ( GEOMETRIC_REPRESENTATION_CONTEXT(2) 
PARAMETRIC_REPRESENTATION_CONTEXT() REPRESENTATION_CONTEXT('2D SPACE',''
  ) );
#6955 = PCURVE('',#2367,#6956);
#6956 = DEFINITIONAL_REPRESENTATION('',(#6957),#6961);
#6957 = LINE('',#6958,#6959);
#6958 = CARTESIAN_POINT('',(1.,0.));
#6959 = VECTOR('',#6960,1.);
#6960 = DIRECTION('',(0.,-1.));
#6961 = ( GEOMETRIC_REPRESENTATION_CONTEXT(2) 
PARAMETRIC_REPRESENTATION_CONTEXT() REPRESENTATION_CONTEXT('2D SPACE',''
  ) );
#6962 = ORIENTED_EDGE('',*,*,#2383,.F.);
#6963 = ORIENTED_EDGE('',*,*,#6844,.F.);
#6964 = ADVANCED_FACE('',(#6965),#1639,.F.);
#6965 = FACE_BOUND('',#6966,.F.);
#6966 = EDGE_LOOP('',(#6967,#6990,#6991,#6992));
#6967 = ORIENTED_EDGE('',*,*,#6968,.F.);
#6968 = EDGE_CURVE('',#6871,#6969,#6971,.T.);
#6969 = VERTEX_POINT('',#6970);
#6970 = CARTESIAN_POINT('',(249.52458984375,-150.2095410156,18.2));
#6971 = SURFACE_CURVE('',#6972,(#6976,#6983),.PCURVE_S1.);
#6972 = LINE('',#6973,#6974);
#6973 = CARTESIAN_POINT('',(252.1080859375,-153.1367871093,18.2));
#6974 = VECTOR('',#6975,1.);
#6975 = DIRECTION('',(-0.661712631954,0.749757555956,0.));
#6976 = PCURVE('',#1639,#6977);
#6977 = DEFINITIONAL_REPRESENTATION('',(#6978),#6982);
#6978 = LINE('',#6979,#6980);
#6979 = CARTESIAN_POINT('',(0.,0.));
#6980 = VECTOR('',#6981,1.);
#6981 = DIRECTION('',(1.,0.));
#6982 = ( GEOMETRIC_REPRESENTATION_CONTEXT(2) 
PARAMETRIC_REPRESENTATION_CONTEXT() REPRESENTATION_CONTEXT('2D SPACE',''
  ) );
#6983 = PCURVE('',#6617,#6984);
#6984 = DEFINITIONAL_REPRESENTATION('',(#6985),#6989);
#6985 = LINE('',#6986,#6987);
#6986 = CARTESIAN_POINT('',(0.6901171875,1.70001953125));
#6987 = VECTOR('',#6988,1.);
#6988 = DIRECTION('',(0.749757555956,0.661712631954));
#6989 = ( GEOMETRIC_REPRESENTATION_CONTEXT(2) 
PARAMETRIC_REPRESENTATION_CONTEXT() REPRESENTATION_CONTEXT('2D SPACE',''
  ) );
#6990 = ORIENTED_EDGE('',*,*,#6895,.T.);
#6991 = ORIENTED_EDGE('',*,*,#1624,.F.);
#6992 = ORIENTED_EDGE('',*,*,#6993,.F.);
#6993 = EDGE_CURVE('',#6969,#1625,#6994,.T.);
#6994 = SURFACE_CURVE('',#6995,(#6999,#7006),.PCURVE_S1.);
#6995 = LINE('',#6996,#6997);
#6996 = CARTESIAN_POINT('',(249.52458984375,-150.2095410156,18.2));
#6997 = VECTOR('',#6998,1.);
#6998 = DIRECTION('',(0.,-0.,1.));
#6999 = PCURVE('',#1639,#7000);
#7000 = DEFINITIONAL_REPRESENTATION('',(#7001),#7005);
#7001 = LINE('',#7002,#7003);
#7002 = CARTESIAN_POINT('',(3.904256876769,0.));
#7003 = VECTOR('',#7004,1.);
#7004 = DIRECTION('',(0.,-1.));
#7005 = ( GEOMETRIC_REPRESENTATION_CONTEXT(2) 
PARAMETRIC_REPRESENTATION_CONTEXT() REPRESENTATION_CONTEXT('2D SPACE',''
  ) );
#7006 = PCURVE('',#1674,#7007);
#7007 = DEFINITIONAL_REPRESENTATION('',(#7008),#7012);
#7008 = LINE('',#7009,#7010);
#7009 = CARTESIAN_POINT('',(0.,0.));
#7010 = VECTOR('',#7011,1.);
#7011 = DIRECTION('',(0.,-1.));
#7012 = ( GEOMETRIC_REPRESENTATION_CONTEXT(2) 
PARAMETRIC_REPRESENTATION_CONTEXT() REPRESENTATION_CONTEXT('2D SPACE',''
  ) );
#7013 = ADVANCED_FACE('',(#7014),#2367,.F.);
#7014 = FACE_BOUND('',#7015,.F.);
#7015 = EDGE_LOOP('',(#7016,#7039,#7066,#7067));
#7016 = ORIENTED_EDGE('',*,*,#7017,.F.);
#7017 = EDGE_CURVE('',#7018,#6920,#7020,.T.);
#7018 = VERTEX_POINT('',#7019);
#7019 = CARTESIAN_POINT('',(248.03511934689,-147.0086707756,18.2));
#7020 = SURFACE_CURVE('',#7021,(#7025,#7032),.PCURVE_S1.);
#7021 = B_SPLINE_CURVE_WITH_KNOTS('',2,(#7022,#7023,#7024),
  .UNSPECIFIED.,.F.,.F.,(3,3),(0.,1.),.PIECEWISE_BEZIER_KNOTS.);
#7022 = CARTESIAN_POINT('',(246.45783203125,-147.80046875,18.2));
#7023 = CARTESIAN_POINT('',(247.09162109375,-147.0028613281,18.2));
#7024 = CARTESIAN_POINT('',(248.224921875,-147.0028613281,18.2));
#7025 = PCURVE('',#2367,#7026);
#7026 = DEFINITIONAL_REPRESENTATION('',(#7027),#7031);
#7027 = LINE('',#7028,#7029);
#7028 = CARTESIAN_POINT('',(0.,0.));
#7029 = VECTOR('',#7030,1.);
#7030 = DIRECTION('',(1.,0.));
#7031 = ( GEOMETRIC_REPRESENTATION_CONTEXT(2) 
PARAMETRIC_REPRESENTATION_CONTEXT() REPRESENTATION_CONTEXT('2D SPACE',''
  ) );
#7032 = PCURVE('',#6617,#7033);
#7033 = DEFINITIONAL_REPRESENTATION('',(#7034),#7038);
#7034 = B_SPLINE_CURVE_WITH_KNOTS('',2,(#7035,#7036,#7037),
  .UNSPECIFIED.,.F.,.F.,(3,3),(0.,1.),.PIECEWISE_BEZIER_KNOTS.);
#7035 = CARTESIAN_POINT('',(6.026435546875,7.3502734375));
#7036 = CARTESIAN_POINT('',(6.82404296875,6.716484375));
#7037 = CARTESIAN_POINT('',(6.82404296875,5.58318359375));
#7038 = ( GEOMETRIC_REPRESENTATION_CONTEXT(2) 
PARAMETRIC_REPRESENTATION_CONTEXT() REPRESENTATION_CONTEXT('2D SPACE',''
  ) );
#7039 = ORIENTED_EDGE('',*,*,#7040,.T.);
#7040 = EDGE_CURVE('',#7018,#2312,#7041,.T.);
#7041 = SURFACE_CURVE('',#7042,(#7048,#7057),.PCURVE_S1.);
#7042 = B_SPLINE_CURVE_WITH_KNOTS('',4,(#7043,#7044,#7045,#7046,#7047),
  .UNSPECIFIED.,.F.,.F.,(5,5),(0.,1.),.PIECEWISE_BEZIER_KNOTS.);
#7043 = CARTESIAN_POINT('',(248.03511934689,-147.0086707756,18.1999994)
  );
#7044 = CARTESIAN_POINT('',(248.03511934689,-147.0086707756,
    18.599999699995));
#7045 = CARTESIAN_POINT('',(248.03511934689,-147.0086707756,
    18.999999999987));
#7046 = CARTESIAN_POINT('',(248.03511934689,-147.0086707756,
    19.400000300005));
#7047 = CARTESIAN_POINT('',(248.03511934689,-147.0086707756,19.8000006)
  );
#7048 = PCURVE('',#2367,#7049);
#7049 = DEFINITIONAL_REPRESENTATION('',(#7050),#7056);
#7050 = B_SPLINE_CURVE_WITH_KNOTS('',4,(#7051,#7052,#7053,#7054,#7055),
  .UNSPECIFIED.,.F.,.F.,(5,5),(0.,1.),.PIECEWISE_BEZIER_KNOTS.);
#7051 = CARTESIAN_POINT('',(0.914656033427,5.999999999062E-07));
#7052 = CARTESIAN_POINT('',(0.914656033427,-0.399999699995));
#7053 = CARTESIAN_POINT('',(0.914656033427,-0.799999999987));
#7054 = CARTESIAN_POINT('',(0.914656033427,-1.200000300005));
#7055 = CARTESIAN_POINT('',(0.914656033427,-1.6000006));
#7056 = ( GEOMETRIC_REPRESENTATION_CONTEXT(2) 
PARAMETRIC_REPRESENTATION_CONTEXT() REPRESENTATION_CONTEXT('2D SPACE',''
  ) );
#7057 = PCURVE('',#2331,#7058);
#7058 = DEFINITIONAL_REPRESENTATION('',(#7059),#7065);
#7059 = B_SPLINE_CURVE_WITH_KNOTS('',4,(#7060,#7061,#7062,#7063,#7064),
  .UNSPECIFIED.,.F.,.F.,(5,5),(0.,1.),.PIECEWISE_BEZIER_KNOTS.);
#7060 = CARTESIAN_POINT('',(0.131028502025,5.999790060329E-07));
#7061 = CARTESIAN_POINT('',(0.131028502025,-0.399999700016));
#7062 = CARTESIAN_POINT('',(0.131028502025,-0.800000000015));
#7063 = CARTESIAN_POINT('',(0.131028502025,-1.200000299962));
#7064 = CARTESIAN_POINT('',(0.131028502025,-1.600000599957));
#7065 = ( GEOMETRIC_REPRESENTATION_CONTEXT(2) 
PARAMETRIC_REPRESENTATION_CONTEXT() REPRESENTATION_CONTEXT('2D SPACE',''
  ) );
#7066 = ORIENTED_EDGE('',*,*,#2347,.F.);
#7067 = ORIENTED_EDGE('',*,*,#6942,.F.);
#7068 = ADVANCED_FACE('',(#7069),#1674,.F.);
#7069 = FACE_BOUND('',#7070,.F.);
#7070 = EDGE_LOOP('',(#7071,#7094,#7095,#7096));
#7071 = ORIENTED_EDGE('',*,*,#7072,.F.);
#7072 = EDGE_CURVE('',#6969,#7073,#7075,.T.);
#7073 = VERTEX_POINT('',#7074);
#7074 = CARTESIAN_POINT('',(248.83171875,-149.6294628906,18.2));
#7075 = SURFACE_CURVE('',#7076,(#7080,#7087),.PCURVE_S1.);
#7076 = B_SPLINE_CURVE_WITH_KNOTS('',2,(#7077,#7078,#7079),
  .UNSPECIFIED.,.F.,.F.,(3,3),(0.,1.),.PIECEWISE_BEZIER_KNOTS.);
#7077 = CARTESIAN_POINT('',(249.52458984375,-150.2095410156,18.2));
#7078 = CARTESIAN_POINT('',(249.17009765625,-149.8174511718,18.2));
#7079 = CARTESIAN_POINT('',(248.83171875,-149.6294628906,18.2));
#7080 = PCURVE('',#1674,#7081);
#7081 = DEFINITIONAL_REPRESENTATION('',(#7082),#7086);
#7082 = LINE('',#7083,#7084);
#7083 = CARTESIAN_POINT('',(0.,0.));
#7084 = VECTOR('',#7085,1.);
#7085 = DIRECTION('',(1.,0.));
#7086 = ( GEOMETRIC_REPRESENTATION_CONTEXT(2) 
PARAMETRIC_REPRESENTATION_CONTEXT() REPRESENTATION_CONTEXT('2D SPACE',''
  ) );
#7087 = PCURVE('',#6617,#7088);
#7088 = DEFINITIONAL_REPRESENTATION('',(#7089),#7093);
#7089 = B_SPLINE_CURVE_WITH_KNOTS('',2,(#7090,#7091,#7092),
  .UNSPECIFIED.,.F.,.F.,(3,3),(0.,1.),.PIECEWISE_BEZIER_KNOTS.);
#7090 = CARTESIAN_POINT('',(3.61736328125,4.283515625));
#7091 = CARTESIAN_POINT('',(4.009453125,4.6380078125));
#7092 = CARTESIAN_POINT('',(4.19744140625,4.97638671875));
#7093 = ( GEOMETRIC_REPRESENTATION_CONTEXT(2) 
PARAMETRIC_REPRESENTATION_CONTEXT() REPRESENTATION_CONTEXT('2D SPACE',''
  ) );
#7094 = ORIENTED_EDGE('',*,*,#6993,.T.);
#7095 = ORIENTED_EDGE('',*,*,#1650,.F.);
#7096 = ORIENTED_EDGE('',*,*,#7097,.F.);
#7097 = EDGE_CURVE('',#7073,#1651,#7098,.T.);
#7098 = SURFACE_CURVE('',#7099,(#7103,#7110),.PCURVE_S1.);
#7099 = LINE('',#7100,#7101);
#7100 = CARTESIAN_POINT('',(248.83171875,-149.6294628906,18.2));
#7101 = VECTOR('',#7102,1.);
#7102 = DIRECTION('',(0.,-0.,1.));
#7103 = PCURVE('',#1674,#7104);
#7104 = DEFINITIONAL_REPRESENTATION('',(#7105),#7109);
#7105 = LINE('',#7106,#7107);
#7106 = CARTESIAN_POINT('',(1.,0.));
#7107 = VECTOR('',#7108,1.);
#7108 = DIRECTION('',(0.,-1.));
#7109 = ( GEOMETRIC_REPRESENTATION_CONTEXT(2) 
PARAMETRIC_REPRESENTATION_CONTEXT() REPRESENTATION_CONTEXT('2D SPACE',''
  ) );
#7110 = PCURVE('',#1714,#7111);
#7111 = DEFINITIONAL_REPRESENTATION('',(#7112),#7116);
#7112 = LINE('',#7113,#7114);
#7113 = CARTESIAN_POINT('',(0.,0.));
#7114 = VECTOR('',#7115,1.);
#7115 = DIRECTION('',(0.,-1.));
#7116 = ( GEOMETRIC_REPRESENTATION_CONTEXT(2) 
PARAMETRIC_REPRESENTATION_CONTEXT() REPRESENTATION_CONTEXT('2D SPACE',''
  ) );
#7117 = ADVANCED_FACE('',(#7118),#2331,.F.);
#7118 = FACE_BOUND('',#7119,.F.);
#7119 = EDGE_LOOP('',(#7120,#7143,#7164,#7165));
#7120 = ORIENTED_EDGE('',*,*,#7121,.F.);
#7121 = EDGE_CURVE('',#7122,#7018,#7124,.T.);
#7122 = VERTEX_POINT('',#7123);
#7123 = CARTESIAN_POINT('',(247.864921875,-147.0028613281,18.2));
#7124 = SURFACE_CURVE('',#7125,(#7129,#7136),.PCURVE_S1.);
#7125 = B_SPLINE_CURVE_WITH_KNOTS('',2,(#7126,#7127,#7128),
  .UNSPECIFIED.,.F.,.F.,(3,3),(0.,1.),.PIECEWISE_BEZIER_KNOTS.);
#7126 = CARTESIAN_POINT('',(247.864921875,-147.0028613281,18.2));
#7127 = CARTESIAN_POINT('',(248.5201953125,-147.0028613281,18.2));
#7128 = CARTESIAN_POINT('',(249.08684570312,-147.3412402343,18.2));
#7129 = PCURVE('',#2331,#7130);
#7130 = DEFINITIONAL_REPRESENTATION('',(#7131),#7135);
#7131 = LINE('',#7132,#7133);
#7132 = CARTESIAN_POINT('',(0.,0.));
#7133 = VECTOR('',#7134,1.);
#7134 = DIRECTION('',(1.,0.));
#7135 = ( GEOMETRIC_REPRESENTATION_CONTEXT(2) 
PARAMETRIC_REPRESENTATION_CONTEXT() REPRESENTATION_CONTEXT('2D SPACE',''
  ) );
#7136 = PCURVE('',#6617,#7137);
#7137 = DEFINITIONAL_REPRESENTATION('',(#7138),#7142);
#7138 = B_SPLINE_CURVE_WITH_KNOTS('',2,(#7139,#7140,#7141),
  .UNSPECIFIED.,.F.,.F.,(3,3),(0.,1.),.PIECEWISE_BEZIER_KNOTS.);
#7139 = CARTESIAN_POINT('',(6.82404296875,5.94318359375));
#7140 = CARTESIAN_POINT('',(6.82404296875,5.28791015625));
#7141 = CARTESIAN_POINT('',(6.4856640625,4.721259765625));
#7142 = ( GEOMETRIC_REPRESENTATION_CONTEXT(2) 
PARAMETRIC_REPRESENTATION_CONTEXT() REPRESENTATION_CONTEXT('2D SPACE',''
  ) );
#7143 = ORIENTED_EDGE('',*,*,#7144,.T.);
#7144 = EDGE_CURVE('',#7122,#2237,#7145,.T.);
#7145 = SURFACE_CURVE('',#7146,(#7150,#7157),.PCURVE_S1.);
#7146 = LINE('',#7147,#7148);
#7147 = CARTESIAN_POINT('',(247.864921875,-147.0028613281,18.2));
#7148 = VECTOR('',#7149,1.);
#7149 = DIRECTION('',(0.,-0.,1.));
#7150 = PCURVE('',#2331,#7151);
#7151 = DEFINITIONAL_REPRESENTATION('',(#7152),#7156);
#7152 = LINE('',#7153,#7154);
#7153 = CARTESIAN_POINT('',(0.,0.));
#7154 = VECTOR('',#7155,1.);
#7155 = DIRECTION('',(0.,-1.));
#7156 = ( GEOMETRIC_REPRESENTATION_CONTEXT(2) 
PARAMETRIC_REPRESENTATION_CONTEXT() REPRESENTATION_CONTEXT('2D SPACE',''
  ) );
#7157 = PCURVE('',#2282,#7158);
#7158 = DEFINITIONAL_REPRESENTATION('',(#7159),#7163);
#7159 = LINE('',#7160,#7161);
#7160 = CARTESIAN_POINT('',(1.,0.));
#7161 = VECTOR('',#7162,1.);
#7162 = DIRECTION('',(0.,-1.));
#7163 = ( GEOMETRIC_REPRESENTATION_CONTEXT(2) 
PARAMETRIC_REPRESENTATION_CONTEXT() REPRESENTATION_CONTEXT('2D SPACE',''
  ) );
#7164 = ORIENTED_EDGE('',*,*,#2311,.F.);
#7165 = ORIENTED_EDGE('',*,*,#7040,.F.);
#7166 = ADVANCED_FACE('',(#7167),#1714,.F.);
#7167 = FACE_BOUND('',#7168,.F.);
#7168 = EDGE_LOOP('',(#7169,#7192,#7193,#7194));
#7169 = ORIENTED_EDGE('',*,*,#7170,.F.);
#7170 = EDGE_CURVE('',#7073,#7171,#7173,.T.);
#7171 = VERTEX_POINT('',#7172);
#7172 = CARTESIAN_POINT('',(248.30275375495,-149.4524140172,18.2));
#7173 = SURFACE_CURVE('',#7174,(#7178,#7185),.PCURVE_S1.);
#7174 = B_SPLINE_CURVE_WITH_KNOTS('',2,(#7175,#7176,#7177),
  .UNSPECIFIED.,.F.,.F.,(3,3),(0.,1.),.PIECEWISE_BEZIER_KNOTS.);
#7175 = CARTESIAN_POINT('',(248.83171875,-149.6294628906,18.2));
#7176 = CARTESIAN_POINT('',(248.49333984375,-149.4414746093,18.2));
#7177 = CARTESIAN_POINT('',(248.12810546875,-149.4414746093,18.2));
#7178 = PCURVE('',#1714,#7179);
#7179 = DEFINITIONAL_REPRESENTATION('',(#7180),#7184);
#7180 = LINE('',#7181,#7182);
#7181 = CARTESIAN_POINT('',(0.,0.));
#7182 = VECTOR('',#7183,1.);
#7183 = DIRECTION('',(1.,0.));
#7184 = ( GEOMETRIC_REPRESENTATION_CONTEXT(2) 
PARAMETRIC_REPRESENTATION_CONTEXT() REPRESENTATION_CONTEXT('2D SPACE',''
  ) );
#7185 = PCURVE('',#6617,#7186);
#7186 = DEFINITIONAL_REPRESENTATION('',(#7187),#7191);
#7187 = B_SPLINE_CURVE_WITH_KNOTS('',2,(#7188,#7189,#7190),
  .UNSPECIFIED.,.F.,.F.,(3,3),(0.,1.),.PIECEWISE_BEZIER_KNOTS.);
#7188 = CARTESIAN_POINT('',(4.19744140625,4.97638671875));
#7189 = CARTESIAN_POINT('',(4.3854296875,5.314765625));
#7190 = CARTESIAN_POINT('',(4.3854296875,5.68));
#7191 = ( GEOMETRIC_REPRESENTATION_CONTEXT(2) 
PARAMETRIC_REPRESENTATION_CONTEXT() REPRESENTATION_CONTEXT('2D SPACE',''
  ) );
#7192 = ORIENTED_EDGE('',*,*,#7097,.T.);
#7193 = ORIENTED_EDGE('',*,*,#1692,.F.);
#7194 = ORIENTED_EDGE('',*,*,#7195,.F.);
#7195 = EDGE_CURVE('',#7171,#1693,#7196,.T.);
#7196 = SURFACE_CURVE('',#7197,(#7203,#7212),.PCURVE_S1.);
#7197 = B_SPLINE_CURVE_WITH_KNOTS('',4,(#7198,#7199,#7200,#7201,#7202),
  .UNSPECIFIED.,.F.,.F.,(5,5),(0.,1.),.PIECEWISE_BEZIER_KNOTS.);
#7198 = CARTESIAN_POINT('',(248.30275375495,-149.4524140172,18.1999994)
  );
#7199 = CARTESIAN_POINT('',(248.30275375495,-149.4524140172,
    18.599999699995));
#7200 = CARTESIAN_POINT('',(248.30275375495,-149.4524140172,
    19.000000000004));
#7201 = CARTESIAN_POINT('',(248.30275375495,-149.4524140172,
    19.400000300005));
#7202 = CARTESIAN_POINT('',(248.30275375495,-149.4524140172,19.8000006)
  );
#7203 = PCURVE('',#1714,#7204);
#7204 = DEFINITIONAL_REPRESENTATION('',(#7205),#7211);
#7205 = B_SPLINE_CURVE_WITH_KNOTS('',4,(#7206,#7207,#7208,#7209,#7210),
  .UNSPECIFIED.,.F.,.F.,(5,5),(0.,1.),.PIECEWISE_BEZIER_KNOTS.);
#7206 = CARTESIAN_POINT('',(0.75876988747,5.999645280585E-07));
#7207 = CARTESIAN_POINT('',(0.75876988747,-0.39999970003));
#7208 = CARTESIAN_POINT('',(0.75876988747,-0.799999999995));
#7209 = CARTESIAN_POINT('',(0.75876988747,-1.200000299977));
#7210 = CARTESIAN_POINT('',(0.75876988747,-1.600000599971));
#7211 = ( GEOMETRIC_REPRESENTATION_CONTEXT(2) 
PARAMETRIC_REPRESENTATION_CONTEXT() REPRESENTATION_CONTEXT('2D SPACE',''
  ) );
#7212 = PCURVE('',#1761,#7213);
#7213 = DEFINITIONAL_REPRESENTATION('',(#7214),#7220);
#7214 = B_SPLINE_CURVE_WITH_KNOTS('',4,(#7215,#7216,#7217,#7218,#7219),
  .UNSPECIFIED.,.F.,.F.,(5,5),(0.,1.),.PIECEWISE_BEZIER_KNOTS.);
#7215 = CARTESIAN_POINT('',(0.169969494622,5.999999999062E-07));
#7216 = CARTESIAN_POINT('',(0.169969494622,-0.399999699995));
#7217 = CARTESIAN_POINT('',(0.169969494622,-0.800000000004));
#7218 = CARTESIAN_POINT('',(0.169969494622,-1.200000300005));
#7219 = CARTESIAN_POINT('',(0.169969494622,-1.6000006));
#7220 = ( GEOMETRIC_REPRESENTATION_CONTEXT(2) 
PARAMETRIC_REPRESENTATION_CONTEXT() REPRESENTATION_CONTEXT('2D SPACE',''
  ) );
#7221 = ADVANCED_FACE('',(#7222),#2282,.F.);
#7222 = FACE_BOUND('',#7223,.F.);
#7223 = EDGE_LOOP('',(#7224,#7247,#7268,#7269));
#7224 = ORIENTED_EDGE('',*,*,#7225,.F.);
#7225 = EDGE_CURVE('',#7226,#7122,#7228,.T.);
#7226 = VERTEX_POINT('',#7227);
#7227 = CARTESIAN_POINT('',(246.09783203125,-147.80046875,18.2));
#7228 = SURFACE_CURVE('',#7229,(#7233,#7240),.PCURVE_S1.);
#7229 = B_SPLINE_CURVE_WITH_KNOTS('',2,(#7230,#7231,#7232),
  .UNSPECIFIED.,.F.,.F.,(3,3),(0.,1.),.PIECEWISE_BEZIER_KNOTS.);
#7230 = CARTESIAN_POINT('',(246.09783203125,-147.80046875,18.2));
#7231 = CARTESIAN_POINT('',(246.73162109375,-147.0028613281,18.2));
#7232 = CARTESIAN_POINT('',(247.864921875,-147.0028613281,18.2));
#7233 = PCURVE('',#2282,#7234);
#7234 = DEFINITIONAL_REPRESENTATION('',(#7235),#7239);
#7235 = LINE('',#7236,#7237);
#7236 = CARTESIAN_POINT('',(0.,0.));
#7237 = VECTOR('',#7238,1.);
#7238 = DIRECTION('',(1.,0.));
#7239 = ( GEOMETRIC_REPRESENTATION_CONTEXT(2) 
PARAMETRIC_REPRESENTATION_CONTEXT() REPRESENTATION_CONTEXT('2D SPACE',''
  ) );
#7240 = PCURVE('',#6617,#7241);
#7241 = DEFINITIONAL_REPRESENTATION('',(#7242),#7246);
#7242 = B_SPLINE_CURVE_WITH_KNOTS('',2,(#7243,#7244,#7245),
  .UNSPECIFIED.,.F.,.F.,(3,3),(0.,1.),.PIECEWISE_BEZIER_KNOTS.);
#7243 = CARTESIAN_POINT('',(6.026435546875,7.7102734375));
#7244 = CARTESIAN_POINT('',(6.82404296875,7.076484375));
#7245 = CARTESIAN_POINT('',(6.82404296875,5.94318359375));
#7246 = ( GEOMETRIC_REPRESENTATION_CONTEXT(2) 
PARAMETRIC_REPRESENTATION_CONTEXT() REPRESENTATION_CONTEXT('2D SPACE',''
  ) );
#7247 = ORIENTED_EDGE('',*,*,#7248,.T.);
#7248 = EDGE_CURVE('',#7226,#2162,#7249,.T.);
#7249 = SURFACE_CURVE('',#7250,(#7254,#7261),.PCURVE_S1.);
#7250 = LINE('',#7251,#7252);
#7251 = CARTESIAN_POINT('',(246.09783203125,-147.80046875,18.2));
#7252 = VECTOR('',#7253,1.);
#7253 = DIRECTION('',(0.,-0.,1.));
#7254 = PCURVE('',#2282,#7255);
#7255 = DEFINITIONAL_REPRESENTATION('',(#7256),#7260);
#7256 = LINE('',#7257,#7258);
#7257 = CARTESIAN_POINT('',(0.,0.));
#7258 = VECTOR('',#7259,1.);
#7259 = DIRECTION('',(0.,-1.));
#7260 = ( GEOMETRIC_REPRESENTATION_CONTEXT(2) 
PARAMETRIC_REPRESENTATION_CONTEXT() REPRESENTATION_CONTEXT('2D SPACE',''
  ) );
#7261 = PCURVE('',#2207,#7262);
#7262 = DEFINITIONAL_REPRESENTATION('',(#7263),#7267);
#7263 = LINE('',#7264,#7265);
#7264 = CARTESIAN_POINT('',(1.,0.));
#7265 = VECTOR('',#7266,1.);
#7266 = DIRECTION('',(0.,-1.));
#7267 = ( GEOMETRIC_REPRESENTATION_CONTEXT(2) 
PARAMETRIC_REPRESENTATION_CONTEXT() REPRESENTATION_CONTEXT('2D SPACE',''
  ) );
#7268 = ORIENTED_EDGE('',*,*,#2236,.F.);
#7269 = ORIENTED_EDGE('',*,*,#7144,.F.);
#7270 = ADVANCED_FACE('',(#7271),#1761,.F.);
#7271 = FACE_BOUND('',#7272,.F.);
#7272 = EDGE_LOOP('',(#7273,#7296,#7297,#7298));
#7273 = ORIENTED_EDGE('',*,*,#7274,.F.);
#7274 = EDGE_CURVE('',#7171,#7275,#7277,.T.);
#7275 = VERTEX_POINT('',#7276);
#7276 = CARTESIAN_POINT('',(247.580390625,-149.8201367187,18.2));
#7277 = SURFACE_CURVE('',#7278,(#7282,#7289),.PCURVE_S1.);
#7278 = B_SPLINE_CURVE_WITH_KNOTS('',2,(#7279,#7280,#7281),
  .UNSPECIFIED.,.F.,.F.,(3,3),(0.,1.),.PIECEWISE_BEZIER_KNOTS.);
#7279 = CARTESIAN_POINT('',(248.48810546875,-149.4414746093,18.2));
#7280 = CARTESIAN_POINT('',(247.924140625,-149.4414746093,18.2));
#7281 = CARTESIAN_POINT('',(247.580390625,-149.8201367187,18.2));
#7282 = PCURVE('',#1761,#7283);
#7283 = DEFINITIONAL_REPRESENTATION('',(#7284),#7288);
#7284 = LINE('',#7285,#7286);
#7285 = CARTESIAN_POINT('',(0.,0.));
#7286 = VECTOR('',#7287,1.);
#7287 = DIRECTION('',(1.,0.));
#7288 = ( GEOMETRIC_REPRESENTATION_CONTEXT(2) 
PARAMETRIC_REPRESENTATION_CONTEXT() REPRESENTATION_CONTEXT('2D SPACE',''
  ) );
#7289 = PCURVE('',#6617,#7290);
#7290 = DEFINITIONAL_REPRESENTATION('',(#7291),#7295);
#7291 = B_SPLINE_CURVE_WITH_KNOTS('',2,(#7292,#7293,#7294),
  .UNSPECIFIED.,.F.,.F.,(3,3),(0.,1.),.PIECEWISE_BEZIER_KNOTS.);
#7292 = CARTESIAN_POINT('',(4.3854296875,5.32));
#7293 = CARTESIAN_POINT('',(4.3854296875,5.88396484375));
#7294 = CARTESIAN_POINT('',(4.006767578125,6.22771484375));
#7295 = ( GEOMETRIC_REPRESENTATION_CONTEXT(2) 
PARAMETRIC_REPRESENTATION_CONTEXT() REPRESENTATION_CONTEXT('2D SPACE',''
  ) );
#7296 = ORIENTED_EDGE('',*,*,#7195,.T.);
#7297 = ORIENTED_EDGE('',*,*,#1731,.F.);
#7298 = ORIENTED_EDGE('',*,*,#7299,.F.);
#7299 = EDGE_CURVE('',#7275,#1732,#7300,.T.);
#7300 = SURFACE_CURVE('',#7301,(#7305,#7312),.PCURVE_S1.);
#7301 = LINE('',#7302,#7303);
#7302 = CARTESIAN_POINT('',(247.580390625,-149.8201367187,18.2));
#7303 = VECTOR('',#7304,1.);
#7304 = DIRECTION('',(0.,-0.,1.));
#7305 = PCURVE('',#1761,#7306);
#7306 = DEFINITIONAL_REPRESENTATION('',(#7307),#7311);
#7307 = LINE('',#7308,#7309);
#7308 = CARTESIAN_POINT('',(1.,0.));
#7309 = VECTOR('',#7310,1.);
#7310 = DIRECTION('',(0.,-1.));
#7311 = ( GEOMETRIC_REPRESENTATION_CONTEXT(2) 
PARAMETRIC_REPRESENTATION_CONTEXT() REPRESENTATION_CONTEXT('2D SPACE',''
  ) );
#7312 = PCURVE('',#1816,#7313);
#7313 = DEFINITIONAL_REPRESENTATION('',(#7314),#7318);
#7314 = LINE('',#7315,#7316);
#7315 = CARTESIAN_POINT('',(0.,0.));
#7316 = VECTOR('',#7317,1.);
#7317 = DIRECTION('',(0.,-1.));
#7318 = ( GEOMETRIC_REPRESENTATION_CONTEXT(2) 
PARAMETRIC_REPRESENTATION_CONTEXT() REPRESENTATION_CONTEXT('2D SPACE',''
  ) );
#7319 = ADVANCED_FACE('',(#7320),#2207,.F.);
#7320 = FACE_BOUND('',#7321,.F.);
#7321 = EDGE_LOOP('',(#7322,#7345,#7366,#7367));
#7322 = ORIENTED_EDGE('',*,*,#7323,.F.);
#7323 = EDGE_CURVE('',#7324,#7226,#7326,.T.);
#7324 = VERTEX_POINT('',#7325);
#7325 = CARTESIAN_POINT('',(245.46404296875,-150.0375292968,18.2));
#7326 = SURFACE_CURVE('',#7327,(#7331,#7338),.PCURVE_S1.);
#7327 = B_SPLINE_CURVE_WITH_KNOTS('',2,(#7328,#7329,#7330),
  .UNSPECIFIED.,.F.,.F.,(3,3),(0.,1.),.PIECEWISE_BEZIER_KNOTS.);
#7328 = CARTESIAN_POINT('',(245.46404296875,-150.0375292968,18.2));
#7329 = CARTESIAN_POINT('',(245.46404296875,-148.5980761718,18.2));
#7330 = CARTESIAN_POINT('',(246.09783203125,-147.80046875,18.2));
#7331 = PCURVE('',#2207,#7332);
#7332 = DEFINITIONAL_REPRESENTATION('',(#7333),#7337);
#7333 = LINE('',#7334,#7335);
#7334 = CARTESIAN_POINT('',(0.,0.));
#7335 = VECTOR('',#7336,1.);
#7336 = DIRECTION('',(1.,0.));
#7337 = ( GEOMETRIC_REPRESENTATION_CONTEXT(2) 
PARAMETRIC_REPRESENTATION_CONTEXT() REPRESENTATION_CONTEXT('2D SPACE',''
  ) );
#7338 = PCURVE('',#6617,#7339);
#7339 = DEFINITIONAL_REPRESENTATION('',(#7340),#7344);
#7340 = B_SPLINE_CURVE_WITH_KNOTS('',2,(#7341,#7342,#7343),
  .UNSPECIFIED.,.F.,.F.,(3,3),(0.,1.),.PIECEWISE_BEZIER_KNOTS.);
#7341 = CARTESIAN_POINT('',(3.789375,8.3440625));
#7342 = CARTESIAN_POINT('',(5.228828125,8.3440625));
#7343 = CARTESIAN_POINT('',(6.026435546875,7.7102734375));
#7344 = ( GEOMETRIC_REPRESENTATION_CONTEXT(2) 
PARAMETRIC_REPRESENTATION_CONTEXT() REPRESENTATION_CONTEXT('2D SPACE',''
  ) );
#7345 = ORIENTED_EDGE('',*,*,#7346,.T.);
#7346 = EDGE_CURVE('',#7324,#2126,#7347,.T.);
#7347 = SURFACE_CURVE('',#7348,(#7352,#7359),.PCURVE_S1.);
#7348 = LINE('',#7349,#7350);
#7349 = CARTESIAN_POINT('',(245.46404296875,-150.0375292968,18.2));
#7350 = VECTOR('',#7351,1.);
#7351 = DIRECTION('',(0.,-0.,1.));
#7352 = PCURVE('',#2207,#7353);
#7353 = DEFINITIONAL_REPRESENTATION('',(#7354),#7358);
#7354 = LINE('',#7355,#7356);
#7355 = CARTESIAN_POINT('',(0.,0.));
#7356 = VECTOR('',#7357,1.);
#7357 = DIRECTION('',(0.,-1.));
#7358 = ( GEOMETRIC_REPRESENTATION_CONTEXT(2) 
PARAMETRIC_REPRESENTATION_CONTEXT() REPRESENTATION_CONTEXT('2D SPACE',''
  ) );
#7359 = PCURVE('',#2145,#7360);
#7360 = DEFINITIONAL_REPRESENTATION('',(#7361),#7365);
#7361 = LINE('',#7362,#7363);
#7362 = CARTESIAN_POINT('',(1.,0.));
#7363 = VECTOR('',#7364,1.);
#7364 = DIRECTION('',(0.,-1.));
#7365 = ( GEOMETRIC_REPRESENTATION_CONTEXT(2) 
PARAMETRIC_REPRESENTATION_CONTEXT() REPRESENTATION_CONTEXT('2D SPACE',''
  ) );
#7366 = ORIENTED_EDGE('',*,*,#2161,.F.);
#7367 = ORIENTED_EDGE('',*,*,#7248,.F.);
#7368 = ADVANCED_FACE('',(#7369),#1816,.F.);
#7369 = FACE_BOUND('',#7370,.F.);
#7370 = EDGE_LOOP('',(#7371,#7394,#7395,#7396));
#7371 = ORIENTED_EDGE('',*,*,#7372,.F.);
#7372 = EDGE_CURVE('',#7275,#7373,#7375,.T.);
#7373 = VERTEX_POINT('',#7374);
#7374 = CARTESIAN_POINT('',(247.2438307609,-150.6506693819,18.2));
#7375 = SURFACE_CURVE('',#7376,(#7380,#7387),.PCURVE_S1.);
#7376 = B_SPLINE_CURVE_WITH_KNOTS('',2,(#7377,#7378,#7379),
  .UNSPECIFIED.,.F.,.F.,(3,3),(0.,1.),.PIECEWISE_BEZIER_KNOTS.);
#7377 = CARTESIAN_POINT('',(247.580390625,-149.8201367187,18.2));
#7378 = CARTESIAN_POINT('',(247.236640625,-150.1987988281,18.2));
#7379 = CARTESIAN_POINT('',(247.236640625,-150.8272167968,18.2));
#7380 = PCURVE('',#1816,#7381);
#7381 = DEFINITIONAL_REPRESENTATION('',(#7382),#7386);
#7382 = LINE('',#7383,#7384);
#7383 = CARTESIAN_POINT('',(0.,0.));
#7384 = VECTOR('',#7385,1.);
#7385 = DIRECTION('',(1.,0.));
#7386 = ( GEOMETRIC_REPRESENTATION_CONTEXT(2) 
PARAMETRIC_REPRESENTATION_CONTEXT() REPRESENTATION_CONTEXT('2D SPACE',''
  ) );
#7387 = PCURVE('',#6617,#7388);
#7388 = DEFINITIONAL_REPRESENTATION('',(#7389),#7393);
#7389 = B_SPLINE_CURVE_WITH_KNOTS('',2,(#7390,#7391,#7392),
  .UNSPECIFIED.,.F.,.F.,(3,3),(0.,1.),.PIECEWISE_BEZIER_KNOTS.);
#7390 = CARTESIAN_POINT('',(4.006767578125,6.22771484375));
#7391 = CARTESIAN_POINT('',(3.62810546875,6.57146484375));
#7392 = CARTESIAN_POINT('',(2.9996875,6.57146484375));
#7393 = ( GEOMETRIC_REPRESENTATION_CONTEXT(2) 
PARAMETRIC_REPRESENTATION_CONTEXT() REPRESENTATION_CONTEXT('2D SPACE',''
  ) );
#7394 = ORIENTED_EDGE('',*,*,#7299,.T.);
#7395 = ORIENTED_EDGE('',*,*,#1782,.F.);
#7396 = ORIENTED_EDGE('',*,*,#7397,.F.);
#7397 = EDGE_CURVE('',#7373,#1783,#7398,.T.);
#7398 = SURFACE_CURVE('',#7399,(#7405,#7414),.PCURVE_S1.);
#7399 = B_SPLINE_CURVE_WITH_KNOTS('',4,(#7400,#7401,#7402,#7403,#7404),
  .UNSPECIFIED.,.F.,.F.,(5,5),(0.,1.),.PIECEWISE_BEZIER_KNOTS.);
#7400 = CARTESIAN_POINT('',(247.2438307609,-150.6506693819,18.1999994));
#7401 = CARTESIAN_POINT('',(247.2438307609,-150.6506693819,
    18.599999699995));
#7402 = CARTESIAN_POINT('',(247.2438307609,-150.6506693819,
    19.000000000009));
#7403 = CARTESIAN_POINT('',(247.2438307609,-150.6506693819,
    19.400000300005));
#7404 = CARTESIAN_POINT('',(247.2438307609,-150.6506693819,19.8000006));
#7405 = PCURVE('',#1816,#7406);
#7406 = DEFINITIONAL_REPRESENTATION('',(#7407),#7413);
#7407 = B_SPLINE_CURVE_WITH_KNOTS('',4,(#7408,#7409,#7410,#7411,#7412),
  .UNSPECIFIED.,.F.,.F.,(5,5),(0.,1.),.PIECEWISE_BEZIER_KNOTS.);
#7408 = CARTESIAN_POINT('',(0.855373726466,5.999603642781E-07));
#7409 = CARTESIAN_POINT('',(0.855373726466,-0.399999700034));
#7410 = CARTESIAN_POINT('',(0.855373726466,-0.79999999999));
#7411 = CARTESIAN_POINT('',(0.855373726466,-1.200000299981));
#7412 = CARTESIAN_POINT('',(0.855373726466,-1.600000599976));
#7413 = ( GEOMETRIC_REPRESENTATION_CONTEXT(2) 
PARAMETRIC_REPRESENTATION_CONTEXT() REPRESENTATION_CONTEXT('2D SPACE',''
  ) );
#7414 = PCURVE('',#1863,#7415);
#7415 = DEFINITIONAL_REPRESENTATION('',(#7416),#7422);
#7416 = B_SPLINE_CURVE_WITH_KNOTS('',4,(#7417,#7418,#7419,#7420,#7421),
  .UNSPECIFIED.,.F.,.F.,(5,5),(0.,1.),.PIECEWISE_BEZIER_KNOTS.);
#7417 = CARTESIAN_POINT('',(0.186469075864,5.999999999062E-07));
#7418 = CARTESIAN_POINT('',(0.186469075864,-0.399999699995));
#7419 = CARTESIAN_POINT('',(0.186469075864,-0.800000000009));
#7420 = CARTESIAN_POINT('',(0.186469075864,-1.200000300005));
#7421 = CARTESIAN_POINT('',(0.186469075864,-1.6000006));
#7422 = ( GEOMETRIC_REPRESENTATION_CONTEXT(2) 
PARAMETRIC_REPRESENTATION_CONTEXT() REPRESENTATION_CONTEXT('2D SPACE',''
  ) );
#7423 = ADVANCED_FACE('',(#7424),#2145,.F.);
#7424 = FACE_BOUND('',#7425,.F.);
#7425 = EDGE_LOOP('',(#7426,#7449,#7476,#7477));
#7426 = ORIENTED_EDGE('',*,*,#7427,.F.);
#7427 = EDGE_CURVE('',#7428,#7324,#7430,.T.);
#7428 = VERTEX_POINT('',#7429);
#7429 = CARTESIAN_POINT('',(245.46644367263,-150.2227765392,18.2));
#7430 = SURFACE_CURVE('',#7431,(#7435,#7442),.PCURVE_S1.);
#7431 = B_SPLINE_CURVE_WITH_KNOTS('',2,(#7432,#7433,#7434),
  .UNSPECIFIED.,.F.,.F.,(3,3),(0.,1.),.PIECEWISE_BEZIER_KNOTS.);
#7432 = CARTESIAN_POINT('',(245.58489257812,-151.3749316406,18.2));
#7433 = CARTESIAN_POINT('',(245.46404296875,-150.6928027343,18.2));
#7434 = CARTESIAN_POINT('',(245.46404296875,-150.0375292968,18.2));
#7435 = PCURVE('',#2145,#7436);
#7436 = DEFINITIONAL_REPRESENTATION('',(#7437),#7441);
#7437 = LINE('',#7438,#7439);
#7438 = CARTESIAN_POINT('',(0.,0.));
#7439 = VECTOR('',#7440,1.);
#7440 = DIRECTION('',(1.,0.));
#7441 = ( GEOMETRIC_REPRESENTATION_CONTEXT(2) 
PARAMETRIC_REPRESENTATION_CONTEXT() REPRESENTATION_CONTEXT('2D SPACE',''
  ) );
#7442 = PCURVE('',#6617,#7443);
#7443 = DEFINITIONAL_REPRESENTATION('',(#7444),#7448);
#7444 = B_SPLINE_CURVE_WITH_KNOTS('',2,(#7445,#7446,#7447),
  .UNSPECIFIED.,.F.,.F.,(3,3),(0.,1.),.PIECEWISE_BEZIER_KNOTS.);
#7445 = CARTESIAN_POINT('',(2.45197265625,8.223212890625));
#7446 = CARTESIAN_POINT('',(3.1341015625,8.3440625));
#7447 = CARTESIAN_POINT('',(3.789375,8.3440625));
#7448 = ( GEOMETRIC_REPRESENTATION_CONTEXT(2) 
PARAMETRIC_REPRESENTATION_CONTEXT() REPRESENTATION_CONTEXT('2D SPACE',''
  ) );
#7449 = ORIENTED_EDGE('',*,*,#7450,.T.);
#7450 = EDGE_CURVE('',#7428,#2090,#7451,.T.);
#7451 = SURFACE_CURVE('',#7452,(#7458,#7467),.PCURVE_S1.);
#7452 = B_SPLINE_CURVE_WITH_KNOTS('',4,(#7453,#7454,#7455,#7456,#7457),
  .UNSPECIFIED.,.F.,.F.,(5,5),(0.,1.),.PIECEWISE_BEZIER_KNOTS.);
#7453 = CARTESIAN_POINT('',(245.46644367263,-150.2227765392,18.1999994)
  );
#7454 = CARTESIAN_POINT('',(245.46644367263,-150.2227765392,
    18.599999699995));
#7455 = CARTESIAN_POINT('',(245.46644367263,-150.2227765392,
    19.000000000032));
#7456 = CARTESIAN_POINT('',(245.46644367263,-150.2227765392,
    19.400000300005));
#7457 = CARTESIAN_POINT('',(245.46644367263,-150.2227765392,19.8000006)
  );
#7458 = PCURVE('',#2145,#7459);
#7459 = DEFINITIONAL_REPRESENTATION('',(#7460),#7466);
#7460 = B_SPLINE_CURVE_WITH_KNOTS('',4,(#7461,#7462,#7463,#7464,#7465),
  .UNSPECIFIED.,.F.,.F.,(5,5),(0.,1.),.PIECEWISE_BEZIER_KNOTS.);
#7461 = CARTESIAN_POINT('',(0.85905597416,5.999999999062E-07));
#7462 = CARTESIAN_POINT('',(0.85905597416,-0.399999699995));
#7463 = CARTESIAN_POINT('',(0.85905597416,-0.800000000032));
#7464 = CARTESIAN_POINT('',(0.85905597416,-1.200000300005));
#7465 = CARTESIAN_POINT('',(0.85905597416,-1.6000006));
#7466 = ( GEOMETRIC_REPRESENTATION_CONTEXT(2) 
PARAMETRIC_REPRESENTATION_CONTEXT() REPRESENTATION_CONTEXT('2D SPACE',''
  ) );
#7467 = PCURVE('',#2109,#7468);
#7468 = DEFINITIONAL_REPRESENTATION('',(#7469),#7475);
#7469 = B_SPLINE_CURVE_WITH_KNOTS('',4,(#7470,#7471,#7472,#7473,#7474),
  .UNSPECIFIED.,.F.,.F.,(5,5),(0.,1.),.PIECEWISE_BEZIER_KNOTS.);
#7470 = CARTESIAN_POINT('',(6.154558834317E-02,5.999408190238E-07));
#7471 = CARTESIAN_POINT('',(6.154558834317E-02,-0.399999700054));
#7472 = CARTESIAN_POINT('',(6.154558834317E-02,-0.799999999964));
#7473 = CARTESIAN_POINT('',(6.154558834317E-02,-1.200000300001));
#7474 = CARTESIAN_POINT('',(6.154558834317E-02,-1.600000599995));
#7475 = ( GEOMETRIC_REPRESENTATION_CONTEXT(2) 
PARAMETRIC_REPRESENTATION_CONTEXT() REPRESENTATION_CONTEXT('2D SPACE',''
  ) );
#7476 = ORIENTED_EDGE('',*,*,#2125,.F.);
#7477 = ORIENTED_EDGE('',*,*,#7346,.F.);
#7478 = ADVANCED_FACE('',(#7479),#1863,.F.);
#7479 = FACE_BOUND('',#7480,.F.);
#7480 = EDGE_LOOP('',(#7481,#7504,#7505,#7506));
#7481 = ORIENTED_EDGE('',*,*,#7482,.F.);
#7482 = EDGE_CURVE('',#7373,#7483,#7485,.T.);
#7483 = VERTEX_POINT('',#7484);
#7484 = CARTESIAN_POINT('',(247.44342773437,-151.5253222656,18.2));
#7485 = SURFACE_CURVE('',#7486,(#7490,#7497),.PCURVE_S1.);
#7486 = B_SPLINE_CURVE_WITH_KNOTS('',2,(#7487,#7488,#7489),
  .UNSPECIFIED.,.F.,.F.,(3,3),(0.,1.),.PIECEWISE_BEZIER_KNOTS.);
#7487 = CARTESIAN_POINT('',(247.236640625,-150.4672167968,18.2));
#7488 = CARTESIAN_POINT('',(247.236640625,-150.9506152343,18.2));
#7489 = CARTESIAN_POINT('',(247.44342773437,-151.5253222656,18.2));
#7490 = PCURVE('',#1863,#7491);
#7491 = DEFINITIONAL_REPRESENTATION('',(#7492),#7496);
#7492 = LINE('',#7493,#7494);
#7493 = CARTESIAN_POINT('',(0.,0.));
#7494 = VECTOR('',#7495,1.);
#7495 = DIRECTION('',(1.,0.));
#7496 = ( GEOMETRIC_REPRESENTATION_CONTEXT(2) 
PARAMETRIC_REPRESENTATION_CONTEXT() REPRESENTATION_CONTEXT('2D SPACE',''
  ) );
#7497 = PCURVE('',#6617,#7498);
#7498 = DEFINITIONAL_REPRESENTATION('',(#7499),#7503);
#7499 = B_SPLINE_CURVE_WITH_KNOTS('',2,(#7500,#7501,#7502),
  .UNSPECIFIED.,.F.,.F.,(3,3),(0.,1.),.PIECEWISE_BEZIER_KNOTS.);
#7500 = CARTESIAN_POINT('',(3.3596875,6.57146484375));
#7501 = CARTESIAN_POINT('',(2.8762890625,6.57146484375));
#7502 = CARTESIAN_POINT('',(2.30158203125,6.364677734375));
#7503 = ( GEOMETRIC_REPRESENTATION_CONTEXT(2) 
PARAMETRIC_REPRESENTATION_CONTEXT() REPRESENTATION_CONTEXT('2D SPACE',''
  ) );
#7504 = ORIENTED_EDGE('',*,*,#7397,.T.);
#7505 = ORIENTED_EDGE('',*,*,#1839,.F.);
#7506 = ORIENTED_EDGE('',*,*,#7507,.F.);
#7507 = EDGE_CURVE('',#7483,#1840,#7508,.T.);
#7508 = SURFACE_CURVE('',#7509,(#7513,#7520),.PCURVE_S1.);
#7509 = LINE('',#7510,#7511);
#7510 = CARTESIAN_POINT('',(247.44342773437,-151.5253222656,18.2));
#7511 = VECTOR('',#7512,1.);
#7512 = DIRECTION('',(0.,-0.,1.));
#7513 = PCURVE('',#1863,#7514);
#7514 = DEFINITIONAL_REPRESENTATION('',(#7515),#7519);
#7515 = LINE('',#7516,#7517);
#7516 = CARTESIAN_POINT('',(1.,0.));
#7517 = VECTOR('',#7518,1.);
#7518 = DIRECTION('',(0.,-1.));
#7519 = ( GEOMETRIC_REPRESENTATION_CONTEXT(2) 
PARAMETRIC_REPRESENTATION_CONTEXT() REPRESENTATION_CONTEXT('2D SPACE',''
  ) );
#7520 = PCURVE('',#1905,#7521);
#7521 = DEFINITIONAL_REPRESENTATION('',(#7522),#7526);
#7522 = LINE('',#7523,#7524);
#7523 = CARTESIAN_POINT('',(0.,0.));
#7524 = VECTOR('',#7525,1.);
#7525 = DIRECTION('',(0.,-1.));
#7526 = ( GEOMETRIC_REPRESENTATION_CONTEXT(2) 
PARAMETRIC_REPRESENTATION_CONTEXT() REPRESENTATION_CONTEXT('2D SPACE',''
  ) );
#7527 = ADVANCED_FACE('',(#7528),#2109,.F.);
#7528 = FACE_BOUND('',#7529,.F.);
#7529 = EDGE_LOOP('',(#7530,#7553,#7574,#7575));
#7530 = ORIENTED_EDGE('',*,*,#7531,.F.);
#7531 = EDGE_CURVE('',#7532,#7428,#7534,.T.);
#7532 = VERTEX_POINT('',#7533);
#7533 = CARTESIAN_POINT('',(245.46404296875,-150.3975292968,18.2));
#7534 = SURFACE_CURVE('',#7535,(#7539,#7546),.PCURVE_S1.);
#7535 = B_SPLINE_CURVE_WITH_KNOTS('',2,(#7536,#7537,#7538),
  .UNSPECIFIED.,.F.,.F.,(3,3),(0.,1.),.PIECEWISE_BEZIER_KNOTS.);
#7536 = CARTESIAN_POINT('',(245.46404296875,-150.3975292968,18.2));
#7537 = CARTESIAN_POINT('',(245.46404296875,-148.9580761718,18.2));
#7538 = CARTESIAN_POINT('',(246.09783203125,-148.16046875,18.2));
#7539 = PCURVE('',#2109,#7540);
#7540 = DEFINITIONAL_REPRESENTATION('',(#7541),#7545);
#7541 = LINE('',#7542,#7543);
#7542 = CARTESIAN_POINT('',(0.,0.));
#7543 = VECTOR('',#7544,1.);
#7544 = DIRECTION('',(1.,0.));
#7545 = ( GEOMETRIC_REPRESENTATION_CONTEXT(2) 
PARAMETRIC_REPRESENTATION_CONTEXT() REPRESENTATION_CONTEXT('2D SPACE',''
  ) );
#7546 = PCURVE('',#6617,#7547);
#7547 = DEFINITIONAL_REPRESENTATION('',(#7548),#7552);
#7548 = B_SPLINE_CURVE_WITH_KNOTS('',2,(#7549,#7550,#7551),
  .UNSPECIFIED.,.F.,.F.,(3,3),(0.,1.),.PIECEWISE_BEZIER_KNOTS.);
#7549 = CARTESIAN_POINT('',(3.429375,8.3440625));
#7550 = CARTESIAN_POINT('',(4.868828125,8.3440625));
#7551 = CARTESIAN_POINT('',(5.666435546875,7.7102734375));
#7552 = ( GEOMETRIC_REPRESENTATION_CONTEXT(2) 
PARAMETRIC_REPRESENTATION_CONTEXT() REPRESENTATION_CONTEXT('2D SPACE',''
  ) );
#7553 = ORIENTED_EDGE('',*,*,#7554,.T.);
#7554 = EDGE_CURVE('',#7532,#2051,#7555,.T.);
#7555 = SURFACE_CURVE('',#7556,(#7560,#7567),.PCURVE_S1.);
#7556 = LINE('',#7557,#7558);
#7557 = CARTESIAN_POINT('',(245.46404296875,-150.3975292968,18.2));
#7558 = VECTOR('',#7559,1.);
#7559 = DIRECTION('',(0.,-0.,1.));
#7560 = PCURVE('',#2109,#7561);
#7561 = DEFINITIONAL_REPRESENTATION('',(#7562),#7566);
#7562 = LINE('',#7563,#7564);
#7563 = CARTESIAN_POINT('',(0.,0.));
#7564 = VECTOR('',#7565,1.);
#7565 = DIRECTION('',(0.,-1.));
#7566 = ( GEOMETRIC_REPRESENTATION_CONTEXT(2) 
PARAMETRIC_REPRESENTATION_CONTEXT() REPRESENTATION_CONTEXT('2D SPACE',''
  ) );
#7567 = PCURVE('',#2072,#7568);
#7568 = DEFINITIONAL_REPRESENTATION('',(#7569),#7573);
#7569 = LINE('',#7570,#7571);
#7570 = CARTESIAN_POINT('',(1.,0.));
#7571 = VECTOR('',#7572,1.);
#7572 = DIRECTION('',(0.,-1.));
#7573 = ( GEOMETRIC_REPRESENTATION_CONTEXT(2) 
PARAMETRIC_REPRESENTATION_CONTEXT() REPRESENTATION_CONTEXT('2D SPACE',''
  ) );
#7574 = ORIENTED_EDGE('',*,*,#2089,.F.);
#7575 = ORIENTED_EDGE('',*,*,#7450,.F.);
#7576 = ADVANCED_FACE('',(#7577),#1905,.F.);
#7577 = FACE_BOUND('',#7578,.F.);
#7578 = EDGE_LOOP('',(#7579,#7602,#7603,#7604));
#7579 = ORIENTED_EDGE('',*,*,#7580,.F.);
#7580 = EDGE_CURVE('',#7483,#7581,#7583,.T.);
#7581 = VERTEX_POINT('',#7582);
#7582 = CARTESIAN_POINT('',(248.05841796875,-152.7553027343,18.2));
#7583 = SURFACE_CURVE('',#7584,(#7588,#7595),.PCURVE_S1.);
#7584 = B_SPLINE_CURVE_WITH_KNOTS('',2,(#7585,#7586,#7587),
  .UNSPECIFIED.,.F.,.F.,(3,3),(0.,1.),.PIECEWISE_BEZIER_KNOTS.);
#7585 = CARTESIAN_POINT('',(247.44342773437,-151.5253222656,18.2));
#7586 = CARTESIAN_POINT('',(247.65021484375,-152.1000292968,18.2));
#7587 = CARTESIAN_POINT('',(248.05841796875,-152.7553027343,18.2));
#7588 = PCURVE('',#1905,#7589);
#7589 = DEFINITIONAL_REPRESENTATION('',(#7590),#7594);
#7590 = LINE('',#7591,#7592);
#7591 = CARTESIAN_POINT('',(0.,0.));
#7592 = VECTOR('',#7593,1.);
#7593 = DIRECTION('',(1.,0.));
#7594 = ( GEOMETRIC_REPRESENTATION_CONTEXT(2) 
PARAMETRIC_REPRESENTATION_CONTEXT() REPRESENTATION_CONTEXT('2D SPACE',''
  ) );
#7595 = PCURVE('',#6617,#7596);
#7596 = DEFINITIONAL_REPRESENTATION('',(#7597),#7601);
#7597 = B_SPLINE_CURVE_WITH_KNOTS('',2,(#7598,#7599,#7600),
  .UNSPECIFIED.,.F.,.F.,(3,3),(0.,1.),.PIECEWISE_BEZIER_KNOTS.);
#7598 = CARTESIAN_POINT('',(2.30158203125,6.364677734375));
#7599 = CARTESIAN_POINT('',(1.726875,6.157890625));
#7600 = CARTESIAN_POINT('',(1.0716015625,5.7496875));
#7601 = ( GEOMETRIC_REPRESENTATION_CONTEXT(2) 
PARAMETRIC_REPRESENTATION_CONTEXT() REPRESENTATION_CONTEXT('2D SPACE',''
  ) );
#7602 = ORIENTED_EDGE('',*,*,#7507,.T.);
#7603 = ORIENTED_EDGE('',*,*,#1881,.F.);
#7604 = ORIENTED_EDGE('',*,*,#7605,.F.);
#7605 = EDGE_CURVE('',#7581,#1882,#7606,.T.);
#7606 = SURFACE_CURVE('',#7607,(#7611,#7618),.PCURVE_S1.);
#7607 = LINE('',#7608,#7609);
#7608 = CARTESIAN_POINT('',(248.05841796875,-152.7553027343,18.2));
#7609 = VECTOR('',#7610,1.);
#7610 = DIRECTION('',(0.,-0.,1.));
#7611 = PCURVE('',#1905,#7612);
#7612 = DEFINITIONAL_REPRESENTATION('',(#7613),#7617);
#7613 = LINE('',#7614,#7615);
#7614 = CARTESIAN_POINT('',(1.,0.));
#7615 = VECTOR('',#7616,1.);
#7616 = DIRECTION('',(0.,-1.));
#7617 = ( GEOMETRIC_REPRESENTATION_CONTEXT(2) 
PARAMETRIC_REPRESENTATION_CONTEXT() REPRESENTATION_CONTEXT('2D SPACE',''
  ) );
#7618 = PCURVE('',#1938,#7619);
#7619 = DEFINITIONAL_REPRESENTATION('',(#7620),#7624);
#7620 = LINE('',#7621,#7622);
#7621 = CARTESIAN_POINT('',(0.,0.));
#7622 = VECTOR('',#7623,1.);
#7623 = DIRECTION('',(0.,-1.));
#7624 = ( GEOMETRIC_REPRESENTATION_CONTEXT(2) 
PARAMETRIC_REPRESENTATION_CONTEXT() REPRESENTATION_CONTEXT('2D SPACE',''
  ) );
#7625 = ADVANCED_FACE('',(#7626),#2072,.F.);
#7626 = FACE_BOUND('',#7627,.F.);
#7627 = EDGE_LOOP('',(#7628,#7651,#7672,#7673));
#7628 = ORIENTED_EDGE('',*,*,#7629,.F.);
#7629 = EDGE_CURVE('',#7630,#7532,#7632,.T.);
#7630 = VERTEX_POINT('',#7631);
#7631 = CARTESIAN_POINT('',(245.58489257812,-151.7349316406,18.2));
#7632 = SURFACE_CURVE('',#7633,(#7637,#7644),.PCURVE_S1.);
#7633 = B_SPLINE_CURVE_WITH_KNOTS('',2,(#7634,#7635,#7636),
  .UNSPECIFIED.,.F.,.F.,(3,3),(0.,1.),.PIECEWISE_BEZIER_KNOTS.);
#7634 = CARTESIAN_POINT('',(245.58489257812,-151.7349316406,18.2));
#7635 = CARTESIAN_POINT('',(245.46404296875,-151.0528027343,18.2));
#7636 = CARTESIAN_POINT('',(245.46404296875,-150.3975292968,18.2));
#7637 = PCURVE('',#2072,#7638);
#7638 = DEFINITIONAL_REPRESENTATION('',(#7639),#7643);
#7639 = LINE('',#7640,#7641);
#7640 = CARTESIAN_POINT('',(0.,0.));
#7641 = VECTOR('',#7642,1.);
#7642 = DIRECTION('',(1.,0.));
#7643 = ( GEOMETRIC_REPRESENTATION_CONTEXT(2) 
PARAMETRIC_REPRESENTATION_CONTEXT() REPRESENTATION_CONTEXT('2D SPACE',''
  ) );
#7644 = PCURVE('',#6617,#7645);
#7645 = DEFINITIONAL_REPRESENTATION('',(#7646),#7650);
#7646 = B_SPLINE_CURVE_WITH_KNOTS('',2,(#7647,#7648,#7649),
  .UNSPECIFIED.,.F.,.F.,(3,3),(0.,1.),.PIECEWISE_BEZIER_KNOTS.);
#7647 = CARTESIAN_POINT('',(2.09197265625,8.223212890625));
#7648 = CARTESIAN_POINT('',(2.7741015625,8.3440625));
#7649 = CARTESIAN_POINT('',(3.429375,8.3440625));
#7650 = ( GEOMETRIC_REPRESENTATION_CONTEXT(2) 
PARAMETRIC_REPRESENTATION_CONTEXT() REPRESENTATION_CONTEXT('2D SPACE',''
  ) );
#7651 = ORIENTED_EDGE('',*,*,#7652,.T.);
#7652 = EDGE_CURVE('',#7630,#2012,#7653,.T.);
#7653 = SURFACE_CURVE('',#7654,(#7658,#7665),.PCURVE_S1.);
#7654 = LINE('',#7655,#7656);
#7655 = CARTESIAN_POINT('',(245.58489257812,-151.7349316406,18.2));
#7656 = VECTOR('',#7657,1.);
#7657 = DIRECTION('',(0.,-0.,1.));
#7658 = PCURVE('',#2072,#7659);
#7659 = DEFINITIONAL_REPRESENTATION('',(#7660),#7664);
#7660 = LINE('',#7661,#7662);
#7661 = CARTESIAN_POINT('',(0.,0.));
#7662 = VECTOR('',#7663,1.);
#7663 = DIRECTION('',(0.,-1.));
#7664 = ( GEOMETRIC_REPRESENTATION_CONTEXT(2) 
PARAMETRIC_REPRESENTATION_CONTEXT() REPRESENTATION_CONTEXT('2D SPACE',''
  ) );
#7665 = PCURVE('',#2033,#7666);
#7666 = DEFINITIONAL_REPRESENTATION('',(#7667),#7671);
#7667 = LINE('',#7668,#7669);
#7668 = CARTESIAN_POINT('',(1.,0.));
#7669 = VECTOR('',#7670,1.);
#7670 = DIRECTION('',(0.,-1.));
#7671 = ( GEOMETRIC_REPRESENTATION_CONTEXT(2) 
PARAMETRIC_REPRESENTATION_CONTEXT() REPRESENTATION_CONTEXT('2D SPACE',''
  ) );
#7672 = ORIENTED_EDGE('',*,*,#2050,.F.);
#7673 = ORIENTED_EDGE('',*,*,#7554,.F.);
#7674 = ADVANCED_FACE('',(#7675),#1938,.F.);
#7675 = FACE_BOUND('',#7676,.F.);
#7676 = EDGE_LOOP('',(#7677,#7700,#7701,#7702));
#7677 = ORIENTED_EDGE('',*,*,#7678,.F.);
#7678 = EDGE_CURVE('',#7581,#7679,#7681,.T.);
#7679 = VERTEX_POINT('',#7680);
#7680 = CARTESIAN_POINT('',(247.84596930694,-152.7553027343,18.2));
#7681 = SURFACE_CURVE('',#7682,(#7686,#7693),.PCURVE_S1.);
#7682 = LINE('',#7683,#7684);
#7683 = CARTESIAN_POINT('',(248.05841796875,-152.7553027343,18.2));
#7684 = VECTOR('',#7685,1.);
#7685 = DIRECTION('',(-1.,2.22044604925E-16,0.));
#7686 = PCURVE('',#1938,#7687);
#7687 = DEFINITIONAL_REPRESENTATION('',(#7688),#7692);
#7688 = LINE('',#7689,#7690);
#7689 = CARTESIAN_POINT('',(0.,0.));
#7690 = VECTOR('',#7691,1.);
#7691 = DIRECTION('',(1.,0.));
#7692 = ( GEOMETRIC_REPRESENTATION_CONTEXT(2) 
PARAMETRIC_REPRESENTATION_CONTEXT() REPRESENTATION_CONTEXT('2D SPACE',''
  ) );
#7693 = PCURVE('',#6617,#7694);
#7694 = DEFINITIONAL_REPRESENTATION('',(#7695),#7699);
#7695 = LINE('',#7696,#7697);
#7696 = CARTESIAN_POINT('',(1.0716015625,5.7496875));
#7697 = VECTOR('',#7698,1.);
#7698 = DIRECTION('',(0.,1.));
#7699 = ( GEOMETRIC_REPRESENTATION_CONTEXT(2) 
PARAMETRIC_REPRESENTATION_CONTEXT() REPRESENTATION_CONTEXT('2D SPACE',''
  ) );
#7700 = ORIENTED_EDGE('',*,*,#7605,.T.);
#7701 = ORIENTED_EDGE('',*,*,#1923,.F.);
#7702 = ORIENTED_EDGE('',*,*,#7703,.T.);
#7703 = EDGE_CURVE('',#1924,#7679,#7704,.T.);
#7704 = SURFACE_CURVE('',#7705,(#7711,#7720),.PCURVE_S1.);
#7705 = B_SPLINE_CURVE_WITH_KNOTS('',4,(#7706,#7707,#7708,#7709,#7710),
  .UNSPECIFIED.,.F.,.F.,(5,5),(0.,1.),.PIECEWISE_BEZIER_KNOTS.);
#7706 = CARTESIAN_POINT('',(247.84596930694,-152.7553027343,19.8));
#7707 = CARTESIAN_POINT('',(247.84596930694,-152.7553027343,
    19.40000000004));
#7708 = CARTESIAN_POINT('',(247.84596930694,-152.7553027343,19.));
#7709 = CARTESIAN_POINT('',(247.84596930694,-152.7553027343,
    18.59999999996));
#7710 = CARTESIAN_POINT('',(247.84596930694,-152.7553027343,18.2));
#7711 = PCURVE('',#1938,#7712);
#7712 = DEFINITIONAL_REPRESENTATION('',(#7713),#7719);
#7713 = B_SPLINE_CURVE_WITH_KNOTS('',4,(#7714,#7715,#7716,#7717,#7718),
  .UNSPECIFIED.,.F.,.F.,(5,5),(0.,1.),.PIECEWISE_BEZIER_KNOTS.);
#7714 = CARTESIAN_POINT('',(0.212448661804,-1.6));
#7715 = CARTESIAN_POINT('',(0.212448661804,-1.20000000004));
#7716 = CARTESIAN_POINT('',(0.212448661804,-0.8));
#7717 = CARTESIAN_POINT('',(0.212448661804,-0.39999999996));
#7718 = CARTESIAN_POINT('',(0.212448661804,0.));
#7719 = ( GEOMETRIC_REPRESENTATION_CONTEXT(2) 
PARAMETRIC_REPRESENTATION_CONTEXT() REPRESENTATION_CONTEXT('2D SPACE',''
  ) );
#7720 = PCURVE('',#1969,#7721);
#7721 = DEFINITIONAL_REPRESENTATION('',(#7722),#7728);
#7722 = B_SPLINE_CURVE_WITH_KNOTS('',4,(#7723,#7724,#7725,#7726,#7727),
  .UNSPECIFIED.,.F.,.F.,(5,5),(0.,1.),.PIECEWISE_BEZIER_KNOTS.);
#7723 = CARTESIAN_POINT('',(0.720503147951,-1.59999999984));
#7724 = CARTESIAN_POINT('',(0.720503147951,-1.19999999988));
#7725 = CARTESIAN_POINT('',(0.720503147951,-0.8));
#7726 = CARTESIAN_POINT('',(0.720503147951,-0.40000000012));
#7727 = CARTESIAN_POINT('',(0.720503147951,-1.599400611951E-10));
#7728 = ( GEOMETRIC_REPRESENTATION_CONTEXT(2) 
PARAMETRIC_REPRESENTATION_CONTEXT() REPRESENTATION_CONTEXT('2D SPACE',''
  ) );
#7729 = ADVANCED_FACE('',(#7730),#2033,.F.);
#7730 = FACE_BOUND('',#7731,.F.);
#7731 = EDGE_LOOP('',(#7732,#7755,#7776,#7777));
#7732 = ORIENTED_EDGE('',*,*,#7733,.F.);
#7733 = EDGE_CURVE('',#7734,#7630,#7736,.T.);
#7734 = VERTEX_POINT('',#7735);
#7735 = CARTESIAN_POINT('',(245.93669921875,-153.1153027343,18.2));
#7736 = SURFACE_CURVE('',#7737,(#7741,#7748),.PCURVE_S1.);
#7737 = B_SPLINE_CURVE_WITH_KNOTS('',2,(#7738,#7739,#7740),
  .UNSPECIFIED.,.F.,.F.,(3,3),(0.,1.),.PIECEWISE_BEZIER_KNOTS.);
#7738 = CARTESIAN_POINT('',(245.93669921875,-153.1153027343,18.2));
#7739 = CARTESIAN_POINT('',(245.7057421875,-152.4170605468,18.2));
#7740 = CARTESIAN_POINT('',(245.58489257812,-151.7349316406,18.2));
#7741 = PCURVE('',#2033,#7742);
#7742 = DEFINITIONAL_REPRESENTATION('',(#7743),#7747);
#7743 = LINE('',#7744,#7745);
#7744 = CARTESIAN_POINT('',(0.,0.));
#7745 = VECTOR('',#7746,1.);
#7746 = DIRECTION('',(1.,0.));
#7747 = ( GEOMETRIC_REPRESENTATION_CONTEXT(2) 
PARAMETRIC_REPRESENTATION_CONTEXT() REPRESENTATION_CONTEXT('2D SPACE',''
  ) );
#7748 = PCURVE('',#6617,#7749);
#7749 = DEFINITIONAL_REPRESENTATION('',(#7750),#7754);
#7750 = B_SPLINE_CURVE_WITH_KNOTS('',2,(#7751,#7752,#7753),
  .UNSPECIFIED.,.F.,.F.,(3,3),(0.,1.),.PIECEWISE_BEZIER_KNOTS.);
#7751 = CARTESIAN_POINT('',(0.7116015625,7.87140625));
#7752 = CARTESIAN_POINT('',(1.40984375,8.10236328125));
#7753 = CARTESIAN_POINT('',(2.09197265625,8.223212890625));
#7754 = ( GEOMETRIC_REPRESENTATION_CONTEXT(2) 
PARAMETRIC_REPRESENTATION_CONTEXT() REPRESENTATION_CONTEXT('2D SPACE',''
  ) );
#7755 = ORIENTED_EDGE('',*,*,#7756,.T.);
#7756 = EDGE_CURVE('',#7734,#1986,#7757,.T.);
#7757 = SURFACE_CURVE('',#7758,(#7762,#7769),.PCURVE_S1.);
#7758 = LINE('',#7759,#7760);
#7759 = CARTESIAN_POINT('',(245.93669921875,-153.1153027343,18.2));
#7760 = VECTOR('',#7761,1.);
#7761 = DIRECTION('',(0.,-0.,1.));
#7762 = PCURVE('',#2033,#7763);
#7763 = DEFINITIONAL_REPRESENTATION('',(#7764),#7768);
#7764 = LINE('',#7765,#7766);
#7765 = CARTESIAN_POINT('',(0.,0.));
#7766 = VECTOR('',#7767,1.);
#7767 = DIRECTION('',(0.,-1.));
#7768 = ( GEOMETRIC_REPRESENTATION_CONTEXT(2) 
PARAMETRIC_REPRESENTATION_CONTEXT() REPRESENTATION_CONTEXT('2D SPACE',''
  ) );
#7769 = PCURVE('',#2000,#7770);
#7770 = DEFINITIONAL_REPRESENTATION('',(#7771),#7775);
#7771 = LINE('',#7772,#7773);
#7772 = CARTESIAN_POINT('',(2.12171875,0.));
#7773 = VECTOR('',#7774,1.);
#7774 = DIRECTION('',(0.,-1.));
#7775 = ( GEOMETRIC_REPRESENTATION_CONTEXT(2) 
PARAMETRIC_REPRESENTATION_CONTEXT() REPRESENTATION_CONTEXT('2D SPACE',''
  ) );
#7776 = ORIENTED_EDGE('',*,*,#2011,.F.);
#7777 = ORIENTED_EDGE('',*,*,#7652,.F.);
#7778 = ADVANCED_FACE('',(#7779),#1969,.F.);
#7779 = FACE_BOUND('',#7780,.F.);
#7780 = EDGE_LOOP('',(#7781,#7804,#7805,#7806));
#7781 = ORIENTED_EDGE('',*,*,#7782,.F.);
#7782 = EDGE_CURVE('',#7679,#7783,#7785,.T.);
#7783 = VERTEX_POINT('',#7784);
#7784 = CARTESIAN_POINT('',(248.05841796875,-153.1153027343,18.2));
#7785 = SURFACE_CURVE('',#7786,(#7790,#7797),.PCURVE_S1.);
#7786 = B_SPLINE_CURVE_WITH_KNOTS('',2,(#7787,#7788,#7789),
  .UNSPECIFIED.,.F.,.F.,(3,3),(0.,1.),.PIECEWISE_BEZIER_KNOTS.);
#7787 = CARTESIAN_POINT('',(247.44342773437,-151.8853222656,18.2));
#7788 = CARTESIAN_POINT('',(247.65021484375,-152.4600292968,18.2));
#7789 = CARTESIAN_POINT('',(248.05841796875,-153.1153027343,18.2));
#7790 = PCURVE('',#1969,#7791);
#7791 = DEFINITIONAL_REPRESENTATION('',(#7792),#7796);
#7792 = LINE('',#7793,#7794);
#7793 = CARTESIAN_POINT('',(0.,0.));
#7794 = VECTOR('',#7795,1.);
#7795 = DIRECTION('',(1.,0.));
#7796 = ( GEOMETRIC_REPRESENTATION_CONTEXT(2) 
PARAMETRIC_REPRESENTATION_CONTEXT() REPRESENTATION_CONTEXT('2D SPACE',''
  ) );
#7797 = PCURVE('',#6617,#7798);
#7798 = DEFINITIONAL_REPRESENTATION('',(#7799),#7803);
#7799 = B_SPLINE_CURVE_WITH_KNOTS('',2,(#7800,#7801,#7802),
  .UNSPECIFIED.,.F.,.F.,(3,3),(0.,1.),.PIECEWISE_BEZIER_KNOTS.);
#7800 = CARTESIAN_POINT('',(1.94158203125,6.364677734375));
#7801 = CARTESIAN_POINT('',(1.366875,6.157890625));
#7802 = CARTESIAN_POINT('',(0.7116015625,5.7496875));
#7803 = ( GEOMETRIC_REPRESENTATION_CONTEXT(2) 
PARAMETRIC_REPRESENTATION_CONTEXT() REPRESENTATION_CONTEXT('2D SPACE',''
  ) );
#7804 = ORIENTED_EDGE('',*,*,#7703,.F.);
#7805 = ORIENTED_EDGE('',*,*,#1949,.F.);
#7806 = ORIENTED_EDGE('',*,*,#7807,.F.);
#7807 = EDGE_CURVE('',#7783,#1950,#7808,.T.);
#7808 = SURFACE_CURVE('',#7809,(#7813,#7820),.PCURVE_S1.);
#7809 = LINE('',#7810,#7811);
#7810 = CARTESIAN_POINT('',(248.05841796875,-153.1153027343,18.2));
#7811 = VECTOR('',#7812,1.);
#7812 = DIRECTION('',(0.,-0.,1.));
#7813 = PCURVE('',#1969,#7814);
#7814 = DEFINITIONAL_REPRESENTATION('',(#7815),#7819);
#7815 = LINE('',#7816,#7817);
#7816 = CARTESIAN_POINT('',(1.,0.));
#7817 = VECTOR('',#7818,1.);
#7818 = DIRECTION('',(0.,-1.));
#7819 = ( GEOMETRIC_REPRESENTATION_CONTEXT(2) 
PARAMETRIC_REPRESENTATION_CONTEXT() REPRESENTATION_CONTEXT('2D SPACE',''
  ) );
#7820 = PCURVE('',#2000,#7821);
#7821 = DEFINITIONAL_REPRESENTATION('',(#7822),#7826);
#7822 = LINE('',#7823,#7824);
#7823 = CARTESIAN_POINT('',(0.,0.));
#7824 = VECTOR('',#7825,1.);
#7825 = DIRECTION('',(0.,-1.));
#7826 = ( GEOMETRIC_REPRESENTATION_CONTEXT(2) 
PARAMETRIC_REPRESENTATION_CONTEXT() REPRESENTATION_CONTEXT('2D SPACE',''
  ) );
#7827 = ADVANCED_FACE('',(#7828),#2000,.F.);
#7828 = FACE_BOUND('',#7829,.F.);
#7829 = EDGE_LOOP('',(#7830,#7851,#7852,#7853));
#7830 = ORIENTED_EDGE('',*,*,#7831,.F.);
#7831 = EDGE_CURVE('',#7783,#7734,#7832,.T.);
#7832 = SURFACE_CURVE('',#7833,(#7837,#7844),.PCURVE_S1.);
#7833 = LINE('',#7834,#7835);
#7834 = CARTESIAN_POINT('',(248.05841796875,-153.1153027343,18.2));
#7835 = VECTOR('',#7836,1.);
#7836 = DIRECTION('',(-1.,2.09306351207E-16,0.));
#7837 = PCURVE('',#2000,#7838);
#7838 = DEFINITIONAL_REPRESENTATION('',(#7839),#7843);
#7839 = LINE('',#7840,#7841);
#7840 = CARTESIAN_POINT('',(-2.22044604925E-16,0.));
#7841 = VECTOR('',#7842,1.);
#7842 = DIRECTION('',(1.,0.));
#7843 = ( GEOMETRIC_REPRESENTATION_CONTEXT(2) 
PARAMETRIC_REPRESENTATION_CONTEXT() REPRESENTATION_CONTEXT('2D SPACE',''
  ) );
#7844 = PCURVE('',#6617,#7845);
#7845 = DEFINITIONAL_REPRESENTATION('',(#7846),#7850);
#7846 = LINE('',#7847,#7848);
#7847 = CARTESIAN_POINT('',(0.7116015625,5.7496875));
#7848 = VECTOR('',#7849,1.);
#7849 = DIRECTION('',(-1.273825371799E-17,1.));
#7850 = ( GEOMETRIC_REPRESENTATION_CONTEXT(2) 
PARAMETRIC_REPRESENTATION_CONTEXT() REPRESENTATION_CONTEXT('2D SPACE',''
  ) );
#7851 = ORIENTED_EDGE('',*,*,#7807,.T.);
#7852 = ORIENTED_EDGE('',*,*,#1985,.F.);
#7853 = ORIENTED_EDGE('',*,*,#7756,.F.);
#7854 = ADVANCED_FACE('',(#7855),#2546,.F.);
#7855 = FACE_BOUND('',#7856,.F.);
#7856 = EDGE_LOOP('',(#7857,#7887,#7908,#7909));
#7857 = ORIENTED_EDGE('',*,*,#7858,.F.);
#7858 = EDGE_CURVE('',#7859,#7861,#7863,.T.);
#7859 = VERTEX_POINT('',#7860);
#7860 = CARTESIAN_POINT('',(250.39470703125,-33.51276367187,18.2));
#7861 = VERTEX_POINT('',#7862);
#7862 = CARTESIAN_POINT('',(245.6090625,-30.30084960937,18.2));
#7863 = SURFACE_CURVE('',#7864,(#7868,#7875),.PCURVE_S1.);
#7864 = LINE('',#7865,#7866);
#7865 = CARTESIAN_POINT('',(250.39470703125,-33.51276367187,18.2));
#7866 = VECTOR('',#7867,1.);
#7867 = DIRECTION('',(-0.830325855404,0.557278183537,0.));
#7868 = PCURVE('',#2546,#7869);
#7869 = DEFINITIONAL_REPRESENTATION('',(#7870),#7874);
#7870 = LINE('',#7871,#7872);
#7871 = CARTESIAN_POINT('',(0.,0.));
#7872 = VECTOR('',#7873,1.);
#7873 = DIRECTION('',(1.,0.));
#7874 = ( GEOMETRIC_REPRESENTATION_CONTEXT(2) 
PARAMETRIC_REPRESENTATION_CONTEXT() REPRESENTATION_CONTEXT('2D SPACE',''
  ) );
#7875 = PCURVE('',#7876,#7881);
#7876 = PLANE('',#7877);
#7877 = AXIS2_PLACEMENT_3D('',#7878,#7879,#7880);
#7878 = CARTESIAN_POINT('',(253.80810546875,-33.82690429687,18.2));
#7879 = DIRECTION('',(0.,0.,1.));
#7880 = DIRECTION('',(2.22044604925E-16,1.,0.));
#7881 = DEFINITIONAL_REPRESENTATION('',(#7882),#7886);
#7882 = LINE('',#7883,#7884);
#7883 = CARTESIAN_POINT('',(0.314140625,3.4133984375));
#7884 = VECTOR('',#7885,1.);
#7885 = DIRECTION('',(0.557278183537,0.830325855404));
#7886 = ( GEOMETRIC_REPRESENTATION_CONTEXT(2) 
PARAMETRIC_REPRESENTATION_CONTEXT() REPRESENTATION_CONTEXT('2D SPACE',''
  ) );
#7887 = ORIENTED_EDGE('',*,*,#7888,.T.);
#7888 = EDGE_CURVE('',#7859,#2532,#7889,.T.);
#7889 = SURFACE_CURVE('',#7890,(#7894,#7901),.PCURVE_S1.);
#7890 = LINE('',#7891,#7892);
#7891 = CARTESIAN_POINT('',(250.39470703125,-33.51276367187,18.2));
#7892 = VECTOR('',#7893,1.);
#7893 = DIRECTION('',(0.,-0.,1.));
#7894 = PCURVE('',#2546,#7895);
#7895 = DEFINITIONAL_REPRESENTATION('',(#7896),#7900);
#7896 = LINE('',#7897,#7898);
#7897 = CARTESIAN_POINT('',(0.,0.));
#7898 = VECTOR('',#7899,1.);
#7899 = DIRECTION('',(0.,-1.));
#7900 = ( GEOMETRIC_REPRESENTATION_CONTEXT(2) 
PARAMETRIC_REPRESENTATION_CONTEXT() REPRESENTATION_CONTEXT('2D SPACE',''
  ) );
#7901 = PCURVE('',#2804,#7902);
#7902 = DEFINITIONAL_REPRESENTATION('',(#7903),#7907);
#7903 = LINE('',#7904,#7905);
#7904 = CARTESIAN_POINT('',(2.1324609375,0.));
#7905 = VECTOR('',#7906,1.);
#7906 = DIRECTION('',(0.,-1.));
#7907 = ( GEOMETRIC_REPRESENTATION_CONTEXT(2) 
PARAMETRIC_REPRESENTATION_CONTEXT() REPRESENTATION_CONTEXT('2D SPACE',''
  ) );
#7908 = ORIENTED_EDGE('',*,*,#2529,.F.);
#7909 = ORIENTED_EDGE('',*,*,#7910,.F.);
#7910 = EDGE_CURVE('',#7861,#2530,#7911,.T.);
#7911 = SURFACE_CURVE('',#7912,(#7916,#7923),.PCURVE_S1.);
#7912 = LINE('',#7913,#7914);
#7913 = CARTESIAN_POINT('',(245.6090625,-30.30084960937,18.2));
#7914 = VECTOR('',#7915,1.);
#7915 = DIRECTION('',(0.,-0.,1.));
#7916 = PCURVE('',#2546,#7917);
#7917 = DEFINITIONAL_REPRESENTATION('',(#7918),#7922);
#7918 = LINE('',#7919,#7920);
#7919 = CARTESIAN_POINT('',(5.7635740235,0.));
#7920 = VECTOR('',#7921,1.);
#7921 = DIRECTION('',(0.,-1.));
#7922 = ( GEOMETRIC_REPRESENTATION_CONTEXT(2) 
PARAMETRIC_REPRESENTATION_CONTEXT() REPRESENTATION_CONTEXT('2D SPACE',''
  ) );
#7923 = PCURVE('',#2572,#7924);
#7924 = DEFINITIONAL_REPRESENTATION('',(#7925),#7929);
#7925 = LINE('',#7926,#7927);
#7926 = CARTESIAN_POINT('',(0.,0.));
#7927 = VECTOR('',#7928,1.);
#7928 = DIRECTION('',(0.,-1.));
#7929 = ( GEOMETRIC_REPRESENTATION_CONTEXT(2) 
PARAMETRIC_REPRESENTATION_CONTEXT() REPRESENTATION_CONTEXT('2D SPACE',''
  ) );
#7930 = ADVANCED_FACE('',(#7931),#2804,.F.);
#7931 = FACE_BOUND('',#7932,.F.);
#7932 = EDGE_LOOP('',(#7933,#7956,#7977,#7978));
#7933 = ORIENTED_EDGE('',*,*,#7934,.F.);
#7934 = EDGE_CURVE('',#7935,#7859,#7937,.T.);
#7935 = VERTEX_POINT('',#7936);
#7936 = CARTESIAN_POINT('',(252.52716796875,-33.51276367187,18.2));
#7937 = SURFACE_CURVE('',#7938,(#7942,#7949),.PCURVE_S1.);
#7938 = LINE('',#7939,#7940);
#7939 = CARTESIAN_POINT('',(252.52716796875,-33.51276367187,18.2));
#7940 = VECTOR('',#7941,1.);
#7941 = DIRECTION('',(-1.,2.08251978754E-16,0.));
#7942 = PCURVE('',#2804,#7943);
#7943 = DEFINITIONAL_REPRESENTATION('',(#7944),#7948);
#7944 = LINE('',#7945,#7946);
#7945 = CARTESIAN_POINT('',(0.,0.));
#7946 = VECTOR('',#7947,1.);
#7947 = DIRECTION('',(1.,0.));
#7948 = ( GEOMETRIC_REPRESENTATION_CONTEXT(2) 
PARAMETRIC_REPRESENTATION_CONTEXT() REPRESENTATION_CONTEXT('2D SPACE',''
  ) );
#7949 = PCURVE('',#7876,#7950);
#7950 = DEFINITIONAL_REPRESENTATION('',(#7951),#7955);
#7951 = LINE('',#7952,#7953);
#7952 = CARTESIAN_POINT('',(0.314140625,1.2809375));
#7953 = VECTOR('',#7954,1.);
#7954 = DIRECTION('',(-1.379262617099E-17,1.));
#7955 = ( GEOMETRIC_REPRESENTATION_CONTEXT(2) 
PARAMETRIC_REPRESENTATION_CONTEXT() REPRESENTATION_CONTEXT('2D SPACE',''
  ) );
#7956 = ORIENTED_EDGE('',*,*,#7957,.T.);
#7957 = EDGE_CURVE('',#7935,#2766,#7958,.T.);
#7958 = SURFACE_CURVE('',#7959,(#7963,#7970),.PCURVE_S1.);
#7959 = LINE('',#7960,#7961);
#7960 = CARTESIAN_POINT('',(252.52716796875,-33.51276367187,18.2));
#7961 = VECTOR('',#7962,1.);
#7962 = DIRECTION('',(0.,-0.,1.));
#7963 = PCURVE('',#2804,#7964);
#7964 = DEFINITIONAL_REPRESENTATION('',(#7965),#7969);
#7965 = LINE('',#7966,#7967);
#7966 = CARTESIAN_POINT('',(0.,0.));
#7967 = VECTOR('',#7968,1.);
#7968 = DIRECTION('',(0.,-1.));
#7969 = ( GEOMETRIC_REPRESENTATION_CONTEXT(2) 
PARAMETRIC_REPRESENTATION_CONTEXT() REPRESENTATION_CONTEXT('2D SPACE',''
  ) );
#7970 = PCURVE('',#2780,#7971);
#7971 = DEFINITIONAL_REPRESENTATION('',(#7972),#7976);
#7972 = LINE('',#7973,#7974);
#7973 = CARTESIAN_POINT('',(3.5556640625,0.));
#7974 = VECTOR('',#7975,1.);
#7975 = DIRECTION('',(0.,-1.));
#7976 = ( GEOMETRIC_REPRESENTATION_CONTEXT(2) 
PARAMETRIC_REPRESENTATION_CONTEXT() REPRESENTATION_CONTEXT('2D SPACE',''
  ) );
#7977 = ORIENTED_EDGE('',*,*,#2791,.F.);
#7978 = ORIENTED_EDGE('',*,*,#7888,.F.);
#7979 = ADVANCED_FACE('',(#7980),#2780,.F.);
#7980 = FACE_BOUND('',#7981,.F.);
#7981 = EDGE_LOOP('',(#7982,#8005,#8026,#8027));
#7982 = ORIENTED_EDGE('',*,*,#7983,.F.);
#7983 = EDGE_CURVE('',#7984,#7935,#7986,.T.);
#7984 = VERTEX_POINT('',#7985);
#7985 = CARTESIAN_POINT('',(252.52716796875,-29.95709960937,18.2));
#7986 = SURFACE_CURVE('',#7987,(#7991,#7998),.PCURVE_S1.);
#7987 = LINE('',#7988,#7989);
#7988 = CARTESIAN_POINT('',(252.52716796875,-29.95709960937,18.2));
#7989 = VECTOR('',#7990,1.);
#7990 = DIRECTION('',(-2.497925574768E-16,-1.,0.));
#7991 = PCURVE('',#2780,#7992);
#7992 = DEFINITIONAL_REPRESENTATION('',(#7993),#7997);
#7993 = LINE('',#7994,#7995);
#7994 = CARTESIAN_POINT('',(-2.775557561563E-16,0.));
#7995 = VECTOR('',#7996,1.);
#7996 = DIRECTION('',(1.,0.));
#7997 = ( GEOMETRIC_REPRESENTATION_CONTEXT(2) 
PARAMETRIC_REPRESENTATION_CONTEXT() REPRESENTATION_CONTEXT('2D SPACE',''
  ) );
#7998 = PCURVE('',#7876,#7999);
#7999 = DEFINITIONAL_REPRESENTATION('',(#8000),#8004);
#8000 = LINE('',#8001,#8002);
#8001 = CARTESIAN_POINT('',(3.8698046875,1.2809375));
#8002 = VECTOR('',#8003,1.);
#8003 = DIRECTION('',(-1.,2.774795255174E-17));
#8004 = ( GEOMETRIC_REPRESENTATION_CONTEXT(2) 
PARAMETRIC_REPRESENTATION_CONTEXT() REPRESENTATION_CONTEXT('2D SPACE',''
  ) );
#8005 = ORIENTED_EDGE('',*,*,#8006,.T.);
#8006 = EDGE_CURVE('',#7984,#2740,#8007,.T.);
#8007 = SURFACE_CURVE('',#8008,(#8012,#8019),.PCURVE_S1.);
#8008 = LINE('',#8009,#8010);
#8009 = CARTESIAN_POINT('',(252.52716796875,-29.95709960937,18.2));
#8010 = VECTOR('',#8011,1.);
#8011 = DIRECTION('',(0.,-0.,1.));
#8012 = PCURVE('',#2780,#8013);
#8013 = DEFINITIONAL_REPRESENTATION('',(#8014),#8018);
#8014 = LINE('',#8015,#8016);
#8015 = CARTESIAN_POINT('',(0.,0.));
#8016 = VECTOR('',#8017,1.);
#8017 = DIRECTION('',(0.,-1.));
#8018 = ( GEOMETRIC_REPRESENTATION_CONTEXT(2) 
PARAMETRIC_REPRESENTATION_CONTEXT() REPRESENTATION_CONTEXT('2D SPACE',''
  ) );
#8019 = PCURVE('',#2754,#8020);
#8020 = DEFINITIONAL_REPRESENTATION('',(#8021),#8025);
#8021 = LINE('',#8022,#8023);
#8022 = CARTESIAN_POINT('',(1.4609375,0.));
#8023 = VECTOR('',#8024,1.);
#8024 = DIRECTION('',(0.,-1.));
#8025 = ( GEOMETRIC_REPRESENTATION_CONTEXT(2) 
PARAMETRIC_REPRESENTATION_CONTEXT() REPRESENTATION_CONTEXT('2D SPACE',''
  ) );
#8026 = ORIENTED_EDGE('',*,*,#2765,.F.);
#8027 = ORIENTED_EDGE('',*,*,#7957,.F.);
#8028 = ADVANCED_FACE('',(#8029),#2754,.F.);
#8029 = FACE_BOUND('',#8030,.F.);
#8030 = EDGE_LOOP('',(#8031,#8054,#8075,#8076));
#8031 = ORIENTED_EDGE('',*,*,#8032,.F.);
#8032 = EDGE_CURVE('',#8033,#7984,#8035,.T.);
#8033 = VERTEX_POINT('',#8034);
#8034 = CARTESIAN_POINT('',(253.98810546875,-29.95709960937,18.2));
#8035 = SURFACE_CURVE('',#8036,(#8040,#8047),.PCURVE_S1.);
#8036 = LINE('',#8037,#8038);
#8037 = CARTESIAN_POINT('',(253.98810546875,-29.95709960937,18.2));
#8038 = VECTOR('',#8039,1.);
#8039 = DIRECTION('',(-1.,0.,0.));
#8040 = PCURVE('',#2754,#8041);
#8041 = DEFINITIONAL_REPRESENTATION('',(#8042),#8046);
#8042 = LINE('',#8043,#8044);
#8043 = CARTESIAN_POINT('',(0.,0.));
#8044 = VECTOR('',#8045,1.);
#8045 = DIRECTION('',(1.,0.));
#8046 = ( GEOMETRIC_REPRESENTATION_CONTEXT(2) 
PARAMETRIC_REPRESENTATION_CONTEXT() REPRESENTATION_CONTEXT('2D SPACE',''
  ) );
#8047 = PCURVE('',#7876,#8048);
#8048 = DEFINITIONAL_REPRESENTATION('',(#8049),#8053);
#8049 = LINE('',#8050,#8051);
#8050 = CARTESIAN_POINT('',(3.8698046875,-0.18));
#8051 = VECTOR('',#8052,1.);
#8052 = DIRECTION('',(-2.22044604925E-16,1.));
#8053 = ( GEOMETRIC_REPRESENTATION_CONTEXT(2) 
PARAMETRIC_REPRESENTATION_CONTEXT() REPRESENTATION_CONTEXT('2D SPACE',''
  ) );
#8054 = ORIENTED_EDGE('',*,*,#8055,.T.);
#8055 = EDGE_CURVE('',#8033,#2714,#8056,.T.);
#8056 = SURFACE_CURVE('',#8057,(#8061,#8068),.PCURVE_S1.);
#8057 = LINE('',#8058,#8059);
#8058 = CARTESIAN_POINT('',(253.98810546875,-29.95709960937,18.2));
#8059 = VECTOR('',#8060,1.);
#8060 = DIRECTION('',(0.,-0.,1.));
#8061 = PCURVE('',#2754,#8062);
#8062 = DEFINITIONAL_REPRESENTATION('',(#8063),#8067);
#8063 = LINE('',#8064,#8065);
#8064 = CARTESIAN_POINT('',(0.,0.));
#8065 = VECTOR('',#8066,1.);
#8066 = DIRECTION('',(0.,-1.));
#8067 = ( GEOMETRIC_REPRESENTATION_CONTEXT(2) 
PARAMETRIC_REPRESENTATION_CONTEXT() REPRESENTATION_CONTEXT('2D SPACE',''
  ) );
#8068 = PCURVE('',#2728,#8069);
#8069 = DEFINITIONAL_REPRESENTATION('',(#8070),#8074);
#8070 = LINE('',#8071,#8072);
#8071 = CARTESIAN_POINT('',(2.315078125,0.));
#8072 = VECTOR('',#8073,1.);
#8073 = DIRECTION('',(0.,-1.));
#8074 = ( GEOMETRIC_REPRESENTATION_CONTEXT(2) 
PARAMETRIC_REPRESENTATION_CONTEXT() REPRESENTATION_CONTEXT('2D SPACE',''
  ) );
#8075 = ORIENTED_EDGE('',*,*,#2739,.F.);
#8076 = ORIENTED_EDGE('',*,*,#8006,.F.);
#8077 = ADVANCED_FACE('',(#8078),#2728,.F.);
#8078 = FACE_BOUND('',#8079,.F.);
#8079 = EDGE_LOOP('',(#8080,#8103,#8124,#8125));
#8080 = ORIENTED_EDGE('',*,*,#8081,.F.);
#8081 = EDGE_CURVE('',#8082,#8033,#8084,.T.);
#8082 = VERTEX_POINT('',#8083);
#8083 = CARTESIAN_POINT('',(253.98810546875,-27.64202148437,18.2));
#8084 = SURFACE_CURVE('',#8085,(#8089,#8096),.PCURVE_S1.);
#8085 = LINE('',#8086,#8087);
#8086 = CARTESIAN_POINT('',(253.98810546875,-27.64202148437,18.2));
#8087 = VECTOR('',#8088,1.);
#8088 = DIRECTION('',(-1.918247185935E-16,-1.,0.));
#8089 = PCURVE('',#2728,#8090);
#8090 = DEFINITIONAL_REPRESENTATION('',(#8091),#8095);
#8091 = LINE('',#8092,#8093);
#8092 = CARTESIAN_POINT('',(0.,0.));
#8093 = VECTOR('',#8094,1.);
#8094 = DIRECTION('',(1.,0.));
#8095 = ( GEOMETRIC_REPRESENTATION_CONTEXT(2) 
PARAMETRIC_REPRESENTATION_CONTEXT() REPRESENTATION_CONTEXT('2D SPACE',''
  ) );
#8096 = PCURVE('',#7876,#8097);
#8097 = DEFINITIONAL_REPRESENTATION('',(#8098),#8102);
#8098 = LINE('',#8099,#8100);
#8099 = CARTESIAN_POINT('',(6.1848828125,-0.18));
#8100 = VECTOR('',#8101,1.);
#8101 = DIRECTION('',(-1.,-3.021988633154E-17));
#8102 = ( GEOMETRIC_REPRESENTATION_CONTEXT(2) 
PARAMETRIC_REPRESENTATION_CONTEXT() REPRESENTATION_CONTEXT('2D SPACE',''
  ) );
#8103 = ORIENTED_EDGE('',*,*,#8104,.T.);
#8104 = EDGE_CURVE('',#8082,#2688,#8105,.T.);
#8105 = SURFACE_CURVE('',#8106,(#8110,#8117),.PCURVE_S1.);
#8106 = LINE('',#8107,#8108);
#8107 = CARTESIAN_POINT('',(253.98810546875,-27.64202148437,18.2));
#8108 = VECTOR('',#8109,1.);
#8109 = DIRECTION('',(0.,-0.,1.));
#8110 = PCURVE('',#2728,#8111);
#8111 = DEFINITIONAL_REPRESENTATION('',(#8112),#8116);
#8112 = LINE('',#8113,#8114);
#8113 = CARTESIAN_POINT('',(0.,0.));
#8114 = VECTOR('',#8115,1.);
#8115 = DIRECTION('',(0.,-1.));
#8116 = ( GEOMETRIC_REPRESENTATION_CONTEXT(2) 
PARAMETRIC_REPRESENTATION_CONTEXT() REPRESENTATION_CONTEXT('2D SPACE',''
  ) );
#8117 = PCURVE('',#2702,#8118);
#8118 = DEFINITIONAL_REPRESENTATION('',(#8119),#8123);
#8119 = LINE('',#8120,#8121);
#8120 = CARTESIAN_POINT('',(1.4609375,0.));
#8121 = VECTOR('',#8122,1.);
#8122 = DIRECTION('',(0.,-1.));
#8123 = ( GEOMETRIC_REPRESENTATION_CONTEXT(2) 
PARAMETRIC_REPRESENTATION_CONTEXT() REPRESENTATION_CONTEXT('2D SPACE',''
  ) );
#8124 = ORIENTED_EDGE('',*,*,#2713,.F.);
#8125 = ORIENTED_EDGE('',*,*,#8055,.F.);
#8126 = ADVANCED_FACE('',(#8127),#2702,.F.);
#8127 = FACE_BOUND('',#8128,.F.);
#8128 = EDGE_LOOP('',(#8129,#8152,#8173,#8174));
#8129 = ORIENTED_EDGE('',*,*,#8130,.F.);
#8130 = EDGE_CURVE('',#8131,#8082,#8133,.T.);
#8131 = VERTEX_POINT('',#8132);
#8132 = CARTESIAN_POINT('',(252.52716796875,-27.64202148437,18.2));
#8133 = SURFACE_CURVE('',#8134,(#8138,#8145),.PCURVE_S1.);
#8134 = LINE('',#8135,#8136);
#8135 = CARTESIAN_POINT('',(252.52716796875,-27.64202148437,18.2));
#8136 = VECTOR('',#8137,1.);
#8137 = DIRECTION('',(1.,0.,0.));
#8138 = PCURVE('',#2702,#8139);
#8139 = DEFINITIONAL_REPRESENTATION('',(#8140),#8144);
#8140 = LINE('',#8141,#8142);
#8141 = CARTESIAN_POINT('',(0.,0.));
#8142 = VECTOR('',#8143,1.);
#8143 = DIRECTION('',(1.,0.));
#8144 = ( GEOMETRIC_REPRESENTATION_CONTEXT(2) 
PARAMETRIC_REPRESENTATION_CONTEXT() REPRESENTATION_CONTEXT('2D SPACE',''
  ) );
#8145 = PCURVE('',#7876,#8146);
#8146 = DEFINITIONAL_REPRESENTATION('',(#8147),#8151);
#8147 = LINE('',#8148,#8149);
#8148 = CARTESIAN_POINT('',(6.1848828125,1.2809375));
#8149 = VECTOR('',#8150,1.);
#8150 = DIRECTION('',(2.22044604925E-16,-1.));
#8151 = ( GEOMETRIC_REPRESENTATION_CONTEXT(2) 
PARAMETRIC_REPRESENTATION_CONTEXT() REPRESENTATION_CONTEXT('2D SPACE',''
  ) );
#8152 = ORIENTED_EDGE('',*,*,#8153,.T.);
#8153 = EDGE_CURVE('',#8131,#2662,#8154,.T.);
#8154 = SURFACE_CURVE('',#8155,(#8159,#8166),.PCURVE_S1.);
#8155 = LINE('',#8156,#8157);
#8156 = CARTESIAN_POINT('',(252.52716796875,-27.64202148437,18.2));
#8157 = VECTOR('',#8158,1.);
#8158 = DIRECTION('',(0.,-0.,1.));
#8159 = PCURVE('',#2702,#8160);
#8160 = DEFINITIONAL_REPRESENTATION('',(#8161),#8165);
#8161 = LINE('',#8162,#8163);
#8162 = CARTESIAN_POINT('',(0.,0.));
#8163 = VECTOR('',#8164,1.);
#8164 = DIRECTION('',(0.,-1.));
#8165 = ( GEOMETRIC_REPRESENTATION_CONTEXT(2) 
PARAMETRIC_REPRESENTATION_CONTEXT() REPRESENTATION_CONTEXT('2D SPACE',''
  ) );
#8166 = PCURVE('',#2676,#8167);
#8167 = DEFINITIONAL_REPRESENTATION('',(#8168),#8172);
#8168 = LINE('',#8169,#8170);
#8169 = CARTESIAN_POINT('',(1.14404296875,0.));
#8170 = VECTOR('',#8171,1.);
#8171 = DIRECTION('',(0.,-1.));
#8172 = ( GEOMETRIC_REPRESENTATION_CONTEXT(2) 
PARAMETRIC_REPRESENTATION_CONTEXT() REPRESENTATION_CONTEXT('2D SPACE',''
  ) );
#8173 = ORIENTED_EDGE('',*,*,#2687,.F.);
#8174 = ORIENTED_EDGE('',*,*,#8104,.F.);
#8175 = ADVANCED_FACE('',(#8176),#2676,.F.);
#8176 = FACE_BOUND('',#8177,.F.);
#8177 = EDGE_LOOP('',(#8178,#8201,#8222,#8223));
#8178 = ORIENTED_EDGE('',*,*,#8179,.F.);
#8179 = EDGE_CURVE('',#8180,#8131,#8182,.T.);
#8180 = VERTEX_POINT('',#8181);
#8181 = CARTESIAN_POINT('',(252.52716796875,-26.49797851562,18.2));
#8182 = SURFACE_CURVE('',#8183,(#8187,#8194),.PCURVE_S1.);
#8183 = LINE('',#8184,#8185);
#8184 = CARTESIAN_POINT('',(252.52716796875,-26.49797851562,18.2));
#8185 = VECTOR('',#8186,1.);
#8186 = DIRECTION('',(0.,-1.,0.));
#8187 = PCURVE('',#2676,#8188);
#8188 = DEFINITIONAL_REPRESENTATION('',(#8189),#8193);
#8189 = LINE('',#8190,#8191);
#8190 = CARTESIAN_POINT('',(0.,0.));
#8191 = VECTOR('',#8192,1.);
#8192 = DIRECTION('',(1.,0.));
#8193 = ( GEOMETRIC_REPRESENTATION_CONTEXT(2) 
PARAMETRIC_REPRESENTATION_CONTEXT() REPRESENTATION_CONTEXT('2D SPACE',''
  ) );
#8194 = PCURVE('',#7876,#8195);
#8195 = DEFINITIONAL_REPRESENTATION('',(#8196),#8200);
#8196 = LINE('',#8197,#8198);
#8197 = CARTESIAN_POINT('',(7.32892578125,1.2809375));
#8198 = VECTOR('',#8199,1.);
#8199 = DIRECTION('',(-1.,-2.22044604925E-16));
#8200 = ( GEOMETRIC_REPRESENTATION_CONTEXT(2) 
PARAMETRIC_REPRESENTATION_CONTEXT() REPRESENTATION_CONTEXT('2D SPACE',''
  ) );
#8201 = ORIENTED_EDGE('',*,*,#8202,.T.);
#8202 = EDGE_CURVE('',#8180,#2636,#8203,.T.);
#8203 = SURFACE_CURVE('',#8204,(#8208,#8215),.PCURVE_S1.);
#8204 = LINE('',#8205,#8206);
#8205 = CARTESIAN_POINT('',(252.52716796875,-26.49797851562,18.2));
#8206 = VECTOR('',#8207,1.);
#8207 = DIRECTION('',(0.,-0.,1.));
#8208 = PCURVE('',#2676,#8209);
#8209 = DEFINITIONAL_REPRESENTATION('',(#8210),#8214);
#8210 = LINE('',#8211,#8212);
#8211 = CARTESIAN_POINT('',(0.,0.));
#8212 = VECTOR('',#8213,1.);
#8213 = DIRECTION('',(0.,-1.));
#8214 = ( GEOMETRIC_REPRESENTATION_CONTEXT(2) 
PARAMETRIC_REPRESENTATION_CONTEXT() REPRESENTATION_CONTEXT('2D SPACE',''
  ) );
#8215 = PCURVE('',#2650,#8216);
#8216 = DEFINITIONAL_REPRESENTATION('',(#8217),#8221);
#8217 = LINE('',#8218,#8219);
#8218 = CARTESIAN_POINT('',(1.49853515625,0.));
#8219 = VECTOR('',#8220,1.);
#8220 = DIRECTION('',(0.,-1.));
#8221 = ( GEOMETRIC_REPRESENTATION_CONTEXT(2) 
PARAMETRIC_REPRESENTATION_CONTEXT() REPRESENTATION_CONTEXT('2D SPACE',''
  ) );
#8222 = ORIENTED_EDGE('',*,*,#2661,.F.);
#8223 = ORIENTED_EDGE('',*,*,#8153,.F.);
#8224 = ADVANCED_FACE('',(#8225),#2650,.F.);
#8225 = FACE_BOUND('',#8226,.F.);
#8226 = EDGE_LOOP('',(#8227,#8250,#8271,#8272));
#8227 = ORIENTED_EDGE('',*,*,#8228,.F.);
#8228 = EDGE_CURVE('',#8229,#8180,#8231,.T.);
#8229 = VERTEX_POINT('',#8230);
#8230 = CARTESIAN_POINT('',(250.6686328125,-26.49797851562,18.2));
#8231 = SURFACE_CURVE('',#8232,(#8236,#8243),.PCURVE_S1.);
#8232 = LINE('',#8233,#8234);
#8233 = CARTESIAN_POINT('',(250.6686328125,-26.49797851562,18.2));
#8234 = VECTOR('',#8235,1.);
#8235 = DIRECTION('',(1.,-4.778916431649E-16,0.));
#8236 = PCURVE('',#2650,#8237);
#8237 = DEFINITIONAL_REPRESENTATION('',(#8238),#8242);
#8238 = LINE('',#8239,#8240);
#8239 = CARTESIAN_POINT('',(-0.36,0.));
#8240 = VECTOR('',#8241,1.);
#8241 = DIRECTION('',(1.,0.));
#8242 = ( GEOMETRIC_REPRESENTATION_CONTEXT(2) 
PARAMETRIC_REPRESENTATION_CONTEXT() REPRESENTATION_CONTEXT('2D SPACE',''
  ) );
#8243 = PCURVE('',#7876,#8244);
#8244 = DEFINITIONAL_REPRESENTATION('',(#8245),#8249);
#8245 = LINE('',#8246,#8247);
#8246 = CARTESIAN_POINT('',(7.32892578125,3.13947265625));
#8247 = VECTOR('',#8248,1.);
#8248 = DIRECTION('',(-2.558470382399E-16,-1.));
#8249 = ( GEOMETRIC_REPRESENTATION_CONTEXT(2) 
PARAMETRIC_REPRESENTATION_CONTEXT() REPRESENTATION_CONTEXT('2D SPACE',''
  ) );
#8250 = ORIENTED_EDGE('',*,*,#8251,.T.);
#8251 = EDGE_CURVE('',#8229,#2610,#8252,.T.);
#8252 = SURFACE_CURVE('',#8253,(#8257,#8264),.PCURVE_S1.);
#8253 = LINE('',#8254,#8255);
#8254 = CARTESIAN_POINT('',(250.6686328125,-26.49797851562,18.2));
#8255 = VECTOR('',#8256,1.);
#8256 = DIRECTION('',(0.,-0.,1.));
#8257 = PCURVE('',#2650,#8258);
#8258 = DEFINITIONAL_REPRESENTATION('',(#8259),#8263);
#8259 = LINE('',#8260,#8261);
#8260 = CARTESIAN_POINT('',(-0.36,0.));
#8261 = VECTOR('',#8262,1.);
#8262 = DIRECTION('',(0.,-1.));
#8263 = ( GEOMETRIC_REPRESENTATION_CONTEXT(2) 
PARAMETRIC_REPRESENTATION_CONTEXT() REPRESENTATION_CONTEXT('2D SPACE',''
  ) );
#8264 = PCURVE('',#2624,#8265);
#8265 = DEFINITIONAL_REPRESENTATION('',(#8266),#8270);
#8266 = LINE('',#8267,#8268);
#8267 = CARTESIAN_POINT('',(1.14404296875,0.));
#8268 = VECTOR('',#8269,1.);
#8269 = DIRECTION('',(0.,-1.));
#8270 = ( GEOMETRIC_REPRESENTATION_CONTEXT(2) 
PARAMETRIC_REPRESENTATION_CONTEXT() REPRESENTATION_CONTEXT('2D SPACE',''
  ) );
#8271 = ORIENTED_EDGE('',*,*,#2635,.F.);
#8272 = ORIENTED_EDGE('',*,*,#8202,.F.);
#8273 = ADVANCED_FACE('',(#8274),#2624,.F.);
#8274 = FACE_BOUND('',#8275,.F.);
#8275 = EDGE_LOOP('',(#8276,#8299,#8320,#8321));
#8276 = ORIENTED_EDGE('',*,*,#8277,.F.);
#8277 = EDGE_CURVE('',#8278,#8229,#8280,.T.);
#8278 = VERTEX_POINT('',#8279);
#8279 = CARTESIAN_POINT('',(250.6686328125,-27.64202148437,18.2));
#8280 = SURFACE_CURVE('',#8281,(#8285,#8292),.PCURVE_S1.);
#8281 = LINE('',#8282,#8283);
#8282 = CARTESIAN_POINT('',(250.6686328125,-27.64202148437,18.2));
#8283 = VECTOR('',#8284,1.);
#8284 = DIRECTION('',(3.881752888489E-16,1.,0.));
#8285 = PCURVE('',#2624,#8286);
#8286 = DEFINITIONAL_REPRESENTATION('',(#8287),#8291);
#8287 = LINE('',#8288,#8289);
#8288 = CARTESIAN_POINT('',(0.,0.));
#8289 = VECTOR('',#8290,1.);
#8290 = DIRECTION('',(1.,0.));
#8291 = ( GEOMETRIC_REPRESENTATION_CONTEXT(2) 
PARAMETRIC_REPRESENTATION_CONTEXT() REPRESENTATION_CONTEXT('2D SPACE',''
  ) );
#8292 = PCURVE('',#7876,#8293);
#8293 = DEFINITIONAL_REPRESENTATION('',(#8294),#8298);
#8294 = LINE('',#8295,#8296);
#8295 = CARTESIAN_POINT('',(6.1848828125,3.13947265625));
#8296 = VECTOR('',#8297,1.);
#8297 = DIRECTION('',(1.,-1.661306839238E-16));
#8298 = ( GEOMETRIC_REPRESENTATION_CONTEXT(2) 
PARAMETRIC_REPRESENTATION_CONTEXT() REPRESENTATION_CONTEXT('2D SPACE',''
  ) );
#8299 = ORIENTED_EDGE('',*,*,#8300,.T.);
#8300 = EDGE_CURVE('',#8278,#2584,#8301,.T.);
#8301 = SURFACE_CURVE('',#8302,(#8306,#8313),.PCURVE_S1.);
#8302 = LINE('',#8303,#8304);
#8303 = CARTESIAN_POINT('',(250.6686328125,-27.64202148437,18.2));
#8304 = VECTOR('',#8305,1.);
#8305 = DIRECTION('',(0.,-0.,1.));
#8306 = PCURVE('',#2624,#8307);
#8307 = DEFINITIONAL_REPRESENTATION('',(#8308),#8312);
#8308 = LINE('',#8309,#8310);
#8309 = CARTESIAN_POINT('',(0.,0.));
#8310 = VECTOR('',#8311,1.);
#8311 = DIRECTION('',(0.,-1.));
#8312 = ( GEOMETRIC_REPRESENTATION_CONTEXT(2) 
PARAMETRIC_REPRESENTATION_CONTEXT() REPRESENTATION_CONTEXT('2D SPACE',''
  ) );
#8313 = PCURVE('',#2598,#8314);
#8314 = DEFINITIONAL_REPRESENTATION('',(#8315),#8319);
#8315 = LINE('',#8316,#8317);
#8316 = CARTESIAN_POINT('',(4.6995703125,0.));
#8317 = VECTOR('',#8318,1.);
#8318 = DIRECTION('',(0.,-1.));
#8319 = ( GEOMETRIC_REPRESENTATION_CONTEXT(2) 
PARAMETRIC_REPRESENTATION_CONTEXT() REPRESENTATION_CONTEXT('2D SPACE',''
  ) );
#8320 = ORIENTED_EDGE('',*,*,#2609,.F.);
#8321 = ORIENTED_EDGE('',*,*,#8251,.F.);
#8322 = ADVANCED_FACE('',(#8323),#2598,.F.);
#8323 = FACE_BOUND('',#8324,.F.);
#8324 = EDGE_LOOP('',(#8325,#8348,#8369,#8370));
#8325 = ORIENTED_EDGE('',*,*,#8326,.F.);
#8326 = EDGE_CURVE('',#8327,#8278,#8329,.T.);
#8327 = VERTEX_POINT('',#8328);
#8328 = CARTESIAN_POINT('',(245.6090625,-27.64202148437,18.2));
#8329 = SURFACE_CURVE('',#8330,(#8334,#8341),.PCURVE_S1.);
#8330 = LINE('',#8331,#8332);
#8331 = CARTESIAN_POINT('',(245.6090625,-27.64202148437,18.2));
#8332 = VECTOR('',#8333,1.);
#8333 = DIRECTION('',(1.,-1.755442389062E-16,0.));
#8334 = PCURVE('',#2598,#8335);
#8335 = DEFINITIONAL_REPRESENTATION('',(#8336),#8340);
#8336 = LINE('',#8337,#8338);
#8337 = CARTESIAN_POINT('',(-0.36,0.));
#8338 = VECTOR('',#8339,1.);
#8339 = DIRECTION('',(1.,0.));
#8340 = ( GEOMETRIC_REPRESENTATION_CONTEXT(2) 
PARAMETRIC_REPRESENTATION_CONTEXT() REPRESENTATION_CONTEXT('2D SPACE',''
  ) );
#8341 = PCURVE('',#7876,#8342);
#8342 = DEFINITIONAL_REPRESENTATION('',(#8343),#8347);
#8343 = LINE('',#8344,#8345);
#8344 = CARTESIAN_POINT('',(6.1848828125,8.19904296875));
#8345 = VECTOR('',#8346,1.);
#8346 = DIRECTION('',(4.650036601885E-17,-1.));
#8347 = ( GEOMETRIC_REPRESENTATION_CONTEXT(2) 
PARAMETRIC_REPRESENTATION_CONTEXT() REPRESENTATION_CONTEXT('2D SPACE',''
  ) );
#8348 = ORIENTED_EDGE('',*,*,#8349,.T.);
#8349 = EDGE_CURVE('',#8327,#2558,#8350,.T.);
#8350 = SURFACE_CURVE('',#8351,(#8355,#8362),.PCURVE_S1.);
#8351 = LINE('',#8352,#8353);
#8352 = CARTESIAN_POINT('',(245.6090625,-27.64202148437,18.2));
#8353 = VECTOR('',#8354,1.);
#8354 = DIRECTION('',(0.,-0.,1.));
#8355 = PCURVE('',#2598,#8356);
#8356 = DEFINITIONAL_REPRESENTATION('',(#8357),#8361);
#8357 = LINE('',#8358,#8359);
#8358 = CARTESIAN_POINT('',(-0.36,0.));
#8359 = VECTOR('',#8360,1.);
#8360 = DIRECTION('',(0.,-1.));
#8361 = ( GEOMETRIC_REPRESENTATION_CONTEXT(2) 
PARAMETRIC_REPRESENTATION_CONTEXT() REPRESENTATION_CONTEXT('2D SPACE',''
  ) );
#8362 = PCURVE('',#2572,#8363);
#8363 = DEFINITIONAL_REPRESENTATION('',(#8364),#8368);
#8364 = LINE('',#8365,#8366);
#8365 = CARTESIAN_POINT('',(2.658828125,0.));
#8366 = VECTOR('',#8367,1.);
#8367 = DIRECTION('',(0.,-1.));
#8368 = ( GEOMETRIC_REPRESENTATION_CONTEXT(2) 
PARAMETRIC_REPRESENTATION_CONTEXT() REPRESENTATION_CONTEXT('2D SPACE',''
  ) );
#8369 = ORIENTED_EDGE('',*,*,#2583,.F.);
#8370 = ORIENTED_EDGE('',*,*,#8300,.F.);
#8371 = ADVANCED_FACE('',(#8372),#2572,.F.);
#8372 = FACE_BOUND('',#8373,.F.);
#8373 = EDGE_LOOP('',(#8374,#8395,#8396,#8397));
#8374 = ORIENTED_EDGE('',*,*,#8375,.F.);
#8375 = EDGE_CURVE('',#7861,#8327,#8376,.T.);
#8376 = SURFACE_CURVE('',#8377,(#8381,#8388),.PCURVE_S1.);
#8377 = LINE('',#8378,#8379);
#8378 = CARTESIAN_POINT('',(245.6090625,-30.30084960937,18.2));
#8379 = VECTOR('',#8380,1.);
#8380 = DIRECTION('',(6.680976565194E-16,1.,0.));
#8381 = PCURVE('',#2572,#8382);
#8382 = DEFINITIONAL_REPRESENTATION('',(#8383),#8387);
#8383 = LINE('',#8384,#8385);
#8384 = CARTESIAN_POINT('',(2.775557561563E-16,0.));
#8385 = VECTOR('',#8386,1.);
#8386 = DIRECTION('',(1.,0.));
#8387 = ( GEOMETRIC_REPRESENTATION_CONTEXT(2) 
PARAMETRIC_REPRESENTATION_CONTEXT() REPRESENTATION_CONTEXT('2D SPACE',''
  ) );
#8388 = PCURVE('',#7876,#8389);
#8389 = DEFINITIONAL_REPRESENTATION('',(#8390),#8394);
#8390 = LINE('',#8391,#8392);
#8391 = CARTESIAN_POINT('',(3.5260546875,8.19904296875));
#8392 = VECTOR('',#8393,1.);
#8393 = DIRECTION('',(1.,-4.460530515943E-16));
#8394 = ( GEOMETRIC_REPRESENTATION_CONTEXT(2) 
PARAMETRIC_REPRESENTATION_CONTEXT() REPRESENTATION_CONTEXT('2D SPACE',''
  ) );
#8395 = ORIENTED_EDGE('',*,*,#7910,.T.);
#8396 = ORIENTED_EDGE('',*,*,#2557,.F.);
#8397 = ORIENTED_EDGE('',*,*,#8349,.F.);
#8398 = ADVANCED_FACE('',(#8399),#2839,.F.);
#8399 = FACE_BOUND('',#8400,.F.);
#8400 = EDGE_LOOP('',(#8401,#8431,#8452,#8453));
#8401 = ORIENTED_EDGE('',*,*,#8402,.F.);
#8402 = EDGE_CURVE('',#8403,#8405,#8407,.T.);
#8403 = VERTEX_POINT('',#8404);
#8404 = CARTESIAN_POINT('',(251.79119140625,-93.27106445312,18.2));
#8405 = VERTEX_POINT('',#8406);
#8406 = CARTESIAN_POINT('',(251.95781652959,-92.91106445312,18.2));
#8407 = SURFACE_CURVE('',#8408,(#8412,#8419),.PCURVE_S1.);
#8408 = B_SPLINE_CURVE_WITH_KNOTS('',2,(#8409,#8410,#8411),
  .UNSPECIFIED.,.F.,.F.,(3,3),(0.,1.),.PIECEWISE_BEZIER_KNOTS.);
#8409 = CARTESIAN_POINT('',(251.79119140625,-93.27106445312,18.2));
#8410 = CARTESIAN_POINT('',(252.08123046875,-92.69098632812,18.2));
#8411 = CARTESIAN_POINT('',(252.22893554687,-92.11896484375,18.2));
#8412 = PCURVE('',#2839,#8413);
#8413 = DEFINITIONAL_REPRESENTATION('',(#8414),#8418);
#8414 = LINE('',#8415,#8416);
#8415 = CARTESIAN_POINT('',(0.,0.));
#8416 = VECTOR('',#8417,1.);
#8417 = DIRECTION('',(1.,0.));
#8418 = ( GEOMETRIC_REPRESENTATION_CONTEXT(2) 
PARAMETRIC_REPRESENTATION_CONTEXT() REPRESENTATION_CONTEXT('2D SPACE',''
  ) );
#8419 = PCURVE('',#8420,#8425);
#8420 = PLANE('',#8421);
#8421 = AXIS2_PLACEMENT_3D('',#8422,#8423,#8424);
#8422 = CARTESIAN_POINT('',(253.80810546875,-93.82690429687,18.2));
#8423 = DIRECTION('',(0.,0.,1.));
#8424 = DIRECTION('',(2.22044604925E-16,1.,0.));
#8425 = DEFINITIONAL_REPRESENTATION('',(#8426),#8430);
#8426 = B_SPLINE_CURVE_WITH_KNOTS('',2,(#8427,#8428,#8429),
  .UNSPECIFIED.,.F.,.F.,(3,3),(0.,1.),.PIECEWISE_BEZIER_KNOTS.);
#8427 = CARTESIAN_POINT('',(0.55583984375,2.0169140625));
#8428 = CARTESIAN_POINT('',(1.13591796875,1.726875));
#8429 = CARTESIAN_POINT('',(1.707939453125,1.579169921875));
#8430 = ( GEOMETRIC_REPRESENTATION_CONTEXT(2) 
PARAMETRIC_REPRESENTATION_CONTEXT() REPRESENTATION_CONTEXT('2D SPACE',''
  ) );
#8431 = ORIENTED_EDGE('',*,*,#8432,.T.);
#8432 = EDGE_CURVE('',#8403,#2820,#8433,.T.);
#8433 = SURFACE_CURVE('',#8434,(#8438,#8445),.PCURVE_S1.);
#8434 = LINE('',#8435,#8436);
#8435 = CARTESIAN_POINT('',(251.79119140625,-93.27106445312,18.2));
#8436 = VECTOR('',#8437,1.);
#8437 = DIRECTION('',(0.,-0.,1.));
#8438 = PCURVE('',#2839,#8439);
#8439 = DEFINITIONAL_REPRESENTATION('',(#8440),#8444);
#8440 = LINE('',#8441,#8442);
#8441 = CARTESIAN_POINT('',(0.,0.));
#8442 = VECTOR('',#8443,1.);
#8443 = DIRECTION('',(0.,-1.));
#8444 = ( GEOMETRIC_REPRESENTATION_CONTEXT(2) 
PARAMETRIC_REPRESENTATION_CONTEXT() REPRESENTATION_CONTEXT('2D SPACE',''
  ) );
#8445 = PCURVE('',#4632,#8446);
#8446 = DEFINITIONAL_REPRESENTATION('',(#8447),#8451);
#8447 = LINE('',#8448,#8449);
#8448 = CARTESIAN_POINT('',(1.95521484375,0.));
#8449 = VECTOR('',#8450,1.);
#8450 = DIRECTION('',(0.,-1.));
#8451 = ( GEOMETRIC_REPRESENTATION_CONTEXT(2) 
PARAMETRIC_REPRESENTATION_CONTEXT() REPRESENTATION_CONTEXT('2D SPACE',''
  ) );
#8452 = ORIENTED_EDGE('',*,*,#2817,.F.);
#8453 = ORIENTED_EDGE('',*,*,#8454,.T.);
#8454 = EDGE_CURVE('',#2818,#8405,#8455,.T.);
#8455 = SURFACE_CURVE('',#8456,(#8462,#8471),.PCURVE_S1.);
#8456 = B_SPLINE_CURVE_WITH_KNOTS('',4,(#8457,#8458,#8459,#8460,#8461),
  .UNSPECIFIED.,.F.,.F.,(5,5),(0.,1.),.PIECEWISE_BEZIER_KNOTS.);
#8457 = CARTESIAN_POINT('',(251.95781652959,-92.91106445312,19.8));
#8458 = CARTESIAN_POINT('',(251.95781652959,-92.91106445312,
    19.40000000004));
#8459 = CARTESIAN_POINT('',(251.95781652959,-92.91106445312,19.));
#8460 = CARTESIAN_POINT('',(251.95781652959,-92.91106445312,
    18.59999999996));
#8461 = CARTESIAN_POINT('',(251.95781652959,-92.91106445312,18.2));
#8462 = PCURVE('',#2839,#8463);
#8463 = DEFINITIONAL_REPRESENTATION('',(#8464),#8470);
#8464 = B_SPLINE_CURVE_WITH_KNOTS('',4,(#8465,#8466,#8467,#8468,#8469),
  .UNSPECIFIED.,.F.,.F.,(5,5),(0.,1.),.PIECEWISE_BEZIER_KNOTS.);
#8465 = CARTESIAN_POINT('',(0.31097459418,-1.59999999984));
#8466 = CARTESIAN_POINT('',(0.31097459418,-1.19999999988));
#8467 = CARTESIAN_POINT('',(0.31097459418,-0.8));
#8468 = CARTESIAN_POINT('',(0.31097459418,-0.40000000012));
#8469 = CARTESIAN_POINT('',(0.31097459418,-1.599400611951E-10));
#8470 = ( GEOMETRIC_REPRESENTATION_CONTEXT(2) 
PARAMETRIC_REPRESENTATION_CONTEXT() REPRESENTATION_CONTEXT('2D SPACE',''
  ) );
#8471 = PCURVE('',#2870,#8472);
#8472 = DEFINITIONAL_REPRESENTATION('',(#8473),#8479);
#8473 = B_SPLINE_CURVE_WITH_KNOTS('',4,(#8474,#8475,#8476,#8477,#8478),
  .UNSPECIFIED.,.F.,.F.,(5,5),(0.,1.),.PIECEWISE_BEZIER_KNOTS.);
#8474 = CARTESIAN_POINT('',(1.428589720409,-1.6));
#8475 = CARTESIAN_POINT('',(1.428589720409,-1.20000000004));
#8476 = CARTESIAN_POINT('',(1.428589720409,-0.8));
#8477 = CARTESIAN_POINT('',(1.428589720409,-0.39999999996));
#8478 = CARTESIAN_POINT('',(1.428589720409,0.));
#8479 = ( GEOMETRIC_REPRESENTATION_CONTEXT(2) 
PARAMETRIC_REPRESENTATION_CONTEXT() REPRESENTATION_CONTEXT('2D SPACE',''
  ) );
#8480 = ADVANCED_FACE('',(#8481),#2870,.F.);
#8481 = FACE_BOUND('',#8482,.F.);
#8482 = EDGE_LOOP('',(#8483,#8506,#8507,#8508));
#8483 = ORIENTED_EDGE('',*,*,#8484,.F.);
#8484 = EDGE_CURVE('',#8405,#8485,#8487,.T.);
#8485 = VERTEX_POINT('',#8486);
#8486 = CARTESIAN_POINT('',(251.79119140625,-92.91106445312,18.2));
#8487 = SURFACE_CURVE('',#8488,(#8492,#8499),.PCURVE_S1.);
#8488 = LINE('',#8489,#8490);
#8489 = CARTESIAN_POINT('',(253.38640625,-92.91106445312,18.2));
#8490 = VECTOR('',#8491,1.);
#8491 = DIRECTION('',(-1.,2.22044604925E-16,0.));
#8492 = PCURVE('',#2870,#8493);
#8493 = DEFINITIONAL_REPRESENTATION('',(#8494),#8498);
#8494 = LINE('',#8495,#8496);
#8495 = CARTESIAN_POINT('',(0.,0.));
#8496 = VECTOR('',#8497,1.);
#8497 = DIRECTION('',(1.,0.));
#8498 = ( GEOMETRIC_REPRESENTATION_CONTEXT(2) 
PARAMETRIC_REPRESENTATION_CONTEXT() REPRESENTATION_CONTEXT('2D SPACE',''
  ) );
#8499 = PCURVE('',#8420,#8500);
#8500 = DEFINITIONAL_REPRESENTATION('',(#8501),#8505);
#8501 = LINE('',#8502,#8503);
#8502 = CARTESIAN_POINT('',(0.91583984375,0.42169921875));
#8503 = VECTOR('',#8504,1.);
#8504 = DIRECTION('',(0.,1.));
#8505 = ( GEOMETRIC_REPRESENTATION_CONTEXT(2) 
PARAMETRIC_REPRESENTATION_CONTEXT() REPRESENTATION_CONTEXT('2D SPACE',''
  ) );
#8506 = ORIENTED_EDGE('',*,*,#8454,.F.);
#8507 = ORIENTED_EDGE('',*,*,#2855,.F.);
#8508 = ORIENTED_EDGE('',*,*,#8509,.F.);
#8509 = EDGE_CURVE('',#8485,#2856,#8510,.T.);
#8510 = SURFACE_CURVE('',#8511,(#8515,#8522),.PCURVE_S1.);
#8511 = LINE('',#8512,#8513);
#8512 = CARTESIAN_POINT('',(251.79119140625,-92.91106445312,18.2));
#8513 = VECTOR('',#8514,1.);
#8514 = DIRECTION('',(0.,-0.,1.));
#8515 = PCURVE('',#2870,#8516);
#8516 = DEFINITIONAL_REPRESENTATION('',(#8517),#8521);
#8517 = LINE('',#8518,#8519);
#8518 = CARTESIAN_POINT('',(1.59521484375,0.));
#8519 = VECTOR('',#8520,1.);
#8520 = DIRECTION('',(0.,-1.));
#8521 = ( GEOMETRIC_REPRESENTATION_CONTEXT(2) 
PARAMETRIC_REPRESENTATION_CONTEXT() REPRESENTATION_CONTEXT('2D SPACE',''
  ) );
#8522 = PCURVE('',#2903,#8523);
#8523 = DEFINITIONAL_REPRESENTATION('',(#8524),#8528);
#8524 = LINE('',#8525,#8526);
#8525 = CARTESIAN_POINT('',(0.,0.));
#8526 = VECTOR('',#8527,1.);
#8527 = DIRECTION('',(0.,-1.));
#8528 = ( GEOMETRIC_REPRESENTATION_CONTEXT(2) 
PARAMETRIC_REPRESENTATION_CONTEXT() REPRESENTATION_CONTEXT('2D SPACE',''
  ) );
#8529 = ADVANCED_FACE('',(#8530),#4632,.F.);
#8530 = FACE_BOUND('',#8531,.F.);
#8531 = EDGE_LOOP('',(#8532,#8555,#8576,#8577));
#8532 = ORIENTED_EDGE('',*,*,#8533,.F.);
#8533 = EDGE_CURVE('',#8534,#8403,#8536,.T.);
#8534 = VERTEX_POINT('',#8535);
#8535 = CARTESIAN_POINT('',(253.74640625,-93.27106445312,18.2));
#8536 = SURFACE_CURVE('',#8537,(#8541,#8548),.PCURVE_S1.);
#8537 = LINE('',#8538,#8539);
#8538 = CARTESIAN_POINT('',(253.74640625,-93.27106445312,18.2));
#8539 = VECTOR('',#8540,1.);
#8540 = DIRECTION('',(-1.,2.271306456524E-16,0.));
#8541 = PCURVE('',#4632,#8542);
#8542 = DEFINITIONAL_REPRESENTATION('',(#8543),#8547);
#8543 = LINE('',#8544,#8545);
#8544 = CARTESIAN_POINT('',(0.,0.));
#8545 = VECTOR('',#8546,1.);
#8546 = DIRECTION('',(1.,0.));
#8547 = ( GEOMETRIC_REPRESENTATION_CONTEXT(2) 
PARAMETRIC_REPRESENTATION_CONTEXT() REPRESENTATION_CONTEXT('2D SPACE',''
  ) );
#8548 = PCURVE('',#8420,#8549);
#8549 = DEFINITIONAL_REPRESENTATION('',(#8550),#8554);
#8550 = LINE('',#8551,#8552);
#8551 = CARTESIAN_POINT('',(0.55583984375,6.169921875E-02));
#8552 = VECTOR('',#8553,1.);
#8553 = DIRECTION('',(5.086040727353E-18,1.));
#8554 = ( GEOMETRIC_REPRESENTATION_CONTEXT(2) 
PARAMETRIC_REPRESENTATION_CONTEXT() REPRESENTATION_CONTEXT('2D SPACE',''
  ) );
#8555 = ORIENTED_EDGE('',*,*,#8556,.T.);
#8556 = EDGE_CURVE('',#8534,#4581,#8557,.T.);
#8557 = SURFACE_CURVE('',#8558,(#8562,#8569),.PCURVE_S1.);
#8558 = LINE('',#8559,#8560);
#8559 = CARTESIAN_POINT('',(253.74640625,-93.27106445312,18.2));
#8560 = VECTOR('',#8561,1.);
#8561 = DIRECTION('',(0.,-0.,1.));
#8562 = PCURVE('',#4632,#8563);
#8563 = DEFINITIONAL_REPRESENTATION('',(#8564),#8568);
#8564 = LINE('',#8565,#8566);
#8565 = CARTESIAN_POINT('',(0.,0.));
#8566 = VECTOR('',#8567,1.);
#8567 = DIRECTION('',(0.,-1.));
#8568 = ( GEOMETRIC_REPRESENTATION_CONTEXT(2) 
PARAMETRIC_REPRESENTATION_CONTEXT() REPRESENTATION_CONTEXT('2D SPACE',''
  ) );
#8569 = PCURVE('',#4602,#8570);
#8570 = DEFINITIONAL_REPRESENTATION('',(#8571),#8575);
#8571 = LINE('',#8572,#8573);
#8572 = CARTESIAN_POINT('',(1.,0.));
#8573 = VECTOR('',#8574,1.);
#8574 = DIRECTION('',(0.,-1.));
#8575 = ( GEOMETRIC_REPRESENTATION_CONTEXT(2) 
PARAMETRIC_REPRESENTATION_CONTEXT() REPRESENTATION_CONTEXT('2D SPACE',''
  ) );
#8576 = ORIENTED_EDGE('',*,*,#4619,.F.);
#8577 = ORIENTED_EDGE('',*,*,#8432,.F.);
#8578 = ADVANCED_FACE('',(#8579),#2903,.F.);
#8579 = FACE_BOUND('',#8580,.F.);
#8580 = EDGE_LOOP('',(#8581,#8604,#8605,#8606));
#8581 = ORIENTED_EDGE('',*,*,#8582,.F.);
#8582 = EDGE_CURVE('',#8485,#8583,#8585,.T.);
#8583 = VERTEX_POINT('',#8584);
#8584 = CARTESIAN_POINT('',(252.22893554687,-91.75896484375,18.2));
#8585 = SURFACE_CURVE('',#8586,(#8590,#8597),.PCURVE_S1.);
#8586 = B_SPLINE_CURVE_WITH_KNOTS('',2,(#8587,#8588,#8589),
  .UNSPECIFIED.,.F.,.F.,(3,3),(0.,1.),.PIECEWISE_BEZIER_KNOTS.);
#8587 = CARTESIAN_POINT('',(251.79119140625,-92.91106445312,18.2));
#8588 = CARTESIAN_POINT('',(252.08123046875,-92.33098632812,18.2));
#8589 = CARTESIAN_POINT('',(252.22893554687,-91.75896484375,18.2));
#8590 = PCURVE('',#2903,#8591);
#8591 = DEFINITIONAL_REPRESENTATION('',(#8592),#8596);
#8592 = LINE('',#8593,#8594);
#8593 = CARTESIAN_POINT('',(0.,0.));
#8594 = VECTOR('',#8595,1.);
#8595 = DIRECTION('',(1.,0.));
#8596 = ( GEOMETRIC_REPRESENTATION_CONTEXT(2) 
PARAMETRIC_REPRESENTATION_CONTEXT() REPRESENTATION_CONTEXT('2D SPACE',''
  ) );
#8597 = PCURVE('',#8420,#8598);
#8598 = DEFINITIONAL_REPRESENTATION('',(#8599),#8603);
#8599 = B_SPLINE_CURVE_WITH_KNOTS('',2,(#8600,#8601,#8602),
  .UNSPECIFIED.,.F.,.F.,(3,3),(0.,1.),.PIECEWISE_BEZIER_KNOTS.);
#8600 = CARTESIAN_POINT('',(0.91583984375,2.0169140625));
#8601 = CARTESIAN_POINT('',(1.49591796875,1.726875));
#8602 = CARTESIAN_POINT('',(2.067939453125,1.579169921875));
#8603 = ( GEOMETRIC_REPRESENTATION_CONTEXT(2) 
PARAMETRIC_REPRESENTATION_CONTEXT() REPRESENTATION_CONTEXT('2D SPACE',''
  ) );
#8604 = ORIENTED_EDGE('',*,*,#8509,.T.);
#8605 = ORIENTED_EDGE('',*,*,#2881,.F.);
#8606 = ORIENTED_EDGE('',*,*,#8607,.F.);
#8607 = EDGE_CURVE('',#8583,#2882,#8608,.T.);
#8608 = SURFACE_CURVE('',#8609,(#8613,#8620),.PCURVE_S1.);
#8609 = LINE('',#8610,#8611);
#8610 = CARTESIAN_POINT('',(252.22893554687,-91.75896484375,18.2));
#8611 = VECTOR('',#8612,1.);
#8612 = DIRECTION('',(0.,-0.,1.));
#8613 = PCURVE('',#2903,#8614);
#8614 = DEFINITIONAL_REPRESENTATION('',(#8615),#8619);
#8615 = LINE('',#8616,#8617);
#8616 = CARTESIAN_POINT('',(1.,0.));
#8617 = VECTOR('',#8618,1.);
#8618 = DIRECTION('',(0.,-1.));
#8619 = ( GEOMETRIC_REPRESENTATION_CONTEXT(2) 
PARAMETRIC_REPRESENTATION_CONTEXT() REPRESENTATION_CONTEXT('2D SPACE',''
  ) );
#8620 = PCURVE('',#2942,#8621);
#8621 = DEFINITIONAL_REPRESENTATION('',(#8622),#8626);
#8622 = LINE('',#8623,#8624);
#8623 = CARTESIAN_POINT('',(0.,0.));
#8624 = VECTOR('',#8625,1.);
#8625 = DIRECTION('',(0.,-1.));
#8626 = ( GEOMETRIC_REPRESENTATION_CONTEXT(2) 
PARAMETRIC_REPRESENTATION_CONTEXT() REPRESENTATION_CONTEXT('2D SPACE',''
  ) );
#8627 = ADVANCED_FACE('',(#8628),#4602,.F.);
#8628 = FACE_BOUND('',#8629,.F.);
#8629 = EDGE_LOOP('',(#8630,#8653,#8674,#8675));
#8630 = ORIENTED_EDGE('',*,*,#8631,.F.);
#8631 = EDGE_CURVE('',#8632,#8534,#8634,.T.);
#8632 = VERTEX_POINT('',#8633);
#8633 = CARTESIAN_POINT('',(254.04450195312,-92.04376953125,18.2));
#8634 = SURFACE_CURVE('',#8635,(#8639,#8646),.PCURVE_S1.);
#8635 = B_SPLINE_CURVE_WITH_KNOTS('',2,(#8636,#8637,#8638),
  .UNSPECIFIED.,.F.,.F.,(3,3),(0.,1.),.PIECEWISE_BEZIER_KNOTS.);
#8636 = CARTESIAN_POINT('',(254.04450195312,-92.04376953125,18.2));
#8637 = CARTESIAN_POINT('',(253.94513671875,-92.66413085937,18.2));
#8638 = CARTESIAN_POINT('',(253.74640625,-93.27106445312,18.2));
#8639 = PCURVE('',#4602,#8640);
#8640 = DEFINITIONAL_REPRESENTATION('',(#8641),#8645);
#8641 = LINE('',#8642,#8643);
#8642 = CARTESIAN_POINT('',(0.,0.));
#8643 = VECTOR('',#8644,1.);
#8644 = DIRECTION('',(1.,0.));
#8645 = ( GEOMETRIC_REPRESENTATION_CONTEXT(2) 
PARAMETRIC_REPRESENTATION_CONTEXT() REPRESENTATION_CONTEXT('2D SPACE',''
  ) );
#8646 = PCURVE('',#8420,#8647);
#8647 = DEFINITIONAL_REPRESENTATION('',(#8648),#8652);
#8648 = B_SPLINE_CURVE_WITH_KNOTS('',2,(#8649,#8650,#8651),
  .UNSPECIFIED.,.F.,.F.,(3,3),(0.,1.),.PIECEWISE_BEZIER_KNOTS.);
#8649 = CARTESIAN_POINT('',(1.783134765625,-0.236396484375));
#8650 = CARTESIAN_POINT('',(1.1627734375,-0.13703125));
#8651 = CARTESIAN_POINT('',(0.55583984375,6.169921875E-02));
#8652 = ( GEOMETRIC_REPRESENTATION_CONTEXT(2) 
PARAMETRIC_REPRESENTATION_CONTEXT() REPRESENTATION_CONTEXT('2D SPACE',''
  ) );
#8653 = ORIENTED_EDGE('',*,*,#8654,.T.);
#8654 = EDGE_CURVE('',#8632,#4542,#8655,.T.);
#8655 = SURFACE_CURVE('',#8656,(#8660,#8667),.PCURVE_S1.);
#8656 = LINE('',#8657,#8658);
#8657 = CARTESIAN_POINT('',(254.04450195312,-92.04376953125,18.2));
#8658 = VECTOR('',#8659,1.);
#8659 = DIRECTION('',(0.,-0.,1.));
#8660 = PCURVE('',#4602,#8661);
#8661 = DEFINITIONAL_REPRESENTATION('',(#8662),#8666);
#8662 = LINE('',#8663,#8664);
#8663 = CARTESIAN_POINT('',(0.,0.));
#8664 = VECTOR('',#8665,1.);
#8665 = DIRECTION('',(0.,-1.));
#8666 = ( GEOMETRIC_REPRESENTATION_CONTEXT(2) 
PARAMETRIC_REPRESENTATION_CONTEXT() REPRESENTATION_CONTEXT('2D SPACE',''
  ) );
#8667 = PCURVE('',#4563,#8668);
#8668 = DEFINITIONAL_REPRESENTATION('',(#8669),#8673);
#8669 = LINE('',#8670,#8671);
#8670 = CARTESIAN_POINT('',(1.,0.));
#8671 = VECTOR('',#8672,1.);
#8672 = DIRECTION('',(0.,-1.));
#8673 = ( GEOMETRIC_REPRESENTATION_CONTEXT(2) 
PARAMETRIC_REPRESENTATION_CONTEXT() REPRESENTATION_CONTEXT('2D SPACE',''
  ) );
#8674 = ORIENTED_EDGE('',*,*,#4580,.F.);
#8675 = ORIENTED_EDGE('',*,*,#8556,.F.);
#8676 = ADVANCED_FACE('',(#8677),#2942,.F.);
#8677 = FACE_BOUND('',#8678,.F.);
#8678 = EDGE_LOOP('',(#8679,#8702,#8703,#8704));
#8679 = ORIENTED_EDGE('',*,*,#8680,.F.);
#8680 = EDGE_CURVE('',#8583,#8681,#8683,.T.);
#8681 = VERTEX_POINT('',#8682);
#8682 = CARTESIAN_POINT('',(252.37289810649,-90.81031927095,18.2));
#8683 = SURFACE_CURVE('',#8684,(#8688,#8695),.PCURVE_S1.);
#8684 = B_SPLINE_CURVE_WITH_KNOTS('',2,(#8685,#8686,#8687),
  .UNSPECIFIED.,.F.,.F.,(3,3),(0.,1.),.PIECEWISE_BEZIER_KNOTS.);
#8685 = CARTESIAN_POINT('',(252.22893554687,-91.75896484375,18.2));
#8686 = CARTESIAN_POINT('',(252.376640625,-91.18694335937,18.2));
#8687 = CARTESIAN_POINT('',(252.376640625,-90.63372070312,18.2));
#8688 = PCURVE('',#2942,#8689);
#8689 = DEFINITIONAL_REPRESENTATION('',(#8690),#8694);
#8690 = LINE('',#8691,#8692);
#8691 = CARTESIAN_POINT('',(0.,0.));
#8692 = VECTOR('',#8693,1.);
#8693 = DIRECTION('',(1.,0.));
#8694 = ( GEOMETRIC_REPRESENTATION_CONTEXT(2) 
PARAMETRIC_REPRESENTATION_CONTEXT() REPRESENTATION_CONTEXT('2D SPACE',''
  ) );
#8695 = PCURVE('',#8420,#8696);
#8696 = DEFINITIONAL_REPRESENTATION('',(#8697),#8701);
#8697 = B_SPLINE_CURVE_WITH_KNOTS('',2,(#8698,#8699,#8700),
  .UNSPECIFIED.,.F.,.F.,(3,3),(0.,1.),.PIECEWISE_BEZIER_KNOTS.);
#8698 = CARTESIAN_POINT('',(2.067939453125,1.579169921875));
#8699 = CARTESIAN_POINT('',(2.6399609375,1.43146484375));
#8700 = CARTESIAN_POINT('',(3.19318359375,1.43146484375));
#8701 = ( GEOMETRIC_REPRESENTATION_CONTEXT(2) 
PARAMETRIC_REPRESENTATION_CONTEXT() REPRESENTATION_CONTEXT('2D SPACE',''
  ) );
#8702 = ORIENTED_EDGE('',*,*,#8607,.T.);
#8703 = ORIENTED_EDGE('',*,*,#2920,.F.);
#8704 = ORIENTED_EDGE('',*,*,#8705,.T.);
#8705 = EDGE_CURVE('',#2921,#8681,#8706,.T.);
#8706 = SURFACE_CURVE('',#8707,(#8713,#8722),.PCURVE_S1.);
#8707 = B_SPLINE_CURVE_WITH_KNOTS('',4,(#8708,#8709,#8710,#8711,#8712),
  .UNSPECIFIED.,.F.,.F.,(5,5),(0.,1.),.PIECEWISE_BEZIER_KNOTS.);
#8708 = CARTESIAN_POINT('',(252.37289810649,-90.81031927095,19.8000006)
  );
#8709 = CARTESIAN_POINT('',(252.37289810649,-90.81031927095,
    19.400000300005));
#8710 = CARTESIAN_POINT('',(252.37289810649,-90.81031927095,
    19.000000000004));
#8711 = CARTESIAN_POINT('',(252.37289810649,-90.81031927095,
    18.599999699995));
#8712 = CARTESIAN_POINT('',(252.37289810649,-90.81031927095,18.1999994)
  );
#8713 = PCURVE('',#2942,#8714);
#8714 = DEFINITIONAL_REPRESENTATION('',(#8715),#8721);
#8715 = B_SPLINE_CURVE_WITH_KNOTS('',4,(#8716,#8717,#8718,#8719,#8720),
  .UNSPECIFIED.,.F.,.F.,(5,5),(0.,1.),.PIECEWISE_BEZIER_KNOTS.);
#8716 = CARTESIAN_POINT('',(0.840821552318,-1.6000006));
#8717 = CARTESIAN_POINT('',(0.840821552318,-1.200000300005));
#8718 = CARTESIAN_POINT('',(0.840821552318,-0.800000000004));
#8719 = CARTESIAN_POINT('',(0.840821552318,-0.399999699995));
#8720 = CARTESIAN_POINT('',(0.840821552318,5.999999999062E-07));
#8721 = ( GEOMETRIC_REPRESENTATION_CONTEXT(2) 
PARAMETRIC_REPRESENTATION_CONTEXT() REPRESENTATION_CONTEXT('2D SPACE',''
  ) );
#8722 = PCURVE('',#2993,#8723);
#8723 = DEFINITIONAL_REPRESENTATION('',(#8724),#8730);
#8724 = B_SPLINE_CURVE_WITH_KNOTS('',4,(#8725,#8726,#8727,#8728,#8729),
  .UNSPECIFIED.,.F.,.F.,(5,5),(0.,1.),.PIECEWISE_BEZIER_KNOTS.);
#8725 = CARTESIAN_POINT('',(0.114660195317,-1.600000599971));
#8726 = CARTESIAN_POINT('',(0.114660195317,-1.200000299977));
#8727 = CARTESIAN_POINT('',(0.114660195317,-0.799999999995));
#8728 = CARTESIAN_POINT('',(0.114660195317,-0.39999970003));
#8729 = CARTESIAN_POINT('',(0.114660195317,5.999645611432E-07));
#8730 = ( GEOMETRIC_REPRESENTATION_CONTEXT(2) 
PARAMETRIC_REPRESENTATION_CONTEXT() REPRESENTATION_CONTEXT('2D SPACE',''
  ) );
#8731 = ADVANCED_FACE('',(#8732),#4563,.F.);
#8732 = FACE_BOUND('',#8733,.F.);
#8733 = EDGE_LOOP('',(#8734,#8757,#8778,#8779));
#8734 = ORIENTED_EDGE('',*,*,#8735,.F.);
#8735 = EDGE_CURVE('',#8736,#8632,#8738,.T.);
#8736 = VERTEX_POINT('',#8737);
#8737 = CARTESIAN_POINT('',(254.1438671875,-90.80573242187,18.2));
#8738 = SURFACE_CURVE('',#8739,(#8743,#8750),.PCURVE_S1.);
#8739 = B_SPLINE_CURVE_WITH_KNOTS('',2,(#8740,#8741,#8742),
  .UNSPECIFIED.,.F.,.F.,(3,3),(0.,1.),.PIECEWISE_BEZIER_KNOTS.);
#8740 = CARTESIAN_POINT('',(254.1438671875,-90.80573242187,18.2));
#8741 = CARTESIAN_POINT('',(254.1438671875,-91.42340820312,18.2));
#8742 = CARTESIAN_POINT('',(254.04450195312,-92.04376953125,18.2));
#8743 = PCURVE('',#4563,#8744);
#8744 = DEFINITIONAL_REPRESENTATION('',(#8745),#8749);
#8745 = LINE('',#8746,#8747);
#8746 = CARTESIAN_POINT('',(0.,0.));
#8747 = VECTOR('',#8748,1.);
#8748 = DIRECTION('',(1.,0.));
#8749 = ( GEOMETRIC_REPRESENTATION_CONTEXT(2) 
PARAMETRIC_REPRESENTATION_CONTEXT() REPRESENTATION_CONTEXT('2D SPACE',''
  ) );
#8750 = PCURVE('',#8420,#8751);
#8751 = DEFINITIONAL_REPRESENTATION('',(#8752),#8756);
#8752 = B_SPLINE_CURVE_WITH_KNOTS('',2,(#8753,#8754,#8755),
  .UNSPECIFIED.,.F.,.F.,(3,3),(0.,1.),.PIECEWISE_BEZIER_KNOTS.);
#8753 = CARTESIAN_POINT('',(3.021171875,-0.33576171875));
#8754 = CARTESIAN_POINT('',(2.40349609375,-0.33576171875));
#8755 = CARTESIAN_POINT('',(1.783134765625,-0.236396484375));
#8756 = ( GEOMETRIC_REPRESENTATION_CONTEXT(2) 
PARAMETRIC_REPRESENTATION_CONTEXT() REPRESENTATION_CONTEXT('2D SPACE',''
  ) );
#8757 = ORIENTED_EDGE('',*,*,#8758,.T.);
#8758 = EDGE_CURVE('',#8736,#4506,#8759,.T.);
#8759 = SURFACE_CURVE('',#8760,(#8764,#8771),.PCURVE_S1.);
#8760 = LINE('',#8761,#8762);
#8761 = CARTESIAN_POINT('',(254.1438671875,-90.80573242187,18.2));
#8762 = VECTOR('',#8763,1.);
#8763 = DIRECTION('',(0.,-0.,1.));
#8764 = PCURVE('',#4563,#8765);
#8765 = DEFINITIONAL_REPRESENTATION('',(#8766),#8770);
#8766 = LINE('',#8767,#8768);
#8767 = CARTESIAN_POINT('',(0.,0.));
#8768 = VECTOR('',#8769,1.);
#8769 = DIRECTION('',(0.,-1.));
#8770 = ( GEOMETRIC_REPRESENTATION_CONTEXT(2) 
PARAMETRIC_REPRESENTATION_CONTEXT() REPRESENTATION_CONTEXT('2D SPACE',''
  ) );
#8771 = PCURVE('',#4525,#8772);
#8772 = DEFINITIONAL_REPRESENTATION('',(#8773),#8777);
#8773 = LINE('',#8774,#8775);
#8774 = CARTESIAN_POINT('',(1.,0.));
#8775 = VECTOR('',#8776,1.);
#8776 = DIRECTION('',(0.,-1.));
#8777 = ( GEOMETRIC_REPRESENTATION_CONTEXT(2) 
PARAMETRIC_REPRESENTATION_CONTEXT() REPRESENTATION_CONTEXT('2D SPACE',''
  ) );
#8778 = ORIENTED_EDGE('',*,*,#4541,.F.);
#8779 = ORIENTED_EDGE('',*,*,#8654,.F.);
#8780 = ADVANCED_FACE('',(#8781),#2993,.F.);
#8781 = FACE_BOUND('',#8782,.F.);
#8782 = EDGE_LOOP('',(#8783,#8806,#8807,#8808));
#8783 = ORIENTED_EDGE('',*,*,#8784,.F.);
#8784 = EDGE_CURVE('',#8681,#8785,#8787,.T.);
#8785 = VERTEX_POINT('',#8786);
#8786 = CARTESIAN_POINT('',(252.09197265625,-89.73419921875,18.2));
#8787 = SURFACE_CURVE('',#8788,(#8792,#8799),.PCURVE_S1.);
#8788 = B_SPLINE_CURVE_WITH_KNOTS('',2,(#8789,#8790,#8791),
  .UNSPECIFIED.,.F.,.F.,(3,3),(0.,1.),.PIECEWISE_BEZIER_KNOTS.);
#8789 = CARTESIAN_POINT('',(252.376640625,-90.99372070312,18.2));
#8790 = CARTESIAN_POINT('',(252.376640625,-90.17194335937,18.2));
#8791 = CARTESIAN_POINT('',(252.09197265625,-89.73419921875,18.2));
#8792 = PCURVE('',#2993,#8793);
#8793 = DEFINITIONAL_REPRESENTATION('',(#8794),#8798);
#8794 = LINE('',#8795,#8796);
#8795 = CARTESIAN_POINT('',(0.,0.));
#8796 = VECTOR('',#8797,1.);
#8797 = DIRECTION('',(1.,0.));
#8798 = ( GEOMETRIC_REPRESENTATION_CONTEXT(2) 
PARAMETRIC_REPRESENTATION_CONTEXT() REPRESENTATION_CONTEXT('2D SPACE',''
  ) );
#8799 = PCURVE('',#8420,#8800);
#8800 = DEFINITIONAL_REPRESENTATION('',(#8801),#8805);
#8801 = B_SPLINE_CURVE_WITH_KNOTS('',2,(#8802,#8803,#8804),
  .UNSPECIFIED.,.F.,.F.,(3,3),(0.,1.),.PIECEWISE_BEZIER_KNOTS.);
#8802 = CARTESIAN_POINT('',(2.83318359375,1.43146484375));
#8803 = CARTESIAN_POINT('',(3.6549609375,1.43146484375));
#8804 = CARTESIAN_POINT('',(4.092705078125,1.7161328125));
#8805 = ( GEOMETRIC_REPRESENTATION_CONTEXT(2) 
PARAMETRIC_REPRESENTATION_CONTEXT() REPRESENTATION_CONTEXT('2D SPACE',''
  ) );
#8806 = ORIENTED_EDGE('',*,*,#8705,.F.);
#8807 = ORIENTED_EDGE('',*,*,#2959,.F.);
#8808 = ORIENTED_EDGE('',*,*,#8809,.F.);
#8809 = EDGE_CURVE('',#8785,#2960,#8810,.T.);
#8810 = SURFACE_CURVE('',#8811,(#8815,#8822),.PCURVE_S1.);
#8811 = LINE('',#8812,#8813);
#8812 = CARTESIAN_POINT('',(252.09197265625,-89.73419921875,18.2));
#8813 = VECTOR('',#8814,1.);
#8814 = DIRECTION('',(0.,-0.,1.));
#8815 = PCURVE('',#2993,#8816);
#8816 = DEFINITIONAL_REPRESENTATION('',(#8817),#8821);
#8817 = LINE('',#8818,#8819);
#8818 = CARTESIAN_POINT('',(1.,0.));
#8819 = VECTOR('',#8820,1.);
#8820 = DIRECTION('',(0.,-1.));
#8821 = ( GEOMETRIC_REPRESENTATION_CONTEXT(2) 
PARAMETRIC_REPRESENTATION_CONTEXT() REPRESENTATION_CONTEXT('2D SPACE',''
  ) );
#8822 = PCURVE('',#3050,#8823);
#8823 = DEFINITIONAL_REPRESENTATION('',(#8824),#8828);
#8824 = LINE('',#8825,#8826);
#8825 = CARTESIAN_POINT('',(0.,0.));
#8826 = VECTOR('',#8827,1.);
#8827 = DIRECTION('',(0.,-1.));
#8828 = ( GEOMETRIC_REPRESENTATION_CONTEXT(2) 
PARAMETRIC_REPRESENTATION_CONTEXT() REPRESENTATION_CONTEXT('2D SPACE',''
  ) );
#8829 = ADVANCED_FACE('',(#8830),#4525,.F.);
#8830 = FACE_BOUND('',#8831,.F.);
#8831 = EDGE_LOOP('',(#8832,#8855,#8882,#8883));
#8832 = ORIENTED_EDGE('',*,*,#8833,.F.);
#8833 = EDGE_CURVE('',#8834,#8736,#8836,.T.);
#8834 = VERTEX_POINT('',#8835);
#8835 = CARTESIAN_POINT('',(254.14198946564,-90.61560322262,18.2));
#8836 = SURFACE_CURVE('',#8837,(#8841,#8848),.PCURVE_S1.);
#8837 = B_SPLINE_CURVE_WITH_KNOTS('',2,(#8838,#8839,#8840),
  .UNSPECIFIED.,.F.,.F.,(3,3),(0.,1.),.PIECEWISE_BEZIER_KNOTS.);
#8838 = CARTESIAN_POINT('',(253.52350585937,-88.14166992187,18.2));
#8839 = CARTESIAN_POINT('',(254.1438671875,-89.05475585937,18.2));
#8840 = CARTESIAN_POINT('',(254.1438671875,-90.80573242187,18.2));
#8841 = PCURVE('',#4525,#8842);
#8842 = DEFINITIONAL_REPRESENTATION('',(#8843),#8847);
#8843 = LINE('',#8844,#8845);
#8844 = CARTESIAN_POINT('',(0.,0.));
#8845 = VECTOR('',#8846,1.);
#8846 = DIRECTION('',(1.,0.));
#8847 = ( GEOMETRIC_REPRESENTATION_CONTEXT(2) 
PARAMETRIC_REPRESENTATION_CONTEXT() REPRESENTATION_CONTEXT('2D SPACE',''
  ) );
#8848 = PCURVE('',#8420,#8849);
#8849 = DEFINITIONAL_REPRESENTATION('',(#8850),#8854);
#8850 = B_SPLINE_CURVE_WITH_KNOTS('',2,(#8851,#8852,#8853),
  .UNSPECIFIED.,.F.,.F.,(3,3),(0.,1.),.PIECEWISE_BEZIER_KNOTS.);
#8851 = CARTESIAN_POINT('',(5.685234375,0.284599609375));
#8852 = CARTESIAN_POINT('',(4.7721484375,-0.33576171875));
#8853 = CARTESIAN_POINT('',(3.021171875,-0.33576171875));
#8854 = ( GEOMETRIC_REPRESENTATION_CONTEXT(2) 
PARAMETRIC_REPRESENTATION_CONTEXT() REPRESENTATION_CONTEXT('2D SPACE',''
  ) );
#8855 = ORIENTED_EDGE('',*,*,#8856,.F.);
#8856 = EDGE_CURVE('',#4470,#8834,#8857,.T.);
#8857 = SURFACE_CURVE('',#8858,(#8864,#8873),.PCURVE_S1.);
#8858 = B_SPLINE_CURVE_WITH_KNOTS('',4,(#8859,#8860,#8861,#8862,#8863),
  .UNSPECIFIED.,.F.,.F.,(5,5),(0.,1.),.PIECEWISE_BEZIER_KNOTS.);
#8859 = CARTESIAN_POINT('',(254.14198946564,-90.61560322262,19.8000006)
  );
#8860 = CARTESIAN_POINT('',(254.14198946564,-90.61560322262,
    19.400000300005));
#8861 = CARTESIAN_POINT('',(254.14198946564,-90.61560322262,
    19.000000000004));
#8862 = CARTESIAN_POINT('',(254.14198946564,-90.61560322262,
    18.599999699995));
#8863 = CARTESIAN_POINT('',(254.14198946564,-90.61560322262,18.1999994)
  );
#8864 = PCURVE('',#4525,#8865);
#8865 = DEFINITIONAL_REPRESENTATION('',(#8866),#8872);
#8866 = B_SPLINE_CURVE_WITH_KNOTS('',4,(#8867,#8868,#8869,#8870,#8871),
  .UNSPECIFIED.,.F.,.F.,(5,5),(0.,1.),.PIECEWISE_BEZIER_KNOTS.);
#8867 = CARTESIAN_POINT('',(0.944983460324,-1.600000599971));
#8868 = CARTESIAN_POINT('',(0.944983460324,-1.200000299977));
#8869 = CARTESIAN_POINT('',(0.944983460324,-0.799999999996));
#8870 = CARTESIAN_POINT('',(0.944983460324,-0.39999970003));
#8871 = CARTESIAN_POINT('',(0.944983460324,5.999646557342E-07));
#8872 = ( GEOMETRIC_REPRESENTATION_CONTEXT(2) 
PARAMETRIC_REPRESENTATION_CONTEXT() REPRESENTATION_CONTEXT('2D SPACE',''
  ) );
#8873 = PCURVE('',#4489,#8874);
#8874 = DEFINITIONAL_REPRESENTATION('',(#8875),#8881);
#8875 = B_SPLINE_CURVE_WITH_KNOTS('',4,(#8876,#8877,#8878,#8879,#8880),
  .UNSPECIFIED.,.F.,.F.,(5,5),(0.,1.),.PIECEWISE_BEZIER_KNOTS.);
#8876 = CARTESIAN_POINT('',(0.137466982411,-1.6000006));
#8877 = CARTESIAN_POINT('',(0.137466982411,-1.200000300005));
#8878 = CARTESIAN_POINT('',(0.137466982411,-0.800000000004));
#8879 = CARTESIAN_POINT('',(0.137466982411,-0.399999699995));
#8880 = CARTESIAN_POINT('',(0.137466982411,5.999999999062E-07));
#8881 = ( GEOMETRIC_REPRESENTATION_CONTEXT(2) 
PARAMETRIC_REPRESENTATION_CONTEXT() REPRESENTATION_CONTEXT('2D SPACE',''
  ) );
#8882 = ORIENTED_EDGE('',*,*,#4505,.F.);
#8883 = ORIENTED_EDGE('',*,*,#8758,.F.);
#8884 = ADVANCED_FACE('',(#8885),#3050,.F.);
#8885 = FACE_BOUND('',#8886,.F.);
#8886 = EDGE_LOOP('',(#8887,#8910,#8911,#8912));
#8887 = ORIENTED_EDGE('',*,*,#8888,.F.);
#8888 = EDGE_CURVE('',#8785,#8889,#8891,.T.);
#8889 = VERTEX_POINT('',#8890);
#8890 = CARTESIAN_POINT('',(251.45409219883,-89.30985847133,18.2));
#8891 = SURFACE_CURVE('',#8892,(#8896,#8903),.PCURVE_S1.);
#8892 = B_SPLINE_CURVE_WITH_KNOTS('',2,(#8893,#8894,#8895),
  .UNSPECIFIED.,.F.,.F.,(3,3),(0.,1.),.PIECEWISE_BEZIER_KNOTS.);
#8893 = CARTESIAN_POINT('',(252.09197265625,-89.73419921875,18.2));
#8894 = CARTESIAN_POINT('',(251.8073046875,-89.29645507812,18.2));
#8895 = CARTESIAN_POINT('',(251.27556640625,-89.29645507812,18.2));
#8896 = PCURVE('',#3050,#8897);
#8897 = DEFINITIONAL_REPRESENTATION('',(#8898),#8902);
#8898 = LINE('',#8899,#8900);
#8899 = CARTESIAN_POINT('',(0.,0.));
#8900 = VECTOR('',#8901,1.);
#8901 = DIRECTION('',(1.,0.));
#8902 = ( GEOMETRIC_REPRESENTATION_CONTEXT(2) 
PARAMETRIC_REPRESENTATION_CONTEXT() REPRESENTATION_CONTEXT('2D SPACE',''
  ) );
#8903 = PCURVE('',#8420,#8904);
#8904 = DEFINITIONAL_REPRESENTATION('',(#8905),#8909);
#8905 = B_SPLINE_CURVE_WITH_KNOTS('',2,(#8906,#8907,#8908),
  .UNSPECIFIED.,.F.,.F.,(3,3),(0.,1.),.PIECEWISE_BEZIER_KNOTS.);
#8906 = CARTESIAN_POINT('',(4.092705078125,1.7161328125));
#8907 = CARTESIAN_POINT('',(4.53044921875,2.00080078125));
#8908 = CARTESIAN_POINT('',(4.53044921875,2.5325390625));
#8909 = ( GEOMETRIC_REPRESENTATION_CONTEXT(2) 
PARAMETRIC_REPRESENTATION_CONTEXT() REPRESENTATION_CONTEXT('2D SPACE',''
  ) );
#8910 = ORIENTED_EDGE('',*,*,#8809,.T.);
#8911 = ORIENTED_EDGE('',*,*,#3016,.F.);
#8912 = ORIENTED_EDGE('',*,*,#8913,.F.);
#8913 = EDGE_CURVE('',#8889,#3017,#8914,.T.);
#8914 = SURFACE_CURVE('',#8915,(#8921,#8930),.PCURVE_S1.);
#8915 = B_SPLINE_CURVE_WITH_KNOTS('',4,(#8916,#8917,#8918,#8919,#8920),
  .UNSPECIFIED.,.F.,.F.,(5,5),(0.,1.),.PIECEWISE_BEZIER_KNOTS.);
#8916 = CARTESIAN_POINT('',(251.45409219883,-89.30985847133,18.1999994)
  );
#8917 = CARTESIAN_POINT('',(251.45409219883,-89.30985847133,
    18.599999699995));
#8918 = CARTESIAN_POINT('',(251.45409219883,-89.30985847133,
    18.999999999976));
#8919 = CARTESIAN_POINT('',(251.45409219883,-89.30985847133,
    19.400000300005));
#8920 = CARTESIAN_POINT('',(251.45409219883,-89.30985847133,19.8000006)
  );
#8921 = PCURVE('',#3050,#8922);
#8922 = DEFINITIONAL_REPRESENTATION('',(#8923),#8929);
#8923 = B_SPLINE_CURVE_WITH_KNOTS('',4,(#8924,#8925,#8926,#8927,#8928),
  .UNSPECIFIED.,.F.,.F.,(5,5),(0.,1.),.PIECEWISE_BEZIER_KNOTS.);
#8924 = CARTESIAN_POINT('',(0.825016455921,5.999886658614E-07));
#8925 = CARTESIAN_POINT('',(0.825016455921,-0.399999700006));
#8926 = CARTESIAN_POINT('',(0.825016455921,-0.800000000028));
#8927 = CARTESIAN_POINT('',(0.825016455921,-1.200000299953));
#8928 = CARTESIAN_POINT('',(0.825016455921,-1.600000599947));
#8929 = ( GEOMETRIC_REPRESENTATION_CONTEXT(2) 
PARAMETRIC_REPRESENTATION_CONTEXT() REPRESENTATION_CONTEXT('2D SPACE',''
  ) );
#8930 = PCURVE('',#3103,#8931);
#8931 = DEFINITIONAL_REPRESENTATION('',(#8932),#8938);
#8932 = B_SPLINE_CURVE_WITH_KNOTS('',4,(#8933,#8934,#8935,#8936,#8937),
  .UNSPECIFIED.,.F.,.F.,(5,5),(0.,1.),.PIECEWISE_BEZIER_KNOTS.);
#8933 = CARTESIAN_POINT('',(0.172875231631,5.999999999062E-07));
#8934 = CARTESIAN_POINT('',(0.172875231631,-0.399999699995));
#8935 = CARTESIAN_POINT('',(0.172875231631,-0.799999999976));
#8936 = CARTESIAN_POINT('',(0.172875231631,-1.200000300005));
#8937 = CARTESIAN_POINT('',(0.172875231631,-1.6000006));
#8938 = ( GEOMETRIC_REPRESENTATION_CONTEXT(2) 
PARAMETRIC_REPRESENTATION_CONTEXT() REPRESENTATION_CONTEXT('2D SPACE',''
  ) );
#8939 = ADVANCED_FACE('',(#8940),#4489,.F.);
#8940 = FACE_BOUND('',#8941,.F.);
#8941 = EDGE_LOOP('',(#8942,#8965,#8986,#8987));
#8942 = ORIENTED_EDGE('',*,*,#8943,.F.);
#8943 = EDGE_CURVE('',#8944,#8834,#8946,.T.);
#8944 = VERTEX_POINT('',#8945);
#8945 = CARTESIAN_POINT('',(254.1438671875,-90.44573242187,18.2));
#8946 = SURFACE_CURVE('',#8947,(#8951,#8958),.PCURVE_S1.);
#8947 = B_SPLINE_CURVE_WITH_KNOTS('',2,(#8948,#8949,#8950),
  .UNSPECIFIED.,.F.,.F.,(3,3),(0.,1.),.PIECEWISE_BEZIER_KNOTS.);
#8948 = CARTESIAN_POINT('',(254.1438671875,-90.44573242187,18.2));
#8949 = CARTESIAN_POINT('',(254.1438671875,-91.06340820312,18.2));
#8950 = CARTESIAN_POINT('',(254.04450195312,-91.68376953125,18.2));
#8951 = PCURVE('',#4489,#8952);
#8952 = DEFINITIONAL_REPRESENTATION('',(#8953),#8957);
#8953 = LINE('',#8954,#8955);
#8954 = CARTESIAN_POINT('',(0.,0.));
#8955 = VECTOR('',#8956,1.);
#8956 = DIRECTION('',(1.,0.));
#8957 = ( GEOMETRIC_REPRESENTATION_CONTEXT(2) 
PARAMETRIC_REPRESENTATION_CONTEXT() REPRESENTATION_CONTEXT('2D SPACE',''
  ) );
#8958 = PCURVE('',#8420,#8959);
#8959 = DEFINITIONAL_REPRESENTATION('',(#8960),#8964);
#8960 = B_SPLINE_CURVE_WITH_KNOTS('',2,(#8961,#8962,#8963),
  .UNSPECIFIED.,.F.,.F.,(3,3),(0.,1.),.PIECEWISE_BEZIER_KNOTS.);
#8961 = CARTESIAN_POINT('',(3.381171875,-0.33576171875));
#8962 = CARTESIAN_POINT('',(2.76349609375,-0.33576171875));
#8963 = CARTESIAN_POINT('',(2.143134765625,-0.236396484375));
#8964 = ( GEOMETRIC_REPRESENTATION_CONTEXT(2) 
PARAMETRIC_REPRESENTATION_CONTEXT() REPRESENTATION_CONTEXT('2D SPACE',''
  ) );
#8965 = ORIENTED_EDGE('',*,*,#8966,.T.);
#8966 = EDGE_CURVE('',#8944,#4398,#8967,.T.);
#8967 = SURFACE_CURVE('',#8968,(#8972,#8979),.PCURVE_S1.);
#8968 = LINE('',#8969,#8970);
#8969 = CARTESIAN_POINT('',(254.1438671875,-90.44573242187,18.2));
#8970 = VECTOR('',#8971,1.);
#8971 = DIRECTION('',(0.,-0.,1.));
#8972 = PCURVE('',#4489,#8973);
#8973 = DEFINITIONAL_REPRESENTATION('',(#8974),#8978);
#8974 = LINE('',#8975,#8976);
#8975 = CARTESIAN_POINT('',(0.,0.));
#8976 = VECTOR('',#8977,1.);
#8977 = DIRECTION('',(0.,-1.));
#8978 = ( GEOMETRIC_REPRESENTATION_CONTEXT(2) 
PARAMETRIC_REPRESENTATION_CONTEXT() REPRESENTATION_CONTEXT('2D SPACE',''
  ) );
#8979 = PCURVE('',#4441,#8980);
#8980 = DEFINITIONAL_REPRESENTATION('',(#8981),#8985);
#8981 = LINE('',#8982,#8983);
#8982 = CARTESIAN_POINT('',(1.,0.));
#8983 = VECTOR('',#8984,1.);
#8984 = DIRECTION('',(0.,-1.));
#8985 = ( GEOMETRIC_REPRESENTATION_CONTEXT(2) 
PARAMETRIC_REPRESENTATION_CONTEXT() REPRESENTATION_CONTEXT('2D SPACE',''
  ) );
#8986 = ORIENTED_EDGE('',*,*,#4469,.F.);
#8987 = ORIENTED_EDGE('',*,*,#8856,.T.);
#8988 = ADVANCED_FACE('',(#8989),#3103,.F.);
#8989 = FACE_BOUND('',#8990,.F.);
#8990 = EDGE_LOOP('',(#8991,#9014,#9015,#9016));
#8991 = ORIENTED_EDGE('',*,*,#8992,.F.);
#8992 = EDGE_CURVE('',#8889,#8993,#8995,.T.);
#8993 = VERTEX_POINT('',#8994);
#8994 = CARTESIAN_POINT('',(250.80573242187,-89.74494140625,18.2));
#8995 = SURFACE_CURVE('',#8996,(#9000,#9007),.PCURVE_S1.);
#8996 = B_SPLINE_CURVE_WITH_KNOTS('',2,(#8997,#8998,#8999),
  .UNSPECIFIED.,.F.,.F.,(3,3),(0.,1.),.PIECEWISE_BEZIER_KNOTS.);
#8997 = CARTESIAN_POINT('',(251.63556640625,-89.29645507812,18.2));
#8998 = CARTESIAN_POINT('',(251.08771484375,-89.29645507812,18.2));
#8999 = CARTESIAN_POINT('',(250.80573242187,-89.74494140625,18.2));
#9000 = PCURVE('',#3103,#9001);
#9001 = DEFINITIONAL_REPRESENTATION('',(#9002),#9006);
#9002 = LINE('',#9003,#9004);
#9003 = CARTESIAN_POINT('',(0.,0.));
#9004 = VECTOR('',#9005,1.);
#9005 = DIRECTION('',(1.,0.));
#9006 = ( GEOMETRIC_REPRESENTATION_CONTEXT(2) 
PARAMETRIC_REPRESENTATION_CONTEXT() REPRESENTATION_CONTEXT('2D SPACE',''
  ) );
#9007 = PCURVE('',#8420,#9008);
#9008 = DEFINITIONAL_REPRESENTATION('',(#9009),#9013);
#9009 = B_SPLINE_CURVE_WITH_KNOTS('',2,(#9010,#9011,#9012),
  .UNSPECIFIED.,.F.,.F.,(3,3),(0.,1.),.PIECEWISE_BEZIER_KNOTS.);
#9010 = CARTESIAN_POINT('',(4.53044921875,2.1725390625));
#9011 = CARTESIAN_POINT('',(4.53044921875,2.720390625));
#9012 = CARTESIAN_POINT('',(4.081962890625,3.002373046875));
#9013 = ( GEOMETRIC_REPRESENTATION_CONTEXT(2) 
PARAMETRIC_REPRESENTATION_CONTEXT() REPRESENTATION_CONTEXT('2D SPACE',''
  ) );
#9014 = ORIENTED_EDGE('',*,*,#8913,.T.);
#9015 = ORIENTED_EDGE('',*,*,#3073,.F.);
#9016 = ORIENTED_EDGE('',*,*,#9017,.F.);
#9017 = EDGE_CURVE('',#8993,#3074,#9018,.T.);
#9018 = SURFACE_CURVE('',#9019,(#9023,#9030),.PCURVE_S1.);
#9019 = LINE('',#9020,#9021);
#9020 = CARTESIAN_POINT('',(250.80573242187,-89.74494140625,18.2));
#9021 = VECTOR('',#9022,1.);
#9022 = DIRECTION('',(0.,-0.,1.));
#9023 = PCURVE('',#3103,#9024);
#9024 = DEFINITIONAL_REPRESENTATION('',(#9025),#9029);
#9025 = LINE('',#9026,#9027);
#9026 = CARTESIAN_POINT('',(1.,0.));
#9027 = VECTOR('',#9028,1.);
#9028 = DIRECTION('',(0.,-1.));
#9029 = ( GEOMETRIC_REPRESENTATION_CONTEXT(2) 
PARAMETRIC_REPRESENTATION_CONTEXT() REPRESENTATION_CONTEXT('2D SPACE',''
  ) );
#9030 = PCURVE('',#3158,#9031);
#9031 = DEFINITIONAL_REPRESENTATION('',(#9032),#9036);
#9032 = LINE('',#9033,#9034);
#9033 = CARTESIAN_POINT('',(0.,0.));
#9034 = VECTOR('',#9035,1.);
#9035 = DIRECTION('',(0.,-1.));
#9036 = ( GEOMETRIC_REPRESENTATION_CONTEXT(2) 
PARAMETRIC_REPRESENTATION_CONTEXT() REPRESENTATION_CONTEXT('2D SPACE',''
  ) );
#9037 = ADVANCED_FACE('',(#9038),#4441,.F.);
#9038 = FACE_BOUND('',#9039,.F.);
#9039 = EDGE_LOOP('',(#9040,#9063,#9084,#9085));
#9040 = ORIENTED_EDGE('',*,*,#9041,.F.);
#9041 = EDGE_CURVE('',#9042,#8944,#9044,.T.);
#9042 = VERTEX_POINT('',#9043);
#9043 = CARTESIAN_POINT('',(253.52350585937,-87.78166992187,18.2));
#9044 = SURFACE_CURVE('',#9045,(#9049,#9056),.PCURVE_S1.);
#9045 = B_SPLINE_CURVE_WITH_KNOTS('',2,(#9046,#9047,#9048),
  .UNSPECIFIED.,.F.,.F.,(3,3),(0.,1.),.PIECEWISE_BEZIER_KNOTS.);
#9046 = CARTESIAN_POINT('',(253.52350585937,-87.78166992187,18.2));
#9047 = CARTESIAN_POINT('',(254.1438671875,-88.69475585937,18.2));
#9048 = CARTESIAN_POINT('',(254.1438671875,-90.44573242187,18.2));
#9049 = PCURVE('',#4441,#9050);
#9050 = DEFINITIONAL_REPRESENTATION('',(#9051),#9055);
#9051 = LINE('',#9052,#9053);
#9052 = CARTESIAN_POINT('',(0.,0.));
#9053 = VECTOR('',#9054,1.);
#9054 = DIRECTION('',(1.,0.));
#9055 = ( GEOMETRIC_REPRESENTATION_CONTEXT(2) 
PARAMETRIC_REPRESENTATION_CONTEXT() REPRESENTATION_CONTEXT('2D SPACE',''
  ) );
#9056 = PCURVE('',#8420,#9057);
#9057 = DEFINITIONAL_REPRESENTATION('',(#9058),#9062);
#9058 = B_SPLINE_CURVE_WITH_KNOTS('',2,(#9059,#9060,#9061),
  .UNSPECIFIED.,.F.,.F.,(3,3),(0.,1.),.PIECEWISE_BEZIER_KNOTS.);
#9059 = CARTESIAN_POINT('',(6.045234375,0.284599609375));
#9060 = CARTESIAN_POINT('',(5.1321484375,-0.33576171875));
#9061 = CARTESIAN_POINT('',(3.381171875,-0.33576171875));
#9062 = ( GEOMETRIC_REPRESENTATION_CONTEXT(2) 
PARAMETRIC_REPRESENTATION_CONTEXT() REPRESENTATION_CONTEXT('2D SPACE',''
  ) );
#9063 = ORIENTED_EDGE('',*,*,#9064,.T.);
#9064 = EDGE_CURVE('',#9042,#4311,#9065,.T.);
#9065 = SURFACE_CURVE('',#9066,(#9070,#9077),.PCURVE_S1.);
#9066 = LINE('',#9067,#9068);
#9067 = CARTESIAN_POINT('',(253.52350585937,-87.78166992187,18.2));
#9068 = VECTOR('',#9069,1.);
#9069 = DIRECTION('',(0.,-0.,1.));
#9070 = PCURVE('',#4441,#9071);
#9071 = DEFINITIONAL_REPRESENTATION('',(#9072),#9076);
#9072 = LINE('',#9073,#9074);
#9073 = CARTESIAN_POINT('',(0.,0.));
#9074 = VECTOR('',#9075,1.);
#9075 = DIRECTION('',(0.,-1.));
#9076 = ( GEOMETRIC_REPRESENTATION_CONTEXT(2) 
PARAMETRIC_REPRESENTATION_CONTEXT() REPRESENTATION_CONTEXT('2D SPACE',''
  ) );
#9077 = PCURVE('',#4364,#9078);
#9078 = DEFINITIONAL_REPRESENTATION('',(#9079),#9083);
#9079 = LINE('',#9080,#9081);
#9080 = CARTESIAN_POINT('',(1.,0.));
#9081 = VECTOR('',#9082,1.);
#9082 = DIRECTION('',(0.,-1.));
#9083 = ( GEOMETRIC_REPRESENTATION_CONTEXT(2) 
PARAMETRIC_REPRESENTATION_CONTEXT() REPRESENTATION_CONTEXT('2D SPACE',''
  ) );
#9084 = ORIENTED_EDGE('',*,*,#4397,.F.);
#9085 = ORIENTED_EDGE('',*,*,#8966,.F.);
#9086 = ADVANCED_FACE('',(#9087),#3158,.F.);
#9087 = FACE_BOUND('',#9088,.F.);
#9088 = EDGE_LOOP('',(#9089,#9112,#9113,#9114));
#9089 = ORIENTED_EDGE('',*,*,#9090,.F.);
#9090 = EDGE_CURVE('',#8993,#9091,#9093,.T.);
#9091 = VERTEX_POINT('',#9092);
#9092 = CARTESIAN_POINT('',(250.52375,-91.06891601562,18.2));
#9093 = SURFACE_CURVE('',#9094,(#9098,#9105),.PCURVE_S1.);
#9094 = B_SPLINE_CURVE_WITH_KNOTS('',2,(#9095,#9096,#9097),
  .UNSPECIFIED.,.F.,.F.,(3,3),(0.,1.),.PIECEWISE_BEZIER_KNOTS.);
#9095 = CARTESIAN_POINT('',(250.80573242187,-89.74494140625,18.2));
#9096 = CARTESIAN_POINT('',(250.52375,-90.19342773437,18.2));
#9097 = CARTESIAN_POINT('',(250.52375,-91.06891601562,18.2));
#9098 = PCURVE('',#3158,#9099);
#9099 = DEFINITIONAL_REPRESENTATION('',(#9100),#9104);
#9100 = LINE('',#9101,#9102);
#9101 = CARTESIAN_POINT('',(0.,0.));
#9102 = VECTOR('',#9103,1.);
#9103 = DIRECTION('',(1.,0.));
#9104 = ( GEOMETRIC_REPRESENTATION_CONTEXT(2) 
PARAMETRIC_REPRESENTATION_CONTEXT() REPRESENTATION_CONTEXT('2D SPACE',''
  ) );
#9105 = PCURVE('',#8420,#9106);
#9106 = DEFINITIONAL_REPRESENTATION('',(#9107),#9111);
#9107 = B_SPLINE_CURVE_WITH_KNOTS('',2,(#9108,#9109,#9110),
  .UNSPECIFIED.,.F.,.F.,(3,3),(0.,1.),.PIECEWISE_BEZIER_KNOTS.);
#9108 = CARTESIAN_POINT('',(4.081962890625,3.002373046875));
#9109 = CARTESIAN_POINT('',(3.6334765625,3.28435546875));
#9110 = CARTESIAN_POINT('',(2.75798828125,3.28435546875));
#9111 = ( GEOMETRIC_REPRESENTATION_CONTEXT(2) 
PARAMETRIC_REPRESENTATION_CONTEXT() REPRESENTATION_CONTEXT('2D SPACE',''
  ) );
#9112 = ORIENTED_EDGE('',*,*,#9017,.T.);
#9113 = ORIENTED_EDGE('',*,*,#3124,.F.);
#9114 = ORIENTED_EDGE('',*,*,#9115,.F.);
#9115 = EDGE_CURVE('',#9091,#3125,#9116,.T.);
#9116 = SURFACE_CURVE('',#9117,(#9121,#9128),.PCURVE_S1.);
#9117 = LINE('',#9118,#9119);
#9118 = CARTESIAN_POINT('',(250.52375,-91.06891601562,18.2));
#9119 = VECTOR('',#9120,1.);
#9120 = DIRECTION('',(0.,-0.,1.));
#9121 = PCURVE('',#3158,#9122);
#9122 = DEFINITIONAL_REPRESENTATION('',(#9123),#9127);
#9123 = LINE('',#9124,#9125);
#9124 = CARTESIAN_POINT('',(1.,0.));
#9125 = VECTOR('',#9126,1.);
#9126 = DIRECTION('',(0.,-1.));
#9127 = ( GEOMETRIC_REPRESENTATION_CONTEXT(2) 
PARAMETRIC_REPRESENTATION_CONTEXT() REPRESENTATION_CONTEXT('2D SPACE',''
  ) );
#9128 = PCURVE('',#3196,#9129);
#9129 = DEFINITIONAL_REPRESENTATION('',(#9130),#9134);
#9130 = LINE('',#9131,#9132);
#9131 = CARTESIAN_POINT('',(0.36,0.));
#9132 = VECTOR('',#9133,1.);
#9133 = DIRECTION('',(0.,-1.));
#9134 = ( GEOMETRIC_REPRESENTATION_CONTEXT(2) 
PARAMETRIC_REPRESENTATION_CONTEXT() REPRESENTATION_CONTEXT('2D SPACE',''
  ) );
#9135 = ADVANCED_FACE('',(#9136),#4364,.F.);
#9136 = FACE_BOUND('',#9137,.F.);
#9137 = EDGE_LOOP('',(#9138,#9161,#9182,#9183));
#9138 = ORIENTED_EDGE('',*,*,#9139,.F.);
#9139 = EDGE_CURVE('',#9140,#9042,#9142,.T.);
#9140 = VERTEX_POINT('',#9141);
#9141 = CARTESIAN_POINT('',(251.71076171875,-86.86858398437,18.2));
#9142 = SURFACE_CURVE('',#9143,(#9147,#9154),.PCURVE_S1.);
#9143 = B_SPLINE_CURVE_WITH_KNOTS('',2,(#9144,#9145,#9146),
  .UNSPECIFIED.,.F.,.F.,(3,3),(0.,1.),.PIECEWISE_BEZIER_KNOTS.);
#9144 = CARTESIAN_POINT('',(251.71076171875,-86.86858398437,18.2));
#9145 = CARTESIAN_POINT('',(252.90314453125,-86.86858398437,18.2));
#9146 = CARTESIAN_POINT('',(253.52350585937,-87.78166992187,18.2));
#9147 = PCURVE('',#4364,#9148);
#9148 = DEFINITIONAL_REPRESENTATION('',(#9149),#9153);
#9149 = LINE('',#9150,#9151);
#9150 = CARTESIAN_POINT('',(0.,0.));
#9151 = VECTOR('',#9152,1.);
#9152 = DIRECTION('',(1.,0.));
#9153 = ( GEOMETRIC_REPRESENTATION_CONTEXT(2) 
PARAMETRIC_REPRESENTATION_CONTEXT() REPRESENTATION_CONTEXT('2D SPACE',''
  ) );
#9154 = PCURVE('',#8420,#9155);
#9155 = DEFINITIONAL_REPRESENTATION('',(#9156),#9160);
#9156 = B_SPLINE_CURVE_WITH_KNOTS('',2,(#9157,#9158,#9159),
  .UNSPECIFIED.,.F.,.F.,(3,3),(0.,1.),.PIECEWISE_BEZIER_KNOTS.);
#9157 = CARTESIAN_POINT('',(6.9583203125,2.09734375));
#9158 = CARTESIAN_POINT('',(6.9583203125,0.9049609375));
#9159 = CARTESIAN_POINT('',(6.045234375,0.284599609375));
#9160 = ( GEOMETRIC_REPRESENTATION_CONTEXT(2) 
PARAMETRIC_REPRESENTATION_CONTEXT() REPRESENTATION_CONTEXT('2D SPACE',''
  ) );
#9161 = ORIENTED_EDGE('',*,*,#9162,.T.);
#9162 = EDGE_CURVE('',#9140,#4275,#9163,.T.);
#9163 = SURFACE_CURVE('',#9164,(#9168,#9175),.PCURVE_S1.);
#9164 = LINE('',#9165,#9166);
#9165 = CARTESIAN_POINT('',(251.71076171875,-86.86858398437,18.2));
#9166 = VECTOR('',#9167,1.);
#9167 = DIRECTION('',(0.,-0.,1.));
#9168 = PCURVE('',#4364,#9169);
#9169 = DEFINITIONAL_REPRESENTATION('',(#9170),#9174);
#9170 = LINE('',#9171,#9172);
#9171 = CARTESIAN_POINT('',(0.,0.));
#9172 = VECTOR('',#9173,1.);
#9173 = DIRECTION('',(0.,-1.));
#9174 = ( GEOMETRIC_REPRESENTATION_CONTEXT(2) 
PARAMETRIC_REPRESENTATION_CONTEXT() REPRESENTATION_CONTEXT('2D SPACE',''
  ) );
#9175 = PCURVE('',#4294,#9176);
#9176 = DEFINITIONAL_REPRESENTATION('',(#9177),#9181);
#9177 = LINE('',#9178,#9179);
#9178 = CARTESIAN_POINT('',(1.,0.));
#9179 = VECTOR('',#9180,1.);
#9180 = DIRECTION('',(0.,-1.));
#9181 = ( GEOMETRIC_REPRESENTATION_CONTEXT(2) 
PARAMETRIC_REPRESENTATION_CONTEXT() REPRESENTATION_CONTEXT('2D SPACE',''
  ) );
#9182 = ORIENTED_EDGE('',*,*,#4310,.F.);
#9183 = ORIENTED_EDGE('',*,*,#9064,.F.);
#9184 = ADVANCED_FACE('',(#9185),#3196,.F.);
#9185 = FACE_BOUND('',#9186,.F.);
#9186 = EDGE_LOOP('',(#9187,#9210,#9211,#9212));
#9187 = ORIENTED_EDGE('',*,*,#9188,.F.);
#9188 = EDGE_CURVE('',#9091,#9189,#9191,.T.);
#9189 = VERTEX_POINT('',#9190);
#9190 = CARTESIAN_POINT('',(250.52375,-91.89606445312,18.2));
#9191 = SURFACE_CURVE('',#9192,(#9196,#9203),.PCURVE_S1.);
#9192 = LINE('',#9193,#9194);
#9193 = CARTESIAN_POINT('',(250.52375,-91.06891601562,18.2));
#9194 = VECTOR('',#9195,1.);
#9195 = DIRECTION('',(0.,-1.,0.));
#9196 = PCURVE('',#3196,#9197);
#9197 = DEFINITIONAL_REPRESENTATION('',(#9198),#9202);
#9198 = LINE('',#9199,#9200);
#9199 = CARTESIAN_POINT('',(0.36,0.));
#9200 = VECTOR('',#9201,1.);
#9201 = DIRECTION('',(1.,0.));
#9202 = ( GEOMETRIC_REPRESENTATION_CONTEXT(2) 
PARAMETRIC_REPRESENTATION_CONTEXT() REPRESENTATION_CONTEXT('2D SPACE',''
  ) );
#9203 = PCURVE('',#8420,#9204);
#9204 = DEFINITIONAL_REPRESENTATION('',(#9205),#9209);
#9205 = LINE('',#9206,#9207);
#9206 = CARTESIAN_POINT('',(2.75798828125,3.28435546875));
#9207 = VECTOR('',#9208,1.);
#9208 = DIRECTION('',(-1.,-2.22044604925E-16));
#9209 = ( GEOMETRIC_REPRESENTATION_CONTEXT(2) 
PARAMETRIC_REPRESENTATION_CONTEXT() REPRESENTATION_CONTEXT('2D SPACE',''
  ) );
#9210 = ORIENTED_EDGE('',*,*,#9115,.T.);
#9211 = ORIENTED_EDGE('',*,*,#3181,.F.);
#9212 = ORIENTED_EDGE('',*,*,#9213,.F.);
#9213 = EDGE_CURVE('',#9189,#3182,#9214,.T.);
#9214 = SURFACE_CURVE('',#9215,(#9219,#9226),.PCURVE_S1.);
#9215 = LINE('',#9216,#9217);
#9216 = CARTESIAN_POINT('',(250.52375,-91.89606445312,18.2));
#9217 = VECTOR('',#9218,1.);
#9218 = DIRECTION('',(0.,-0.,1.));
#9219 = PCURVE('',#3196,#9220);
#9220 = DEFINITIONAL_REPRESENTATION('',(#9221),#9225);
#9221 = LINE('',#9222,#9223);
#9222 = CARTESIAN_POINT('',(1.1871484375,0.));
#9223 = VECTOR('',#9224,1.);
#9224 = DIRECTION('',(0.,-1.));
#9225 = ( GEOMETRIC_REPRESENTATION_CONTEXT(2) 
PARAMETRIC_REPRESENTATION_CONTEXT() REPRESENTATION_CONTEXT('2D SPACE',''
  ) );
#9226 = PCURVE('',#3222,#9227);
#9227 = DEFINITIONAL_REPRESENTATION('',(#9228),#9232);
#9228 = LINE('',#9229,#9230);
#9229 = CARTESIAN_POINT('',(0.,0.));
#9230 = VECTOR('',#9231,1.);
#9231 = DIRECTION('',(0.,-1.));
#9232 = ( GEOMETRIC_REPRESENTATION_CONTEXT(2) 
PARAMETRIC_REPRESENTATION_CONTEXT() REPRESENTATION_CONTEXT('2D SPACE',''
  ) );
#9233 = ADVANCED_FACE('',(#9234),#4294,.F.);
#9234 = FACE_BOUND('',#9235,.F.);
#9235 = EDGE_LOOP('',(#9236,#9259,#9286,#9287));
#9236 = ORIENTED_EDGE('',*,*,#9237,.F.);
#9237 = EDGE_CURVE('',#9238,#9140,#9240,.T.);
#9238 = VERTEX_POINT('',#9239);
#9239 = CARTESIAN_POINT('',(251.53201383697,-86.87406010359,18.2));
#9240 = SURFACE_CURVE('',#9241,(#9245,#9252),.PCURVE_S1.);
#9241 = B_SPLINE_CURVE_WITH_KNOTS('',2,(#9242,#9243,#9244),
  .UNSPECIFIED.,.F.,.F.,(3,3),(0.,1.),.PIECEWISE_BEZIER_KNOTS.);
#9242 = CARTESIAN_POINT('',(250.39215820312,-87.29021484375,18.2));
#9243 = CARTESIAN_POINT('',(250.91046875,-86.86858398437,18.2));
#9244 = CARTESIAN_POINT('',(251.71076171875,-86.86858398437,18.2));
#9245 = PCURVE('',#4294,#9246);
#9246 = DEFINITIONAL_REPRESENTATION('',(#9247),#9251);
#9247 = LINE('',#9248,#9249);
#9248 = CARTESIAN_POINT('',(0.,0.));
#9249 = VECTOR('',#9250,1.);
#9250 = DIRECTION('',(1.,0.));
#9251 = ( GEOMETRIC_REPRESENTATION_CONTEXT(2) 
PARAMETRIC_REPRESENTATION_CONTEXT() REPRESENTATION_CONTEXT('2D SPACE',''
  ) );
#9252 = PCURVE('',#8420,#9253);
#9253 = DEFINITIONAL_REPRESENTATION('',(#9254),#9258);
#9254 = B_SPLINE_CURVE_WITH_KNOTS('',2,(#9255,#9256,#9257),
  .UNSPECIFIED.,.F.,.F.,(3,3),(0.,1.),.PIECEWISE_BEZIER_KNOTS.);
#9255 = CARTESIAN_POINT('',(6.536689453125,3.415947265625));
#9256 = CARTESIAN_POINT('',(6.9583203125,2.89763671875));
#9257 = CARTESIAN_POINT('',(6.9583203125,2.09734375));
#9258 = ( GEOMETRIC_REPRESENTATION_CONTEXT(2) 
PARAMETRIC_REPRESENTATION_CONTEXT() REPRESENTATION_CONTEXT('2D SPACE',''
  ) );
#9259 = ORIENTED_EDGE('',*,*,#9260,.T.);
#9260 = EDGE_CURVE('',#9238,#4239,#9261,.T.);
#9261 = SURFACE_CURVE('',#9262,(#9268,#9277),.PCURVE_S1.);
#9262 = B_SPLINE_CURVE_WITH_KNOTS('',4,(#9263,#9264,#9265,#9266,#9267),
  .UNSPECIFIED.,.F.,.F.,(5,5),(0.,1.),.PIECEWISE_BEZIER_KNOTS.);
#9263 = CARTESIAN_POINT('',(251.53201383697,-86.87406010359,18.1999994)
  );
#9264 = CARTESIAN_POINT('',(251.53201383697,-86.87406010359,
    18.599999699995));
#9265 = CARTESIAN_POINT('',(251.53201383697,-86.87406010359,
    18.999999999971));
#9266 = CARTESIAN_POINT('',(251.53201383697,-86.87406010359,
    19.400000300005));
#9267 = CARTESIAN_POINT('',(251.53201383697,-86.87406010359,19.8000006)
  );
#9268 = PCURVE('',#4294,#9269);
#9269 = DEFINITIONAL_REPRESENTATION('',(#9270),#9276);
#9270 = B_SPLINE_CURVE_WITH_KNOTS('',4,(#9271,#9272,#9273,#9274,#9275),
  .UNSPECIFIED.,.F.,.F.,(5,5),(0.,1.),.PIECEWISE_BEZIER_KNOTS.);
#9271 = CARTESIAN_POINT('',(0.886035326048,5.999999999062E-07));
#9272 = CARTESIAN_POINT('',(0.886035326048,-0.399999699995));
#9273 = CARTESIAN_POINT('',(0.886035326048,-0.799999999971));
#9274 = CARTESIAN_POINT('',(0.886035326048,-1.200000300005));
#9275 = CARTESIAN_POINT('',(0.886035326048,-1.6000006));
#9276 = ( GEOMETRIC_REPRESENTATION_CONTEXT(2) 
PARAMETRIC_REPRESENTATION_CONTEXT() REPRESENTATION_CONTEXT('2D SPACE',''
  ) );
#9277 = PCURVE('',#4258,#9278);
#9278 = DEFINITIONAL_REPRESENTATION('',(#9279),#9285);
#9279 = B_SPLINE_CURVE_WITH_KNOTS('',4,(#9280,#9281,#9282,#9283,#9284),
  .UNSPECIFIED.,.F.,.F.,(5,5),(0.,1.),.PIECEWISE_BEZIER_KNOTS.);
#9280 = CARTESIAN_POINT('',(7.744272389574E-02,5.999926027123E-07));
#9281 = CARTESIAN_POINT('',(7.744272389574E-02,-0.399999700002));
#9282 = CARTESIAN_POINT('',(7.744272389574E-02,-0.800000000033));
#9283 = CARTESIAN_POINT('',(7.744272389574E-02,-1.200000299949));
#9284 = CARTESIAN_POINT('',(7.744272389574E-02,-1.600000599943));
#9285 = ( GEOMETRIC_REPRESENTATION_CONTEXT(2) 
PARAMETRIC_REPRESENTATION_CONTEXT() REPRESENTATION_CONTEXT('2D SPACE',''
  ) );
#9286 = ORIENTED_EDGE('',*,*,#4274,.F.);
#9287 = ORIENTED_EDGE('',*,*,#9162,.F.);
#9288 = ADVANCED_FACE('',(#9289),#3222,.F.);
#9289 = FACE_BOUND('',#9290,.F.);
#9290 = EDGE_LOOP('',(#9291,#9314,#9315,#9316));
#9291 = ORIENTED_EDGE('',*,*,#9292,.F.);
#9292 = EDGE_CURVE('',#9189,#9293,#9295,.T.);
#9293 = VERTEX_POINT('',#9294);
#9294 = CARTESIAN_POINT('',(248.83171875,-91.89606445312,18.2));
#9295 = SURFACE_CURVE('',#9296,(#9300,#9307),.PCURVE_S1.);
#9296 = LINE('',#9297,#9298);
#9297 = CARTESIAN_POINT('',(250.52375,-91.89606445312,18.2));
#9298 = VECTOR('',#9299,1.);
#9299 = DIRECTION('',(-1.,0.,0.));
#9300 = PCURVE('',#3222,#9301);
#9301 = DEFINITIONAL_REPRESENTATION('',(#9302),#9306);
#9302 = LINE('',#9303,#9304);
#9303 = CARTESIAN_POINT('',(-2.22044604925E-16,0.));
#9304 = VECTOR('',#9305,1.);
#9305 = DIRECTION('',(1.,0.));
#9306 = ( GEOMETRIC_REPRESENTATION_CONTEXT(2) 
PARAMETRIC_REPRESENTATION_CONTEXT() REPRESENTATION_CONTEXT('2D SPACE',''
  ) );
#9307 = PCURVE('',#8420,#9308);
#9308 = DEFINITIONAL_REPRESENTATION('',(#9309),#9313);
#9309 = LINE('',#9310,#9311);
#9310 = CARTESIAN_POINT('',(1.93083984375,3.28435546875));
#9311 = VECTOR('',#9312,1.);
#9312 = DIRECTION('',(-2.22044604925E-16,1.));
#9313 = ( GEOMETRIC_REPRESENTATION_CONTEXT(2) 
PARAMETRIC_REPRESENTATION_CONTEXT() REPRESENTATION_CONTEXT('2D SPACE',''
  ) );
#9314 = ORIENTED_EDGE('',*,*,#9213,.T.);
#9315 = ORIENTED_EDGE('',*,*,#3207,.F.);
#9316 = ORIENTED_EDGE('',*,*,#9317,.F.);
#9317 = EDGE_CURVE('',#9293,#3208,#9318,.T.);
#9318 = SURFACE_CURVE('',#9319,(#9323,#9330),.PCURVE_S1.);
#9319 = LINE('',#9320,#9321);
#9320 = CARTESIAN_POINT('',(248.83171875,-91.89606445312,18.2));
#9321 = VECTOR('',#9322,1.);
#9322 = DIRECTION('',(0.,-0.,1.));
#9323 = PCURVE('',#3222,#9324);
#9324 = DEFINITIONAL_REPRESENTATION('',(#9325),#9329);
#9325 = LINE('',#9326,#9327);
#9326 = CARTESIAN_POINT('',(1.69203125,0.));
#9327 = VECTOR('',#9328,1.);
#9328 = DIRECTION('',(0.,-1.));
#9329 = ( GEOMETRIC_REPRESENTATION_CONTEXT(2) 
PARAMETRIC_REPRESENTATION_CONTEXT() REPRESENTATION_CONTEXT('2D SPACE',''
  ) );
#9330 = PCURVE('',#3248,#9331);
#9331 = DEFINITIONAL_REPRESENTATION('',(#9332),#9336);
#9332 = LINE('',#9333,#9334);
#9333 = CARTESIAN_POINT('',(-0.36,0.));
#9334 = VECTOR('',#9335,1.);
#9335 = DIRECTION('',(0.,-1.));
#9336 = ( GEOMETRIC_REPRESENTATION_CONTEXT(2) 
PARAMETRIC_REPRESENTATION_CONTEXT() REPRESENTATION_CONTEXT('2D SPACE',''
  ) );
#9337 = ADVANCED_FACE('',(#9338),#4258,.F.);
#9338 = FACE_BOUND('',#9339,.F.);
#9339 = EDGE_LOOP('',(#9340,#9363,#9384,#9385));
#9340 = ORIENTED_EDGE('',*,*,#9341,.F.);
#9341 = EDGE_CURVE('',#9342,#9238,#9344,.T.);
#9342 = VERTEX_POINT('',#9343);
#9343 = CARTESIAN_POINT('',(251.35076171875,-86.86858398437,18.2));
#9344 = SURFACE_CURVE('',#9345,(#9349,#9356),.PCURVE_S1.);
#9345 = B_SPLINE_CURVE_WITH_KNOTS('',2,(#9346,#9347,#9348),
  .UNSPECIFIED.,.F.,.F.,(3,3),(0.,1.),.PIECEWISE_BEZIER_KNOTS.);
#9346 = CARTESIAN_POINT('',(251.35076171875,-86.86858398437,18.2));
#9347 = CARTESIAN_POINT('',(252.54314453125,-86.86858398437,18.2));
#9348 = CARTESIAN_POINT('',(253.16350585937,-87.78166992187,18.2));
#9349 = PCURVE('',#4258,#9350);
#9350 = DEFINITIONAL_REPRESENTATION('',(#9351),#9355);
#9351 = LINE('',#9352,#9353);
#9352 = CARTESIAN_POINT('',(0.,0.));
#9353 = VECTOR('',#9354,1.);
#9354 = DIRECTION('',(1.,0.));
#9355 = ( GEOMETRIC_REPRESENTATION_CONTEXT(2) 
PARAMETRIC_REPRESENTATION_CONTEXT() REPRESENTATION_CONTEXT('2D SPACE',''
  ) );
#9356 = PCURVE('',#8420,#9357);
#9357 = DEFINITIONAL_REPRESENTATION('',(#9358),#9362);
#9358 = B_SPLINE_CURVE_WITH_KNOTS('',2,(#9359,#9360,#9361),
  .UNSPECIFIED.,.F.,.F.,(3,3),(0.,1.),.PIECEWISE_BEZIER_KNOTS.);
#9359 = CARTESIAN_POINT('',(6.9583203125,2.45734375));
#9360 = CARTESIAN_POINT('',(6.9583203125,1.2649609375));
#9361 = CARTESIAN_POINT('',(6.045234375,0.644599609375));
#9362 = ( GEOMETRIC_REPRESENTATION_CONTEXT(2) 
PARAMETRIC_REPRESENTATION_CONTEXT() REPRESENTATION_CONTEXT('2D SPACE',''
  ) );
#9363 = ORIENTED_EDGE('',*,*,#9364,.T.);
#9364 = EDGE_CURVE('',#9342,#4167,#9365,.T.);
#9365 = SURFACE_CURVE('',#9366,(#9370,#9377),.PCURVE_S1.);
#9366 = LINE('',#9367,#9368);
#9367 = CARTESIAN_POINT('',(251.35076171875,-86.86858398437,18.2));
#9368 = VECTOR('',#9369,1.);
#9369 = DIRECTION('',(0.,-0.,1.));
#9370 = PCURVE('',#4258,#9371);
#9371 = DEFINITIONAL_REPRESENTATION('',(#9372),#9376);
#9372 = LINE('',#9373,#9374);
#9373 = CARTESIAN_POINT('',(0.,0.));
#9374 = VECTOR('',#9375,1.);
#9375 = DIRECTION('',(0.,-1.));
#9376 = ( GEOMETRIC_REPRESENTATION_CONTEXT(2) 
PARAMETRIC_REPRESENTATION_CONTEXT() REPRESENTATION_CONTEXT('2D SPACE',''
  ) );
#9377 = PCURVE('',#4210,#9378);
#9378 = DEFINITIONAL_REPRESENTATION('',(#9379),#9383);
#9379 = LINE('',#9380,#9381);
#9380 = CARTESIAN_POINT('',(1.,0.));
#9381 = VECTOR('',#9382,1.);
#9382 = DIRECTION('',(0.,-1.));
#9383 = ( GEOMETRIC_REPRESENTATION_CONTEXT(2) 
PARAMETRIC_REPRESENTATION_CONTEXT() REPRESENTATION_CONTEXT('2D SPACE',''
  ) );
#9384 = ORIENTED_EDGE('',*,*,#4238,.F.);
#9385 = ORIENTED_EDGE('',*,*,#9260,.F.);
#9386 = ADVANCED_FACE('',(#9387),#3248,.F.);
#9387 = FACE_BOUND('',#9388,.F.);
#9388 = EDGE_LOOP('',(#9389,#9412,#9413,#9414));
#9389 = ORIENTED_EDGE('',*,*,#9390,.F.);
#9390 = EDGE_CURVE('',#9293,#9391,#9393,.T.);
#9391 = VERTEX_POINT('',#9392);
#9392 = CARTESIAN_POINT('',(248.83171875,-91.02594726562,18.2));
#9393 = SURFACE_CURVE('',#9394,(#9398,#9405),.PCURVE_S1.);
#9394 = LINE('',#9395,#9396);
#9395 = CARTESIAN_POINT('',(248.83171875,-91.89606445312,18.2));
#9396 = VECTOR('',#9397,1.);
#9397 = DIRECTION('',(0.,1.,0.));
#9398 = PCURVE('',#3248,#9399);
#9399 = DEFINITIONAL_REPRESENTATION('',(#9400),#9404);
#9400 = LINE('',#9401,#9402);
#9401 = CARTESIAN_POINT('',(-0.36,0.));
#9402 = VECTOR('',#9403,1.);
#9403 = DIRECTION('',(1.,0.));
#9404 = ( GEOMETRIC_REPRESENTATION_CONTEXT(2) 
PARAMETRIC_REPRESENTATION_CONTEXT() REPRESENTATION_CONTEXT('2D SPACE',''
  ) );
#9405 = PCURVE('',#8420,#9406);
#9406 = DEFINITIONAL_REPRESENTATION('',(#9407),#9411);
#9407 = LINE('',#9408,#9409);
#9408 = CARTESIAN_POINT('',(1.93083984375,4.97638671875));
#9409 = VECTOR('',#9410,1.);
#9410 = DIRECTION('',(1.,2.22044604925E-16));
#9411 = ( GEOMETRIC_REPRESENTATION_CONTEXT(2) 
PARAMETRIC_REPRESENTATION_CONTEXT() REPRESENTATION_CONTEXT('2D SPACE',''
  ) );
#9412 = ORIENTED_EDGE('',*,*,#9317,.T.);
#9413 = ORIENTED_EDGE('',*,*,#3233,.F.);
#9414 = ORIENTED_EDGE('',*,*,#9415,.F.);
#9415 = EDGE_CURVE('',#9391,#3234,#9416,.T.);
#9416 = SURFACE_CURVE('',#9417,(#9421,#9428),.PCURVE_S1.);
#9417 = LINE('',#9418,#9419);
#9418 = CARTESIAN_POINT('',(248.83171875,-91.02594726562,18.2));
#9419 = VECTOR('',#9420,1.);
#9420 = DIRECTION('',(0.,-0.,1.));
#9421 = PCURVE('',#3248,#9422);
#9422 = DEFINITIONAL_REPRESENTATION('',(#9423),#9427);
#9423 = LINE('',#9424,#9425);
#9424 = CARTESIAN_POINT('',(0.5101171875,0.));
#9425 = VECTOR('',#9426,1.);
#9426 = DIRECTION('',(0.,-1.));
#9427 = ( GEOMETRIC_REPRESENTATION_CONTEXT(2) 
PARAMETRIC_REPRESENTATION_CONTEXT() REPRESENTATION_CONTEXT('2D SPACE',''
  ) );
#9428 = PCURVE('',#3293,#9429);
#9429 = DEFINITIONAL_REPRESENTATION('',(#9430),#9434);
#9430 = LINE('',#9431,#9432);
#9431 = CARTESIAN_POINT('',(0.,0.));
#9432 = VECTOR('',#9433,1.);
#9433 = DIRECTION('',(0.,-1.));
#9434 = ( GEOMETRIC_REPRESENTATION_CONTEXT(2) 
PARAMETRIC_REPRESENTATION_CONTEXT() REPRESENTATION_CONTEXT('2D SPACE',''
  ) );
#9435 = ADVANCED_FACE('',(#9436),#4210,.F.);
#9436 = FACE_BOUND('',#9437,.F.);
#9437 = EDGE_LOOP('',(#9438,#9461,#9482,#9483));
#9438 = ORIENTED_EDGE('',*,*,#9439,.F.);
#9439 = EDGE_CURVE('',#9440,#9342,#9442,.T.);
#9440 = VERTEX_POINT('',#9441);
#9441 = CARTESIAN_POINT('',(250.03215820312,-87.29021484375,18.2));
#9442 = SURFACE_CURVE('',#9443,(#9447,#9454),.PCURVE_S1.);
#9443 = B_SPLINE_CURVE_WITH_KNOTS('',2,(#9444,#9445,#9446),
  .UNSPECIFIED.,.F.,.F.,(3,3),(0.,1.),.PIECEWISE_BEZIER_KNOTS.);
#9444 = CARTESIAN_POINT('',(250.03215820312,-87.29021484375,18.2));
#9445 = CARTESIAN_POINT('',(250.55046875,-86.86858398437,18.2));
#9446 = CARTESIAN_POINT('',(251.35076171875,-86.86858398437,18.2));
#9447 = PCURVE('',#4210,#9448);
#9448 = DEFINITIONAL_REPRESENTATION('',(#9449),#9453);
#9449 = LINE('',#9450,#9451);
#9450 = CARTESIAN_POINT('',(0.,0.));
#9451 = VECTOR('',#9452,1.);
#9452 = DIRECTION('',(1.,0.));
#9453 = ( GEOMETRIC_REPRESENTATION_CONTEXT(2) 
PARAMETRIC_REPRESENTATION_CONTEXT() REPRESENTATION_CONTEXT('2D SPACE',''
  ) );
#9454 = PCURVE('',#8420,#9455);
#9455 = DEFINITIONAL_REPRESENTATION('',(#9456),#9460);
#9456 = B_SPLINE_CURVE_WITH_KNOTS('',2,(#9457,#9458,#9459),
  .UNSPECIFIED.,.F.,.F.,(3,3),(0.,1.),.PIECEWISE_BEZIER_KNOTS.);
#9457 = CARTESIAN_POINT('',(6.536689453125,3.775947265625));
#9458 = CARTESIAN_POINT('',(6.9583203125,3.25763671875));
#9459 = CARTESIAN_POINT('',(6.9583203125,2.45734375));
#9460 = ( GEOMETRIC_REPRESENTATION_CONTEXT(2) 
PARAMETRIC_REPRESENTATION_CONTEXT() REPRESENTATION_CONTEXT('2D SPACE',''
  ) );
#9461 = ORIENTED_EDGE('',*,*,#9462,.T.);
#9462 = EDGE_CURVE('',#9440,#4116,#9463,.T.);
#9463 = SURFACE_CURVE('',#9464,(#9468,#9475),.PCURVE_S1.);
#9464 = LINE('',#9465,#9466);
#9465 = CARTESIAN_POINT('',(250.03215820312,-87.29021484375,18.2));
#9466 = VECTOR('',#9467,1.);
#9467 = DIRECTION('',(0.,-0.,1.));
#9468 = PCURVE('',#4210,#9469);
#9469 = DEFINITIONAL_REPRESENTATION('',(#9470),#9474);
#9470 = LINE('',#9471,#9472);
#9471 = CARTESIAN_POINT('',(0.,0.));
#9472 = VECTOR('',#9473,1.);
#9473 = DIRECTION('',(0.,-1.));
#9474 = ( GEOMETRIC_REPRESENTATION_CONTEXT(2) 
PARAMETRIC_REPRESENTATION_CONTEXT() REPRESENTATION_CONTEXT('2D SPACE',''
  ) );
#9475 = PCURVE('',#4145,#9476);
#9476 = DEFINITIONAL_REPRESENTATION('',(#9477),#9481);
#9477 = LINE('',#9478,#9479);
#9478 = CARTESIAN_POINT('',(1.,0.));
#9479 = VECTOR('',#9480,1.);
#9480 = DIRECTION('',(0.,-1.));
#9481 = ( GEOMETRIC_REPRESENTATION_CONTEXT(2) 
PARAMETRIC_REPRESENTATION_CONTEXT() REPRESENTATION_CONTEXT('2D SPACE',''
  ) );
#9482 = ORIENTED_EDGE('',*,*,#4166,.F.);
#9483 = ORIENTED_EDGE('',*,*,#9364,.F.);
#9484 = ADVANCED_FACE('',(#9485),#3293,.F.);
#9485 = FACE_BOUND('',#9486,.F.);
#9486 = EDGE_LOOP('',(#9487,#9510,#9511,#9512));
#9487 = ORIENTED_EDGE('',*,*,#9488,.F.);
#9488 = EDGE_CURVE('',#9391,#9489,#9491,.T.);
#9489 = VERTEX_POINT('',#9490);
#9490 = CARTESIAN_POINT('',(248.58733398437,-89.86579101562,18.2));
#9491 = SURFACE_CURVE('',#9492,(#9496,#9503),.PCURVE_S1.);
#9492 = B_SPLINE_CURVE_WITH_KNOTS('',2,(#9493,#9494,#9495),
  .UNSPECIFIED.,.F.,.F.,(3,3),(0.,1.),.PIECEWISE_BEZIER_KNOTS.);
#9493 = CARTESIAN_POINT('',(248.83171875,-91.02594726562,18.2));
#9494 = CARTESIAN_POINT('',(248.83171875,-90.24713867187,18.2));
#9495 = CARTESIAN_POINT('',(248.58733398437,-89.86579101562,18.2));
#9496 = PCURVE('',#3293,#9497);
#9497 = DEFINITIONAL_REPRESENTATION('',(#9498),#9502);
#9498 = LINE('',#9499,#9500);
#9499 = CARTESIAN_POINT('',(0.,0.));
#9500 = VECTOR('',#9501,1.);
#9501 = DIRECTION('',(1.,0.));
#9502 = ( GEOMETRIC_REPRESENTATION_CONTEXT(2) 
PARAMETRIC_REPRESENTATION_CONTEXT() REPRESENTATION_CONTEXT('2D SPACE',''
  ) );
#9503 = PCURVE('',#8420,#9504);
#9504 = DEFINITIONAL_REPRESENTATION('',(#9505),#9509);
#9505 = B_SPLINE_CURVE_WITH_KNOTS('',2,(#9506,#9507,#9508),
  .UNSPECIFIED.,.F.,.F.,(3,3),(0.,1.),.PIECEWISE_BEZIER_KNOTS.);
#9506 = CARTESIAN_POINT('',(2.80095703125,4.97638671875));
#9507 = CARTESIAN_POINT('',(3.579765625,4.97638671875));
#9508 = CARTESIAN_POINT('',(3.96111328125,5.220771484375));
#9509 = ( GEOMETRIC_REPRESENTATION_CONTEXT(2) 
PARAMETRIC_REPRESENTATION_CONTEXT() REPRESENTATION_CONTEXT('2D SPACE',''
  ) );
#9510 = ORIENTED_EDGE('',*,*,#9415,.T.);
#9511 = ORIENTED_EDGE('',*,*,#3259,.F.);
#9512 = ORIENTED_EDGE('',*,*,#9513,.F.);
#9513 = EDGE_CURVE('',#9489,#3260,#9514,.T.);
#9514 = SURFACE_CURVE('',#9515,(#9519,#9526),.PCURVE_S1.);
#9515 = LINE('',#9516,#9517);
#9516 = CARTESIAN_POINT('',(248.58733398437,-89.86579101562,18.2));
#9517 = VECTOR('',#9518,1.);
#9518 = DIRECTION('',(0.,-0.,1.));
#9519 = PCURVE('',#3293,#9520);
#9520 = DEFINITIONAL_REPRESENTATION('',(#9521),#9525);
#9521 = LINE('',#9522,#9523);
#9522 = CARTESIAN_POINT('',(1.,0.));
#9523 = VECTOR('',#9524,1.);
#9524 = DIRECTION('',(0.,-1.));
#9525 = ( GEOMETRIC_REPRESENTATION_CONTEXT(2) 
PARAMETRIC_REPRESENTATION_CONTEXT() REPRESENTATION_CONTEXT('2D SPACE',''
  ) );
#9526 = PCURVE('',#3346,#9527);
#9527 = DEFINITIONAL_REPRESENTATION('',(#9528),#9532);
#9528 = LINE('',#9529,#9530);
#9529 = CARTESIAN_POINT('',(0.,0.));
#9530 = VECTOR('',#9531,1.);
#9531 = DIRECTION('',(0.,-1.));
#9532 = ( GEOMETRIC_REPRESENTATION_CONTEXT(2) 
PARAMETRIC_REPRESENTATION_CONTEXT() REPRESENTATION_CONTEXT('2D SPACE',''
  ) );
#9533 = ADVANCED_FACE('',(#9534),#4145,.F.);
#9534 = FACE_BOUND('',#9535,.F.);
#9535 = EDGE_LOOP('',(#9536,#9559,#9586,#9587));
#9536 = ORIENTED_EDGE('',*,*,#9537,.F.);
#9537 = EDGE_CURVE('',#9538,#9440,#9540,.T.);
#9538 = VERTEX_POINT('',#9539);
#9539 = CARTESIAN_POINT('',(249.48324647207,-88.01482161618,18.2));
#9540 = SURFACE_CURVE('',#9541,(#9545,#9552),.PCURVE_S1.);
#9541 = B_SPLINE_CURVE_WITH_KNOTS('',2,(#9542,#9543,#9544),
  .UNSPECIFIED.,.F.,.F.,(3,3),(0.,1.),.PIECEWISE_BEZIER_KNOTS.);
#9542 = CARTESIAN_POINT('',(249.304375,-88.52288085937,18.2));
#9543 = CARTESIAN_POINT('',(249.51384765625,-87.71184570312,18.2));
#9544 = CARTESIAN_POINT('',(250.03215820312,-87.29021484375,18.2));
#9545 = PCURVE('',#4145,#9546);
#9546 = DEFINITIONAL_REPRESENTATION('',(#9547),#9551);
#9547 = LINE('',#9548,#9549);
#9548 = CARTESIAN_POINT('',(0.,0.));
#9549 = VECTOR('',#9550,1.);
#9550 = DIRECTION('',(1.,0.));
#9551 = ( GEOMETRIC_REPRESENTATION_CONTEXT(2) 
PARAMETRIC_REPRESENTATION_CONTEXT() REPRESENTATION_CONTEXT('2D SPACE',''
  ) );
#9552 = PCURVE('',#8420,#9553);
#9553 = DEFINITIONAL_REPRESENTATION('',(#9554),#9558);
#9554 = B_SPLINE_CURVE_WITH_KNOTS('',2,(#9555,#9556,#9557),
  .UNSPECIFIED.,.F.,.F.,(3,3),(0.,1.),.PIECEWISE_BEZIER_KNOTS.);
#9555 = CARTESIAN_POINT('',(5.3040234375,4.50373046875));
#9556 = CARTESIAN_POINT('',(6.11505859375,4.2942578125));
#9557 = CARTESIAN_POINT('',(6.536689453125,3.775947265625));
#9558 = ( GEOMETRIC_REPRESENTATION_CONTEXT(2) 
PARAMETRIC_REPRESENTATION_CONTEXT() REPRESENTATION_CONTEXT('2D SPACE',''
  ) );
#9559 = ORIENTED_EDGE('',*,*,#9560,.F.);
#9560 = EDGE_CURVE('',#4074,#9538,#9561,.T.);
#9561 = SURFACE_CURVE('',#9562,(#9568,#9577),.PCURVE_S1.);
#9562 = B_SPLINE_CURVE_WITH_KNOTS('',4,(#9563,#9564,#9565,#9566,#9567),
  .UNSPECIFIED.,.F.,.F.,(5,5),(0.,1.),.PIECEWISE_BEZIER_KNOTS.);
#9563 = CARTESIAN_POINT('',(249.48324647207,-88.01482161618,19.8000006)
  );
#9564 = CARTESIAN_POINT('',(249.48324647207,-88.01482161618,
    19.400000300005));
#9565 = CARTESIAN_POINT('',(249.48324647207,-88.01482161618,
    18.999999999979));
#9566 = CARTESIAN_POINT('',(249.48324647207,-88.01482161618,
    18.599999699995));
#9567 = CARTESIAN_POINT('',(249.48324647207,-88.01482161618,18.1999994)
  );
#9568 = PCURVE('',#4145,#9569);
#9569 = DEFINITIONAL_REPRESENTATION('',(#9570),#9576);
#9570 = B_SPLINE_CURVE_WITH_KNOTS('',4,(#9571,#9572,#9573,#9574,#9575),
  .UNSPECIFIED.,.F.,.F.,(5,5),(0.,1.),.PIECEWISE_BEZIER_KNOTS.);
#9571 = CARTESIAN_POINT('',(0.341157462492,-1.60000059995));
#9572 = CARTESIAN_POINT('',(0.341157462492,-1.200000299956));
#9573 = CARTESIAN_POINT('',(0.341157462492,-0.800000000024));
#9574 = CARTESIAN_POINT('',(0.341157462492,-0.399999700009));
#9575 = CARTESIAN_POINT('',(0.341157462492,5.999857102257E-07));
#9576 = ( GEOMETRIC_REPRESENTATION_CONTEXT(2) 
PARAMETRIC_REPRESENTATION_CONTEXT() REPRESENTATION_CONTEXT('2D SPACE',''
  ) );
#9577 = PCURVE('',#4097,#9578);
#9578 = DEFINITIONAL_REPRESENTATION('',(#9579),#9585);
#9579 = B_SPLINE_CURVE_WITH_KNOTS('',4,(#9580,#9581,#9582,#9583,#9584),
  .UNSPECIFIED.,.F.,.F.,(5,5),(0.,1.),.PIECEWISE_BEZIER_KNOTS.);
#9580 = CARTESIAN_POINT('',(0.61306327584,-1.6000006));
#9581 = CARTESIAN_POINT('',(0.61306327584,-1.200000300005));
#9582 = CARTESIAN_POINT('',(0.61306327584,-0.799999999979));
#9583 = CARTESIAN_POINT('',(0.61306327584,-0.399999699995));
#9584 = CARTESIAN_POINT('',(0.61306327584,5.999999999062E-07));
#9585 = ( GEOMETRIC_REPRESENTATION_CONTEXT(2) 
PARAMETRIC_REPRESENTATION_CONTEXT() REPRESENTATION_CONTEXT('2D SPACE',''
  ) );
#9586 = ORIENTED_EDGE('',*,*,#4115,.F.);
#9587 = ORIENTED_EDGE('',*,*,#9462,.F.);
#9588 = ADVANCED_FACE('',(#9589),#3346,.F.);
#9589 = FACE_BOUND('',#9590,.F.);
#9590 = EDGE_LOOP('',(#9591,#9614,#9615,#9616));
#9591 = ORIENTED_EDGE('',*,*,#9592,.F.);
#9592 = EDGE_CURVE('',#9489,#9593,#9595,.T.);
#9593 = VERTEX_POINT('',#9594);
#9594 = CARTESIAN_POINT('',(248.02872502035,-89.49897374153,18.2));
#9595 = SURFACE_CURVE('',#9596,(#9600,#9607),.PCURVE_S1.);
#9596 = B_SPLINE_CURVE_WITH_KNOTS('',2,(#9597,#9598,#9599),
  .UNSPECIFIED.,.F.,.F.,(3,3),(0.,1.),.PIECEWISE_BEZIER_KNOTS.);
#9597 = CARTESIAN_POINT('',(248.58733398437,-89.86579101562,18.2));
#9598 = CARTESIAN_POINT('',(248.34294921875,-89.48444335937,18.2));
#9599 = CARTESIAN_POINT('',(247.8434375,-89.48444335937,18.2));
#9600 = PCURVE('',#3346,#9601);
#9601 = DEFINITIONAL_REPRESENTATION('',(#9602),#9606);
#9602 = LINE('',#9603,#9604);
#9603 = CARTESIAN_POINT('',(0.,0.));
#9604 = VECTOR('',#9605,1.);
#9605 = DIRECTION('',(1.,0.));
#9606 = ( GEOMETRIC_REPRESENTATION_CONTEXT(2) 
PARAMETRIC_REPRESENTATION_CONTEXT() REPRESENTATION_CONTEXT('2D SPACE',''
  ) );
#9607 = PCURVE('',#8420,#9608);
#9608 = DEFINITIONAL_REPRESENTATION('',(#9609),#9613);
#9609 = B_SPLINE_CURVE_WITH_KNOTS('',2,(#9610,#9611,#9612),
  .UNSPECIFIED.,.F.,.F.,(3,3),(0.,1.),.PIECEWISE_BEZIER_KNOTS.);
#9610 = CARTESIAN_POINT('',(3.96111328125,5.220771484375));
#9611 = CARTESIAN_POINT('',(4.3424609375,5.46515625));
#9612 = CARTESIAN_POINT('',(4.3424609375,5.96466796875));
#9613 = ( GEOMETRIC_REPRESENTATION_CONTEXT(2) 
PARAMETRIC_REPRESENTATION_CONTEXT() REPRESENTATION_CONTEXT('2D SPACE',''
  ) );
#9614 = ORIENTED_EDGE('',*,*,#9513,.T.);
#9615 = ORIENTED_EDGE('',*,*,#3316,.F.);
#9616 = ORIENTED_EDGE('',*,*,#9617,.F.);
#9617 = EDGE_CURVE('',#9593,#3317,#9618,.T.);
#9618 = SURFACE_CURVE('',#9619,(#9625,#9634),.PCURVE_S1.);
#9619 = B_SPLINE_CURVE_WITH_KNOTS('',4,(#9620,#9621,#9622,#9623,#9624),
  .UNSPECIFIED.,.F.,.F.,(5,5),(0.,1.),.PIECEWISE_BEZIER_KNOTS.);
#9620 = CARTESIAN_POINT('',(248.02872502035,-89.49897374153,18.1999994)
  );
#9621 = CARTESIAN_POINT('',(248.02872502035,-89.49897374153,
    18.599999699995));
#9622 = CARTESIAN_POINT('',(248.02872502035,-89.49897374153,
    19.000000000007));
#9623 = CARTESIAN_POINT('',(248.02872502035,-89.49897374153,
    19.400000300005));
#9624 = CARTESIAN_POINT('',(248.02872502035,-89.49897374153,19.8000006)
  );
#9625 = PCURVE('',#3346,#9626);
#9626 = DEFINITIONAL_REPRESENTATION('',(#9627),#9633);
#9627 = B_SPLINE_CURVE_WITH_KNOTS('',4,(#9628,#9629,#9630,#9631,#9632),
  .UNSPECIFIED.,.F.,.F.,(5,5),(0.,1.),.PIECEWISE_BEZIER_KNOTS.);
#9628 = CARTESIAN_POINT('',(0.804800825135,5.999622270103E-07));
#9629 = CARTESIAN_POINT('',(0.804800825135,-0.399999700032));
#9630 = CARTESIAN_POINT('',(0.804800825135,-0.799999999992));
#9631 = CARTESIAN_POINT('',(0.804800825135,-1.200000299979));
#9632 = CARTESIAN_POINT('',(0.804800825135,-1.600000599974));
#9633 = ( GEOMETRIC_REPRESENTATION_CONTEXT(2) 
PARAMETRIC_REPRESENTATION_CONTEXT() REPRESENTATION_CONTEXT('2D SPACE',''
  ) );
#9634 = PCURVE('',#3397,#9635);
#9635 = DEFINITIONAL_REPRESENTATION('',(#9636),#9642);
#9636 = B_SPLINE_CURVE_WITH_KNOTS('',4,(#9637,#9638,#9639,#9640,#9641),
  .UNSPECIFIED.,.F.,.F.,(5,5),(0.,1.),.PIECEWISE_BEZIER_KNOTS.);
#9637 = CARTESIAN_POINT('',(0.198007940429,5.999999999062E-07));
#9638 = CARTESIAN_POINT('',(0.198007940429,-0.399999699995));
#9639 = CARTESIAN_POINT('',(0.198007940429,-0.800000000007));
#9640 = CARTESIAN_POINT('',(0.198007940429,-1.200000300005));
#9641 = CARTESIAN_POINT('',(0.198007940429,-1.6000006));
#9642 = ( GEOMETRIC_REPRESENTATION_CONTEXT(2) 
PARAMETRIC_REPRESENTATION_CONTEXT() REPRESENTATION_CONTEXT('2D SPACE',''
  ) );
#9643 = ADVANCED_FACE('',(#9644),#4097,.F.);
#9644 = FACE_BOUND('',#9645,.F.);
#9645 = EDGE_LOOP('',(#9646,#9669,#9690,#9691));
#9646 = ORIENTED_EDGE('',*,*,#9647,.F.);
#9647 = EDGE_CURVE('',#9648,#9538,#9650,.T.);
#9648 = VERTEX_POINT('',#9649);
#9649 = CARTESIAN_POINT('',(249.03327148437,-87.42717773437,18.2));
#9650 = SURFACE_CURVE('',#9651,(#9655,#9662),.PCURVE_S1.);
#9651 = B_SPLINE_CURVE_WITH_KNOTS('',2,(#9652,#9653,#9654),
  .UNSPECIFIED.,.F.,.F.,(3,3),(0.,1.),.PIECEWISE_BEZIER_KNOTS.);
#9652 = CARTESIAN_POINT('',(249.03327148437,-87.42717773437,18.2));
#9653 = CARTESIAN_POINT('',(249.4817578125,-87.79778320312,18.2));
#9654 = CARTESIAN_POINT('',(249.664375,-88.52288085937,18.2));
#9655 = PCURVE('',#4097,#9656);
#9656 = DEFINITIONAL_REPRESENTATION('',(#9657),#9661);
#9657 = LINE('',#9658,#9659);
#9658 = CARTESIAN_POINT('',(0.,0.));
#9659 = VECTOR('',#9660,1.);
#9660 = DIRECTION('',(1.,0.));
#9661 = ( GEOMETRIC_REPRESENTATION_CONTEXT(2) 
PARAMETRIC_REPRESENTATION_CONTEXT() REPRESENTATION_CONTEXT('2D SPACE',''
  ) );
#9662 = PCURVE('',#8420,#9663);
#9663 = DEFINITIONAL_REPRESENTATION('',(#9664),#9668);
#9664 = B_SPLINE_CURVE_WITH_KNOTS('',2,(#9665,#9666,#9667),
  .UNSPECIFIED.,.F.,.F.,(3,3),(0.,1.),.PIECEWISE_BEZIER_KNOTS.);
#9665 = CARTESIAN_POINT('',(6.3997265625,4.774833984375));
#9666 = CARTESIAN_POINT('',(6.02912109375,4.32634765625));
#9667 = CARTESIAN_POINT('',(5.3040234375,4.14373046875));
#9668 = ( GEOMETRIC_REPRESENTATION_CONTEXT(2) 
PARAMETRIC_REPRESENTATION_CONTEXT() REPRESENTATION_CONTEXT('2D SPACE',''
  ) );
#9669 = ORIENTED_EDGE('',*,*,#9670,.T.);
#9670 = EDGE_CURVE('',#9648,#4017,#9671,.T.);
#9671 = SURFACE_CURVE('',#9672,(#9676,#9683),.PCURVE_S1.);
#9672 = LINE('',#9673,#9674);
#9673 = CARTESIAN_POINT('',(249.03327148437,-87.42717773437,18.2));
#9674 = VECTOR('',#9675,1.);
#9675 = DIRECTION('',(0.,-0.,1.));
#9676 = PCURVE('',#4097,#9677);
#9677 = DEFINITIONAL_REPRESENTATION('',(#9678),#9682);
#9678 = LINE('',#9679,#9680);
#9679 = CARTESIAN_POINT('',(0.,0.));
#9680 = VECTOR('',#9681,1.);
#9681 = DIRECTION('',(0.,-1.));
#9682 = ( GEOMETRIC_REPRESENTATION_CONTEXT(2) 
PARAMETRIC_REPRESENTATION_CONTEXT() REPRESENTATION_CONTEXT('2D SPACE',''
  ) );
#9683 = PCURVE('',#4050,#9684);
#9684 = DEFINITIONAL_REPRESENTATION('',(#9685),#9689);
#9685 = LINE('',#9686,#9687);
#9686 = CARTESIAN_POINT('',(1.,0.));
#9687 = VECTOR('',#9688,1.);
#9688 = DIRECTION('',(0.,-1.));
#9689 = ( GEOMETRIC_REPRESENTATION_CONTEXT(2) 
PARAMETRIC_REPRESENTATION_CONTEXT() REPRESENTATION_CONTEXT('2D SPACE',''
  ) );
#9690 = ORIENTED_EDGE('',*,*,#4073,.F.);
#9691 = ORIENTED_EDGE('',*,*,#9560,.T.);
#9692 = ADVANCED_FACE('',(#9693),#3397,.F.);
#9693 = FACE_BOUND('',#9694,.F.);
#9694 = EDGE_LOOP('',(#9695,#9718,#9719,#9720));
#9695 = ORIENTED_EDGE('',*,*,#9696,.F.);
#9696 = EDGE_CURVE('',#9593,#9697,#9699,.T.);
#9697 = VERTEX_POINT('',#9698);
#9698 = CARTESIAN_POINT('',(247.48908203125,-89.85504882812,18.2));
#9699 = SURFACE_CURVE('',#9700,(#9704,#9711),.PCURVE_S1.);
#9700 = B_SPLINE_CURVE_WITH_KNOTS('',2,(#9701,#9702,#9703),
  .UNSPECIFIED.,.F.,.F.,(3,3),(0.,1.),.PIECEWISE_BEZIER_KNOTS.);
#9701 = CARTESIAN_POINT('',(248.2034375,-89.48444335937,18.2));
#9702 = CARTESIAN_POINT('',(247.7415234375,-89.48444335937,18.2));
#9703 = CARTESIAN_POINT('',(247.48908203125,-89.85504882812,18.2));
#9704 = PCURVE('',#3397,#9705);
#9705 = DEFINITIONAL_REPRESENTATION('',(#9706),#9710);
#9706 = LINE('',#9707,#9708);
#9707 = CARTESIAN_POINT('',(0.,0.));
#9708 = VECTOR('',#9709,1.);
#9709 = DIRECTION('',(1.,0.));
#9710 = ( GEOMETRIC_REPRESENTATION_CONTEXT(2) 
PARAMETRIC_REPRESENTATION_CONTEXT() REPRESENTATION_CONTEXT('2D SPACE',''
  ) );
#9711 = PCURVE('',#8420,#9712);
#9712 = DEFINITIONAL_REPRESENTATION('',(#9713),#9717);
#9713 = B_SPLINE_CURVE_WITH_KNOTS('',2,(#9714,#9715,#9716),
  .UNSPECIFIED.,.F.,.F.,(3,3),(0.,1.),.PIECEWISE_BEZIER_KNOTS.);
#9714 = CARTESIAN_POINT('',(4.3424609375,5.60466796875));
#9715 = CARTESIAN_POINT('',(4.3424609375,6.06658203125));
#9716 = CARTESIAN_POINT('',(3.97185546875,6.3190234375));
#9717 = ( GEOMETRIC_REPRESENTATION_CONTEXT(2) 
PARAMETRIC_REPRESENTATION_CONTEXT() REPRESENTATION_CONTEXT('2D SPACE',''
  ) );
#9718 = ORIENTED_EDGE('',*,*,#9617,.T.);
#9719 = ORIENTED_EDGE('',*,*,#3367,.F.);
#9720 = ORIENTED_EDGE('',*,*,#9721,.F.);
#9721 = EDGE_CURVE('',#9697,#3368,#9722,.T.);
#9722 = SURFACE_CURVE('',#9723,(#9727,#9734),.PCURVE_S1.);
#9723 = LINE('',#9724,#9725);
#9724 = CARTESIAN_POINT('',(247.48908203125,-89.85504882812,18.2));
#9725 = VECTOR('',#9726,1.);
#9726 = DIRECTION('',(0.,-0.,1.));
#9727 = PCURVE('',#3397,#9728);
#9728 = DEFINITIONAL_REPRESENTATION('',(#9729),#9733);
#9729 = LINE('',#9730,#9731);
#9730 = CARTESIAN_POINT('',(1.,0.));
#9731 = VECTOR('',#9732,1.);
#9732 = DIRECTION('',(0.,-1.));
#9733 = ( GEOMETRIC_REPRESENTATION_CONTEXT(2) 
PARAMETRIC_REPRESENTATION_CONTEXT() REPRESENTATION_CONTEXT('2D SPACE',''
  ) );
#9734 = PCURVE('',#3448,#9735);
#9735 = DEFINITIONAL_REPRESENTATION('',(#9736),#9740);
#9736 = LINE('',#9737,#9738);
#9737 = CARTESIAN_POINT('',(0.,0.));
#9738 = VECTOR('',#9739,1.);
#9739 = DIRECTION('',(0.,-1.));
#9740 = ( GEOMETRIC_REPRESENTATION_CONTEXT(2) 
PARAMETRIC_REPRESENTATION_CONTEXT() REPRESENTATION_CONTEXT('2D SPACE',''
  ) );
#9741 = ADVANCED_FACE('',(#9742),#4050,.F.);
#9742 = FACE_BOUND('',#9743,.F.);
#9743 = EDGE_LOOP('',(#9744,#9767,#9788,#9789));
#9744 = ORIENTED_EDGE('',*,*,#9745,.F.);
#9745 = EDGE_CURVE('',#9746,#9648,#9748,.T.);
#9746 = VERTEX_POINT('',#9747);
#9747 = CARTESIAN_POINT('',(247.881171875,-87.05657226562,18.2));
#9748 = SURFACE_CURVE('',#9749,(#9753,#9760),.PCURVE_S1.);
#9749 = B_SPLINE_CURVE_WITH_KNOTS('',2,(#9750,#9751,#9752),
  .UNSPECIFIED.,.F.,.F.,(3,3),(0.,1.),.PIECEWISE_BEZIER_KNOTS.);
#9750 = CARTESIAN_POINT('',(247.881171875,-87.05657226562,18.2));
#9751 = CARTESIAN_POINT('',(248.58478515625,-87.05657226562,18.2));
#9752 = CARTESIAN_POINT('',(249.03327148437,-87.42717773437,18.2));
#9753 = PCURVE('',#4050,#9754);
#9754 = DEFINITIONAL_REPRESENTATION('',(#9755),#9759);
#9755 = LINE('',#9756,#9757);
#9756 = CARTESIAN_POINT('',(0.,0.));
#9757 = VECTOR('',#9758,1.);
#9758 = DIRECTION('',(1.,0.));
#9759 = ( GEOMETRIC_REPRESENTATION_CONTEXT(2) 
PARAMETRIC_REPRESENTATION_CONTEXT() REPRESENTATION_CONTEXT('2D SPACE',''
  ) );
#9760 = PCURVE('',#8420,#9761);
#9761 = DEFINITIONAL_REPRESENTATION('',(#9762),#9766);
#9762 = B_SPLINE_CURVE_WITH_KNOTS('',2,(#9763,#9764,#9765),
  .UNSPECIFIED.,.F.,.F.,(3,3),(0.,1.),.PIECEWISE_BEZIER_KNOTS.);
#9763 = CARTESIAN_POINT('',(6.77033203125,5.92693359375));
#9764 = CARTESIAN_POINT('',(6.77033203125,5.2233203125));
#9765 = CARTESIAN_POINT('',(6.3997265625,4.774833984375));
#9766 = ( GEOMETRIC_REPRESENTATION_CONTEXT(2) 
PARAMETRIC_REPRESENTATION_CONTEXT() REPRESENTATION_CONTEXT('2D SPACE',''
  ) );
#9767 = ORIENTED_EDGE('',*,*,#9768,.T.);
#9768 = EDGE_CURVE('',#9746,#3981,#9769,.T.);
#9769 = SURFACE_CURVE('',#9770,(#9774,#9781),.PCURVE_S1.);
#9770 = LINE('',#9771,#9772);
#9771 = CARTESIAN_POINT('',(247.881171875,-87.05657226562,18.2));
#9772 = VECTOR('',#9773,1.);
#9773 = DIRECTION('',(0.,-0.,1.));
#9774 = PCURVE('',#4050,#9775);
#9775 = DEFINITIONAL_REPRESENTATION('',(#9776),#9780);
#9776 = LINE('',#9777,#9778);
#9777 = CARTESIAN_POINT('',(0.,0.));
#9778 = VECTOR('',#9779,1.);
#9779 = DIRECTION('',(0.,-1.));
#9780 = ( GEOMETRIC_REPRESENTATION_CONTEXT(2) 
PARAMETRIC_REPRESENTATION_CONTEXT() REPRESENTATION_CONTEXT('2D SPACE',''
  ) );
#9781 = PCURVE('',#4000,#9782);
#9782 = DEFINITIONAL_REPRESENTATION('',(#9783),#9787);
#9783 = LINE('',#9784,#9785);
#9784 = CARTESIAN_POINT('',(1.,0.));
#9785 = VECTOR('',#9786,1.);
#9786 = DIRECTION('',(0.,-1.));
#9787 = ( GEOMETRIC_REPRESENTATION_CONTEXT(2) 
PARAMETRIC_REPRESENTATION_CONTEXT() REPRESENTATION_CONTEXT('2D SPACE',''
  ) );
#9788 = ORIENTED_EDGE('',*,*,#4016,.F.);
#9789 = ORIENTED_EDGE('',*,*,#9670,.F.);
#9790 = ADVANCED_FACE('',(#9791),#3448,.F.);
#9791 = FACE_BOUND('',#9792,.F.);
#9792 = EDGE_LOOP('',(#9793,#9816,#9817,#9818));
#9793 = ORIENTED_EDGE('',*,*,#9794,.F.);
#9794 = EDGE_CURVE('',#9697,#9795,#9797,.T.);
#9795 = VERTEX_POINT('',#9796);
#9796 = CARTESIAN_POINT('',(247.24077820148,-90.73414700628,18.2));
#9797 = SURFACE_CURVE('',#9798,(#9802,#9809),.PCURVE_S1.);
#9798 = B_SPLINE_CURVE_WITH_KNOTS('',2,(#9799,#9800,#9801),
  .UNSPECIFIED.,.F.,.F.,(3,3),(0.,1.),.PIECEWISE_BEZIER_KNOTS.);
#9799 = CARTESIAN_POINT('',(247.48908203125,-89.85504882812,18.2));
#9800 = CARTESIAN_POINT('',(247.236640625,-90.22565429687,18.2));
#9801 = CARTESIAN_POINT('',(247.236640625,-90.90241210937,18.2));
#9802 = PCURVE('',#3448,#9803);
#9803 = DEFINITIONAL_REPRESENTATION('',(#9804),#9808);
#9804 = LINE('',#9805,#9806);
#9805 = CARTESIAN_POINT('',(0.,0.));
#9806 = VECTOR('',#9807,1.);
#9807 = DIRECTION('',(1.,0.));
#9808 = ( GEOMETRIC_REPRESENTATION_CONTEXT(2) 
PARAMETRIC_REPRESENTATION_CONTEXT() REPRESENTATION_CONTEXT('2D SPACE',''
  ) );
#9809 = PCURVE('',#8420,#9810);
#9810 = DEFINITIONAL_REPRESENTATION('',(#9811),#9815);
#9811 = B_SPLINE_CURVE_WITH_KNOTS('',2,(#9812,#9813,#9814),
  .UNSPECIFIED.,.F.,.F.,(3,3),(0.,1.),.PIECEWISE_BEZIER_KNOTS.);
#9812 = CARTESIAN_POINT('',(3.97185546875,6.3190234375));
#9813 = CARTESIAN_POINT('',(3.60125,6.57146484375));
#9814 = CARTESIAN_POINT('',(2.9244921875,6.57146484375));
#9815 = ( GEOMETRIC_REPRESENTATION_CONTEXT(2) 
PARAMETRIC_REPRESENTATION_CONTEXT() REPRESENTATION_CONTEXT('2D SPACE',''
  ) );
#9816 = ORIENTED_EDGE('',*,*,#9721,.T.);
#9817 = ORIENTED_EDGE('',*,*,#3418,.F.);
#9818 = ORIENTED_EDGE('',*,*,#9819,.F.);
#9819 = EDGE_CURVE('',#9795,#3419,#9820,.T.);
#9820 = SURFACE_CURVE('',#9821,(#9827,#9836),.PCURVE_S1.);
#9821 = B_SPLINE_CURVE_WITH_KNOTS('',4,(#9822,#9823,#9824,#9825,#9826),
  .UNSPECIFIED.,.F.,.F.,(5,5),(0.,1.),.PIECEWISE_BEZIER_KNOTS.);
#9822 = CARTESIAN_POINT('',(247.24077820148,-90.73414700628,18.1999994)
  );
#9823 = CARTESIAN_POINT('',(247.24077820148,-90.73414700628,
    18.599999699995));
#9824 = CARTESIAN_POINT('',(247.24077820148,-90.73414700628,
    18.999999999994));
#9825 = CARTESIAN_POINT('',(247.24077820148,-90.73414700628,
    19.400000300005));
#9826 = CARTESIAN_POINT('',(247.24077820148,-90.73414700628,19.8000006)
  );
#9827 = PCURVE('',#3448,#9828);
#9828 = DEFINITIONAL_REPRESENTATION('',(#9829),#9835);
#9829 = B_SPLINE_CURVE_WITH_KNOTS('',4,(#9830,#9831,#9832,#9833,#9834),
  .UNSPECIFIED.,.F.,.F.,(5,5),(0.,1.),.PIECEWISE_BEZIER_KNOTS.);
#9830 = CARTESIAN_POINT('',(0.87197560797,5.999731398365E-07));
#9831 = CARTESIAN_POINT('',(0.87197560797,-0.399999700022));
#9832 = CARTESIAN_POINT('',(0.87197560797,-0.800000000007));
#9833 = CARTESIAN_POINT('',(0.87197560797,-1.200000299968));
#9834 = CARTESIAN_POINT('',(0.87197560797,-1.600000599963));
#9835 = ( GEOMETRIC_REPRESENTATION_CONTEXT(2) 
PARAMETRIC_REPRESENTATION_CONTEXT() REPRESENTATION_CONTEXT('2D SPACE',''
  ) );
#9836 = PCURVE('',#3491,#9837);
#9837 = DEFINITIONAL_REPRESENTATION('',(#9838),#9844);
#9838 = B_SPLINE_CURVE_WITH_KNOTS('',4,(#9839,#9840,#9841,#9842,#9843),
  .UNSPECIFIED.,.F.,.F.,(5,5),(0.,1.),.PIECEWISE_BEZIER_KNOTS.);
#9839 = CARTESIAN_POINT('',(0.191527880957,5.999999999062E-07));
#9840 = CARTESIAN_POINT('',(0.191527880957,-0.399999699995));
#9841 = CARTESIAN_POINT('',(0.191527880957,-0.799999999994));
#9842 = CARTESIAN_POINT('',(0.191527880957,-1.200000300005));
#9843 = CARTESIAN_POINT('',(0.191527880957,-1.6000006));
#9844 = ( GEOMETRIC_REPRESENTATION_CONTEXT(2) 
PARAMETRIC_REPRESENTATION_CONTEXT() REPRESENTATION_CONTEXT('2D SPACE',''
  ) );
#9845 = ADVANCED_FACE('',(#9846),#4000,.F.);
#9846 = FACE_BOUND('',#9847,.F.);
#9847 = EDGE_LOOP('',(#9848,#9871,#9898,#9899));
#9848 = ORIENTED_EDGE('',*,*,#9849,.F.);
#9849 = EDGE_CURVE('',#9850,#9746,#9852,.T.);
#9850 = VERTEX_POINT('',#9851);
#9851 = CARTESIAN_POINT('',(247.69993624743,-87.06284531571,18.2));
#9852 = SURFACE_CURVE('',#9853,(#9857,#9864),.PCURVE_S1.);
#9853 = B_SPLINE_CURVE_WITH_KNOTS('',2,(#9854,#9855,#9856),
  .UNSPECIFIED.,.F.,.F.,(3,3),(0.,1.),.PIECEWISE_BEZIER_KNOTS.);
#9854 = CARTESIAN_POINT('',(246.33698242187,-87.8326953125,18.2));
#9855 = CARTESIAN_POINT('',(246.849921875,-87.05657226562,18.2));
#9856 = CARTESIAN_POINT('',(247.881171875,-87.05657226562,18.2));
#9857 = PCURVE('',#4000,#9858);
#9858 = DEFINITIONAL_REPRESENTATION('',(#9859),#9863);
#9859 = LINE('',#9860,#9861);
#9860 = CARTESIAN_POINT('',(0.,0.));
#9861 = VECTOR('',#9862,1.);
#9862 = DIRECTION('',(1.,0.));
#9863 = ( GEOMETRIC_REPRESENTATION_CONTEXT(2) 
PARAMETRIC_REPRESENTATION_CONTEXT() REPRESENTATION_CONTEXT('2D SPACE',''
  ) );
#9864 = PCURVE('',#8420,#9865);
#9865 = DEFINITIONAL_REPRESENTATION('',(#9866),#9870);
#9866 = B_SPLINE_CURVE_WITH_KNOTS('',2,(#9867,#9868,#9869),
  .UNSPECIFIED.,.F.,.F.,(3,3),(0.,1.),.PIECEWISE_BEZIER_KNOTS.);
#9867 = CARTESIAN_POINT('',(5.994208984375,7.471123046875));
#9868 = CARTESIAN_POINT('',(6.77033203125,6.95818359375));
#9869 = CARTESIAN_POINT('',(6.77033203125,5.92693359375));
#9870 = ( GEOMETRIC_REPRESENTATION_CONTEXT(2) 
PARAMETRIC_REPRESENTATION_CONTEXT() REPRESENTATION_CONTEXT('2D SPACE',''
  ) );
#9871 = ORIENTED_EDGE('',*,*,#9872,.T.);
#9872 = EDGE_CURVE('',#9850,#3945,#9873,.T.);
#9873 = SURFACE_CURVE('',#9874,(#9880,#9889),.PCURVE_S1.);
#9874 = B_SPLINE_CURVE_WITH_KNOTS('',4,(#9875,#9876,#9877,#9878,#9879),
  .UNSPECIFIED.,.F.,.F.,(5,5),(0.,1.),.PIECEWISE_BEZIER_KNOTS.);
#9875 = CARTESIAN_POINT('',(247.69993624743,-87.06284531571,18.1999994)
  );
#9876 = CARTESIAN_POINT('',(247.69993624743,-87.06284531571,
    18.599999699995));
#9877 = CARTESIAN_POINT('',(247.69993624743,-87.06284531571,
    19.000000000033));
#9878 = CARTESIAN_POINT('',(247.69993624743,-87.06284531571,
    19.400000300005));
#9879 = CARTESIAN_POINT('',(247.69993624743,-87.06284531571,19.8000006)
  );
#9880 = PCURVE('',#4000,#9881);
#9881 = DEFINITIONAL_REPRESENTATION('',(#9882),#9888);
#9882 = B_SPLINE_CURVE_WITH_KNOTS('',4,(#9883,#9884,#9885,#9886,#9887),
  .UNSPECIFIED.,.F.,.F.,(5,5),(0.,1.),.PIECEWISE_BEZIER_KNOTS.);
#9883 = CARTESIAN_POINT('',(0.910097019972,5.999999999062E-07));
#9884 = CARTESIAN_POINT('',(0.910097019972,-0.399999699995));
#9885 = CARTESIAN_POINT('',(0.910097019972,-0.800000000033));
#9886 = CARTESIAN_POINT('',(0.910097019972,-1.200000300005));
#9887 = CARTESIAN_POINT('',(0.910097019972,-1.6000006));
#9888 = ( GEOMETRIC_REPRESENTATION_CONTEXT(2) 
PARAMETRIC_REPRESENTATION_CONTEXT() REPRESENTATION_CONTEXT('2D SPACE',''
  ) );
#9889 = PCURVE('',#3964,#9890);
#9890 = DEFINITIONAL_REPRESENTATION('',(#9891),#9897);
#9891 = B_SPLINE_CURVE_WITH_KNOTS('',4,(#9892,#9893,#9894,#9895,#9896),
  .UNSPECIFIED.,.F.,.F.,(5,5),(0.,1.),.PIECEWISE_BEZIER_KNOTS.);
#9892 = CARTESIAN_POINT('',(0.130101848102,5.999400960466E-07));
#9893 = CARTESIAN_POINT('',(0.130101848102,-0.399999700055));
#9894 = CARTESIAN_POINT('',(0.130101848102,-0.799999999963));
#9895 = CARTESIAN_POINT('',(0.130101848102,-1.200000300001));
#9896 = CARTESIAN_POINT('',(0.130101848102,-1.600000599996));
#9897 = ( GEOMETRIC_REPRESENTATION_CONTEXT(2) 
PARAMETRIC_REPRESENTATION_CONTEXT() REPRESENTATION_CONTEXT('2D SPACE',''
  ) );
#9898 = ORIENTED_EDGE('',*,*,#3980,.F.);
#9899 = ORIENTED_EDGE('',*,*,#9768,.F.);
#9900 = ADVANCED_FACE('',(#9901),#3491,.F.);
#9901 = FACE_BOUND('',#9902,.F.);
#9902 = EDGE_LOOP('',(#9903,#9926,#9927,#9928));
#9903 = ORIENTED_EDGE('',*,*,#9904,.F.);
#9904 = EDGE_CURVE('',#9795,#9905,#9907,.T.);
#9905 = VERTEX_POINT('',#9906);
#9906 = CARTESIAN_POINT('',(247.34943359375,-91.55217773437,18.2));
#9907 = SURFACE_CURVE('',#9908,(#9912,#9919),.PCURVE_S1.);
#9908 = B_SPLINE_CURVE_WITH_KNOTS('',2,(#9909,#9910,#9911),
  .UNSPECIFIED.,.F.,.F.,(3,3),(0.,1.),.PIECEWISE_BEZIER_KNOTS.);
#9909 = CARTESIAN_POINT('',(247.236640625,-90.54241210937,18.2));
#9910 = CARTESIAN_POINT('',(247.236640625,-91.04192382812,18.2));
#9911 = CARTESIAN_POINT('',(247.34943359375,-91.55217773437,18.2));
#9912 = PCURVE('',#3491,#9913);
#9913 = DEFINITIONAL_REPRESENTATION('',(#9914),#9918);
#9914 = LINE('',#9915,#9916);
#9915 = CARTESIAN_POINT('',(0.,0.));
#9916 = VECTOR('',#9917,1.);
#9917 = DIRECTION('',(1.,0.));
#9918 = ( GEOMETRIC_REPRESENTATION_CONTEXT(2) 
PARAMETRIC_REPRESENTATION_CONTEXT() REPRESENTATION_CONTEXT('2D SPACE',''
  ) );
#9919 = PCURVE('',#8420,#9920);
#9920 = DEFINITIONAL_REPRESENTATION('',(#9921),#9925);
#9921 = B_SPLINE_CURVE_WITH_KNOTS('',2,(#9922,#9923,#9924),
  .UNSPECIFIED.,.F.,.F.,(3,3),(0.,1.),.PIECEWISE_BEZIER_KNOTS.);
#9922 = CARTESIAN_POINT('',(3.2844921875,6.57146484375));
#9923 = CARTESIAN_POINT('',(2.78498046875,6.57146484375));
#9924 = CARTESIAN_POINT('',(2.2747265625,6.458671875));
#9925 = ( GEOMETRIC_REPRESENTATION_CONTEXT(2) 
PARAMETRIC_REPRESENTATION_CONTEXT() REPRESENTATION_CONTEXT('2D SPACE',''
  ) );
#9926 = ORIENTED_EDGE('',*,*,#9819,.T.);
#9927 = ORIENTED_EDGE('',*,*,#3469,.F.);
#9928 = ORIENTED_EDGE('',*,*,#9929,.F.);
#9929 = EDGE_CURVE('',#9905,#3470,#9930,.T.);
#9930 = SURFACE_CURVE('',#9931,(#9935,#9942),.PCURVE_S1.);
#9931 = LINE('',#9932,#9933);
#9932 = CARTESIAN_POINT('',(247.34943359375,-91.55217773437,18.2));
#9933 = VECTOR('',#9934,1.);
#9934 = DIRECTION('',(0.,-0.,1.));
#9935 = PCURVE('',#3491,#9936);
#9936 = DEFINITIONAL_REPRESENTATION('',(#9937),#9941);
#9937 = LINE('',#9938,#9939);
#9938 = CARTESIAN_POINT('',(1.,0.));
#9939 = VECTOR('',#9940,1.);
#9940 = DIRECTION('',(0.,-1.));
#9941 = ( GEOMETRIC_REPRESENTATION_CONTEXT(2) 
PARAMETRIC_REPRESENTATION_CONTEXT() REPRESENTATION_CONTEXT('2D SPACE',''
  ) );
#9942 = PCURVE('',#3530,#9943);
#9943 = DEFINITIONAL_REPRESENTATION('',(#9944),#9948);
#9944 = LINE('',#9945,#9946);
#9945 = CARTESIAN_POINT('',(0.,0.));
#9946 = VECTOR('',#9947,1.);
#9947 = DIRECTION('',(0.,-1.));
#9948 = ( GEOMETRIC_REPRESENTATION_CONTEXT(2) 
PARAMETRIC_REPRESENTATION_CONTEXT() REPRESENTATION_CONTEXT('2D SPACE',''
  ) );
#9949 = ADVANCED_FACE('',(#9950),#3964,.F.);
#9950 = FACE_BOUND('',#9951,.F.);
#9951 = EDGE_LOOP('',(#9952,#9975,#9996,#9997));
#9952 = ORIENTED_EDGE('',*,*,#9953,.F.);
#9953 = EDGE_CURVE('',#9954,#9850,#9956,.T.);
#9954 = VERTEX_POINT('',#9955);
#9955 = CARTESIAN_POINT('',(247.521171875,-87.05657226562,18.2));
#9956 = SURFACE_CURVE('',#9957,(#9961,#9968),.PCURVE_S1.);
#9957 = B_SPLINE_CURVE_WITH_KNOTS('',2,(#9958,#9959,#9960),
  .UNSPECIFIED.,.F.,.F.,(3,3),(0.,1.),.PIECEWISE_BEZIER_KNOTS.);
#9958 = CARTESIAN_POINT('',(247.521171875,-87.05657226562,18.2));
#9959 = CARTESIAN_POINT('',(248.22478515625,-87.05657226562,18.2));
#9960 = CARTESIAN_POINT('',(248.67327148437,-87.42717773437,18.2));
#9961 = PCURVE('',#3964,#9962);
#9962 = DEFINITIONAL_REPRESENTATION('',(#9963),#9967);
#9963 = LINE('',#9964,#9965);
#9964 = CARTESIAN_POINT('',(0.,0.));
#9965 = VECTOR('',#9966,1.);
#9966 = DIRECTION('',(1.,0.));
#9967 = ( GEOMETRIC_REPRESENTATION_CONTEXT(2) 
PARAMETRIC_REPRESENTATION_CONTEXT() REPRESENTATION_CONTEXT('2D SPACE',''
  ) );
#9968 = PCURVE('',#8420,#9969);
#9969 = DEFINITIONAL_REPRESENTATION('',(#9970),#9974);
#9970 = B_SPLINE_CURVE_WITH_KNOTS('',2,(#9971,#9972,#9973),
  .UNSPECIFIED.,.F.,.F.,(3,3),(0.,1.),.PIECEWISE_BEZIER_KNOTS.);
#9971 = CARTESIAN_POINT('',(6.77033203125,6.28693359375));
#9972 = CARTESIAN_POINT('',(6.77033203125,5.5833203125));
#9973 = CARTESIAN_POINT('',(6.3997265625,5.134833984375));
#9974 = ( GEOMETRIC_REPRESENTATION_CONTEXT(2) 
PARAMETRIC_REPRESENTATION_CONTEXT() REPRESENTATION_CONTEXT('2D SPACE',''
  ) );
#9975 = ORIENTED_EDGE('',*,*,#9976,.T.);
#9976 = EDGE_CURVE('',#9954,#3858,#9977,.T.);
#9977 = SURFACE_CURVE('',#9978,(#9982,#9989),.PCURVE_S1.);
#9978 = LINE('',#9979,#9980);
#9979 = CARTESIAN_POINT('',(247.521171875,-87.05657226562,18.2));
#9980 = VECTOR('',#9981,1.);
#9981 = DIRECTION('',(0.,-0.,1.));
#9982 = PCURVE('',#3964,#9983);
#9983 = DEFINITIONAL_REPRESENTATION('',(#9984),#9988);
#9984 = LINE('',#9985,#9986);
#9985 = CARTESIAN_POINT('',(0.,0.));
#9986 = VECTOR('',#9987,1.);
#9987 = DIRECTION('',(0.,-1.));
#9988 = ( GEOMETRIC_REPRESENTATION_CONTEXT(2) 
PARAMETRIC_REPRESENTATION_CONTEXT() REPRESENTATION_CONTEXT('2D SPACE',''
  ) );
#9989 = PCURVE('',#3911,#9990);
#9990 = DEFINITIONAL_REPRESENTATION('',(#9991),#9995);
#9991 = LINE('',#9992,#9993);
#9992 = CARTESIAN_POINT('',(1.,0.));
#9993 = VECTOR('',#9994,1.);
#9994 = DIRECTION('',(0.,-1.));
#9995 = ( GEOMETRIC_REPRESENTATION_CONTEXT(2) 
PARAMETRIC_REPRESENTATION_CONTEXT() REPRESENTATION_CONTEXT('2D SPACE',''
  ) );
#9996 = ORIENTED_EDGE('',*,*,#3944,.F.);
#9997 = ORIENTED_EDGE('',*,*,#9872,.F.);
#9998 = ADVANCED_FACE('',(#9999),#3530,.F.);
#9999 = FACE_BOUND('',#10000,.F.);
#10000 = EDGE_LOOP('',(#10001,#10024,#10025,#10026));
#10001 = ORIENTED_EDGE('',*,*,#10002,.F.);
#10002 = EDGE_CURVE('',#9905,#10003,#10005,.T.);
#10003 = VERTEX_POINT('',#10004);
#10004 = CARTESIAN_POINT('',(247.68244140625,-92.56731445312,18.2));
#10005 = SURFACE_CURVE('',#10006,(#10010,#10017),.PCURVE_S1.);
#10006 = B_SPLINE_CURVE_WITH_KNOTS('',2,(#10007,#10008,#10009),
  .UNSPECIFIED.,.F.,.F.,(3,3),(0.,1.),.PIECEWISE_BEZIER_KNOTS.);
#10007 = CARTESIAN_POINT('',(247.34943359375,-91.55217773437,18.2));
#10008 = CARTESIAN_POINT('',(247.4622265625,-92.06243164062,18.2));
#10009 = CARTESIAN_POINT('',(247.68244140625,-92.56731445312,18.2));
#10010 = PCURVE('',#3530,#10011);
#10011 = DEFINITIONAL_REPRESENTATION('',(#10012),#10016);
#10012 = LINE('',#10013,#10014);
#10013 = CARTESIAN_POINT('',(0.,0.));
#10014 = VECTOR('',#10015,1.);
#10015 = DIRECTION('',(1.,0.));
#10016 = ( GEOMETRIC_REPRESENTATION_CONTEXT(2) 
PARAMETRIC_REPRESENTATION_CONTEXT() REPRESENTATION_CONTEXT('2D SPACE',''
  ) );
#10017 = PCURVE('',#8420,#10018);
#10018 = DEFINITIONAL_REPRESENTATION('',(#10019),#10023);
#10019 = B_SPLINE_CURVE_WITH_KNOTS('',2,(#10020,#10021,#10022),
  .UNSPECIFIED.,.F.,.F.,(3,3),(0.,1.),.PIECEWISE_BEZIER_KNOTS.);
#10020 = CARTESIAN_POINT('',(2.2747265625,6.458671875));
#10021 = CARTESIAN_POINT('',(1.76447265625,6.34587890625));
#10022 = CARTESIAN_POINT('',(1.25958984375,6.1256640625));
#10023 = ( GEOMETRIC_REPRESENTATION_CONTEXT(2) 
PARAMETRIC_REPRESENTATION_CONTEXT() REPRESENTATION_CONTEXT('2D SPACE',''
  ) );
#10024 = ORIENTED_EDGE('',*,*,#9929,.T.);
#10025 = ORIENTED_EDGE('',*,*,#3508,.F.);
#10026 = ORIENTED_EDGE('',*,*,#10027,.F.);
#10027 = EDGE_CURVE('',#10003,#3509,#10028,.T.);
#10028 = SURFACE_CURVE('',#10029,(#10033,#10040),.PCURVE_S1.);
#10029 = LINE('',#10030,#10031);
#10030 = CARTESIAN_POINT('',(247.68244140625,-92.56731445312,18.2));
#10031 = VECTOR('',#10032,1.);
#10032 = DIRECTION('',(0.,-0.,1.));
#10033 = PCURVE('',#3530,#10034);
#10034 = DEFINITIONAL_REPRESENTATION('',(#10035),#10039);
#10035 = LINE('',#10036,#10037);
#10036 = CARTESIAN_POINT('',(1.,0.));
#10037 = VECTOR('',#10038,1.);
#10038 = DIRECTION('',(0.,-1.));
#10039 = ( GEOMETRIC_REPRESENTATION_CONTEXT(2) 
PARAMETRIC_REPRESENTATION_CONTEXT() REPRESENTATION_CONTEXT('2D SPACE',''
  ) );
#10040 = PCURVE('',#3562,#10041);
#10041 = DEFINITIONAL_REPRESENTATION('',(#10042),#10046);
#10042 = LINE('',#10043,#10044);
#10043 = CARTESIAN_POINT('',(0.,0.));
#10044 = VECTOR('',#10045,1.);
#10045 = DIRECTION('',(0.,-1.));
#10046 = ( GEOMETRIC_REPRESENTATION_CONTEXT(2) 
PARAMETRIC_REPRESENTATION_CONTEXT() REPRESENTATION_CONTEXT('2D SPACE',''
  ) );
#10047 = ADVANCED_FACE('',(#10048),#3911,.F.);
#10048 = FACE_BOUND('',#10049,.F.);
#10049 = EDGE_LOOP('',(#10050,#10073,#10094,#10095));
#10050 = ORIENTED_EDGE('',*,*,#10051,.F.);
#10051 = EDGE_CURVE('',#10052,#9954,#10054,.T.);
#10052 = VERTEX_POINT('',#10053);
#10053 = CARTESIAN_POINT('',(245.97698242187,-87.8326953125,18.2));
#10054 = SURFACE_CURVE('',#10055,(#10059,#10066),.PCURVE_S1.);
#10055 = B_SPLINE_CURVE_WITH_KNOTS('',2,(#10056,#10057,#10058),
  .UNSPECIFIED.,.F.,.F.,(3,3),(0.,1.),.PIECEWISE_BEZIER_KNOTS.);
#10056 = CARTESIAN_POINT('',(245.97698242187,-87.8326953125,18.2));
#10057 = CARTESIAN_POINT('',(246.489921875,-87.05657226562,18.2));
#10058 = CARTESIAN_POINT('',(247.521171875,-87.05657226562,18.2));
#10059 = PCURVE('',#3911,#10060);
#10060 = DEFINITIONAL_REPRESENTATION('',(#10061),#10065);
#10061 = LINE('',#10062,#10063);
#10062 = CARTESIAN_POINT('',(0.,0.));
#10063 = VECTOR('',#10064,1.);
#10064 = DIRECTION('',(1.,0.));
#10065 = ( GEOMETRIC_REPRESENTATION_CONTEXT(2) 
PARAMETRIC_REPRESENTATION_CONTEXT() REPRESENTATION_CONTEXT('2D SPACE',''
  ) );
#10066 = PCURVE('',#8420,#10067);
#10067 = DEFINITIONAL_REPRESENTATION('',(#10068),#10072);
#10068 = B_SPLINE_CURVE_WITH_KNOTS('',2,(#10069,#10070,#10071),
  .UNSPECIFIED.,.F.,.F.,(3,3),(0.,1.),.PIECEWISE_BEZIER_KNOTS.);
#10069 = CARTESIAN_POINT('',(5.994208984375,7.831123046875));
#10070 = CARTESIAN_POINT('',(6.77033203125,7.31818359375));
#10071 = CARTESIAN_POINT('',(6.77033203125,6.28693359375));
#10072 = ( GEOMETRIC_REPRESENTATION_CONTEXT(2) 
PARAMETRIC_REPRESENTATION_CONTEXT() REPRESENTATION_CONTEXT('2D SPACE',''
  ) );
#10073 = ORIENTED_EDGE('',*,*,#10074,.T.);
#10074 = EDGE_CURVE('',#10052,#3786,#10075,.T.);
#10075 = SURFACE_CURVE('',#10076,(#10080,#10087),.PCURVE_S1.);
#10076 = LINE('',#10077,#10078);
#10077 = CARTESIAN_POINT('',(245.97698242187,-87.8326953125,18.2));
#10078 = VECTOR('',#10079,1.);
#10079 = DIRECTION('',(0.,-0.,1.));
#10080 = PCURVE('',#3911,#10081);
#10081 = DEFINITIONAL_REPRESENTATION('',(#10082),#10086);
#10082 = LINE('',#10083,#10084);
#10083 = CARTESIAN_POINT('',(0.,0.));
#10084 = VECTOR('',#10085,1.);
#10085 = DIRECTION('',(0.,-1.));
#10086 = ( GEOMETRIC_REPRESENTATION_CONTEXT(2) 
PARAMETRIC_REPRESENTATION_CONTEXT() REPRESENTATION_CONTEXT('2D SPACE',''
  ) );
#10087 = PCURVE('',#3829,#10088);
#10088 = DEFINITIONAL_REPRESENTATION('',(#10089),#10093);
#10089 = LINE('',#10090,#10091);
#10090 = CARTESIAN_POINT('',(1.,0.));
#10091 = VECTOR('',#10092,1.);
#10092 = DIRECTION('',(0.,-1.));
#10093 = ( GEOMETRIC_REPRESENTATION_CONTEXT(2) 
PARAMETRIC_REPRESENTATION_CONTEXT() REPRESENTATION_CONTEXT('2D SPACE',''
  ) );
#10094 = ORIENTED_EDGE('',*,*,#3857,.F.);
#10095 = ORIENTED_EDGE('',*,*,#9976,.F.);
#10096 = ADVANCED_FACE('',(#10097),#3562,.F.);
#10097 = FACE_BOUND('',#10098,.F.);
#10098 = EDGE_LOOP('',(#10099,#10122,#10123,#10124));
#10099 = ORIENTED_EDGE('',*,*,#10100,.F.);
#10100 = EDGE_CURVE('',#10003,#10101,#10103,.T.);
#10101 = VERTEX_POINT('',#10102);
#10102 = CARTESIAN_POINT('',(247.53931913037,-92.56731445312,18.2));
#10103 = SURFACE_CURVE('',#10104,(#10108,#10115),.PCURVE_S1.);
#10104 = LINE('',#10105,#10106);
#10105 = CARTESIAN_POINT('',(247.68244140625,-92.56731445312,18.2));
#10106 = VECTOR('',#10107,1.);
#10107 = DIRECTION('',(-1.,2.22044604925E-16,0.));
#10108 = PCURVE('',#3562,#10109);
#10109 = DEFINITIONAL_REPRESENTATION('',(#10110),#10114);
#10110 = LINE('',#10111,#10112);
#10111 = CARTESIAN_POINT('',(0.,0.));
#10112 = VECTOR('',#10113,1.);
#10113 = DIRECTION('',(1.,0.));
#10114 = ( GEOMETRIC_REPRESENTATION_CONTEXT(2) 
PARAMETRIC_REPRESENTATION_CONTEXT() REPRESENTATION_CONTEXT('2D SPACE',''
  ) );
#10115 = PCURVE('',#8420,#10116);
#10116 = DEFINITIONAL_REPRESENTATION('',(#10117),#10121);
#10117 = LINE('',#10118,#10119);
#10118 = CARTESIAN_POINT('',(1.25958984375,6.1256640625));
#10119 = VECTOR('',#10120,1.);
#10120 = DIRECTION('',(0.,1.));
#10121 = ( GEOMETRIC_REPRESENTATION_CONTEXT(2) 
PARAMETRIC_REPRESENTATION_CONTEXT() REPRESENTATION_CONTEXT('2D SPACE',''
  ) );
#10122 = ORIENTED_EDGE('',*,*,#10027,.T.);
#10123 = ORIENTED_EDGE('',*,*,#3547,.F.);
#10124 = ORIENTED_EDGE('',*,*,#10125,.T.);
#10125 = EDGE_CURVE('',#3548,#10101,#10126,.T.);
#10126 = SURFACE_CURVE('',#10127,(#10133,#10142),.PCURVE_S1.);
#10127 = B_SPLINE_CURVE_WITH_KNOTS('',4,(#10128,#10129,#10130,#10131,
    #10132),.UNSPECIFIED.,.F.,.F.,(5,5),(0.,1.),
  .PIECEWISE_BEZIER_KNOTS.);
#10128 = CARTESIAN_POINT('',(247.53931913037,-92.56731445312,19.8));
#10129 = CARTESIAN_POINT('',(247.53931913037,-92.56731445312,
    19.40000000004));
#10130 = CARTESIAN_POINT('',(247.53931913037,-92.56731445312,19.));
#10131 = CARTESIAN_POINT('',(247.53931913037,-92.56731445312,
    18.59999999996));
#10132 = CARTESIAN_POINT('',(247.53931913037,-92.56731445312,18.2));
#10133 = PCURVE('',#3562,#10134);
#10134 = DEFINITIONAL_REPRESENTATION('',(#10135),#10141);
#10135 = B_SPLINE_CURVE_WITH_KNOTS('',4,(#10136,#10137,#10138,#10139,
    #10140),.UNSPECIFIED.,.F.,.F.,(5,5),(0.,1.),
  .PIECEWISE_BEZIER_KNOTS.);
#10136 = CARTESIAN_POINT('',(0.143122275876,-1.6));
#10137 = CARTESIAN_POINT('',(0.143122275876,-1.20000000004));
#10138 = CARTESIAN_POINT('',(0.143122275876,-0.8));
#10139 = CARTESIAN_POINT('',(0.143122275876,-0.39999999996));
#10140 = CARTESIAN_POINT('',(0.143122275876,0.));
#10141 = ( GEOMETRIC_REPRESENTATION_CONTEXT(2) 
PARAMETRIC_REPRESENTATION_CONTEXT() REPRESENTATION_CONTEXT('2D SPACE',''
  ) );
#10142 = PCURVE('',#3593,#10143);
#10143 = DEFINITIONAL_REPRESENTATION('',(#10144),#10150);
#10144 = B_SPLINE_CURVE_WITH_KNOTS('',4,(#10145,#10146,#10147,#10148,
    #10149),.UNSPECIFIED.,.F.,.F.,(5,5),(0.,1.),
  .PIECEWISE_BEZIER_KNOTS.);
#10145 = CARTESIAN_POINT('',(0.6441551649,-1.59999999984));
#10146 = CARTESIAN_POINT('',(0.6441551649,-1.19999999988));
#10147 = CARTESIAN_POINT('',(0.6441551649,-0.8));
#10148 = CARTESIAN_POINT('',(0.6441551649,-0.40000000012));
#10149 = CARTESIAN_POINT('',(0.6441551649,-1.599400611951E-10));
#10150 = ( GEOMETRIC_REPRESENTATION_CONTEXT(2) 
PARAMETRIC_REPRESENTATION_CONTEXT() REPRESENTATION_CONTEXT('2D SPACE',''
  ) );
#10151 = ADVANCED_FACE('',(#10152),#3829,.F.);
#10152 = FACE_BOUND('',#10153,.F.);
#10153 = EDGE_LOOP('',(#10154,#10177,#10198,#10199));
#10154 = ORIENTED_EDGE('',*,*,#10155,.F.);
#10155 = EDGE_CURVE('',#10156,#10052,#10158,.T.);
#10156 = VERTEX_POINT('',#10157);
#10157 = CARTESIAN_POINT('',(245.46404296875,-90.17180664062,18.2));
#10158 = SURFACE_CURVE('',#10159,(#10163,#10170),.PCURVE_S1.);
#10159 = B_SPLINE_CURVE_WITH_KNOTS('',2,(#10160,#10161,#10162),
  .UNSPECIFIED.,.F.,.F.,(3,3),(0.,1.),.PIECEWISE_BEZIER_KNOTS.);
#10160 = CARTESIAN_POINT('',(245.46404296875,-90.17180664062,18.2));
#10161 = CARTESIAN_POINT('',(245.46404296875,-88.60881835937,18.2));
#10162 = CARTESIAN_POINT('',(245.97698242187,-87.8326953125,18.2));
#10163 = PCURVE('',#3829,#10164);
#10164 = DEFINITIONAL_REPRESENTATION('',(#10165),#10169);
#10165 = LINE('',#10166,#10167);
#10166 = CARTESIAN_POINT('',(0.,0.));
#10167 = VECTOR('',#10168,1.);
#10168 = DIRECTION('',(1.,0.));
#10169 = ( GEOMETRIC_REPRESENTATION_CONTEXT(2) 
PARAMETRIC_REPRESENTATION_CONTEXT() REPRESENTATION_CONTEXT('2D SPACE',''
  ) );
#10170 = PCURVE('',#8420,#10171);
#10171 = DEFINITIONAL_REPRESENTATION('',(#10172),#10176);
#10172 = B_SPLINE_CURVE_WITH_KNOTS('',2,(#10173,#10174,#10175),
  .UNSPECIFIED.,.F.,.F.,(3,3),(0.,1.),.PIECEWISE_BEZIER_KNOTS.);
#10173 = CARTESIAN_POINT('',(3.65509765625,8.3440625));
#10174 = CARTESIAN_POINT('',(5.2180859375,8.3440625));
#10175 = CARTESIAN_POINT('',(5.994208984375,7.831123046875));
#10176 = ( GEOMETRIC_REPRESENTATION_CONTEXT(2) 
PARAMETRIC_REPRESENTATION_CONTEXT() REPRESENTATION_CONTEXT('2D SPACE',''
  ) );
#10177 = ORIENTED_EDGE('',*,*,#10178,.T.);
#10178 = EDGE_CURVE('',#10156,#3750,#10179,.T.);
#10179 = SURFACE_CURVE('',#10180,(#10184,#10191),.PCURVE_S1.);
#10180 = LINE('',#10181,#10182);
#10181 = CARTESIAN_POINT('',(245.46404296875,-90.17180664062,18.2));
#10182 = VECTOR('',#10183,1.);
#10183 = DIRECTION('',(0.,-0.,1.));
#10184 = PCURVE('',#3829,#10185);
#10185 = DEFINITIONAL_REPRESENTATION('',(#10186),#10190);
#10186 = LINE('',#10187,#10188);
#10187 = CARTESIAN_POINT('',(0.,0.));
#10188 = VECTOR('',#10189,1.);
#10189 = DIRECTION('',(0.,-1.));
#10190 = ( GEOMETRIC_REPRESENTATION_CONTEXT(2) 
PARAMETRIC_REPRESENTATION_CONTEXT() REPRESENTATION_CONTEXT('2D SPACE',''
  ) );
#10191 = PCURVE('',#3769,#10192);
#10192 = DEFINITIONAL_REPRESENTATION('',(#10193),#10197);
#10193 = LINE('',#10194,#10195);
#10194 = CARTESIAN_POINT('',(1.,0.));
#10195 = VECTOR('',#10196,1.);
#10196 = DIRECTION('',(0.,-1.));
#10197 = ( GEOMETRIC_REPRESENTATION_CONTEXT(2) 
PARAMETRIC_REPRESENTATION_CONTEXT() REPRESENTATION_CONTEXT('2D SPACE',''
  ) );
#10198 = ORIENTED_EDGE('',*,*,#3785,.F.);
#10199 = ORIENTED_EDGE('',*,*,#10074,.F.);
#10200 = ADVANCED_FACE('',(#10201),#3593,.F.);
#10201 = FACE_BOUND('',#10202,.F.);
#10202 = EDGE_LOOP('',(#10203,#10226,#10227,#10228));
#10203 = ORIENTED_EDGE('',*,*,#10204,.F.);
#10204 = EDGE_CURVE('',#10101,#10205,#10207,.T.);
#10205 = VERTEX_POINT('',#10206);
#10206 = CARTESIAN_POINT('',(247.68244140625,-92.92731445312,18.2));
#10207 = SURFACE_CURVE('',#10208,(#10212,#10219),.PCURVE_S1.);
#10208 = B_SPLINE_CURVE_WITH_KNOTS('',2,(#10209,#10210,#10211),
  .UNSPECIFIED.,.F.,.F.,(3,3),(0.,1.),.PIECEWISE_BEZIER_KNOTS.);
#10209 = CARTESIAN_POINT('',(247.34943359375,-91.91217773437,18.2));
#10210 = CARTESIAN_POINT('',(247.4622265625,-92.42243164062,18.2));
#10211 = CARTESIAN_POINT('',(247.68244140625,-92.92731445312,18.2));
#10212 = PCURVE('',#3593,#10213);
#10213 = DEFINITIONAL_REPRESENTATION('',(#10214),#10218);
#10214 = LINE('',#10215,#10216);
#10215 = CARTESIAN_POINT('',(0.,0.));
#10216 = VECTOR('',#10217,1.);
#10217 = DIRECTION('',(1.,0.));
#10218 = ( GEOMETRIC_REPRESENTATION_CONTEXT(2) 
PARAMETRIC_REPRESENTATION_CONTEXT() REPRESENTATION_CONTEXT('2D SPACE',''
  ) );
#10219 = PCURVE('',#8420,#10220);
#10220 = DEFINITIONAL_REPRESENTATION('',(#10221),#10225);
#10221 = B_SPLINE_CURVE_WITH_KNOTS('',2,(#10222,#10223,#10224),
  .UNSPECIFIED.,.F.,.F.,(3,3),(0.,1.),.PIECEWISE_BEZIER_KNOTS.);
#10222 = CARTESIAN_POINT('',(1.9147265625,6.458671875));
#10223 = CARTESIAN_POINT('',(1.40447265625,6.34587890625));
#10224 = CARTESIAN_POINT('',(0.89958984375,6.1256640625));
#10225 = ( GEOMETRIC_REPRESENTATION_CONTEXT(2) 
PARAMETRIC_REPRESENTATION_CONTEXT() REPRESENTATION_CONTEXT('2D SPACE',''
  ) );
#10226 = ORIENTED_EDGE('',*,*,#10125,.F.);
#10227 = ORIENTED_EDGE('',*,*,#3573,.F.);
#10228 = ORIENTED_EDGE('',*,*,#10229,.F.);
#10229 = EDGE_CURVE('',#10205,#3574,#10230,.T.);
#10230 = SURFACE_CURVE('',#10231,(#10235,#10242),.PCURVE_S1.);
#10231 = LINE('',#10232,#10233);
#10232 = CARTESIAN_POINT('',(247.68244140625,-92.92731445312,18.2));
#10233 = VECTOR('',#10234,1.);
#10234 = DIRECTION('',(0.,-0.,1.));
#10235 = PCURVE('',#3593,#10236);
#10236 = DEFINITIONAL_REPRESENTATION('',(#10237),#10241);
#10237 = LINE('',#10238,#10239);
#10238 = CARTESIAN_POINT('',(1.,0.));
#10239 = VECTOR('',#10240,1.);
#10240 = DIRECTION('',(0.,-1.));
#10241 = ( GEOMETRIC_REPRESENTATION_CONTEXT(2) 
PARAMETRIC_REPRESENTATION_CONTEXT() REPRESENTATION_CONTEXT('2D SPACE',''
  ) );
#10242 = PCURVE('',#3624,#10243);
#10243 = DEFINITIONAL_REPRESENTATION('',(#10244),#10248);
#10244 = LINE('',#10245,#10246);
#10245 = CARTESIAN_POINT('',(0.,0.));
#10246 = VECTOR('',#10247,1.);
#10247 = DIRECTION('',(0.,-1.));
#10248 = ( GEOMETRIC_REPRESENTATION_CONTEXT(2) 
PARAMETRIC_REPRESENTATION_CONTEXT() REPRESENTATION_CONTEXT('2D SPACE',''
  ) );
#10249 = ADVANCED_FACE('',(#10250),#3769,.F.);
#10250 = FACE_BOUND('',#10251,.F.);
#10251 = EDGE_LOOP('',(#10252,#10275,#10302,#10303));
#10252 = ORIENTED_EDGE('',*,*,#10253,.F.);
#10253 = EDGE_CURVE('',#10254,#10156,#10256,.T.);
#10254 = VERTEX_POINT('',#10255);
#10255 = CARTESIAN_POINT('',(245.46593959859,-90.34463283356,18.2));
#10256 = SURFACE_CURVE('',#10257,(#10261,#10268),.PCURVE_S1.);
#10257 = B_SPLINE_CURVE_WITH_KNOTS('',2,(#10258,#10259,#10260),
  .UNSPECIFIED.,.F.,.F.,(3,3),(0.,1.),.PIECEWISE_BEZIER_KNOTS.);
#10258 = CARTESIAN_POINT('',(245.54998046875,-91.35344726562,18.2));
#10259 = CARTESIAN_POINT('',(245.46404296875,-90.75188476562,18.2));
#10260 = CARTESIAN_POINT('',(245.46404296875,-90.17180664062,18.2));
#10261 = PCURVE('',#3769,#10262);
#10262 = DEFINITIONAL_REPRESENTATION('',(#10263),#10267);
#10263 = LINE('',#10264,#10265);
#10264 = CARTESIAN_POINT('',(0.,0.));
#10265 = VECTOR('',#10266,1.);
#10266 = DIRECTION('',(1.,0.));
#10267 = ( GEOMETRIC_REPRESENTATION_CONTEXT(2) 
PARAMETRIC_REPRESENTATION_CONTEXT() REPRESENTATION_CONTEXT('2D SPACE',''
  ) );
#10268 = PCURVE('',#8420,#10269);
#10269 = DEFINITIONAL_REPRESENTATION('',(#10270),#10274);
#10270 = B_SPLINE_CURVE_WITH_KNOTS('',2,(#10271,#10272,#10273),
  .UNSPECIFIED.,.F.,.F.,(3,3),(0.,1.),.PIECEWISE_BEZIER_KNOTS.);
#10271 = CARTESIAN_POINT('',(2.47345703125,8.258125));
#10272 = CARTESIAN_POINT('',(3.07501953125,8.3440625));
#10273 = CARTESIAN_POINT('',(3.65509765625,8.3440625));
#10274 = ( GEOMETRIC_REPRESENTATION_CONTEXT(2) 
PARAMETRIC_REPRESENTATION_CONTEXT() REPRESENTATION_CONTEXT('2D SPACE',''
  ) );
#10275 = ORIENTED_EDGE('',*,*,#10276,.T.);
#10276 = EDGE_CURVE('',#10254,#3714,#10277,.T.);
#10277 = SURFACE_CURVE('',#10278,(#10284,#10293),.PCURVE_S1.);
#10278 = B_SPLINE_CURVE_WITH_KNOTS('',4,(#10279,#10280,#10281,#10282,
    #10283),.UNSPECIFIED.,.F.,.F.,(5,5),(0.,1.),
  .PIECEWISE_BEZIER_KNOTS.);
#10279 = CARTESIAN_POINT('',(245.46593959859,-90.34463283356,18.1999994)
  );
#10280 = CARTESIAN_POINT('',(245.46593959859,-90.34463283356,
    18.599999699995));
#10281 = CARTESIAN_POINT('',(245.46593959859,-90.34463283356,
    19.000000000001));
#10282 = CARTESIAN_POINT('',(245.46593959859,-90.34463283356,
    19.400000300005));
#10283 = CARTESIAN_POINT('',(245.46593959859,-90.34463283356,19.8000006)
  );
#10284 = PCURVE('',#3769,#10285);
#10285 = DEFINITIONAL_REPRESENTATION('',(#10286),#10292);
#10286 = B_SPLINE_CURVE_WITH_KNOTS('',4,(#10287,#10288,#10289,#10290,
    #10291),.UNSPECIFIED.,.F.,.F.,(5,5),(0.,1.),
  .PIECEWISE_BEZIER_KNOTS.);
#10287 = CARTESIAN_POINT('',(0.851440669757,5.999999999062E-07));
#10288 = CARTESIAN_POINT('',(0.851440669757,-0.399999699995));
#10289 = CARTESIAN_POINT('',(0.851440669757,-0.800000000001));
#10290 = CARTESIAN_POINT('',(0.851440669757,-1.200000300005));
#10291 = CARTESIAN_POINT('',(0.851440669757,-1.6000006));
#10292 = ( GEOMETRIC_REPRESENTATION_CONTEXT(2) 
PARAMETRIC_REPRESENTATION_CONTEXT() REPRESENTATION_CONTEXT('2D SPACE',''
  ) );
#10293 = PCURVE('',#3733,#10294);
#10294 = DEFINITIONAL_REPRESENTATION('',(#10295),#10301);
#10295 = B_SPLINE_CURVE_WITH_KNOTS('',4,(#10296,#10297,#10298,#10299,
    #10300),.UNSPECIFIED.,.F.,.F.,(5,5),(0.,1.),
  .PIECEWISE_BEZIER_KNOTS.);
#10296 = CARTESIAN_POINT('',(6.080765259381E-02,5.999669525636E-07));
#10297 = CARTESIAN_POINT('',(6.080765259381E-02,-0.399999700028));
#10298 = CARTESIAN_POINT('',(6.08076525938E-02,-0.799999999999));
#10299 = CARTESIAN_POINT('',(6.080765259381E-02,-1.200000299974));
#10300 = CARTESIAN_POINT('',(6.080765259381E-02,-1.600000599969));
#10301 = ( GEOMETRIC_REPRESENTATION_CONTEXT(2) 
PARAMETRIC_REPRESENTATION_CONTEXT() REPRESENTATION_CONTEXT('2D SPACE',''
  ) );
#10302 = ORIENTED_EDGE('',*,*,#3749,.F.);
#10303 = ORIENTED_EDGE('',*,*,#10178,.F.);
#10304 = ADVANCED_FACE('',(#10305),#3624,.F.);
#10305 = FACE_BOUND('',#10306,.F.);
#10306 = EDGE_LOOP('',(#10307,#10330,#10331,#10332));
#10307 = ORIENTED_EDGE('',*,*,#10308,.F.);
#10308 = EDGE_CURVE('',#10205,#10309,#10311,.T.);
#10309 = VERTEX_POINT('',#10310);
#10310 = CARTESIAN_POINT('',(245.80779296875,-92.92731445312,18.2));
#10311 = SURFACE_CURVE('',#10312,(#10316,#10323),.PCURVE_S1.);
#10312 = LINE('',#10313,#10314);
#10313 = CARTESIAN_POINT('',(247.68244140625,-92.92731445312,18.2));
#10314 = VECTOR('',#10315,1.);
#10315 = DIRECTION('',(-1.,2.368919958359E-16,0.));
#10316 = PCURVE('',#3624,#10317);
#10317 = DEFINITIONAL_REPRESENTATION('',(#10318),#10322);
#10318 = LINE('',#10319,#10320);
#10319 = CARTESIAN_POINT('',(0.,0.));
#10320 = VECTOR('',#10321,1.);
#10321 = DIRECTION('',(1.,0.));
#10322 = ( GEOMETRIC_REPRESENTATION_CONTEXT(2) 
PARAMETRIC_REPRESENTATION_CONTEXT() REPRESENTATION_CONTEXT('2D SPACE',''
  ) );
#10323 = PCURVE('',#8420,#10324);
#10324 = DEFINITIONAL_REPRESENTATION('',(#10325),#10329);
#10325 = LINE('',#10326,#10327);
#10326 = CARTESIAN_POINT('',(0.89958984375,6.1256640625));
#10327 = VECTOR('',#10328,1.);
#10328 = DIRECTION('',(1.484739091089E-17,1.));
#10329 = ( GEOMETRIC_REPRESENTATION_CONTEXT(2) 
PARAMETRIC_REPRESENTATION_CONTEXT() REPRESENTATION_CONTEXT('2D SPACE',''
  ) );
#10330 = ORIENTED_EDGE('',*,*,#10229,.T.);
#10331 = ORIENTED_EDGE('',*,*,#3609,.F.);
#10332 = ORIENTED_EDGE('',*,*,#10333,.F.);
#10333 = EDGE_CURVE('',#10309,#3610,#10334,.T.);
#10334 = SURFACE_CURVE('',#10335,(#10339,#10346),.PCURVE_S1.);
#10335 = LINE('',#10336,#10337);
#10336 = CARTESIAN_POINT('',(245.80779296875,-92.92731445312,18.2));
#10337 = VECTOR('',#10338,1.);
#10338 = DIRECTION('',(0.,-0.,1.));
#10339 = PCURVE('',#3624,#10340);
#10340 = DEFINITIONAL_REPRESENTATION('',(#10341),#10345);
#10341 = LINE('',#10342,#10343);
#10342 = CARTESIAN_POINT('',(1.8746484375,0.));
#10343 = VECTOR('',#10344,1.);
#10344 = DIRECTION('',(0.,-1.));
#10345 = ( GEOMETRIC_REPRESENTATION_CONTEXT(2) 
PARAMETRIC_REPRESENTATION_CONTEXT() REPRESENTATION_CONTEXT('2D SPACE',''
  ) );
#10346 = PCURVE('',#3657,#10347);
#10347 = DEFINITIONAL_REPRESENTATION('',(#10348),#10352);
#10348 = LINE('',#10349,#10350);
#10349 = CARTESIAN_POINT('',(0.,0.));
#10350 = VECTOR('',#10351,1.);
#10351 = DIRECTION('',(0.,-1.));
#10352 = ( GEOMETRIC_REPRESENTATION_CONTEXT(2) 
PARAMETRIC_REPRESENTATION_CONTEXT() REPRESENTATION_CONTEXT('2D SPACE',''
  ) );
#10353 = ADVANCED_FACE('',(#10354),#3733,.F.);
#10354 = FACE_BOUND('',#10355,.F.);
#10355 = EDGE_LOOP('',(#10356,#10379,#10400,#10401));
#10356 = ORIENTED_EDGE('',*,*,#10357,.F.);
#10357 = EDGE_CURVE('',#10358,#10254,#10360,.T.);
#10358 = VERTEX_POINT('',#10359);
#10359 = CARTESIAN_POINT('',(245.46404296875,-90.53180664062,18.2));
#10360 = SURFACE_CURVE('',#10361,(#10365,#10372),.PCURVE_S1.);
#10361 = B_SPLINE_CURVE_WITH_KNOTS('',2,(#10362,#10363,#10364),
  .UNSPECIFIED.,.F.,.F.,(3,3),(0.,1.),.PIECEWISE_BEZIER_KNOTS.);
#10362 = CARTESIAN_POINT('',(245.46404296875,-90.53180664062,18.2));
#10363 = CARTESIAN_POINT('',(245.46404296875,-88.96881835937,18.2));
#10364 = CARTESIAN_POINT('',(245.97698242187,-88.1926953125,18.2));
#10365 = PCURVE('',#3733,#10366);
#10366 = DEFINITIONAL_REPRESENTATION('',(#10367),#10371);
#10367 = LINE('',#10368,#10369);
#10368 = CARTESIAN_POINT('',(0.,0.));
#10369 = VECTOR('',#10370,1.);
#10370 = DIRECTION('',(1.,0.));
#10371 = ( GEOMETRIC_REPRESENTATION_CONTEXT(2) 
PARAMETRIC_REPRESENTATION_CONTEXT() REPRESENTATION_CONTEXT('2D SPACE',''
  ) );
#10372 = PCURVE('',#8420,#10373);
#10373 = DEFINITIONAL_REPRESENTATION('',(#10374),#10378);
#10374 = B_SPLINE_CURVE_WITH_KNOTS('',2,(#10375,#10376,#10377),
  .UNSPECIFIED.,.F.,.F.,(3,3),(0.,1.),.PIECEWISE_BEZIER_KNOTS.);
#10375 = CARTESIAN_POINT('',(3.29509765625,8.3440625));
#10376 = CARTESIAN_POINT('',(4.8580859375,8.3440625));
#10377 = CARTESIAN_POINT('',(5.634208984375,7.831123046875));
#10378 = ( GEOMETRIC_REPRESENTATION_CONTEXT(2) 
PARAMETRIC_REPRESENTATION_CONTEXT() REPRESENTATION_CONTEXT('2D SPACE',''
  ) );
#10379 = ORIENTED_EDGE('',*,*,#10380,.T.);
#10380 = EDGE_CURVE('',#10358,#3675,#10381,.T.);
#10381 = SURFACE_CURVE('',#10382,(#10386,#10393),.PCURVE_S1.);
#10382 = LINE('',#10383,#10384);
#10383 = CARTESIAN_POINT('',(245.46404296875,-90.53180664062,18.2));
#10384 = VECTOR('',#10385,1.);
#10385 = DIRECTION('',(0.,-0.,1.));
#10386 = PCURVE('',#3733,#10387);
#10387 = DEFINITIONAL_REPRESENTATION('',(#10388),#10392);
#10388 = LINE('',#10389,#10390);
#10389 = CARTESIAN_POINT('',(0.,0.));
#10390 = VECTOR('',#10391,1.);
#10391 = DIRECTION('',(0.,-1.));
#10392 = ( GEOMETRIC_REPRESENTATION_CONTEXT(2) 
PARAMETRIC_REPRESENTATION_CONTEXT() REPRESENTATION_CONTEXT('2D SPACE',''
  ) );
#10393 = PCURVE('',#3696,#10394);
#10394 = DEFINITIONAL_REPRESENTATION('',(#10395),#10399);
#10395 = LINE('',#10396,#10397);
#10396 = CARTESIAN_POINT('',(1.,0.));
#10397 = VECTOR('',#10398,1.);
#10398 = DIRECTION('',(0.,-1.));
#10399 = ( GEOMETRIC_REPRESENTATION_CONTEXT(2) 
PARAMETRIC_REPRESENTATION_CONTEXT() REPRESENTATION_CONTEXT('2D SPACE',''
  ) );
#10400 = ORIENTED_EDGE('',*,*,#3713,.F.);
#10401 = ORIENTED_EDGE('',*,*,#10276,.F.);
#10402 = ADVANCED_FACE('',(#10403),#3657,.F.);
#10403 = FACE_BOUND('',#10404,.F.);
#10404 = EDGE_LOOP('',(#10405,#10428,#10429,#10430));
#10405 = ORIENTED_EDGE('',*,*,#10406,.F.);
#10406 = EDGE_CURVE('',#10309,#10407,#10409,.T.);
#10407 = VERTEX_POINT('',#10408);
#10408 = CARTESIAN_POINT('',(245.54998046875,-91.71344726562,18.2));
#10409 = SURFACE_CURVE('',#10410,(#10414,#10421),.PCURVE_S1.);
#10410 = B_SPLINE_CURVE_WITH_KNOTS('',2,(#10411,#10412,#10413),
  .UNSPECIFIED.,.F.,.F.,(3,3),(0.,1.),.PIECEWISE_BEZIER_KNOTS.);
#10411 = CARTESIAN_POINT('',(245.80779296875,-92.92731445312,18.2));
#10412 = CARTESIAN_POINT('',(245.63591796875,-92.31500976562,18.2));
#10413 = CARTESIAN_POINT('',(245.54998046875,-91.71344726562,18.2));
#10414 = PCURVE('',#3657,#10415);
#10415 = DEFINITIONAL_REPRESENTATION('',(#10416),#10420);
#10416 = LINE('',#10417,#10418);
#10417 = CARTESIAN_POINT('',(0.,0.));
#10418 = VECTOR('',#10419,1.);
#10419 = DIRECTION('',(1.,0.));
#10420 = ( GEOMETRIC_REPRESENTATION_CONTEXT(2) 
PARAMETRIC_REPRESENTATION_CONTEXT() REPRESENTATION_CONTEXT('2D SPACE',''
  ) );
#10421 = PCURVE('',#8420,#10422);
#10422 = DEFINITIONAL_REPRESENTATION('',(#10423),#10427);
#10423 = B_SPLINE_CURVE_WITH_KNOTS('',2,(#10424,#10425,#10426),
  .UNSPECIFIED.,.F.,.F.,(3,3),(0.,1.),.PIECEWISE_BEZIER_KNOTS.);
#10424 = CARTESIAN_POINT('',(0.89958984375,8.0003125));
#10425 = CARTESIAN_POINT('',(1.51189453125,8.1721875));
#10426 = CARTESIAN_POINT('',(2.11345703125,8.258125));
#10427 = ( GEOMETRIC_REPRESENTATION_CONTEXT(2) 
PARAMETRIC_REPRESENTATION_CONTEXT() REPRESENTATION_CONTEXT('2D SPACE',''
  ) );
#10428 = ORIENTED_EDGE('',*,*,#10333,.T.);
#10429 = ORIENTED_EDGE('',*,*,#3635,.F.);
#10430 = ORIENTED_EDGE('',*,*,#10431,.F.);
#10431 = EDGE_CURVE('',#10407,#3636,#10432,.T.);
#10432 = SURFACE_CURVE('',#10433,(#10437,#10444),.PCURVE_S1.);
#10433 = LINE('',#10434,#10435);
#10434 = CARTESIAN_POINT('',(245.54998046875,-91.71344726562,18.2));
#10435 = VECTOR('',#10436,1.);
#10436 = DIRECTION('',(0.,-0.,1.));
#10437 = PCURVE('',#3657,#10438);
#10438 = DEFINITIONAL_REPRESENTATION('',(#10439),#10443);
#10439 = LINE('',#10440,#10441);
#10440 = CARTESIAN_POINT('',(1.,0.));
#10441 = VECTOR('',#10442,1.);
#10442 = DIRECTION('',(0.,-1.));
#10443 = ( GEOMETRIC_REPRESENTATION_CONTEXT(2) 
PARAMETRIC_REPRESENTATION_CONTEXT() REPRESENTATION_CONTEXT('2D SPACE',''
  ) );
#10444 = PCURVE('',#3696,#10445);
#10445 = DEFINITIONAL_REPRESENTATION('',(#10446),#10450);
#10446 = LINE('',#10447,#10448);
#10447 = CARTESIAN_POINT('',(0.,0.));
#10448 = VECTOR('',#10449,1.);
#10449 = DIRECTION('',(0.,-1.));
#10450 = ( GEOMETRIC_REPRESENTATION_CONTEXT(2) 
PARAMETRIC_REPRESENTATION_CONTEXT() REPRESENTATION_CONTEXT('2D SPACE',''
  ) );
#10451 = ADVANCED_FACE('',(#10452),#3696,.F.);
#10452 = FACE_BOUND('',#10453,.F.);
#10453 = EDGE_LOOP('',(#10454,#10475,#10476,#10477));
#10454 = ORIENTED_EDGE('',*,*,#10455,.F.);
#10455 = EDGE_CURVE('',#10407,#10358,#10456,.T.);
#10456 = SURFACE_CURVE('',#10457,(#10461,#10468),.PCURVE_S1.);
#10457 = B_SPLINE_CURVE_WITH_KNOTS('',2,(#10458,#10459,#10460),
  .UNSPECIFIED.,.F.,.F.,(3,3),(0.,1.),.PIECEWISE_BEZIER_KNOTS.);
#10458 = CARTESIAN_POINT('',(245.54998046875,-91.71344726562,18.2));
#10459 = CARTESIAN_POINT('',(245.46404296875,-91.11188476562,18.2));
#10460 = CARTESIAN_POINT('',(245.46404296875,-90.53180664062,18.2));
#10461 = PCURVE('',#3696,#10462);
#10462 = DEFINITIONAL_REPRESENTATION('',(#10463),#10467);
#10463 = LINE('',#10464,#10465);
#10464 = CARTESIAN_POINT('',(0.,0.));
#10465 = VECTOR('',#10466,1.);
#10466 = DIRECTION('',(1.,0.));
#10467 = ( GEOMETRIC_REPRESENTATION_CONTEXT(2) 
PARAMETRIC_REPRESENTATION_CONTEXT() REPRESENTATION_CONTEXT('2D SPACE',''
  ) );
#10468 = PCURVE('',#8420,#10469);
#10469 = DEFINITIONAL_REPRESENTATION('',(#10470),#10474);
#10470 = B_SPLINE_CURVE_WITH_KNOTS('',2,(#10471,#10472,#10473),
  .UNSPECIFIED.,.F.,.F.,(3,3),(0.,1.),.PIECEWISE_BEZIER_KNOTS.);
#10471 = CARTESIAN_POINT('',(2.11345703125,8.258125));
#10472 = CARTESIAN_POINT('',(2.71501953125,8.3440625));
#10473 = CARTESIAN_POINT('',(3.29509765625,8.3440625));
#10474 = ( GEOMETRIC_REPRESENTATION_CONTEXT(2) 
PARAMETRIC_REPRESENTATION_CONTEXT() REPRESENTATION_CONTEXT('2D SPACE',''
  ) );
#10475 = ORIENTED_EDGE('',*,*,#10431,.T.);
#10476 = ORIENTED_EDGE('',*,*,#3674,.F.);
#10477 = ORIENTED_EDGE('',*,*,#10380,.F.);
#10478 = ADVANCED_FACE('',(#10479),#4884,.T.);
#10479 = FACE_BOUND('',#10480,.T.);
#10480 = EDGE_LOOP('',(#10481,#10482,#10510,#10531));
#10481 = ORIENTED_EDGE('',*,*,#5038,.F.);
#10482 = ORIENTED_EDGE('',*,*,#10483,.T.);
#10483 = EDGE_CURVE('',#5011,#10484,#10486,.T.);
#10484 = VERTEX_POINT('',#10485);
#10485 = CARTESIAN_POINT('',(236.5,-4.,2.5));
#10486 = SURFACE_CURVE('',#10487,(#10491,#10498),.PCURVE_S1.);
#10487 = LINE('',#10488,#10489);
#10488 = CARTESIAN_POINT('',(236.5,-4.,0.));
#10489 = VECTOR('',#10490,1.);
#10490 = DIRECTION('',(0.,0.,1.));
#10491 = PCURVE('',#4884,#10492);
#10492 = DEFINITIONAL_REPRESENTATION('',(#10493),#10497);
#10493 = LINE('',#10494,#10495);
#10494 = CARTESIAN_POINT('',(0.,0.5));
#10495 = VECTOR('',#10496,1.);
#10496 = DIRECTION('',(1.,0.));
#10497 = ( GEOMETRIC_REPRESENTATION_CONTEXT(2) 
PARAMETRIC_REPRESENTATION_CONTEXT() REPRESENTATION_CONTEXT('2D SPACE',''
  ) );
#10498 = PCURVE('',#10499,#10504);
#10499 = PLANE('',#10500);
#10500 = AXIS2_PLACEMENT_3D('',#10501,#10502,#10503);
#10501 = CARTESIAN_POINT('',(236.25,-4.25,0.));
#10502 = DIRECTION('',(0.707106781187,-0.707106781187,0.));
#10503 = DIRECTION('',(-0.,-0.,-1.));
#10504 = DEFINITIONAL_REPRESENTATION('',(#10505),#10509);
#10505 = LINE('',#10506,#10507);
#10506 = CARTESIAN_POINT('',(-0.,0.353553390593));
#10507 = VECTOR('',#10508,1.);
#10508 = DIRECTION('',(-1.,0.));
#10509 = ( GEOMETRIC_REPRESENTATION_CONTEXT(2) 
PARAMETRIC_REPRESENTATION_CONTEXT() REPRESENTATION_CONTEXT('2D SPACE',''
  ) );
#10510 = ORIENTED_EDGE('',*,*,#10511,.T.);
#10511 = EDGE_CURVE('',#10484,#4844,#10512,.T.);
#10512 = SURFACE_CURVE('',#10513,(#10517,#10524),.PCURVE_S1.);
#10513 = LINE('',#10514,#10515);
#10514 = CARTESIAN_POINT('',(236.,-4.,2.5));
#10515 = VECTOR('',#10516,1.);
#10516 = DIRECTION('',(1.,0.,-0.));
#10517 = PCURVE('',#4884,#10518);
#10518 = DEFINITIONAL_REPRESENTATION('',(#10519),#10523);
#10519 = LINE('',#10520,#10521);
#10520 = CARTESIAN_POINT('',(2.5,0.));
#10521 = VECTOR('',#10522,1.);
#10522 = DIRECTION('',(0.,1.));
#10523 = ( GEOMETRIC_REPRESENTATION_CONTEXT(2) 
PARAMETRIC_REPRESENTATION_CONTEXT() REPRESENTATION_CONTEXT('2D SPACE',''
  ) );
#10524 = PCURVE('',#4858,#10525);
#10525 = DEFINITIONAL_REPRESENTATION('',(#10526),#10530);
#10526 = LINE('',#10527,#10528);
#10527 = CARTESIAN_POINT('',(0.,232.));
#10528 = VECTOR('',#10529,1.);
#10529 = DIRECTION('',(1.,0.));
#10530 = ( GEOMETRIC_REPRESENTATION_CONTEXT(2) 
PARAMETRIC_REPRESENTATION_CONTEXT() REPRESENTATION_CONTEXT('2D SPACE',''
  ) );
#10531 = ORIENTED_EDGE('',*,*,#4869,.F.);
#10532 = ADVANCED_FACE('',(#10533),#4858,.T.);
#10533 = FACE_BOUND('',#10534,.T.);
#10534 = EDGE_LOOP('',(#10535,#10536,#10564,#10585));
#10535 = ORIENTED_EDGE('',*,*,#10511,.F.);
#10536 = ORIENTED_EDGE('',*,*,#10537,.F.);
#10537 = EDGE_CURVE('',#10538,#10484,#10540,.T.);
#10538 = VERTEX_POINT('',#10539);
#10539 = CARTESIAN_POINT('',(236.5,-236.,2.5));
#10540 = SURFACE_CURVE('',#10541,(#10545,#10552),.PCURVE_S1.);
#10541 = LINE('',#10542,#10543);
#10542 = CARTESIAN_POINT('',(236.5,-236.,2.5));
#10543 = VECTOR('',#10544,1.);
#10544 = DIRECTION('',(-0.,1.,0.));
#10545 = PCURVE('',#4858,#10546);
#10546 = DEFINITIONAL_REPRESENTATION('',(#10547),#10551);
#10547 = LINE('',#10548,#10549);
#10548 = CARTESIAN_POINT('',(0.5,0.));
#10549 = VECTOR('',#10550,1.);
#10550 = DIRECTION('',(0.,1.));
#10551 = ( GEOMETRIC_REPRESENTATION_CONTEXT(2) 
PARAMETRIC_REPRESENTATION_CONTEXT() REPRESENTATION_CONTEXT('2D SPACE',''
  ) );
#10552 = PCURVE('',#10553,#10558);
#10553 = PLANE('',#10554);
#10554 = AXIS2_PLACEMENT_3D('',#10555,#10556,#10557);
#10555 = CARTESIAN_POINT('',(236.25,-236.,2.25));
#10556 = DIRECTION('',(0.707106781187,0.,-0.707106781187));
#10557 = DIRECTION('',(0.,1.,0.));
#10558 = DEFINITIONAL_REPRESENTATION('',(#10559),#10563);
#10559 = LINE('',#10560,#10561);
#10560 = CARTESIAN_POINT('',(0.,0.353553390593));
#10561 = VECTOR('',#10562,1.);
#10562 = DIRECTION('',(1.,0.));
#10563 = ( GEOMETRIC_REPRESENTATION_CONTEXT(2) 
PARAMETRIC_REPRESENTATION_CONTEXT() REPRESENTATION_CONTEXT('2D SPACE',''
  ) );
#10564 = ORIENTED_EDGE('',*,*,#10565,.T.);
#10565 = EDGE_CURVE('',#10538,#4818,#10566,.T.);
#10566 = SURFACE_CURVE('',#10567,(#10571,#10578),.PCURVE_S1.);
#10567 = LINE('',#10568,#10569);
#10568 = CARTESIAN_POINT('',(236.,-236.,2.5));
#10569 = VECTOR('',#10570,1.);
#10570 = DIRECTION('',(1.,0.,-0.));
#10571 = PCURVE('',#4858,#10572);
#10572 = DEFINITIONAL_REPRESENTATION('',(#10573),#10577);
#10573 = LINE('',#10574,#10575);
#10574 = CARTESIAN_POINT('',(0.,0.));
#10575 = VECTOR('',#10576,1.);
#10576 = DIRECTION('',(1.,0.));
#10577 = ( GEOMETRIC_REPRESENTATION_CONTEXT(2) 
PARAMETRIC_REPRESENTATION_CONTEXT() REPRESENTATION_CONTEXT('2D SPACE',''
  ) );
#10578 = PCURVE('',#4832,#10579);
#10579 = DEFINITIONAL_REPRESENTATION('',(#10580),#10584);
#10580 = LINE('',#10581,#10582);
#10581 = CARTESIAN_POINT('',(2.5,0.));
#10582 = VECTOR('',#10583,1.);
#10583 = DIRECTION('',(0.,1.));
#10584 = ( GEOMETRIC_REPRESENTATION_CONTEXT(2) 
PARAMETRIC_REPRESENTATION_CONTEXT() REPRESENTATION_CONTEXT('2D SPACE',''
  ) );
#10585 = ORIENTED_EDGE('',*,*,#4843,.F.);
#10586 = ADVANCED_FACE('',(#10587),#4832,.F.);
#10587 = FACE_BOUND('',#10588,.F.);
#10588 = EDGE_LOOP('',(#10589,#10590,#10616,#10617));
#10589 = ORIENTED_EDGE('',*,*,#4987,.F.);
#10590 = ORIENTED_EDGE('',*,*,#10591,.T.);
#10591 = EDGE_CURVE('',#4988,#10538,#10592,.T.);
#10592 = SURFACE_CURVE('',#10593,(#10597,#10604),.PCURVE_S1.);
#10593 = LINE('',#10594,#10595);
#10594 = CARTESIAN_POINT('',(236.5,-236.,0.));
#10595 = VECTOR('',#10596,1.);
#10596 = DIRECTION('',(0.,0.,1.));
#10597 = PCURVE('',#4832,#10598);
#10598 = DEFINITIONAL_REPRESENTATION('',(#10599),#10603);
#10599 = LINE('',#10600,#10601);
#10600 = CARTESIAN_POINT('',(0.,0.5));
#10601 = VECTOR('',#10602,1.);
#10602 = DIRECTION('',(1.,0.));
#10603 = ( GEOMETRIC_REPRESENTATION_CONTEXT(2) 
PARAMETRIC_REPRESENTATION_CONTEXT() REPRESENTATION_CONTEXT('2D SPACE',''
  ) );
#10604 = PCURVE('',#10605,#10610);
#10605 = PLANE('',#10606);
#10606 = AXIS2_PLACEMENT_3D('',#10607,#10608,#10609);
#10607 = CARTESIAN_POINT('',(236.25,-235.75,0.));
#10608 = DIRECTION('',(-0.707106781187,-0.707106781187,0.));
#10609 = DIRECTION('',(-0.,-0.,-1.));
#10610 = DEFINITIONAL_REPRESENTATION('',(#10611),#10615);
#10611 = LINE('',#10612,#10613);
#10612 = CARTESIAN_POINT('',(-0.,0.353553390593));
#10613 = VECTOR('',#10614,1.);
#10614 = DIRECTION('',(-1.,0.));
#10615 = ( GEOMETRIC_REPRESENTATION_CONTEXT(2) 
PARAMETRIC_REPRESENTATION_CONTEXT() REPRESENTATION_CONTEXT('2D SPACE',''
  ) );
#10616 = ORIENTED_EDGE('',*,*,#10565,.T.);
#10617 = ORIENTED_EDGE('',*,*,#4817,.F.);
#10618 = ADVANCED_FACE('',(#10619),#5026,.T.);
#10619 = FACE_BOUND('',#10620,.T.);
#10620 = EDGE_LOOP('',(#10621,#10644,#10672,#10693));
#10621 = ORIENTED_EDGE('',*,*,#10622,.F.);
#10622 = EDGE_CURVE('',#10623,#4988,#10625,.T.);
#10623 = VERTEX_POINT('',#10624);
#10624 = CARTESIAN_POINT('',(236.,-235.5,0.5));
#10625 = SURFACE_CURVE('',#10626,(#10630,#10637),.PCURVE_S1.);
#10626 = LINE('',#10627,#10628);
#10627 = CARTESIAN_POINT('',(236.33333333333,-235.8333333333,
    0.166666666667));
#10628 = VECTOR('',#10629,1.);
#10629 = DIRECTION('',(0.57735026919,-0.57735026919,-0.57735026919));
#10630 = PCURVE('',#5026,#10631);
#10631 = DEFINITIONAL_REPRESENTATION('',(#10632),#10636);
#10632 = LINE('',#10633,#10634);
#10633 = CARTESIAN_POINT('',(0.166666666667,0.117851130198));
#10634 = VECTOR('',#10635,1.);
#10635 = DIRECTION('',(-0.57735026919,0.816496580928));
#10636 = ( GEOMETRIC_REPRESENTATION_CONTEXT(2) 
PARAMETRIC_REPRESENTATION_CONTEXT() REPRESENTATION_CONTEXT('2D SPACE',''
  ) );
#10637 = PCURVE('',#10605,#10638);
#10638 = DEFINITIONAL_REPRESENTATION('',(#10639),#10643);
#10639 = LINE('',#10640,#10641);
#10640 = CARTESIAN_POINT('',(-0.166666666667,0.117851130198));
#10641 = VECTOR('',#10642,1.);
#10642 = DIRECTION('',(0.57735026919,0.816496580928));
#10643 = ( GEOMETRIC_REPRESENTATION_CONTEXT(2) 
PARAMETRIC_REPRESENTATION_CONTEXT() REPRESENTATION_CONTEXT('2D SPACE',''
  ) );
#10644 = ORIENTED_EDGE('',*,*,#10645,.T.);
#10645 = EDGE_CURVE('',#10623,#10646,#10648,.T.);
#10646 = VERTEX_POINT('',#10647);
#10647 = CARTESIAN_POINT('',(236.,-4.5,0.5));
#10648 = SURFACE_CURVE('',#10649,(#10653,#10660),.PCURVE_S1.);
#10649 = LINE('',#10650,#10651);
#10650 = CARTESIAN_POINT('',(236.,-236.,0.5));
#10651 = VECTOR('',#10652,1.);
#10652 = DIRECTION('',(-0.,1.,0.));
#10653 = PCURVE('',#5026,#10654);
#10654 = DEFINITIONAL_REPRESENTATION('',(#10655),#10659);
#10655 = LINE('',#10656,#10657);
#10656 = CARTESIAN_POINT('',(0.,-0.353553390593));
#10657 = VECTOR('',#10658,1.);
#10658 = DIRECTION('',(1.,0.));
#10659 = ( GEOMETRIC_REPRESENTATION_CONTEXT(2) 
PARAMETRIC_REPRESENTATION_CONTEXT() REPRESENTATION_CONTEXT('2D SPACE',''
  ) );
#10660 = PCURVE('',#10661,#10666);
#10661 = PLANE('',#10662);
#10662 = AXIS2_PLACEMENT_3D('',#10663,#10664,#10665);
#10663 = CARTESIAN_POINT('',(236.,-236.,0.));
#10664 = DIRECTION('',(1.,0.,-0.));
#10665 = DIRECTION('',(0.,0.,1.));
#10666 = DEFINITIONAL_REPRESENTATION('',(#10667),#10671);
#10667 = LINE('',#10668,#10669);
#10668 = CARTESIAN_POINT('',(0.5,0.));
#10669 = VECTOR('',#10670,1.);
#10670 = DIRECTION('',(0.,-1.));
#10671 = ( GEOMETRIC_REPRESENTATION_CONTEXT(2) 
PARAMETRIC_REPRESENTATION_CONTEXT() REPRESENTATION_CONTEXT('2D SPACE',''
  ) );
#10672 = ORIENTED_EDGE('',*,*,#10673,.T.);
#10673 = EDGE_CURVE('',#10646,#5011,#10674,.T.);
#10674 = SURFACE_CURVE('',#10675,(#10679,#10686),.PCURVE_S1.);
#10675 = LINE('',#10676,#10677);
#10676 = CARTESIAN_POINT('',(197.66666666666,-42.83333333333,
    38.833333333333));
#10677 = VECTOR('',#10678,1.);
#10678 = DIRECTION('',(0.57735026919,0.57735026919,-0.57735026919));
#10679 = PCURVE('',#5026,#10680);
#10680 = DEFINITIONAL_REPRESENTATION('',(#10681),#10685);
#10681 = LINE('',#10682,#10683);
#10682 = CARTESIAN_POINT('',(193.16666666666,-54.56507328156));
#10683 = VECTOR('',#10684,1.);
#10684 = DIRECTION('',(0.57735026919,0.816496580928));
#10685 = ( GEOMETRIC_REPRESENTATION_CONTEXT(2) 
PARAMETRIC_REPRESENTATION_CONTEXT() REPRESENTATION_CONTEXT('2D SPACE',''
  ) );
#10686 = PCURVE('',#10499,#10687);
#10687 = DEFINITIONAL_REPRESENTATION('',(#10688),#10692);
#10688 = LINE('',#10689,#10690);
#10689 = CARTESIAN_POINT('',(-38.83333333333,-54.56507328156));
#10690 = VECTOR('',#10691,1.);
#10691 = DIRECTION('',(0.57735026919,0.816496580928));
#10692 = ( GEOMETRIC_REPRESENTATION_CONTEXT(2) 
PARAMETRIC_REPRESENTATION_CONTEXT() REPRESENTATION_CONTEXT('2D SPACE',''
  ) );
#10693 = ORIENTED_EDGE('',*,*,#5010,.F.);
#10694 = ADVANCED_FACE('',(#10695),#5079,.F.);
#10695 = FACE_BOUND('',#10696,.F.);
#10696 = EDGE_LOOP('',(#10697,#10720,#10721,#10722));
#10697 = ORIENTED_EDGE('',*,*,#10698,.T.);
#10698 = EDGE_CURVE('',#10699,#5063,#10701,.T.);
#10699 = VERTEX_POINT('',#10700);
#10700 = CARTESIAN_POINT('',(231.7,-180.,-4.7));
#10701 = SEAM_CURVE('',#10702,(#10706,#10713),.PCURVE_S1.);
#10702 = LINE('',#10703,#10704);
#10703 = CARTESIAN_POINT('',(231.7,-180.,-8.1));
#10704 = VECTOR('',#10705,1.);
#10705 = DIRECTION('',(0.,0.,1.));
#10706 = PCURVE('',#5079,#10707);
#10707 = DEFINITIONAL_REPRESENTATION('',(#10708),#10712);
#10708 = LINE('',#10709,#10710);
#10709 = CARTESIAN_POINT('',(6.28318530718,-0.));
#10710 = VECTOR('',#10711,1.);
#10711 = DIRECTION('',(0.,1.));
#10712 = ( GEOMETRIC_REPRESENTATION_CONTEXT(2) 
PARAMETRIC_REPRESENTATION_CONTEXT() REPRESENTATION_CONTEXT('2D SPACE',''
  ) );
#10713 = PCURVE('',#5079,#10714);
#10714 = DEFINITIONAL_REPRESENTATION('',(#10715),#10719);
#10715 = LINE('',#10716,#10717);
#10716 = CARTESIAN_POINT('',(0.,-0.));
#10717 = VECTOR('',#10718,1.);
#10718 = DIRECTION('',(0.,1.));
#10719 = ( GEOMETRIC_REPRESENTATION_CONTEXT(2) 
PARAMETRIC_REPRESENTATION_CONTEXT() REPRESENTATION_CONTEXT('2D SPACE',''
  ) );
#10720 = ORIENTED_EDGE('',*,*,#5062,.F.);
#10721 = ORIENTED_EDGE('',*,*,#10698,.F.);
#10722 = ORIENTED_EDGE('',*,*,#10723,.T.);
#10723 = EDGE_CURVE('',#10699,#10699,#10724,.T.);
#10724 = SURFACE_CURVE('',#10725,(#10730,#10737),.PCURVE_S1.);
#10725 = CIRCLE('',#10726,1.7);
#10726 = AXIS2_PLACEMENT_3D('',#10727,#10728,#10729);
#10727 = CARTESIAN_POINT('',(230.,-180.,-4.7));
#10728 = DIRECTION('',(0.,0.,1.));
#10729 = DIRECTION('',(1.,0.,-0.));
#10730 = PCURVE('',#5079,#10731);
#10731 = DEFINITIONAL_REPRESENTATION('',(#10732),#10736);
#10732 = LINE('',#10733,#10734);
#10733 = CARTESIAN_POINT('',(0.,3.4));
#10734 = VECTOR('',#10735,1.);
#10735 = DIRECTION('',(1.,0.));
#10736 = ( GEOMETRIC_REPRESENTATION_CONTEXT(2) 
PARAMETRIC_REPRESENTATION_CONTEXT() REPRESENTATION_CONTEXT('2D SPACE',''
  ) );
#10737 = PCURVE('',#10738,#10743);
#10738 = PLANE('',#10739);
#10739 = AXIS2_PLACEMENT_3D('',#10740,#10741,#10742);
#10740 = CARTESIAN_POINT('',(230.,-180.,-4.7));
#10741 = DIRECTION('',(0.,0.,1.));
#10742 = DIRECTION('',(1.,0.,-0.));
#10743 = DEFINITIONAL_REPRESENTATION('',(#10744),#10748);
#10744 = CIRCLE('',#10745,1.7);
#10745 = AXIS2_PLACEMENT_2D('',#10746,#10747);
#10746 = CARTESIAN_POINT('',(0.,0.));
#10747 = DIRECTION('',(1.,0.));
#10748 = ( GEOMETRIC_REPRESENTATION_CONTEXT(2) 
PARAMETRIC_REPRESENTATION_CONTEXT() REPRESENTATION_CONTEXT('2D SPACE',''
  ) );
#10749 = ADVANCED_FACE('',(#10750),#5110,.F.);
#10750 = FACE_BOUND('',#10751,.F.);
#10751 = EDGE_LOOP('',(#10752,#10775,#10776,#10777));
#10752 = ORIENTED_EDGE('',*,*,#10753,.T.);
#10753 = EDGE_CURVE('',#10754,#5094,#10756,.T.);
#10754 = VERTEX_POINT('',#10755);
#10755 = CARTESIAN_POINT('',(231.7,-60.,-4.7));
#10756 = SEAM_CURVE('',#10757,(#10761,#10768),.PCURVE_S1.);
#10757 = LINE('',#10758,#10759);
#10758 = CARTESIAN_POINT('',(231.7,-60.,-8.1));
#10759 = VECTOR('',#10760,1.);
#10760 = DIRECTION('',(0.,0.,1.));
#10761 = PCURVE('',#5110,#10762);
#10762 = DEFINITIONAL_REPRESENTATION('',(#10763),#10767);
#10763 = LINE('',#10764,#10765);
#10764 = CARTESIAN_POINT('',(6.28318530718,-0.));
#10765 = VECTOR('',#10766,1.);
#10766 = DIRECTION('',(0.,1.));
#10767 = ( GEOMETRIC_REPRESENTATION_CONTEXT(2) 
PARAMETRIC_REPRESENTATION_CONTEXT() REPRESENTATION_CONTEXT('2D SPACE',''
  ) );
#10768 = PCURVE('',#5110,#10769);
#10769 = DEFINITIONAL_REPRESENTATION('',(#10770),#10774);
#10770 = LINE('',#10771,#10772);
#10771 = CARTESIAN_POINT('',(0.,-0.));
#10772 = VECTOR('',#10773,1.);
#10773 = DIRECTION('',(0.,1.));
#10774 = ( GEOMETRIC_REPRESENTATION_CONTEXT(2) 
PARAMETRIC_REPRESENTATION_CONTEXT() REPRESENTATION_CONTEXT('2D SPACE',''
  ) );
#10775 = ORIENTED_EDGE('',*,*,#5093,.F.);
#10776 = ORIENTED_EDGE('',*,*,#10753,.F.);
#10777 = ORIENTED_EDGE('',*,*,#10778,.T.);
#10778 = EDGE_CURVE('',#10754,#10754,#10779,.T.);
#10779 = SURFACE_CURVE('',#10780,(#10785,#10792),.PCURVE_S1.);
#10780 = CIRCLE('',#10781,1.7);
#10781 = AXIS2_PLACEMENT_3D('',#10782,#10783,#10784);
#10782 = CARTESIAN_POINT('',(230.,-60.,-4.7));
#10783 = DIRECTION('',(0.,0.,1.));
#10784 = DIRECTION('',(1.,0.,-0.));
#10785 = PCURVE('',#5110,#10786);
#10786 = DEFINITIONAL_REPRESENTATION('',(#10787),#10791);
#10787 = LINE('',#10788,#10789);
#10788 = CARTESIAN_POINT('',(0.,3.4));
#10789 = VECTOR('',#10790,1.);
#10790 = DIRECTION('',(1.,0.));
#10791 = ( GEOMETRIC_REPRESENTATION_CONTEXT(2) 
PARAMETRIC_REPRESENTATION_CONTEXT() REPRESENTATION_CONTEXT('2D SPACE',''
  ) );
#10792 = PCURVE('',#10793,#10798);
#10793 = PLANE('',#10794);
#10794 = AXIS2_PLACEMENT_3D('',#10795,#10796,#10797);
#10795 = CARTESIAN_POINT('',(230.,-60.,-4.7));
#10796 = DIRECTION('',(0.,0.,1.));
#10797 = DIRECTION('',(1.,0.,-0.));
#10798 = DEFINITIONAL_REPRESENTATION('',(#10799),#10803);
#10799 = CIRCLE('',#10800,1.7);
#10800 = AXIS2_PLACEMENT_2D('',#10801,#10802);
#10801 = CARTESIAN_POINT('',(0.,0.));
#10802 = DIRECTION('',(1.,0.));
#10803 = ( GEOMETRIC_REPRESENTATION_CONTEXT(2) 
PARAMETRIC_REPRESENTATION_CONTEXT() REPRESENTATION_CONTEXT('2D SPACE',''
  ) );
#10804 = ADVANCED_FACE('',(#10805),#5142,.T.);
#10805 = FACE_BOUND('',#10806,.F.);
#10806 = EDGE_LOOP('',(#10807,#10808,#10809,#10830));
#10807 = ORIENTED_EDGE('',*,*,#5179,.F.);
#10808 = ORIENTED_EDGE('',*,*,#5352,.T.);
#10809 = ORIENTED_EDGE('',*,*,#10810,.T.);
#10810 = EDGE_CURVE('',#5325,#5127,#10811,.T.);
#10811 = SURFACE_CURVE('',#10812,(#10816,#10823),.PCURVE_S1.);
#10812 = LINE('',#10813,#10814);
#10813 = CARTESIAN_POINT('',(265.13333333333,-40.13333333333,
    -47.73333333333));
#10814 = VECTOR('',#10815,1.);
#10815 = DIRECTION('',(-0.57735026919,0.57735026919,0.57735026919));
#10816 = PCURVE('',#5142,#10817);
#10817 = DEFINITIONAL_REPRESENTATION('',(#10818),#10822);
#10818 = LINE('',#10819,#10820);
#10819 = CARTESIAN_POINT('',(-199.8666666666,-56.47426159076));
#10820 = VECTOR('',#10821,1.);
#10821 = DIRECTION('',(-0.57735026919,0.816496580928));
#10822 = ( GEOMETRIC_REPRESENTATION_CONTEXT(2) 
PARAMETRIC_REPRESENTATION_CONTEXT() REPRESENTATION_CONTEXT('2D SPACE',''
  ) );
#10823 = PCURVE('',#5340,#10824);
#10824 = DEFINITIONAL_REPRESENTATION('',(#10825),#10829);
#10825 = LINE('',#10826,#10827);
#10826 = CARTESIAN_POINT('',(40.133333333333,-56.47426159076));
#10827 = VECTOR('',#10828,1.);
#10828 = DIRECTION('',(-0.57735026919,0.816496580928));
#10829 = ( GEOMETRIC_REPRESENTATION_CONTEXT(2) 
PARAMETRIC_REPRESENTATION_CONTEXT() REPRESENTATION_CONTEXT('2D SPACE',''
  ) );
#10830 = ORIENTED_EDGE('',*,*,#5126,.F.);
#10831 = ADVANCED_FACE('',(#10832),#5340,.F.);
#10832 = FACE_BOUND('',#10833,.F.);
#10833 = EDGE_LOOP('',(#10834,#10835,#10836,#10837));
#10834 = ORIENTED_EDGE('',*,*,#10810,.F.);
#10835 = ORIENTED_EDGE('',*,*,#5324,.T.);
#10836 = ORIENTED_EDGE('',*,*,#5847,.T.);
#10837 = ORIENTED_EDGE('',*,*,#5873,.F.);
#10838 = ADVANCED_FACE('',(#10839),#5393,.F.);
#10839 = FACE_BOUND('',#10840,.F.);
#10840 = EDGE_LOOP('',(#10841,#10864,#10886,#10887));
#10841 = ORIENTED_EDGE('',*,*,#10842,.T.);
#10842 = EDGE_CURVE('',#5377,#10843,#10845,.T.);
#10843 = VERTEX_POINT('',#10844);
#10844 = CARTESIAN_POINT('',(233.4,-180.,-4.7));
#10845 = SEAM_CURVE('',#10846,(#10850,#10857),.PCURVE_S1.);
#10846 = LINE('',#10847,#10848);
#10847 = CARTESIAN_POINT('',(233.4,-180.,-8.1));
#10848 = VECTOR('',#10849,1.);
#10849 = DIRECTION('',(0.,0.,1.));
#10850 = PCURVE('',#5393,#10851);
#10851 = DEFINITIONAL_REPRESENTATION('',(#10852),#10856);
#10852 = LINE('',#10853,#10854);
#10853 = CARTESIAN_POINT('',(6.28318530718,-0.));
#10854 = VECTOR('',#10855,1.);
#10855 = DIRECTION('',(0.,1.));
#10856 = ( GEOMETRIC_REPRESENTATION_CONTEXT(2) 
PARAMETRIC_REPRESENTATION_CONTEXT() REPRESENTATION_CONTEXT('2D SPACE',''
  ) );
#10857 = PCURVE('',#5393,#10858);
#10858 = DEFINITIONAL_REPRESENTATION('',(#10859),#10863);
#10859 = LINE('',#10860,#10861);
#10860 = CARTESIAN_POINT('',(0.,-0.));
#10861 = VECTOR('',#10862,1.);
#10862 = DIRECTION('',(0.,1.));
#10863 = ( GEOMETRIC_REPRESENTATION_CONTEXT(2) 
PARAMETRIC_REPRESENTATION_CONTEXT() REPRESENTATION_CONTEXT('2D SPACE',''
  ) );
#10864 = ORIENTED_EDGE('',*,*,#10865,.F.);
#10865 = EDGE_CURVE('',#10843,#10843,#10866,.T.);
#10866 = SURFACE_CURVE('',#10867,(#10872,#10879),.PCURVE_S1.);
#10867 = CIRCLE('',#10868,3.4);
#10868 = AXIS2_PLACEMENT_3D('',#10869,#10870,#10871);
#10869 = CARTESIAN_POINT('',(230.,-180.,-4.7));
#10870 = DIRECTION('',(0.,0.,1.));
#10871 = DIRECTION('',(1.,0.,-0.));
#10872 = PCURVE('',#5393,#10873);
#10873 = DEFINITIONAL_REPRESENTATION('',(#10874),#10878);
#10874 = LINE('',#10875,#10876);
#10875 = CARTESIAN_POINT('',(0.,3.4));
#10876 = VECTOR('',#10877,1.);
#10877 = DIRECTION('',(1.,0.));
#10878 = ( GEOMETRIC_REPRESENTATION_CONTEXT(2) 
PARAMETRIC_REPRESENTATION_CONTEXT() REPRESENTATION_CONTEXT('2D SPACE',''
  ) );
#10879 = PCURVE('',#10738,#10880);
#10880 = DEFINITIONAL_REPRESENTATION('',(#10881),#10885);
#10881 = CIRCLE('',#10882,3.4);
#10882 = AXIS2_PLACEMENT_2D('',#10883,#10884);
#10883 = CARTESIAN_POINT('',(0.,0.));
#10884 = DIRECTION('',(1.,0.));
#10885 = ( GEOMETRIC_REPRESENTATION_CONTEXT(2) 
PARAMETRIC_REPRESENTATION_CONTEXT() REPRESENTATION_CONTEXT('2D SPACE',''
  ) );
#10886 = ORIENTED_EDGE('',*,*,#10842,.F.);
#10887 = ORIENTED_EDGE('',*,*,#5376,.T.);
#10888 = ADVANCED_FACE('',(#10889),#5424,.T.);
#10889 = FACE_BOUND('',#10890,.T.);
#10890 = EDGE_LOOP('',(#10891,#10914,#10915,#10938));
#10891 = ORIENTED_EDGE('',*,*,#10892,.F.);
#10892 = EDGE_CURVE('',#5408,#10893,#10895,.T.);
#10893 = VERTEX_POINT('',#10894);
#10894 = CARTESIAN_POINT('',(256.,-135.,-7.15));
#10895 = SURFACE_CURVE('',#10896,(#10900,#10907),.PCURVE_S1.);
#10896 = LINE('',#10897,#10898);
#10897 = CARTESIAN_POINT('',(256.,-135.,-8.05));
#10898 = VECTOR('',#10899,1.);
#10899 = DIRECTION('',(0.,0.,1.));
#10900 = PCURVE('',#5424,#10901);
#10901 = DEFINITIONAL_REPRESENTATION('',(#10902),#10906);
#10902 = LINE('',#10903,#10904);
#10903 = CARTESIAN_POINT('',(0.,12.));
#10904 = VECTOR('',#10905,1.);
#10905 = DIRECTION('',(1.,0.));
#10906 = ( GEOMETRIC_REPRESENTATION_CONTEXT(2) 
PARAMETRIC_REPRESENTATION_CONTEXT() REPRESENTATION_CONTEXT('2D SPACE',''
  ) );
#10907 = PCURVE('',#5500,#10908);
#10908 = DEFINITIONAL_REPRESENTATION('',(#10909),#10913);
#10909 = LINE('',#10910,#10911);
#10910 = CARTESIAN_POINT('',(0.,0.));
#10911 = VECTOR('',#10912,1.);
#10912 = DIRECTION('',(1.,0.));
#10913 = ( GEOMETRIC_REPRESENTATION_CONTEXT(2) 
PARAMETRIC_REPRESENTATION_CONTEXT() REPRESENTATION_CONTEXT('2D SPACE',''
  ) );
#10914 = ORIENTED_EDGE('',*,*,#5407,.T.);
#10915 = ORIENTED_EDGE('',*,*,#10916,.T.);
#10916 = EDGE_CURVE('',#5410,#10917,#10919,.T.);
#10917 = VERTEX_POINT('',#10918);
#10918 = CARTESIAN_POINT('',(244.,-135.,-7.15));
#10919 = SURFACE_CURVE('',#10920,(#10924,#10931),.PCURVE_S1.);
#10920 = LINE('',#10921,#10922);
#10921 = CARTESIAN_POINT('',(244.,-135.,-8.05));
#10922 = VECTOR('',#10923,1.);
#10923 = DIRECTION('',(0.,0.,1.));
#10924 = PCURVE('',#5424,#10925);
#10925 = DEFINITIONAL_REPRESENTATION('',(#10926),#10930);
#10926 = LINE('',#10927,#10928);
#10927 = CARTESIAN_POINT('',(0.,0.));
#10928 = VECTOR('',#10929,1.);
#10929 = DIRECTION('',(1.,0.));
#10930 = ( GEOMETRIC_REPRESENTATION_CONTEXT(2) 
PARAMETRIC_REPRESENTATION_CONTEXT() REPRESENTATION_CONTEXT('2D SPACE',''
  ) );
#10931 = PCURVE('',#5450,#10932);
#10932 = DEFINITIONAL_REPRESENTATION('',(#10933),#10937);
#10933 = LINE('',#10934,#10935);
#10934 = CARTESIAN_POINT('',(0.,0.));
#10935 = VECTOR('',#10936,1.);
#10936 = DIRECTION('',(1.,0.));
#10937 = ( GEOMETRIC_REPRESENTATION_CONTEXT(2) 
PARAMETRIC_REPRESENTATION_CONTEXT() REPRESENTATION_CONTEXT('2D SPACE',''
  ) );
#10938 = ORIENTED_EDGE('',*,*,#10939,.T.);
#10939 = EDGE_CURVE('',#10917,#10893,#10940,.T.);
#10940 = SURFACE_CURVE('',#10941,(#10945,#10952),.PCURVE_S1.);
#10941 = LINE('',#10942,#10943);
#10942 = CARTESIAN_POINT('',(244.,-135.,-7.15));
#10943 = VECTOR('',#10944,1.);
#10944 = DIRECTION('',(1.,0.,-0.));
#10945 = PCURVE('',#5424,#10946);
#10946 = DEFINITIONAL_REPRESENTATION('',(#10947),#10951);
#10947 = LINE('',#10948,#10949);
#10948 = CARTESIAN_POINT('',(0.9,0.));
#10949 = VECTOR('',#10950,1.);
#10950 = DIRECTION('',(0.,1.));
#10951 = ( GEOMETRIC_REPRESENTATION_CONTEXT(2) 
PARAMETRIC_REPRESENTATION_CONTEXT() REPRESENTATION_CONTEXT('2D SPACE',''
  ) );
#10952 = PCURVE('',#10953,#10958);
#10953 = PLANE('',#10954);
#10954 = AXIS2_PLACEMENT_3D('',#10955,#10956,#10957);
#10955 = CARTESIAN_POINT('',(244.,-135.,-7.15));
#10956 = DIRECTION('',(0.,0.,1.));
#10957 = DIRECTION('',(1.,0.,-0.));
#10958 = DEFINITIONAL_REPRESENTATION('',(#10959),#10963);
#10959 = LINE('',#10960,#10961);
#10960 = CARTESIAN_POINT('',(0.,0.));
#10961 = VECTOR('',#10962,1.);
#10962 = DIRECTION('',(1.,0.));
#10963 = ( GEOMETRIC_REPRESENTATION_CONTEXT(2) 
PARAMETRIC_REPRESENTATION_CONTEXT() REPRESENTATION_CONTEXT('2D SPACE',''
  ) );
#10964 = ADVANCED_FACE('',(#10965),#5500,.F.);
#10965 = FACE_BOUND('',#10966,.F.);
#10966 = EDGE_LOOP('',(#10967,#10968,#10969,#10992));
#10967 = ORIENTED_EDGE('',*,*,#10892,.F.);
#10968 = ORIENTED_EDGE('',*,*,#5487,.T.);
#10969 = ORIENTED_EDGE('',*,*,#10970,.T.);
#10970 = EDGE_CURVE('',#5462,#10971,#10973,.T.);
#10971 = VERTEX_POINT('',#10972);
#10972 = CARTESIAN_POINT('',(256.,-105.,-7.15));
#10973 = SURFACE_CURVE('',#10974,(#10978,#10985),.PCURVE_S1.);
#10974 = LINE('',#10975,#10976);
#10975 = CARTESIAN_POINT('',(256.,-105.,-8.05));
#10976 = VECTOR('',#10977,1.);
#10977 = DIRECTION('',(0.,0.,1.));
#10978 = PCURVE('',#5500,#10979);
#10979 = DEFINITIONAL_REPRESENTATION('',(#10980),#10984);
#10980 = LINE('',#10981,#10982);
#10981 = CARTESIAN_POINT('',(0.,-30.));
#10982 = VECTOR('',#10983,1.);
#10983 = DIRECTION('',(1.,0.));
#10984 = ( GEOMETRIC_REPRESENTATION_CONTEXT(2) 
PARAMETRIC_REPRESENTATION_CONTEXT() REPRESENTATION_CONTEXT('2D SPACE',''
  ) );
#10985 = PCURVE('',#5476,#10986);
#10986 = DEFINITIONAL_REPRESENTATION('',(#10987),#10991);
#10987 = LINE('',#10988,#10989);
#10988 = CARTESIAN_POINT('',(0.,12.));
#10989 = VECTOR('',#10990,1.);
#10990 = DIRECTION('',(1.,0.));
#10991 = ( GEOMETRIC_REPRESENTATION_CONTEXT(2) 
PARAMETRIC_REPRESENTATION_CONTEXT() REPRESENTATION_CONTEXT('2D SPACE',''
  ) );
#10992 = ORIENTED_EDGE('',*,*,#10993,.F.);
#10993 = EDGE_CURVE('',#10893,#10971,#10994,.T.);
#10994 = SURFACE_CURVE('',#10995,(#10999,#11006),.PCURVE_S1.);
#10995 = LINE('',#10996,#10997);
#10996 = CARTESIAN_POINT('',(256.,-135.,-7.15));
#10997 = VECTOR('',#10998,1.);
#10998 = DIRECTION('',(-0.,1.,0.));
#10999 = PCURVE('',#5500,#11000);
#11000 = DEFINITIONAL_REPRESENTATION('',(#11001),#11005);
#11001 = LINE('',#11002,#11003);
#11002 = CARTESIAN_POINT('',(0.9,0.));
#11003 = VECTOR('',#11004,1.);
#11004 = DIRECTION('',(0.,-1.));
#11005 = ( GEOMETRIC_REPRESENTATION_CONTEXT(2) 
PARAMETRIC_REPRESENTATION_CONTEXT() REPRESENTATION_CONTEXT('2D SPACE',''
  ) );
#11006 = PCURVE('',#10953,#11007);
#11007 = DEFINITIONAL_REPRESENTATION('',(#11008),#11012);
#11008 = LINE('',#11009,#11010);
#11009 = CARTESIAN_POINT('',(12.,0.));
#11010 = VECTOR('',#11011,1.);
#11011 = DIRECTION('',(0.,1.));
#11012 = ( GEOMETRIC_REPRESENTATION_CONTEXT(2) 
PARAMETRIC_REPRESENTATION_CONTEXT() REPRESENTATION_CONTEXT('2D SPACE',''
  ) );
#11013 = ADVANCED_FACE('',(#11014),#5476,.F.);
#11014 = FACE_BOUND('',#11015,.F.);
#11015 = EDGE_LOOP('',(#11016,#11017,#11018,#11041));
#11016 = ORIENTED_EDGE('',*,*,#10970,.F.);
#11017 = ORIENTED_EDGE('',*,*,#5461,.T.);
#11018 = ORIENTED_EDGE('',*,*,#11019,.T.);
#11019 = EDGE_CURVE('',#5436,#11020,#11022,.T.);
#11020 = VERTEX_POINT('',#11021);
#11021 = CARTESIAN_POINT('',(244.,-105.,-7.15));
#11022 = SURFACE_CURVE('',#11023,(#11027,#11034),.PCURVE_S1.);
#11023 = LINE('',#11024,#11025);
#11024 = CARTESIAN_POINT('',(244.,-105.,-8.05));
#11025 = VECTOR('',#11026,1.);
#11026 = DIRECTION('',(0.,0.,1.));
#11027 = PCURVE('',#5476,#11028);
#11028 = DEFINITIONAL_REPRESENTATION('',(#11029),#11033);
#11029 = LINE('',#11030,#11031);
#11030 = CARTESIAN_POINT('',(0.,0.));
#11031 = VECTOR('',#11032,1.);
#11032 = DIRECTION('',(1.,0.));
#11033 = ( GEOMETRIC_REPRESENTATION_CONTEXT(2) 
PARAMETRIC_REPRESENTATION_CONTEXT() REPRESENTATION_CONTEXT('2D SPACE',''
  ) );
#11034 = PCURVE('',#5450,#11035);
#11035 = DEFINITIONAL_REPRESENTATION('',(#11036),#11040);
#11036 = LINE('',#11037,#11038);
#11037 = CARTESIAN_POINT('',(0.,-30.));
#11038 = VECTOR('',#11039,1.);
#11039 = DIRECTION('',(1.,0.));
#11040 = ( GEOMETRIC_REPRESENTATION_CONTEXT(2) 
PARAMETRIC_REPRESENTATION_CONTEXT() REPRESENTATION_CONTEXT('2D SPACE',''
  ) );
#11041 = ORIENTED_EDGE('',*,*,#11042,.T.);
#11042 = EDGE_CURVE('',#11020,#10971,#11043,.T.);
#11043 = SURFACE_CURVE('',#11044,(#11048,#11055),.PCURVE_S1.);
#11044 = LINE('',#11045,#11046);
#11045 = CARTESIAN_POINT('',(244.,-105.,-7.15));
#11046 = VECTOR('',#11047,1.);
#11047 = DIRECTION('',(1.,0.,-0.));
#11048 = PCURVE('',#5476,#11049);
#11049 = DEFINITIONAL_REPRESENTATION('',(#11050),#11054);
#11050 = LINE('',#11051,#11052);
#11051 = CARTESIAN_POINT('',(0.9,0.));
#11052 = VECTOR('',#11053,1.);
#11053 = DIRECTION('',(0.,1.));
#11054 = ( GEOMETRIC_REPRESENTATION_CONTEXT(2) 
PARAMETRIC_REPRESENTATION_CONTEXT() REPRESENTATION_CONTEXT('2D SPACE',''
  ) );
#11055 = PCURVE('',#10953,#11056);
#11056 = DEFINITIONAL_REPRESENTATION('',(#11057),#11061);
#11057 = LINE('',#11058,#11059);
#11058 = CARTESIAN_POINT('',(0.,30.));
#11059 = VECTOR('',#11060,1.);
#11060 = DIRECTION('',(1.,0.));
#11061 = ( GEOMETRIC_REPRESENTATION_CONTEXT(2) 
PARAMETRIC_REPRESENTATION_CONTEXT() REPRESENTATION_CONTEXT('2D SPACE',''
  ) );
#11062 = ADVANCED_FACE('',(#11063),#5450,.T.);
#11063 = FACE_BOUND('',#11064,.T.);
#11064 = EDGE_LOOP('',(#11065,#11066,#11067,#11068));
#11065 = ORIENTED_EDGE('',*,*,#10916,.F.);
#11066 = ORIENTED_EDGE('',*,*,#5435,.T.);
#11067 = ORIENTED_EDGE('',*,*,#11019,.T.);
#11068 = ORIENTED_EDGE('',*,*,#11069,.F.);
#11069 = EDGE_CURVE('',#10917,#11020,#11070,.T.);
#11070 = SURFACE_CURVE('',#11071,(#11075,#11082),.PCURVE_S1.);
#11071 = LINE('',#11072,#11073);
#11072 = CARTESIAN_POINT('',(244.,-135.,-7.15));
#11073 = VECTOR('',#11074,1.);
#11074 = DIRECTION('',(-0.,1.,0.));
#11075 = PCURVE('',#5450,#11076);
#11076 = DEFINITIONAL_REPRESENTATION('',(#11077),#11081);
#11077 = LINE('',#11078,#11079);
#11078 = CARTESIAN_POINT('',(0.9,0.));
#11079 = VECTOR('',#11080,1.);
#11080 = DIRECTION('',(0.,-1.));
#11081 = ( GEOMETRIC_REPRESENTATION_CONTEXT(2) 
PARAMETRIC_REPRESENTATION_CONTEXT() REPRESENTATION_CONTEXT('2D SPACE',''
  ) );
#11082 = PCURVE('',#10953,#11083);
#11083 = DEFINITIONAL_REPRESENTATION('',(#11084),#11088);
#11084 = LINE('',#11085,#11086);
#11085 = CARTESIAN_POINT('',(0.,0.));
#11086 = VECTOR('',#11087,1.);
#11087 = DIRECTION('',(0.,1.));
#11088 = ( GEOMETRIC_REPRESENTATION_CONTEXT(2) 
PARAMETRIC_REPRESENTATION_CONTEXT() REPRESENTATION_CONTEXT('2D SPACE',''
  ) );
#11089 = ADVANCED_FACE('',(#11090),#5530,.F.);
#11090 = FACE_BOUND('',#11091,.F.);
#11091 = EDGE_LOOP('',(#11092,#11115,#11137,#11138));
#11092 = ORIENTED_EDGE('',*,*,#11093,.T.);
#11093 = EDGE_CURVE('',#5514,#11094,#11096,.T.);
#11094 = VERTEX_POINT('',#11095);
#11095 = CARTESIAN_POINT('',(233.4,-60.,-4.7));
#11096 = SEAM_CURVE('',#11097,(#11101,#11108),.PCURVE_S1.);
#11097 = LINE('',#11098,#11099);
#11098 = CARTESIAN_POINT('',(233.4,-60.,-8.1));
#11099 = VECTOR('',#11100,1.);
#11100 = DIRECTION('',(0.,0.,1.));
#11101 = PCURVE('',#5530,#11102);
#11102 = DEFINITIONAL_REPRESENTATION('',(#11103),#11107);
#11103 = LINE('',#11104,#11105);
#11104 = CARTESIAN_POINT('',(6.28318530718,-0.));
#11105 = VECTOR('',#11106,1.);
#11106 = DIRECTION('',(0.,1.));
#11107 = ( GEOMETRIC_REPRESENTATION_CONTEXT(2) 
PARAMETRIC_REPRESENTATION_CONTEXT() REPRESENTATION_CONTEXT('2D SPACE',''
  ) );
#11108 = PCURVE('',#5530,#11109);
#11109 = DEFINITIONAL_REPRESENTATION('',(#11110),#11114);
#11110 = LINE('',#11111,#11112);
#11111 = CARTESIAN_POINT('',(0.,-0.));
#11112 = VECTOR('',#11113,1.);
#11113 = DIRECTION('',(0.,1.));
#11114 = ( GEOMETRIC_REPRESENTATION_CONTEXT(2) 
PARAMETRIC_REPRESENTATION_CONTEXT() REPRESENTATION_CONTEXT('2D SPACE',''
  ) );
#11115 = ORIENTED_EDGE('',*,*,#11116,.F.);
#11116 = EDGE_CURVE('',#11094,#11094,#11117,.T.);
#11117 = SURFACE_CURVE('',#11118,(#11123,#11130),.PCURVE_S1.);
#11118 = CIRCLE('',#11119,3.4);
#11119 = AXIS2_PLACEMENT_3D('',#11120,#11121,#11122);
#11120 = CARTESIAN_POINT('',(230.,-60.,-4.7));
#11121 = DIRECTION('',(0.,0.,1.));
#11122 = DIRECTION('',(1.,0.,-0.));
#11123 = PCURVE('',#5530,#11124);
#11124 = DEFINITIONAL_REPRESENTATION('',(#11125),#11129);
#11125 = LINE('',#11126,#11127);
#11126 = CARTESIAN_POINT('',(0.,3.4));
#11127 = VECTOR('',#11128,1.);
#11128 = DIRECTION('',(1.,0.));
#11129 = ( GEOMETRIC_REPRESENTATION_CONTEXT(2) 
PARAMETRIC_REPRESENTATION_CONTEXT() REPRESENTATION_CONTEXT('2D SPACE',''
  ) );
#11130 = PCURVE('',#10793,#11131);
#11131 = DEFINITIONAL_REPRESENTATION('',(#11132),#11136);
#11132 = CIRCLE('',#11133,3.4);
#11133 = AXIS2_PLACEMENT_2D('',#11134,#11135);
#11134 = CARTESIAN_POINT('',(0.,0.));
#11135 = DIRECTION('',(1.,0.));
#11136 = ( GEOMETRIC_REPRESENTATION_CONTEXT(2) 
PARAMETRIC_REPRESENTATION_CONTEXT() REPRESENTATION_CONTEXT('2D SPACE',''
  ) );
#11137 = ORIENTED_EDGE('',*,*,#11093,.F.);
#11138 = ORIENTED_EDGE('',*,*,#5513,.T.);
#11139 = ADVANCED_FACE('',(#11140),#5595,.T.);
#11140 = FACE_BOUND('',#11141,.T.);
#11141 = EDGE_LOOP('',(#11142,#11165,#11186,#11187));
#11142 = ORIENTED_EDGE('',*,*,#11143,.F.);
#11143 = EDGE_CURVE('',#11144,#5579,#11146,.T.);
#11144 = VERTEX_POINT('',#11145);
#11145 = CARTESIAN_POINT('',(248.95,-245.975,1.875));
#11146 = SURFACE_CURVE('',#11147,(#11151,#11158),.PCURVE_S1.);
#11147 = LINE('',#11148,#11149);
#11148 = CARTESIAN_POINT('',(248.95,-245.975,1.875));
#11149 = VECTOR('',#11150,1.);
#11150 = DIRECTION('',(0.,0.,1.));
#11151 = PCURVE('',#5595,#11152);
#11152 = DEFINITIONAL_REPRESENTATION('',(#11153),#11157);
#11153 = LINE('',#11154,#11155);
#11154 = CARTESIAN_POINT('',(0.,1.9));
#11155 = VECTOR('',#11156,1.);
#11156 = DIRECTION('',(1.,0.));
#11157 = ( GEOMETRIC_REPRESENTATION_CONTEXT(2) 
PARAMETRIC_REPRESENTATION_CONTEXT() REPRESENTATION_CONTEXT('2D SPACE',''
  ) );
#11158 = PCURVE('',#5667,#11159);
#11159 = DEFINITIONAL_REPRESENTATION('',(#11160),#11164);
#11160 = LINE('',#11161,#11162);
#11161 = CARTESIAN_POINT('',(0.,0.));
#11162 = VECTOR('',#11163,1.);
#11163 = DIRECTION('',(1.,0.));
#11164 = ( GEOMETRIC_REPRESENTATION_CONTEXT(2) 
PARAMETRIC_REPRESENTATION_CONTEXT() REPRESENTATION_CONTEXT('2D SPACE',''
  ) );
#11165 = ORIENTED_EDGE('',*,*,#11166,.F.);
#11166 = EDGE_CURVE('',#5794,#11144,#11167,.T.);
#11167 = SURFACE_CURVE('',#11168,(#11172,#11179),.PCURVE_S1.);
#11168 = LINE('',#11169,#11170);
#11169 = CARTESIAN_POINT('',(247.05,-245.975,1.875));
#11170 = VECTOR('',#11171,1.);
#11171 = DIRECTION('',(1.,0.,-0.));
#11172 = PCURVE('',#5595,#11173);
#11173 = DEFINITIONAL_REPRESENTATION('',(#11174),#11178);
#11174 = LINE('',#11175,#11176);
#11175 = CARTESIAN_POINT('',(0.,0.));
#11176 = VECTOR('',#11177,1.);
#11177 = DIRECTION('',(0.,1.));
#11178 = ( GEOMETRIC_REPRESENTATION_CONTEXT(2) 
PARAMETRIC_REPRESENTATION_CONTEXT() REPRESENTATION_CONTEXT('2D SPACE',''
  ) );
#11179 = PCURVE('',#5830,#11180);
#11180 = DEFINITIONAL_REPRESENTATION('',(#11181),#11185);
#11181 = LINE('',#11182,#11183);
#11182 = CARTESIAN_POINT('',(0.,0.));
#11183 = VECTOR('',#11184,1.);
#11184 = DIRECTION('',(1.,0.));
#11185 = ( GEOMETRIC_REPRESENTATION_CONTEXT(2) 
PARAMETRIC_REPRESENTATION_CONTEXT() REPRESENTATION_CONTEXT('2D SPACE',''
  ) );
#11186 = ORIENTED_EDGE('',*,*,#5793,.T.);
#11187 = ORIENTED_EDGE('',*,*,#5578,.F.);
#11188 = ADVANCED_FACE('',(#11189,#11306),#5667,.F.);
#11189 = FACE_BOUND('',#11190,.F.);
#11190 = EDGE_LOOP('',(#11191,#11192,#11215,#11238,#11261,#11284,#11305)
  );
#11191 = ORIENTED_EDGE('',*,*,#11143,.F.);
#11192 = ORIENTED_EDGE('',*,*,#11193,.T.);
#11193 = EDGE_CURVE('',#11144,#11194,#11196,.T.);
#11194 = VERTEX_POINT('',#11195);
#11195 = CARTESIAN_POINT('',(248.95,-244.0693920339,1.875));
#11196 = SURFACE_CURVE('',#11197,(#11201,#11208),.PCURVE_S1.);
#11197 = LINE('',#11198,#11199);
#11198 = CARTESIAN_POINT('',(248.95,-245.975,1.875));
#11199 = VECTOR('',#11200,1.);
#11200 = DIRECTION('',(-0.,1.,0.));
#11201 = PCURVE('',#5667,#11202);
#11202 = DEFINITIONAL_REPRESENTATION('',(#11203),#11207);
#11203 = LINE('',#11204,#11205);
#11204 = CARTESIAN_POINT('',(0.,0.));
#11205 = VECTOR('',#11206,1.);
#11206 = DIRECTION('',(0.,-1.));
#11207 = ( GEOMETRIC_REPRESENTATION_CONTEXT(2) 
PARAMETRIC_REPRESENTATION_CONTEXT() REPRESENTATION_CONTEXT('2D SPACE',''
  ) );
#11208 = PCURVE('',#5830,#11209);
#11209 = DEFINITIONAL_REPRESENTATION('',(#11210),#11214);
#11210 = LINE('',#11211,#11212);
#11211 = CARTESIAN_POINT('',(1.9,0.));
#11212 = VECTOR('',#11213,1.);
#11213 = DIRECTION('',(0.,1.));
#11214 = ( GEOMETRIC_REPRESENTATION_CONTEXT(2) 
PARAMETRIC_REPRESENTATION_CONTEXT() REPRESENTATION_CONTEXT('2D SPACE',''
  ) );
#11215 = ORIENTED_EDGE('',*,*,#11216,.T.);
#11216 = EDGE_CURVE('',#11194,#11217,#11219,.T.);
#11217 = VERTEX_POINT('',#11218);
#11218 = CARTESIAN_POINT('',(248.95,-243.5,1.546261355944));
#11219 = SURFACE_CURVE('',#11220,(#11224,#11231),.PCURVE_S1.);
#11220 = LINE('',#11221,#11222);
#11221 = CARTESIAN_POINT('',(248.95,-245.625,2.773130677972));
#11222 = VECTOR('',#11223,1.);
#11223 = DIRECTION('',(5.551115123126E-17,0.866025403784,-0.5));
#11224 = PCURVE('',#5667,#11225);
#11225 = DEFINITIONAL_REPRESENTATION('',(#11226),#11230);
#11226 = LINE('',#11227,#11228);
#11227 = CARTESIAN_POINT('',(0.898130677972,-0.35));
#11228 = VECTOR('',#11229,1.);
#11229 = DIRECTION('',(-0.5,-0.866025403784));
#11230 = ( GEOMETRIC_REPRESENTATION_CONTEXT(2) 
PARAMETRIC_REPRESENTATION_CONTEXT() REPRESENTATION_CONTEXT('2D SPACE',''
  ) );
#11231 = PCURVE('',#5703,#11232);
#11232 = DEFINITIONAL_REPRESENTATION('',(#11233),#11237);
#11233 = LINE('',#11234,#11235);
#11234 = CARTESIAN_POINT('',(0.,-1.9));
#11235 = VECTOR('',#11236,1.);
#11236 = DIRECTION('',(1.,0.));
#11237 = ( GEOMETRIC_REPRESENTATION_CONTEXT(2) 
PARAMETRIC_REPRESENTATION_CONTEXT() REPRESENTATION_CONTEXT('2D SPACE',''
  ) );
#11238 = ORIENTED_EDGE('',*,*,#11239,.T.);
#11239 = EDGE_CURVE('',#11217,#11240,#11242,.T.);
#11240 = VERTEX_POINT('',#11241);
#11241 = CARTESIAN_POINT('',(248.95,-242.930607966,1.875));
#11242 = SURFACE_CURVE('',#11243,(#11247,#11254),.PCURVE_S1.);
#11243 = LINE('',#11244,#11245);
#11244 = CARTESIAN_POINT('',(248.95,-243.5,1.546261355944));
#11245 = VECTOR('',#11246,1.);
#11246 = DIRECTION('',(-5.551115123126E-17,0.866025403784,0.5));
#11247 = PCURVE('',#5667,#11248);
#11248 = DEFINITIONAL_REPRESENTATION('',(#11249),#11253);
#11249 = LINE('',#11250,#11251);
#11250 = CARTESIAN_POINT('',(-0.328738644056,-2.475));
#11251 = VECTOR('',#11252,1.);
#11252 = DIRECTION('',(0.5,-0.866025403784));
#11253 = ( GEOMETRIC_REPRESENTATION_CONTEXT(2) 
PARAMETRIC_REPRESENTATION_CONTEXT() REPRESENTATION_CONTEXT('2D SPACE',''
  ) );
#11254 = PCURVE('',#5731,#11255);
#11255 = DEFINITIONAL_REPRESENTATION('',(#11256),#11260);
#11256 = LINE('',#11257,#11258);
#11257 = CARTESIAN_POINT('',(0.,-1.9));
#11258 = VECTOR('',#11259,1.);
#11259 = DIRECTION('',(1.,0.));
#11260 = ( GEOMETRIC_REPRESENTATION_CONTEXT(2) 
PARAMETRIC_REPRESENTATION_CONTEXT() REPRESENTATION_CONTEXT('2D SPACE',''
  ) );
#11261 = ORIENTED_EDGE('',*,*,#11262,.T.);
#11262 = EDGE_CURVE('',#11240,#11263,#11265,.T.);
#11263 = VERTEX_POINT('',#11264);
#11264 = CARTESIAN_POINT('',(248.95,-241.025,1.875));
#11265 = SURFACE_CURVE('',#11266,(#11270,#11277),.PCURVE_S1.);
#11266 = LINE('',#11267,#11268);
#11267 = CARTESIAN_POINT('',(248.95,-245.975,1.875));
#11268 = VECTOR('',#11269,1.);
#11269 = DIRECTION('',(-0.,1.,0.));
#11270 = PCURVE('',#5667,#11271);
#11271 = DEFINITIONAL_REPRESENTATION('',(#11272),#11276);
#11272 = LINE('',#11273,#11274);
#11273 = CARTESIAN_POINT('',(0.,0.));
#11274 = VECTOR('',#11275,1.);
#11275 = DIRECTION('',(0.,-1.));
#11276 = ( GEOMETRIC_REPRESENTATION_CONTEXT(2) 
PARAMETRIC_REPRESENTATION_CONTEXT() REPRESENTATION_CONTEXT('2D SPACE',''
  ) );
#11277 = PCURVE('',#5759,#11278);
#11278 = DEFINITIONAL_REPRESENTATION('',(#11279),#11283);
#11279 = LINE('',#11280,#11281);
#11280 = CARTESIAN_POINT('',(1.9,0.));
#11281 = VECTOR('',#11282,1.);
#11282 = DIRECTION('',(0.,1.));
#11283 = ( GEOMETRIC_REPRESENTATION_CONTEXT(2) 
PARAMETRIC_REPRESENTATION_CONTEXT() REPRESENTATION_CONTEXT('2D SPACE',''
  ) );
#11284 = ORIENTED_EDGE('',*,*,#11285,.T.);
#11285 = EDGE_CURVE('',#11263,#5629,#11286,.T.);
#11286 = SURFACE_CURVE('',#11287,(#11291,#11298),.PCURVE_S1.);
#11287 = LINE('',#11288,#11289);
#11288 = CARTESIAN_POINT('',(248.95,-241.025,1.875));
#11289 = VECTOR('',#11290,1.);
#11290 = DIRECTION('',(0.,0.,1.));
#11291 = PCURVE('',#5667,#11292);
#11292 = DEFINITIONAL_REPRESENTATION('',(#11293),#11297);
#11293 = LINE('',#11294,#11295);
#11294 = CARTESIAN_POINT('',(0.,-4.95));
#11295 = VECTOR('',#11296,1.);
#11296 = DIRECTION('',(1.,0.));
#11297 = ( GEOMETRIC_REPRESENTATION_CONTEXT(2) 
PARAMETRIC_REPRESENTATION_CONTEXT() REPRESENTATION_CONTEXT('2D SPACE',''
  ) );
#11298 = PCURVE('',#5643,#11299);
#11299 = DEFINITIONAL_REPRESENTATION('',(#11300),#11304);
#11300 = LINE('',#11301,#11302);
#11301 = CARTESIAN_POINT('',(0.,1.9));
#11302 = VECTOR('',#11303,1.);
#11303 = DIRECTION('',(1.,0.));
#11304 = ( GEOMETRIC_REPRESENTATION_CONTEXT(2) 
PARAMETRIC_REPRESENTATION_CONTEXT() REPRESENTATION_CONTEXT('2D SPACE',''
  ) );
#11305 = ORIENTED_EDGE('',*,*,#5654,.F.);
#11306 = FACE_BOUND('',#11307,.F.);
#11307 = EDGE_LOOP('',(#11308));
#11308 = ORIENTED_EDGE('',*,*,#5935,.F.);
#11309 = ADVANCED_FACE('',(#11310),#5643,.F.);
#11310 = FACE_BOUND('',#11311,.F.);
#11311 = EDGE_LOOP('',(#11312,#11313,#11334,#11335));
#11312 = ORIENTED_EDGE('',*,*,#11285,.F.);
#11313 = ORIENTED_EDGE('',*,*,#11314,.F.);
#11314 = EDGE_CURVE('',#5744,#11263,#11315,.T.);
#11315 = SURFACE_CURVE('',#11316,(#11320,#11327),.PCURVE_S1.);
#11316 = LINE('',#11317,#11318);
#11317 = CARTESIAN_POINT('',(247.05,-241.025,1.875));
#11318 = VECTOR('',#11319,1.);
#11319 = DIRECTION('',(1.,0.,-0.));
#11320 = PCURVE('',#5643,#11321);
#11321 = DEFINITIONAL_REPRESENTATION('',(#11322),#11326);
#11322 = LINE('',#11323,#11324);
#11323 = CARTESIAN_POINT('',(0.,0.));
#11324 = VECTOR('',#11325,1.);
#11325 = DIRECTION('',(0.,1.));
#11326 = ( GEOMETRIC_REPRESENTATION_CONTEXT(2) 
PARAMETRIC_REPRESENTATION_CONTEXT() REPRESENTATION_CONTEXT('2D SPACE',''
  ) );
#11327 = PCURVE('',#5759,#11328);
#11328 = DEFINITIONAL_REPRESENTATION('',(#11329),#11333);
#11329 = LINE('',#11330,#11331);
#11330 = CARTESIAN_POINT('',(0.,4.95));
#11331 = VECTOR('',#11332,1.);
#11332 = DIRECTION('',(1.,0.));
#11333 = ( GEOMETRIC_REPRESENTATION_CONTEXT(2) 
PARAMETRIC_REPRESENTATION_CONTEXT() REPRESENTATION_CONTEXT('2D SPACE',''
  ) );
#11334 = ORIENTED_EDGE('',*,*,#5771,.T.);
#11335 = ORIENTED_EDGE('',*,*,#5628,.F.);
#11336 = ADVANCED_FACE('',(#11337),#5703,.T.);
#11337 = FACE_BOUND('',#11338,.T.);
#11338 = EDGE_LOOP('',(#11339,#11340,#11359,#11360));
#11339 = ORIENTED_EDGE('',*,*,#5685,.F.);
#11340 = ORIENTED_EDGE('',*,*,#11341,.T.);
#11341 = EDGE_CURVE('',#5686,#11194,#11342,.T.);
#11342 = SURFACE_CURVE('',#11343,(#11347,#11353),.PCURVE_S1.);
#11343 = LINE('',#11344,#11345);
#11344 = CARTESIAN_POINT('',(247.05,-244.0693920339,1.875));
#11345 = VECTOR('',#11346,1.);
#11346 = DIRECTION('',(1.,1.922962686384E-16,-0.));
#11347 = PCURVE('',#5703,#11348);
#11348 = DEFINITIONAL_REPRESENTATION('',(#11349),#11352);
#11349 = B_SPLINE_CURVE_WITH_KNOTS('',1,(#11350,#11351),.UNSPECIFIED.,
  .F.,.F.,(2,2),(9.971253578068E-17,1.9),.PIECEWISE_BEZIER_KNOTS.);
#11350 = CARTESIAN_POINT('',(1.796261355944,0.));
#11351 = CARTESIAN_POINT('',(1.796261355944,-1.9));
#11352 = ( GEOMETRIC_REPRESENTATION_CONTEXT(2) 
PARAMETRIC_REPRESENTATION_CONTEXT() REPRESENTATION_CONTEXT('2D SPACE',''
  ) );
#11353 = PCURVE('',#5830,#11354);
#11354 = DEFINITIONAL_REPRESENTATION('',(#11355),#11358);
#11355 = B_SPLINE_CURVE_WITH_KNOTS('',1,(#11356,#11357),.UNSPECIFIED.,
  .F.,.F.,(2,2),(9.971253578068E-17,1.9),.PIECEWISE_BEZIER_KNOTS.);
#11356 = CARTESIAN_POINT('',(9.971253578068E-17,1.905607966084));
#11357 = CARTESIAN_POINT('',(1.9,1.905607966084));
#11358 = ( GEOMETRIC_REPRESENTATION_CONTEXT(2) 
PARAMETRIC_REPRESENTATION_CONTEXT() REPRESENTATION_CONTEXT('2D SPACE',''
  ) );
#11359 = ORIENTED_EDGE('',*,*,#11216,.T.);
#11360 = ORIENTED_EDGE('',*,*,#11361,.F.);
#11361 = EDGE_CURVE('',#5688,#11217,#11362,.T.);
#11362 = SURFACE_CURVE('',#11363,(#11367,#11374),.PCURVE_S1.);
#11363 = LINE('',#11364,#11365);
#11364 = CARTESIAN_POINT('',(247.05,-243.5,1.546261355944));
#11365 = VECTOR('',#11366,1.);
#11366 = DIRECTION('',(1.,0.,1.110223024625E-16));
#11367 = PCURVE('',#5703,#11368);
#11368 = DEFINITIONAL_REPRESENTATION('',(#11369),#11373);
#11369 = LINE('',#11370,#11371);
#11370 = CARTESIAN_POINT('',(2.453738644056,0.));
#11371 = VECTOR('',#11372,1.);
#11372 = DIRECTION('',(0.,-1.));
#11373 = ( GEOMETRIC_REPRESENTATION_CONTEXT(2) 
PARAMETRIC_REPRESENTATION_CONTEXT() REPRESENTATION_CONTEXT('2D SPACE',''
  ) );
#11374 = PCURVE('',#5731,#11375);
#11375 = DEFINITIONAL_REPRESENTATION('',(#11376),#11380);
#11376 = LINE('',#11377,#11378);
#11377 = CARTESIAN_POINT('',(0.,0.));
#11378 = VECTOR('',#11379,1.);
#11379 = DIRECTION('',(0.,-1.));
#11380 = ( GEOMETRIC_REPRESENTATION_CONTEXT(2) 
PARAMETRIC_REPRESENTATION_CONTEXT() REPRESENTATION_CONTEXT('2D SPACE',''
  ) );
#11381 = ADVANCED_FACE('',(#11382),#5731,.T.);
#11382 = FACE_BOUND('',#11383,.T.);
#11383 = EDGE_LOOP('',(#11384,#11385,#11386,#11387));
#11384 = ORIENTED_EDGE('',*,*,#5715,.F.);
#11385 = ORIENTED_EDGE('',*,*,#11361,.T.);
#11386 = ORIENTED_EDGE('',*,*,#11239,.T.);
#11387 = ORIENTED_EDGE('',*,*,#11388,.T.);
#11388 = EDGE_CURVE('',#11240,#5716,#11389,.T.);
#11389 = SURFACE_CURVE('',#11390,(#11394,#11400),.PCURVE_S1.);
#11390 = LINE('',#11391,#11392);
#11391 = CARTESIAN_POINT('',(247.05,-242.930607966,1.875));
#11392 = VECTOR('',#11393,1.);
#11393 = DIRECTION('',(-1.,1.922962686384E-16,0.));
#11394 = PCURVE('',#5731,#11395);
#11395 = DEFINITIONAL_REPRESENTATION('',(#11396),#11399);
#11396 = B_SPLINE_CURVE_WITH_KNOTS('',1,(#11397,#11398),.UNSPECIFIED.,
  .F.,.F.,(2,2),(-1.9,0.),.PIECEWISE_BEZIER_KNOTS.);
#11397 = CARTESIAN_POINT('',(0.657477288112,-1.9));
#11398 = CARTESIAN_POINT('',(0.657477288112,-3.649732117149E-17));
#11399 = ( GEOMETRIC_REPRESENTATION_CONTEXT(2) 
PARAMETRIC_REPRESENTATION_CONTEXT() REPRESENTATION_CONTEXT('2D SPACE',''
  ) );
#11400 = PCURVE('',#5759,#11401);
#11401 = DEFINITIONAL_REPRESENTATION('',(#11402),#11405);
#11402 = B_SPLINE_CURVE_WITH_KNOTS('',1,(#11403,#11404),.UNSPECIFIED.,
  .F.,.F.,(2,2),(-1.9,0.),.PIECEWISE_BEZIER_KNOTS.);
#11403 = CARTESIAN_POINT('',(1.9,3.044392033916));
#11404 = CARTESIAN_POINT('',(0.,3.044392033916));
#11405 = ( GEOMETRIC_REPRESENTATION_CONTEXT(2) 
PARAMETRIC_REPRESENTATION_CONTEXT() REPRESENTATION_CONTEXT('2D SPACE',''
  ) );
#11406 = ADVANCED_FACE('',(#11407),#5759,.T.);
#11407 = FACE_BOUND('',#11408,.T.);
#11408 = EDGE_LOOP('',(#11409,#11410,#11411,#11412));
#11409 = ORIENTED_EDGE('',*,*,#5743,.F.);
#11410 = ORIENTED_EDGE('',*,*,#11388,.F.);
#11411 = ORIENTED_EDGE('',*,*,#11262,.T.);
#11412 = ORIENTED_EDGE('',*,*,#11314,.F.);
#11413 = ADVANCED_FACE('',(#11414),#5830,.T.);
#11414 = FACE_BOUND('',#11415,.T.);
#11415 = EDGE_LOOP('',(#11416,#11417,#11418,#11419));
#11416 = ORIENTED_EDGE('',*,*,#5816,.F.);
#11417 = ORIENTED_EDGE('',*,*,#11166,.T.);
#11418 = ORIENTED_EDGE('',*,*,#11193,.T.);
#11419 = ORIENTED_EDGE('',*,*,#11341,.F.);
#11420 = ADVANCED_FACE('',(#11421),#5978,.T.);
#11421 = FACE_BOUND('',#11422,.T.);
#11422 = EDGE_LOOP('',(#11423,#11424,#11425,#11426,#11427,#11428,#11429,
    #11430,#11431,#11432,#11433,#11434,#11435));
#11423 = ORIENTED_EDGE('',*,*,#6084,.F.);
#11424 = ORIENTED_EDGE('',*,*,#6182,.F.);
#11425 = ORIENTED_EDGE('',*,*,#6278,.F.);
#11426 = ORIENTED_EDGE('',*,*,#6376,.F.);
#11427 = ORIENTED_EDGE('',*,*,#6474,.F.);
#11428 = ORIENTED_EDGE('',*,*,#6572,.F.);
#11429 = ORIENTED_EDGE('',*,*,#6523,.F.);
#11430 = ORIENTED_EDGE('',*,*,#6425,.F.);
#11431 = ORIENTED_EDGE('',*,*,#6327,.F.);
#11432 = ORIENTED_EDGE('',*,*,#6231,.F.);
#11433 = ORIENTED_EDGE('',*,*,#6133,.F.);
#11434 = ORIENTED_EDGE('',*,*,#6036,.F.);
#11435 = ORIENTED_EDGE('',*,*,#5960,.F.);
#11436 = ADVANCED_FACE('',(#11437),#6617,.T.);
#11437 = FACE_BOUND('',#11438,.T.);
#11438 = EDGE_LOOP('',(#11439,#11440,#11441,#11442,#11443,#11444,#11445,
    #11446,#11447,#11448,#11449,#11450,#11451,#11452,#11453,#11454,
    #11455,#11456,#11457,#11458,#11459,#11460,#11461,#11462,#11463));
#11439 = ORIENTED_EDGE('',*,*,#6723,.F.);
#11440 = ORIENTED_EDGE('',*,*,#6821,.F.);
#11441 = ORIENTED_EDGE('',*,*,#6919,.F.);
#11442 = ORIENTED_EDGE('',*,*,#7017,.F.);
#11443 = ORIENTED_EDGE('',*,*,#7121,.F.);
#11444 = ORIENTED_EDGE('',*,*,#7225,.F.);
#11445 = ORIENTED_EDGE('',*,*,#7323,.F.);
#11446 = ORIENTED_EDGE('',*,*,#7427,.F.);
#11447 = ORIENTED_EDGE('',*,*,#7531,.F.);
#11448 = ORIENTED_EDGE('',*,*,#7629,.F.);
#11449 = ORIENTED_EDGE('',*,*,#7733,.F.);
#11450 = ORIENTED_EDGE('',*,*,#7831,.F.);
#11451 = ORIENTED_EDGE('',*,*,#7782,.F.);
#11452 = ORIENTED_EDGE('',*,*,#7678,.F.);
#11453 = ORIENTED_EDGE('',*,*,#7580,.F.);
#11454 = ORIENTED_EDGE('',*,*,#7482,.F.);
#11455 = ORIENTED_EDGE('',*,*,#7372,.F.);
#11456 = ORIENTED_EDGE('',*,*,#7274,.F.);
#11457 = ORIENTED_EDGE('',*,*,#7170,.F.);
#11458 = ORIENTED_EDGE('',*,*,#7072,.F.);
#11459 = ORIENTED_EDGE('',*,*,#6968,.F.);
#11460 = ORIENTED_EDGE('',*,*,#6870,.F.);
#11461 = ORIENTED_EDGE('',*,*,#6772,.F.);
#11462 = ORIENTED_EDGE('',*,*,#6674,.F.);
#11463 = ORIENTED_EDGE('',*,*,#6599,.F.);
#11464 = ADVANCED_FACE('',(#11465,#11478),#7876,.T.);
#11465 = FACE_BOUND('',#11466,.T.);
#11466 = EDGE_LOOP('',(#11467,#11468,#11469,#11470,#11471,#11472,#11473,
    #11474,#11475,#11476,#11477));
#11467 = ORIENTED_EDGE('',*,*,#7934,.F.);
#11468 = ORIENTED_EDGE('',*,*,#7983,.F.);
#11469 = ORIENTED_EDGE('',*,*,#8032,.F.);
#11470 = ORIENTED_EDGE('',*,*,#8081,.F.);
#11471 = ORIENTED_EDGE('',*,*,#8130,.F.);
#11472 = ORIENTED_EDGE('',*,*,#8179,.F.);
#11473 = ORIENTED_EDGE('',*,*,#8228,.F.);
#11474 = ORIENTED_EDGE('',*,*,#8277,.F.);
#11475 = ORIENTED_EDGE('',*,*,#8326,.F.);
#11476 = ORIENTED_EDGE('',*,*,#8375,.F.);
#11477 = ORIENTED_EDGE('',*,*,#7858,.F.);
#11478 = FACE_BOUND('',#11479,.T.);
#11479 = EDGE_LOOP('',(#11480,#11510,#11538));
#11480 = ORIENTED_EDGE('',*,*,#11481,.F.);
#11481 = EDGE_CURVE('',#11482,#11484,#11486,.T.);
#11482 = VERTEX_POINT('',#11483);
#11483 = CARTESIAN_POINT('',(250.6686328125,-29.95709960937,18.2));
#11484 = VERTEX_POINT('',#11485);
#11485 = CARTESIAN_POINT('',(248.2048745742,-29.95709960937,18.2));
#11486 = SURFACE_CURVE('',#11487,(#11491,#11498),.PCURVE_S1.);
#11487 = LINE('',#11488,#11489);
#11488 = CARTESIAN_POINT('',(251.0286328125,-29.95709960937,18.2));
#11489 = VECTOR('',#11490,1.);
#11490 = DIRECTION('',(-1.,2.22044604925E-16,0.));
#11491 = PCURVE('',#7876,#11492);
#11492 = DEFINITIONAL_REPRESENTATION('',(#11493),#11497);
#11493 = LINE('',#11494,#11495);
#11494 = CARTESIAN_POINT('',(3.8698046875,2.77947265625));
#11495 = VECTOR('',#11496,1.);
#11496 = DIRECTION('',(0.,1.));
#11497 = ( GEOMETRIC_REPRESENTATION_CONTEXT(2) 
PARAMETRIC_REPRESENTATION_CONTEXT() REPRESENTATION_CONTEXT('2D SPACE',''
  ) );
#11498 = PCURVE('',#11499,#11504);
#11499 = PLANE('',#11500);
#11500 = AXIS2_PLACEMENT_3D('',#11501,#11502,#11503);
#11501 = CARTESIAN_POINT('',(251.0286328125,-29.95709960937,18.2));
#11502 = DIRECTION('',(-2.22044604925E-16,-1.,0.));
#11503 = DIRECTION('',(-1.,2.22044604925E-16,0.));
#11504 = DEFINITIONAL_REPRESENTATION('',(#11505),#11509);
#11505 = LINE('',#11506,#11507);
#11506 = CARTESIAN_POINT('',(0.,0.));
#11507 = VECTOR('',#11508,1.);
#11508 = DIRECTION('',(1.,0.));
#11509 = ( GEOMETRIC_REPRESENTATION_CONTEXT(2) 
PARAMETRIC_REPRESENTATION_CONTEXT() REPRESENTATION_CONTEXT('2D SPACE',''
  ) );
#11510 = ORIENTED_EDGE('',*,*,#11511,.F.);
#11511 = EDGE_CURVE('',#11512,#11482,#11514,.T.);
#11512 = VERTEX_POINT('',#11513);
#11513 = CARTESIAN_POINT('',(250.6686328125,-31.62062917187,18.2));
#11514 = SURFACE_CURVE('',#11515,(#11519,#11526),.PCURVE_S1.);
#11515 = LINE('',#11516,#11517);
#11516 = CARTESIAN_POINT('',(250.6686328125,-31.86370117187,18.2));
#11517 = VECTOR('',#11518,1.);
#11518 = DIRECTION('',(2.22044604925E-16,1.,0.));
#11519 = PCURVE('',#7876,#11520);
#11520 = DEFINITIONAL_REPRESENTATION('',(#11521),#11525);
#11521 = LINE('',#11522,#11523);
#11522 = CARTESIAN_POINT('',(1.963203125,3.13947265625));
#11523 = VECTOR('',#11524,1.);
#11524 = DIRECTION('',(1.,0.));
#11525 = ( GEOMETRIC_REPRESENTATION_CONTEXT(2) 
PARAMETRIC_REPRESENTATION_CONTEXT() REPRESENTATION_CONTEXT('2D SPACE',''
  ) );
#11526 = PCURVE('',#11527,#11532);
#11527 = PLANE('',#11528);
#11528 = AXIS2_PLACEMENT_3D('',#11529,#11530,#11531);
#11529 = CARTESIAN_POINT('',(250.6686328125,-31.86370117187,18.2));
#11530 = DIRECTION('',(-1.,2.22044604925E-16,0.));
#11531 = DIRECTION('',(2.22044604925E-16,1.,0.));
#11532 = DEFINITIONAL_REPRESENTATION('',(#11533),#11537);
#11533 = LINE('',#11534,#11535);
#11534 = CARTESIAN_POINT('',(0.,0.));
#11535 = VECTOR('',#11536,1.);
#11536 = DIRECTION('',(1.,0.));
#11537 = ( GEOMETRIC_REPRESENTATION_CONTEXT(2) 
PARAMETRIC_REPRESENTATION_CONTEXT() REPRESENTATION_CONTEXT('2D SPACE',''
  ) );
#11538 = ORIENTED_EDGE('',*,*,#11539,.F.);
#11539 = EDGE_CURVE('',#11484,#11512,#11540,.T.);
#11540 = SURFACE_CURVE('',#11541,(#11545,#11552),.PCURVE_S1.);
#11541 = LINE('',#11542,#11543);
#11542 = CARTESIAN_POINT('',(247.67169921875,-29.59709960937,18.2));
#11543 = VECTOR('',#11544,1.);
#11544 = DIRECTION('',(0.828771802918,-0.55958672133,0.));
#11545 = PCURVE('',#7876,#11546);
#11546 = DEFINITIONAL_REPRESENTATION('',(#11547),#11551);
#11547 = LINE('',#11548,#11549);
#11548 = CARTESIAN_POINT('',(4.2298046875,6.13640625));
#11549 = VECTOR('',#11550,1.);
#11550 = DIRECTION('',(-0.55958672133,-0.828771802918));
#11551 = ( GEOMETRIC_REPRESENTATION_CONTEXT(2) 
PARAMETRIC_REPRESENTATION_CONTEXT() REPRESENTATION_CONTEXT('2D SPACE',''
  ) );
#11552 = PCURVE('',#11553,#11558);
#11553 = PLANE('',#11554);
#11554 = AXIS2_PLACEMENT_3D('',#11555,#11556,#11557);
#11555 = CARTESIAN_POINT('',(247.67169921875,-29.59709960937,18.2));
#11556 = DIRECTION('',(0.55958672133,0.828771802918,0.));
#11557 = DIRECTION('',(0.828771802918,-0.55958672133,0.));
#11558 = DEFINITIONAL_REPRESENTATION('',(#11559),#11563);
#11559 = LINE('',#11560,#11561);
#11560 = CARTESIAN_POINT('',(0.,0.));
#11561 = VECTOR('',#11562,1.);
#11562 = DIRECTION('',(1.,0.));
#11563 = ( GEOMETRIC_REPRESENTATION_CONTEXT(2) 
PARAMETRIC_REPRESENTATION_CONTEXT() REPRESENTATION_CONTEXT('2D SPACE',''
  ) );
#11564 = ADVANCED_FACE('',(#11565),#8420,.T.);
#11565 = FACE_BOUND('',#11566,.T.);
#11566 = EDGE_LOOP('',(#11567,#11568,#11569,#11570,#11571,#11572,#11573,
    #11574,#11575,#11576,#11577,#11578,#11579,#11580,#11581,#11582,
    #11583,#11584,#11585,#11586,#11587,#11588,#11589,#11590,#11591,
    #11592,#11593,#11594,#11595,#11596,#11597,#11598,#11599,#11600,
    #11601,#11602,#11603,#11604,#11605,#11606,#11607));
#11567 = ORIENTED_EDGE('',*,*,#8533,.F.);
#11568 = ORIENTED_EDGE('',*,*,#8631,.F.);
#11569 = ORIENTED_EDGE('',*,*,#8735,.F.);
#11570 = ORIENTED_EDGE('',*,*,#8833,.F.);
#11571 = ORIENTED_EDGE('',*,*,#8943,.F.);
#11572 = ORIENTED_EDGE('',*,*,#9041,.F.);
#11573 = ORIENTED_EDGE('',*,*,#9139,.F.);
#11574 = ORIENTED_EDGE('',*,*,#9237,.F.);
#11575 = ORIENTED_EDGE('',*,*,#9341,.F.);
#11576 = ORIENTED_EDGE('',*,*,#9439,.F.);
#11577 = ORIENTED_EDGE('',*,*,#9537,.F.);
#11578 = ORIENTED_EDGE('',*,*,#9647,.F.);
#11579 = ORIENTED_EDGE('',*,*,#9745,.F.);
#11580 = ORIENTED_EDGE('',*,*,#9849,.F.);
#11581 = ORIENTED_EDGE('',*,*,#9953,.F.);
#11582 = ORIENTED_EDGE('',*,*,#10051,.F.);
#11583 = ORIENTED_EDGE('',*,*,#10155,.F.);
#11584 = ORIENTED_EDGE('',*,*,#10253,.F.);
#11585 = ORIENTED_EDGE('',*,*,#10357,.F.);
#11586 = ORIENTED_EDGE('',*,*,#10455,.F.);
#11587 = ORIENTED_EDGE('',*,*,#10406,.F.);
#11588 = ORIENTED_EDGE('',*,*,#10308,.F.);
#11589 = ORIENTED_EDGE('',*,*,#10204,.F.);
#11590 = ORIENTED_EDGE('',*,*,#10100,.F.);
#11591 = ORIENTED_EDGE('',*,*,#10002,.F.);
#11592 = ORIENTED_EDGE('',*,*,#9904,.F.);
#11593 = ORIENTED_EDGE('',*,*,#9794,.F.);
#11594 = ORIENTED_EDGE('',*,*,#9696,.F.);
#11595 = ORIENTED_EDGE('',*,*,#9592,.F.);
#11596 = ORIENTED_EDGE('',*,*,#9488,.F.);
#11597 = ORIENTED_EDGE('',*,*,#9390,.F.);
#11598 = ORIENTED_EDGE('',*,*,#9292,.F.);
#11599 = ORIENTED_EDGE('',*,*,#9188,.F.);
#11600 = ORIENTED_EDGE('',*,*,#9090,.F.);
#11601 = ORIENTED_EDGE('',*,*,#8992,.F.);
#11602 = ORIENTED_EDGE('',*,*,#8888,.F.);
#11603 = ORIENTED_EDGE('',*,*,#8784,.F.);
#11604 = ORIENTED_EDGE('',*,*,#8680,.F.);
#11605 = ORIENTED_EDGE('',*,*,#8582,.F.);
#11606 = ORIENTED_EDGE('',*,*,#8484,.F.);
#11607 = ORIENTED_EDGE('',*,*,#8402,.F.);
#11608 = ADVANCED_FACE('',(#11609),#10499,.F.);
#11609 = FACE_BOUND('',#11610,.T.);
#11610 = EDGE_LOOP('',(#11611,#11612,#11635,#11656));
#11611 = ORIENTED_EDGE('',*,*,#10673,.F.);
#11612 = ORIENTED_EDGE('',*,*,#11613,.T.);
#11613 = EDGE_CURVE('',#10646,#11614,#11616,.T.);
#11614 = VERTEX_POINT('',#11615);
#11615 = CARTESIAN_POINT('',(236.,-4.5,2.));
#11616 = SURFACE_CURVE('',#11617,(#11621,#11628),.PCURVE_S1.);
#11617 = LINE('',#11618,#11619);
#11618 = CARTESIAN_POINT('',(236.,-4.5,0.));
#11619 = VECTOR('',#11620,1.);
#11620 = DIRECTION('',(0.,0.,1.));
#11621 = PCURVE('',#10499,#11622);
#11622 = DEFINITIONAL_REPRESENTATION('',(#11623),#11627);
#11623 = LINE('',#11624,#11625);
#11624 = CARTESIAN_POINT('',(-0.,-0.353553390593));
#11625 = VECTOR('',#11626,1.);
#11626 = DIRECTION('',(-1.,0.));
#11627 = ( GEOMETRIC_REPRESENTATION_CONTEXT(2) 
PARAMETRIC_REPRESENTATION_CONTEXT() REPRESENTATION_CONTEXT('2D SPACE',''
  ) );
#11628 = PCURVE('',#10661,#11629);
#11629 = DEFINITIONAL_REPRESENTATION('',(#11630),#11634);
#11630 = LINE('',#11631,#11632);
#11631 = CARTESIAN_POINT('',(0.,-231.5));
#11632 = VECTOR('',#11633,1.);
#11633 = DIRECTION('',(1.,0.));
#11634 = ( GEOMETRIC_REPRESENTATION_CONTEXT(2) 
PARAMETRIC_REPRESENTATION_CONTEXT() REPRESENTATION_CONTEXT('2D SPACE',''
  ) );
#11635 = ORIENTED_EDGE('',*,*,#11636,.T.);
#11636 = EDGE_CURVE('',#11614,#10484,#11637,.T.);
#11637 = SURFACE_CURVE('',#11638,(#11642,#11649),.PCURVE_S1.);
#11638 = LINE('',#11639,#11640);
#11639 = CARTESIAN_POINT('',(197.25,-43.25,-36.75));
#11640 = VECTOR('',#11641,1.);
#11641 = DIRECTION('',(0.57735026919,0.57735026919,0.57735026919));
#11642 = PCURVE('',#10499,#11643);
#11643 = DEFINITIONAL_REPRESENTATION('',(#11644),#11648);
#11644 = LINE('',#11645,#11646);
#11645 = CARTESIAN_POINT('',(36.75,-55.15432893255));
#11646 = VECTOR('',#11647,1.);
#11647 = DIRECTION('',(-0.57735026919,0.816496580928));
#11648 = ( GEOMETRIC_REPRESENTATION_CONTEXT(2) 
PARAMETRIC_REPRESENTATION_CONTEXT() REPRESENTATION_CONTEXT('2D SPACE',''
  ) );
#11649 = PCURVE('',#10553,#11650);
#11650 = DEFINITIONAL_REPRESENTATION('',(#11651),#11655);
#11651 = LINE('',#11652,#11653);
#11652 = CARTESIAN_POINT('',(192.75,-55.15432893255));
#11653 = VECTOR('',#11654,1.);
#11654 = DIRECTION('',(0.57735026919,0.816496580928));
#11655 = ( GEOMETRIC_REPRESENTATION_CONTEXT(2) 
PARAMETRIC_REPRESENTATION_CONTEXT() REPRESENTATION_CONTEXT('2D SPACE',''
  ) );
#11656 = ORIENTED_EDGE('',*,*,#10483,.F.);
#11657 = ADVANCED_FACE('',(#11658),#10553,.F.);
#11658 = FACE_BOUND('',#11659,.F.);
#11659 = EDGE_LOOP('',(#11660,#11683,#11704,#11705));
#11660 = ORIENTED_EDGE('',*,*,#11661,.F.);
#11661 = EDGE_CURVE('',#11662,#10538,#11664,.T.);
#11662 = VERTEX_POINT('',#11663);
#11663 = CARTESIAN_POINT('',(236.,-235.5,2.));
#11664 = SURFACE_CURVE('',#11665,(#11669,#11676),.PCURVE_S1.);
#11665 = LINE('',#11666,#11667);
#11666 = CARTESIAN_POINT('',(235.91666666666,-235.4166666666,
    1.916666666667));
#11667 = VECTOR('',#11668,1.);
#11668 = DIRECTION('',(0.57735026919,-0.57735026919,0.57735026919));
#11669 = PCURVE('',#10553,#11670);
#11670 = DEFINITIONAL_REPRESENTATION('',(#11671),#11675);
#11671 = LINE('',#11672,#11673);
#11672 = CARTESIAN_POINT('',(0.583333333333,-0.471404520791));
#11673 = VECTOR('',#11674,1.);
#11674 = DIRECTION('',(-0.57735026919,0.816496580928));
#11675 = ( GEOMETRIC_REPRESENTATION_CONTEXT(2) 
PARAMETRIC_REPRESENTATION_CONTEXT() REPRESENTATION_CONTEXT('2D SPACE',''
  ) );
#11676 = PCURVE('',#10605,#11677);
#11677 = DEFINITIONAL_REPRESENTATION('',(#11678),#11682);
#11678 = LINE('',#11679,#11680);
#11679 = CARTESIAN_POINT('',(-1.916666666667,-0.471404520791));
#11680 = VECTOR('',#11681,1.);
#11681 = DIRECTION('',(-0.57735026919,0.816496580928));
#11682 = ( GEOMETRIC_REPRESENTATION_CONTEXT(2) 
PARAMETRIC_REPRESENTATION_CONTEXT() REPRESENTATION_CONTEXT('2D SPACE',''
  ) );
#11683 = ORIENTED_EDGE('',*,*,#11684,.T.);
#11684 = EDGE_CURVE('',#11662,#11614,#11685,.T.);
#11685 = SURFACE_CURVE('',#11686,(#11690,#11697),.PCURVE_S1.);
#11686 = LINE('',#11687,#11688);
#11687 = CARTESIAN_POINT('',(236.,-236.,2.));
#11688 = VECTOR('',#11689,1.);
#11689 = DIRECTION('',(-0.,1.,0.));
#11690 = PCURVE('',#10553,#11691);
#11691 = DEFINITIONAL_REPRESENTATION('',(#11692),#11696);
#11692 = LINE('',#11693,#11694);
#11693 = CARTESIAN_POINT('',(0.,-0.353553390593));
#11694 = VECTOR('',#11695,1.);
#11695 = DIRECTION('',(1.,0.));
#11696 = ( GEOMETRIC_REPRESENTATION_CONTEXT(2) 
PARAMETRIC_REPRESENTATION_CONTEXT() REPRESENTATION_CONTEXT('2D SPACE',''
  ) );
#11697 = PCURVE('',#10661,#11698);
#11698 = DEFINITIONAL_REPRESENTATION('',(#11699),#11703);
#11699 = LINE('',#11700,#11701);
#11700 = CARTESIAN_POINT('',(2.,0.));
#11701 = VECTOR('',#11702,1.);
#11702 = DIRECTION('',(0.,-1.));
#11703 = ( GEOMETRIC_REPRESENTATION_CONTEXT(2) 
PARAMETRIC_REPRESENTATION_CONTEXT() REPRESENTATION_CONTEXT('2D SPACE',''
  ) );
#11704 = ORIENTED_EDGE('',*,*,#11636,.T.);
#11705 = ORIENTED_EDGE('',*,*,#10537,.F.);
#11706 = ADVANCED_FACE('',(#11707),#10605,.T.);
#11707 = FACE_BOUND('',#11708,.F.);
#11708 = EDGE_LOOP('',(#11709,#11710,#11731,#11732));
#11709 = ORIENTED_EDGE('',*,*,#10622,.F.);
#11710 = ORIENTED_EDGE('',*,*,#11711,.T.);
#11711 = EDGE_CURVE('',#10623,#11662,#11712,.T.);
#11712 = SURFACE_CURVE('',#11713,(#11717,#11724),.PCURVE_S1.);
#11713 = LINE('',#11714,#11715);
#11714 = CARTESIAN_POINT('',(236.,-235.5,0.));
#11715 = VECTOR('',#11716,1.);
#11716 = DIRECTION('',(0.,0.,1.));
#11717 = PCURVE('',#10605,#11718);
#11718 = DEFINITIONAL_REPRESENTATION('',(#11719),#11723);
#11719 = LINE('',#11720,#11721);
#11720 = CARTESIAN_POINT('',(-0.,-0.353553390593));
#11721 = VECTOR('',#11722,1.);
#11722 = DIRECTION('',(-1.,0.));
#11723 = ( GEOMETRIC_REPRESENTATION_CONTEXT(2) 
PARAMETRIC_REPRESENTATION_CONTEXT() REPRESENTATION_CONTEXT('2D SPACE',''
  ) );
#11724 = PCURVE('',#10661,#11725);
#11725 = DEFINITIONAL_REPRESENTATION('',(#11726),#11730);
#11726 = LINE('',#11727,#11728);
#11727 = CARTESIAN_POINT('',(0.,-0.5));
#11728 = VECTOR('',#11729,1.);
#11729 = DIRECTION('',(1.,0.));
#11730 = ( GEOMETRIC_REPRESENTATION_CONTEXT(2) 
PARAMETRIC_REPRESENTATION_CONTEXT() REPRESENTATION_CONTEXT('2D SPACE',''
  ) );
#11731 = ORIENTED_EDGE('',*,*,#11661,.T.);
#11732 = ORIENTED_EDGE('',*,*,#10591,.F.);
#11733 = ADVANCED_FACE('',(#11734),#10661,.F.);
#11734 = FACE_BOUND('',#11735,.F.);
#11735 = EDGE_LOOP('',(#11736,#11737,#11738,#11739));
#11736 = ORIENTED_EDGE('',*,*,#11711,.F.);
#11737 = ORIENTED_EDGE('',*,*,#10645,.T.);
#11738 = ORIENTED_EDGE('',*,*,#11613,.T.);
#11739 = ORIENTED_EDGE('',*,*,#11684,.F.);
#11740 = ADVANCED_FACE('',(#11741,#11744),#10738,.F.);
#11741 = FACE_BOUND('',#11742,.F.);
#11742 = EDGE_LOOP('',(#11743));
#11743 = ORIENTED_EDGE('',*,*,#10865,.T.);
#11744 = FACE_BOUND('',#11745,.F.);
#11745 = EDGE_LOOP('',(#11746));
#11746 = ORIENTED_EDGE('',*,*,#10723,.F.);
#11747 = ADVANCED_FACE('',(#11748,#11751),#10793,.F.);
#11748 = FACE_BOUND('',#11749,.F.);
#11749 = EDGE_LOOP('',(#11750));
#11750 = ORIENTED_EDGE('',*,*,#11116,.T.);
#11751 = FACE_BOUND('',#11752,.F.);
#11752 = EDGE_LOOP('',(#11753));
#11753 = ORIENTED_EDGE('',*,*,#10778,.F.);
#11754 = ADVANCED_FACE('',(#11755),#10953,.F.);
#11755 = FACE_BOUND('',#11756,.F.);
#11756 = EDGE_LOOP('',(#11757,#11758,#11759,#11760));
#11757 = ORIENTED_EDGE('',*,*,#11069,.F.);
#11758 = ORIENTED_EDGE('',*,*,#10939,.T.);
#11759 = ORIENTED_EDGE('',*,*,#10993,.T.);
#11760 = ORIENTED_EDGE('',*,*,#11042,.F.);
#11761 = ADVANCED_FACE('',(#11762),#11499,.F.);
#11762 = FACE_BOUND('',#11763,.F.);
#11763 = EDGE_LOOP('',(#11764,#11765,#11788,#11814));
#11764 = ORIENTED_EDGE('',*,*,#11481,.F.);
#11765 = ORIENTED_EDGE('',*,*,#11766,.T.);
#11766 = EDGE_CURVE('',#11482,#11767,#11769,.T.);
#11767 = VERTEX_POINT('',#11768);
#11768 = CARTESIAN_POINT('',(250.6686328125,-29.95709960937,19.6));
#11769 = SURFACE_CURVE('',#11770,(#11774,#11781),.PCURVE_S1.);
#11770 = LINE('',#11771,#11772);
#11771 = CARTESIAN_POINT('',(250.6686328125,-29.95709960937,18.2));
#11772 = VECTOR('',#11773,1.);
#11773 = DIRECTION('',(0.,-0.,1.));
#11774 = PCURVE('',#11499,#11775);
#11775 = DEFINITIONAL_REPRESENTATION('',(#11776),#11780);
#11776 = LINE('',#11777,#11778);
#11777 = CARTESIAN_POINT('',(0.36,0.));
#11778 = VECTOR('',#11779,1.);
#11779 = DIRECTION('',(0.,-1.));
#11780 = ( GEOMETRIC_REPRESENTATION_CONTEXT(2) 
PARAMETRIC_REPRESENTATION_CONTEXT() REPRESENTATION_CONTEXT('2D SPACE',''
  ) );
#11781 = PCURVE('',#11527,#11782);
#11782 = DEFINITIONAL_REPRESENTATION('',(#11783),#11787);
#11783 = LINE('',#11784,#11785);
#11784 = CARTESIAN_POINT('',(1.9066015625,0.));
#11785 = VECTOR('',#11786,1.);
#11786 = DIRECTION('',(0.,-1.));
#11787 = ( GEOMETRIC_REPRESENTATION_CONTEXT(2) 
PARAMETRIC_REPRESENTATION_CONTEXT() REPRESENTATION_CONTEXT('2D SPACE',''
  ) );
#11788 = ORIENTED_EDGE('',*,*,#11789,.F.);
#11789 = EDGE_CURVE('',#11790,#11767,#11792,.T.);
#11790 = VERTEX_POINT('',#11791);
#11791 = CARTESIAN_POINT('',(248.2048745742,-29.95709960937,19.6));
#11792 = SURFACE_CURVE('',#11793,(#11797,#11803),.PCURVE_S1.);
#11793 = LINE('',#11794,#11795);
#11794 = CARTESIAN_POINT('',(245.51431640625,-29.95709960937,19.6));
#11795 = VECTOR('',#11796,1.);
#11796 = DIRECTION('',(1.,-2.22044604925E-16,0.));
#11797 = PCURVE('',#11499,#11798);
#11798 = DEFINITIONAL_REPRESENTATION('',(#11799),#11802);
#11799 = B_SPLINE_CURVE_WITH_KNOTS('',1,(#11800,#11801),.UNSPECIFIED.,
  .F.,.F.,(2,2),(2.69055816795,5.15431640625),.PIECEWISE_BEZIER_KNOTS.);
#11800 = CARTESIAN_POINT('',(2.8237582383,-1.4));
#11801 = CARTESIAN_POINT('',(0.36,-1.4));
#11802 = ( GEOMETRIC_REPRESENTATION_CONTEXT(2) 
PARAMETRIC_REPRESENTATION_CONTEXT() REPRESENTATION_CONTEXT('2D SPACE',''
  ) );
#11803 = PCURVE('',#11804,#11809);
#11804 = PLANE('',#11805);
#11805 = AXIS2_PLACEMENT_3D('',#11806,#11807,#11808);
#11806 = CARTESIAN_POINT('',(240.,-240.,19.6));
#11807 = DIRECTION('',(0.,0.,1.));
#11808 = DIRECTION('',(1.,0.,-0.));
#11809 = DEFINITIONAL_REPRESENTATION('',(#11810),#11813);
#11810 = B_SPLINE_CURVE_WITH_KNOTS('',1,(#11811,#11812),.UNSPECIFIED.,
  .F.,.F.,(2,2),(2.69055816795,5.15431640625),.PIECEWISE_BEZIER_KNOTS.);
#11811 = CARTESIAN_POINT('',(8.2048745742,210.04290039062));
#11812 = CARTESIAN_POINT('',(10.6686328125,210.04290039062));
#11813 = ( GEOMETRIC_REPRESENTATION_CONTEXT(2) 
PARAMETRIC_REPRESENTATION_CONTEXT() REPRESENTATION_CONTEXT('2D SPACE',''
  ) );
#11814 = ORIENTED_EDGE('',*,*,#11815,.T.);
#11815 = EDGE_CURVE('',#11790,#11484,#11816,.T.);
#11816 = SURFACE_CURVE('',#11817,(#11821,#11828),.PCURVE_S1.);
#11817 = LINE('',#11818,#11819);
#11818 = CARTESIAN_POINT('',(248.2048745742,-29.95709960937,18.2));
#11819 = VECTOR('',#11820,1.);
#11820 = DIRECTION('',(0.,-0.,-1.));
#11821 = PCURVE('',#11499,#11822);
#11822 = DEFINITIONAL_REPRESENTATION('',(#11823),#11827);
#11823 = LINE('',#11824,#11825);
#11824 = CARTESIAN_POINT('',(2.8237582383,0.));
#11825 = VECTOR('',#11826,1.);
#11826 = DIRECTION('',(0.,1.));
#11827 = ( GEOMETRIC_REPRESENTATION_CONTEXT(2) 
PARAMETRIC_REPRESENTATION_CONTEXT() REPRESENTATION_CONTEXT('2D SPACE',''
  ) );
#11828 = PCURVE('',#11553,#11829);
#11829 = DEFINITIONAL_REPRESENTATION('',(#11830),#11833);
#11830 = B_SPLINE_CURVE_WITH_KNOTS('',1,(#11831,#11832),.UNSPECIFIED.,
  .F.,.F.,(2,2),(-1.6,0.),.PIECEWISE_BEZIER_KNOTS.);
#11831 = CARTESIAN_POINT('',(0.643331920286,-1.6));
#11832 = CARTESIAN_POINT('',(0.643331920286,0.));
#11833 = ( GEOMETRIC_REPRESENTATION_CONTEXT(2) 
PARAMETRIC_REPRESENTATION_CONTEXT() REPRESENTATION_CONTEXT('2D SPACE',''
  ) );
#11834 = ADVANCED_FACE('',(#11835),#11527,.F.);
#11835 = FACE_BOUND('',#11836,.F.);
#11836 = EDGE_LOOP('',(#11837,#11838,#11860,#11879));
#11837 = ORIENTED_EDGE('',*,*,#11511,.F.);
#11838 = ORIENTED_EDGE('',*,*,#11839,.T.);
#11839 = EDGE_CURVE('',#11512,#11840,#11842,.T.);
#11840 = VERTEX_POINT('',#11841);
#11841 = CARTESIAN_POINT('',(250.6686328125,-31.62062917187,19.6));
#11842 = SURFACE_CURVE('',#11843,(#11847,#11854),.PCURVE_S1.);
#11843 = LINE('',#11844,#11845);
#11844 = CARTESIAN_POINT('',(250.6686328125,-31.62062917187,18.2));
#11845 = VECTOR('',#11846,1.);
#11846 = DIRECTION('',(0.,-0.,1.));
#11847 = PCURVE('',#11527,#11848);
#11848 = DEFINITIONAL_REPRESENTATION('',(#11849),#11853);
#11849 = LINE('',#11850,#11851);
#11850 = CARTESIAN_POINT('',(0.243072,0.));
#11851 = VECTOR('',#11852,1.);
#11852 = DIRECTION('',(0.,-1.));
#11853 = ( GEOMETRIC_REPRESENTATION_CONTEXT(2) 
PARAMETRIC_REPRESENTATION_CONTEXT() REPRESENTATION_CONTEXT('2D SPACE',''
  ) );
#11854 = PCURVE('',#11553,#11855);
#11855 = DEFINITIONAL_REPRESENTATION('',(#11856),#11859);
#11856 = B_SPLINE_CURVE_WITH_KNOTS('',1,(#11857,#11858),.UNSPECIFIED.,
  .F.,.F.,(2,2),(0.,1.6),.PIECEWISE_BEZIER_KNOTS.);
#11857 = CARTESIAN_POINT('',(3.61611433111,0.));
#11858 = CARTESIAN_POINT('',(3.61611433111,-1.6));
#11859 = ( GEOMETRIC_REPRESENTATION_CONTEXT(2) 
PARAMETRIC_REPRESENTATION_CONTEXT() REPRESENTATION_CONTEXT('2D SPACE',''
  ) );
#11860 = ORIENTED_EDGE('',*,*,#11861,.F.);
#11861 = EDGE_CURVE('',#11767,#11840,#11862,.T.);
#11862 = SURFACE_CURVE('',#11863,(#11867,#11873),.PCURVE_S1.);
#11863 = LINE('',#11864,#11865);
#11864 = CARTESIAN_POINT('',(250.6686328125,-135.9318505859,19.6));
#11865 = VECTOR('',#11866,1.);
#11866 = DIRECTION('',(-2.22044604925E-16,-1.,0.));
#11867 = PCURVE('',#11527,#11868);
#11868 = DEFINITIONAL_REPRESENTATION('',(#11869),#11872);
#11869 = B_SPLINE_CURVE_WITH_KNOTS('',1,(#11870,#11871),.UNSPECIFIED.,
  .F.,.F.,(2,2),(-105.9747509765,-104.311221414),
  .PIECEWISE_BEZIER_KNOTS.);
#11870 = CARTESIAN_POINT('',(1.9066015625,-1.4));
#11871 = CARTESIAN_POINT('',(0.243072,-1.4));
#11872 = ( GEOMETRIC_REPRESENTATION_CONTEXT(2) 
PARAMETRIC_REPRESENTATION_CONTEXT() REPRESENTATION_CONTEXT('2D SPACE',''
  ) );
#11873 = PCURVE('',#11804,#11874);
#11874 = DEFINITIONAL_REPRESENTATION('',(#11875),#11878);
#11875 = B_SPLINE_CURVE_WITH_KNOTS('',1,(#11876,#11877),.UNSPECIFIED.,
  .F.,.F.,(2,2),(-105.9747509765,-104.311221414),
  .PIECEWISE_BEZIER_KNOTS.);
#11876 = CARTESIAN_POINT('',(10.6686328125,210.04290039062));
#11877 = CARTESIAN_POINT('',(10.6686328125,208.37937082812));
#11878 = ( GEOMETRIC_REPRESENTATION_CONTEXT(2) 
PARAMETRIC_REPRESENTATION_CONTEXT() REPRESENTATION_CONTEXT('2D SPACE',''
  ) );
#11879 = ORIENTED_EDGE('',*,*,#11766,.F.);
#11880 = ADVANCED_FACE('',(#11881),#11553,.F.);
#11881 = FACE_BOUND('',#11882,.F.);
#11882 = EDGE_LOOP('',(#11883,#11884,#11885,#11904));
#11883 = ORIENTED_EDGE('',*,*,#11539,.F.);
#11884 = ORIENTED_EDGE('',*,*,#11815,.F.);
#11885 = ORIENTED_EDGE('',*,*,#11886,.F.);
#11886 = EDGE_CURVE('',#11840,#11790,#11887,.T.);
#11887 = SURFACE_CURVE('',#11888,(#11892,#11898),.PCURVE_S1.);
#11888 = LINE('',#11889,#11890);
#11889 = CARTESIAN_POINT('',(293.82624176221,-60.76064673472,19.6));
#11890 = VECTOR('',#11891,1.);
#11891 = DIRECTION('',(-0.828771802918,0.55958672133,0.));
#11892 = PCURVE('',#11553,#11893);
#11893 = DEFINITIONAL_REPRESENTATION('',(#11894),#11897);
#11894 = B_SPLINE_CURVE_WITH_KNOTS('',1,(#11895,#11896),.UNSPECIFIED.,
  .F.,.F.,(2,2),(52.074176266357,55.04695867718),
  .PIECEWISE_BEZIER_KNOTS.);
#11895 = CARTESIAN_POINT('',(3.61611433111,-1.4));
#11896 = CARTESIAN_POINT('',(0.643331920286,-1.4));
#11897 = ( GEOMETRIC_REPRESENTATION_CONTEXT(2) 
PARAMETRIC_REPRESENTATION_CONTEXT() REPRESENTATION_CONTEXT('2D SPACE',''
  ) );
#11898 = PCURVE('',#11804,#11899);
#11899 = DEFINITIONAL_REPRESENTATION('',(#11900),#11903);
#11900 = B_SPLINE_CURVE_WITH_KNOTS('',1,(#11901,#11902),.UNSPECIFIED.,
  .F.,.F.,(2,2),(52.074176266357,55.04695867718),
  .PIECEWISE_BEZIER_KNOTS.);
#11901 = CARTESIAN_POINT('',(10.6686328125,208.37937082812));
#11902 = CARTESIAN_POINT('',(8.2048745742,210.04290039062));
#11903 = ( GEOMETRIC_REPRESENTATION_CONTEXT(2) 
PARAMETRIC_REPRESENTATION_CONTEXT() REPRESENTATION_CONTEXT('2D SPACE',''
  ) );
#11904 = ORIENTED_EDGE('',*,*,#11839,.F.);
#11905 = ADVANCED_FACE('',(#11906),#11804,.T.);
#11906 = FACE_BOUND('',#11907,.T.);
#11907 = EDGE_LOOP('',(#11908,#11909,#11910));
#11908 = ORIENTED_EDGE('',*,*,#11886,.F.);
#11909 = ORIENTED_EDGE('',*,*,#11861,.F.);
#11910 = ORIENTED_EDGE('',*,*,#11789,.F.);
#11911 = ( GEOMETRIC_REPRESENTATION_CONTEXT(3) 
GLOBAL_UNCERTAINTY_ASSIGNED_CONTEXT((#11915)) 
GLOBAL_UNIT_ASSIGNED_CONTEXT((#11912,#11913,#11914)) 
REPRESENTATION_CONTEXT('Context #1',
  '3D Context with UNIT and UNCERTAINTY') );
#11912 = ( LENGTH_UNIT() NAMED_UNIT(*) SI_UNIT(.MILLI.,.METRE.) );
#11913 = ( NAMED_UNIT(*) PLANE_ANGLE_UNIT() SI_UNIT($,.RADIAN.) );
#11914 = ( NAMED_UNIT(*) SI_UNIT($,.STERADIAN.) SOLID_ANGLE_UNIT() );
#11915 = UNCERTAINTY_MEASURE_WITH_UNIT(LENGTH_MEASURE(1.E-05),#11912,
  'distance_accuracy_value','confusion accuracy');
#11916 = CONTEXT_DEPENDENT_SHAPE_REPRESENTATION(#11917,#11919);
#11917 = ( REPRESENTATION_RELATIONSHIP('','',#32,#10) 
REPRESENTATION_RELATIONSHIP_WITH_TRANSFORMATION(#11918) 
SHAPE_REPRESENTATION_RELATIONSHIP() );
#11918 = ITEM_DEFINED_TRANSFORMATION('','',#11,#15);
#11919 = PRODUCT_DEFINITION_SHAPE('Placement','Placement of an item',
  #11920);
#11920 = NEXT_ASSEMBLY_USAGE_OCCURRENCE('1','=>[0:1:1:2]','',#5,#27,$);
#11921 = PRODUCT_RELATED_PRODUCT_CATEGORY('part',$,(#29));
#11922 = MECHANICAL_DESIGN_GEOMETRIC_PRESENTATION_REPRESENTATION('',(
    #11923),#11911);
#11923 = STYLED_ITEM('color',(#11924),#33);
#11924 = PRESENTATION_STYLE_ASSIGNMENT((#11925));
#11925 = SURFACE_STYLE_USAGE(.BOTH.,#11926);
#11926 = SURFACE_SIDE_STYLE('',(#11927));
#11927 = SURFACE_STYLE_FILL_AREA(#11928);
#11928 = FILL_AREA_STYLE('',(#11929));
#11929 = FILL_AREA_STYLE_COLOUR('',#11930);
#11930 = COLOUR_RGB('',3.499999902211E-02,3.499999902211E-02,
  3.499999902211E-02);

#11931=DESCRIPTIVE_REPRESENTATION_ITEM('cadpy:generator','cadpy');
#11932=REPRESENTATION('cadpy:generator',(#11931),#19);
#11933=PROPERTY_DEFINITION('cadpy metadata','cadpy:generator',#5);
#11934=PROPERTY_DEFINITION_REPRESENTATION(#11933,#11932);
#11935=DESCRIPTIVE_REPRESENTATION_ITEM('cadpy:entryKind','part');
#11936=REPRESENTATION('cadpy:entryKind',(#11935),#19);
#11937=PROPERTY_DEFINITION('cadpy metadata','cadpy:entryKind',#5);
#11938=PROPERTY_DEFINITION_REPRESENTATION(#11937,#11936);
#11939=DESCRIPTIVE_REPRESENTATION_ITEM('cadpy:sourcePath','rail_right_14_body.py');
#11940=REPRESENTATION('cadpy:sourcePath',(#11939),#19);
#11941=PROPERTY_DEFINITION('cadpy metadata','cadpy:sourcePath',#5);
#11942=PROPERTY_DEFINITION_REPRESENTATION(#11941,#11940);
#11943=DESCRIPTIVE_REPRESENTATION_ITEM('cadpy:sourceHash','5a806c4d280c325b8dbb56458626af78663a979f81ea48010a2d987b50a5aed1');
#11944=REPRESENTATION('cadpy:sourceHash',(#11943),#19);
#11945=PROPERTY_DEFINITION('cadpy metadata','cadpy:sourceHash',#5);
#11946=PROPERTY_DEFINITION_REPRESENTATION(#11945,#11944);
ENDSEC;
END-ISO-10303-21;
